Name:Hannah	Date Range:2025-01-01 - 2025-01-15
Timestamp	Bolus Type	Dose (units)	Carbs (g)	Notes
2025-01-01 07:25:00	Normal	4.8	53	Breakfast
2025-01-01 10:02:00	Normal	1.2	13	Snack
2025-01-01 12:20:00	Normal	4.7	52	Lunch
2025-01-01 14:36:00	Normal	0.9	0	Correction
2025-01-01 19:24:00	Extended	5.3	58	Dinner
2025-01-02 07:39:00	Extended	3.9	43	Breakfast
2025-01-02 12:32:00	Normal	5.5	60	Lunch
2025-01-02 19:31:00	Extended	5.5	61	Dinner
2025-01-03 07:12:00	Extended	3.4	37	Breakfast
2025-01-03 13:12:00	Normal	4.6	51	Lunch
2025-01-03 19:58:00	Extended	4.3	47	Dinner
2025-01-04 07:22:00	Extended	3.8	42	Breakfast
2025-01-04 10:58:00	Normal	1.1	12	Snack
2025-01-04 13:22:00	Normal	4.3	47	Lunch
2025-01-04 19:25:00	Extended	5.0	55	Dinner
2025-01-05 07:20:00	Extended	3.5	39	Breakfast
2025-01-05 10:19:00	Normal	1.2	13	Snack
2025-01-05 12:54:00	Normal	4.8	53	Lunch
2025-01-05 19:06:00	Extended	5.1	56	Dinner
2025-01-06 07:53:00	Extended	4.0	44	Breakfast
2025-01-06 10:24:00	Normal	1.3	14	Snack
2025-01-06 13:21:00	Extended	5.9	65	Lunch
2025-01-06 15:57:00	Normal	1.7	19	Snack
2025-01-06 18:30:00	Extended	3.9	43	Dinner
2025-01-07 07:57:00	Normal	3.4	37	Breakfast
2025-01-07 13:02:00	Normal	5.2	57	Lunch
2025-01-07 15:45:00	Normal	1.0	11	Snack
2025-01-07 18:07:00	Extended	6.3	69	Dinner
2025-01-08 07:32:00	Normal	4.0	44	Breakfast
2025-01-08 10:54:00	Normal	1.5	17	Snack
2025-01-08 12:57:00	Normal	4.9	54	Lunch
2025-01-09 07:10:00	Normal	3.9	43	Breakfast
2025-01-09 10:34:00	Normal	1.5	17	Snack
2025-01-09 13:17:00	Extended	6.1	67	Lunch
2025-01-09 15:08:00	Normal	2.1	23	Snack
2025-01-09 17:20:00	Normal	0.8	0	Correction
2025-01-09 18:53:00	Extended	4.4	48	Dinner
2025-01-09 21:36:00	Normal	1.5	17	Evening snack
2025-01-10 07:15:00	Extended	4.4	48	Breakfast
2025-01-10 10:04:00	Normal	1.7	19	Snack
2025-01-10 12:58:00	Normal	6.1	67	Lunch
2025-01-10 15:11:00	Normal	1.5	16	Snack
2025-01-10 19:25:00	Extended	3.9	43	Dinner
2025-01-10 21:37:00	Normal	1.8	20	Evening snack
2025-01-11 07:32:00	Extended	3.9	43	Breakfast
2025-01-11 12:59:00	Extended	5.5	61	Lunch
2025-01-11 15:03:00	Normal	1.1	12	Snack
2025-01-11 18:38:00	Normal	4.5	49	Dinner
2025-01-11 21:37:00	Normal	1.5	17	Evening snack
2025-01-12 07:04:00	Extended	4.5	49	Breakfast
2025-01-12 13:10:00	Extended	6.8	75	Lunch
2025-01-12 15:39:00	Normal	1.2	13	Snack
2025-01-12 19:22:00	Extended	4.5	49	Dinner
2025-01-12 21:47:00	Normal	1.8	20	Evening snack
2025-01-13 07:59:00	Normal	3.5	39	Breakfast
2025-01-13 10:42:00	Normal	1.5	16	Snack
2025-01-13 12:00:00	Extended	6.5	72	Lunch
2025-01-13 15:07:00	Normal	1.7	19	Snack
2025-01-13 18:07:00	Extended	3.6	40	Dinner
2025-01-13 21:30:00	Normal	1.8	20	Evening snack
2025-01-14 07:29:00	Extended	3.5	38	Breakfast
2025-01-14 12:16:00	Extended	6.1	67	Lunch
2025-01-14 18:25:00	Normal	4.9	54	Dinner
