Name:Hannah	Date Range:2024-01-13 - 2024-02-26
Timestamp	Bolus Type	Dose (units)	Carbs (g)	Notes
2024-01-13 09:17:22	Normal	2.5	20	Meal
2024-01-13 12:47:22	Normal	4.5	45	Meal
2024-01-13 14:07:22	Normal	0.1	0	Correction
2024-01-13 18:17:22	Normal	2.5	20	Meal
2024-01-13 20:42:22	Normal	0.7	0	Correction
2024-01-14 10:32:21	Normal	0.7	0	Correction
2024-01-14 12:07:20	Normal	3.8	42	Meal
2024-01-14 17:17:20	Normal	1.2	0	Correction
2024-01-14 17:22:20	Normal	0.6	0	Correction
2024-01-14 17:52:22	Normal	0.8	0	Correction
2024-01-14 18:47:22	Normal	2.7	30	Meal
2024-01-15 08:42:19	Normal	2.5	20	Meal
2024-01-15 09:47:19	Normal	0.1	0	Correction
2024-01-15 12:42:19	Normal	3.5	40	Meal
2024-01-15 17:37:19	Normal	0.9	0	Correction
2024-01-15 18:02:19	Normal	3.9	40	Meal
2024-01-15 19:42:19	Normal	0.7	0	Correction
2024-01-15 20:47:20	Normal	0.6	0	Correction
2024-01-15 20:52:18	Normal	0.6	7	Meal
2024-01-16 09:32:18	Normal	2.5	20	Meal
2024-01-16 12:37:19	Normal	3.4	40	Meal
2024-01-16 15:02:17	Normal	0.8	0	Correction
2024-01-16 19:07:17	Normal	3.6	30	Meal
2024-01-16 20:17:17	Normal	1.8	20	Meal
2024-01-17 10:02:16	Normal	0.8	0	Correction
2024-01-17 12:52:16	Normal	3.7	42	Meal
2024-01-17 17:07:16	Normal	0.8	0	Correction
2024-01-17 18:27:16	Normal	4.3	45	Meal
2024-01-17 19:12:15	Normal	0.9	10	Meal
2024-01-18 07:37:15	Normal	2.3	20	Meal
2024-01-18 12:57:14	Normal	2.5	28	Meal
2024-01-18 14:02:14	Normal	0.1	0	Correction
2024-01-18 15:07:14	Normal	0.7	0	Correction
2024-01-18 17:47:16	Normal	0.8	0	Correction
2024-01-18 18:02:14	Normal	4.5	50	Meal
2024-01-19 08:12:13	Normal	2.8	20	Meal
2024-01-19 09:12:13	Normal	0.2	0	Correction
2024-01-19 10:17:13	Normal	0.6	0	Correction
2024-01-19 12:02:13	Normal	1.1	0	Correction
2024-01-19 13:42:13	Normal	2.7	30	Meal
2024-01-19 18:42:12	Normal	5.3	50	Meal
2024-01-20 10:22:13	Normal	2.7	20	Meal
2024-01-20 11:42:14	Normal	0.3	0	Correction
2024-01-20 13:32:11	Normal	2.6	25	Meal
2024-01-20 18:12:11	Normal	4.5	50	Meal
2024-01-21 08:07:12	Normal	2.7	22	Meal
2024-01-21 12:57:10	Normal	2.7	30	Meal
2024-01-21 13:52:10	Normal	1.3	14	Meal
2024-01-21 18:12:09	Normal	0.8	0	Correction
2024-01-21 18:37:09	Normal	4.3	45	Meal
2024-01-21 19:17:09	Normal	2.7	30	Meal
2024-01-21 20:47:09	Normal	0.0	0	Correction
2024-01-22 08:22:08	Normal	2.5	20	Meal
2024-01-22 09:52:09	Normal	0.5	0	Correction
2024-01-22 13:22:08	Normal	2.9	30	Meal
2024-01-22 13:27:08	Normal	1.3	14	Meal
2024-01-22 16:12:08	Normal	0.8	0	Correction
2024-01-22 18:12:08	Normal	0.8	0	Correction
2024-01-22 18:32:09	Normal	3.6	40	Meal
2024-01-22 19:27:08	Normal	0.3	10	Meal
2024-01-23 08:02:07	Normal	2.5	22	Meal
2024-01-23 12:47:06	Normal	1.9	21	Meal
2024-01-23 13:12:06	Normal	0.7	8	Meal
2024-01-23 14:17:08	Normal	0.4	0	Correction
2024-01-23 18:15:40	Normal	4.1	40	Meal
2024-01-23 18:45:39	Normal	1.8	20	Meal
2024-01-24 05:35:38	Normal	0.4	0	Correction
2024-01-24 08:10:38	Normal	0.8	0	Correction
2024-01-24 08:30:38	Normal	2.1	22	Meal
2024-01-24 11:10:38	Normal	1.1	0	Correction
2024-01-24 13:30:38	Normal	0.2	0	Correction
2024-01-24 18:20:37	Normal	3.3	40	Meal
2024-01-24 19:20:37	Normal	1.8	20	Meal
2024-01-24 21:35:37	Normal	0.7	0	Correction
2024-01-25 07:45:36	Normal	2.5	20	Meal
2024-01-25 13:10:36	Normal	3.0	28	Meal
2024-01-25 13:20:37	Normal	2.0	22	Meal
2024-01-25 15:50:35	Normal	0.9	0	Correction
2024-01-25 17:40:35	Normal	0.9	0	Correction
2024-01-25 18:20:35	Normal	5.5	60	Meal
2024-01-25 21:20:35	Normal	0.9	0	Correction
2024-01-26 08:05:33	Normal	2.6	20	Meal
2024-01-26 09:10:33	Normal	0.3	0	Correction
2024-01-26 10:15:33	Normal	0.6	0	Correction
2024-01-26 13:50:33	Normal	2.6	25	Meal
2024-01-26 18:40:34	Normal	3.4	30	Meal
2024-01-27 08:20:31	Normal	2.4	20	Meal
2024-01-27 12:50:33	Normal	4.1	45	Meal
2024-01-27 18:35:30	Normal	2.7	20	Meal
2024-01-27 19:40:30	Normal	0.2	0	Correction
2024-01-27 20:55:30	Normal	0.6	0	Correction
2024-01-28 12:15:29	Normal	2.0	20	Meal
2024-01-28 13:30:29	Normal	0.7	8	Meal
2024-01-28 18:10:28	Normal	0.9	0	Correction
2024-01-28 18:30:28	Normal	4.3	45	Meal
2024-01-29 07:15:29	Normal	2.4	20	Meal
2024-01-29 08:25:30	Normal	0.3	0	Correction
2024-01-29 09:50:27	Normal	0.9	0	Correction
2024-01-29 13:15:26	Normal	2.2	30	Meal
2024-01-29 18:15:26	Normal	4.7	46	Meal
2024-01-30 08:40:25	Normal	2.4	20	Meal
2024-01-30 11:25:24	Normal	0.8	0	Correction
2024-01-30 12:40:24	Normal	3.9	43	Meal
2024-01-30 18:25:24	Normal	5.1	50	Meal
2024-01-31 09:40:22	Normal	0.8	0	Correction
2024-01-31 10:50:22	Normal	0.8	0	Correction
2024-01-31 12:20:22	Normal	3.9	43	Meal
2024-01-31 16:45:23	Normal	0.9	0	Correction
2024-01-31 18:10:22	Normal	0.7	0	Correction
2024-01-31 18:30:21	Normal	3.5	38	Meal
2024-02-01 07:45:20	Normal	2.5	22	Meal
2024-02-01 10:40:22	Normal	0.9	8	Meal
2024-02-01 12:35:20	Normal	3.6	35	Meal
2024-02-01 18:25:21	Normal	4.1	40	Meal
2024-02-02 10:25:18	Normal	2.5	22	Meal
2024-02-02 13:30:18	Normal	2.5	28	Meal
2024-02-02 15:10:18	Normal	0.5	0	Correction
2024-02-02 18:30:17	Normal	6.0	60	Meal
2024-02-03 09:20:16	Normal	0.9	0	Correction
2024-02-03 09:25:16	Normal	2.2	20	Meal
2024-02-03 12:35:18	Normal	2.2	21	Meal
2024-02-03 17:45:16	Normal	0.8	0	Correction
2024-02-03 18:15:15	Normal	3.6	30	Meal
2024-02-04 08:05:14	Normal	2.5	20	Meal
2024-02-04 12:50:13	Normal	2.2	22	Meal
2024-02-04 14:05:13	Normal	0.3	0	Correction
2024-02-04 15:10:13	Normal	0.7	0	Correction
2024-02-04 18:15:13	Normal	0.8	0	Correction
2024-02-04 18:20:13	Normal	3.8	40	Meal
2024-02-05 08:40:12	Normal	2.8	22	Meal
2024-02-05 13:00:11	Normal	3.7	40	Meal
2024-02-05 14:05:11	Normal	0.1	0	Correction