Name:Hannah	Date Range:2024-02-01 - 2024-03-18
Timestamp	Bolus Type	Dose (units)	Carbs (g)	Notes
2024-02-01 16:03:30	Normal	11.7	35	Meal
2024-02-01 17:13:31	Normal	1.9	0	Correction
2024-02-01 18:23:31	Normal	8.3	25	Meal
2024-02-01 21:33:31	Normal	2.2	0	Correction
2024-02-02 09:08:32	Normal	10.7	30	Meal
2024-02-02 10:53:32	Normal	0.9	0	Correction
2024-02-02 13:38:32	Normal	2.5	0	Correction
2024-02-02 13:43:32	Normal	13.5	40	Meal
2024-02-02 15:38:32	Normal	0.9	0	Correction
2024-02-02 15:53:33	Normal	5.0	0	Correction
2024-02-02 16:53:32	Normal	0.6	0	Correction
2024-02-02 16:58:32	Normal	3.0	0	Correction
2024-02-02 17:43:32	Normal	10.0	30	Meal
2024-02-02 20:18:33	Normal	0.8	0	Correction
2024-02-02 20:33:33	Normal	5.0	10	Meal
2024-02-02 22:38:33	Normal	5.0	0	Correction
2024-02-03 10:08:34	Normal	5.5	15	Meal
2024-02-03 10:58:34	Normal	5.0	15	Meal
2024-02-03 13:38:34	Normal	11.7	35	Meal
2024-02-03 16:23:34	Normal	1.8	0	Correction
2024-02-03 16:43:34	Normal	2.0	0	Correction
2024-02-03 16:58:34	Normal	3.0	0	Correction
2024-02-03 17:58:34	Normal	10.0	30	Meal
2024-02-03 22:48:35	Normal	2.0	0	Correction
2024-02-03 23:28:35	Normal	5.0	0	Correction
2024-02-04 11:08:36	Normal	6.0	15	Meal
2024-02-04 12:53:36	Normal	4.3	20	Meal
2024-02-04 16:48:39	Normal	1.4	0	Correction
2024-02-04 18:18:36	Normal	11.1	30	Meal
2024-02-04 18:48:36	Normal	5.0	0	Correction
2024-02-04 21:38:37	Normal	2.2	0	Correction
2024-02-04 22:03:37	Normal	1.8	0	Correction
2024-02-04 22:28:37	Normal	1.1	0	Correction
2024-02-04 23:08:37	Normal	0.7	0	Correction
2024-02-05 10:28:38	Normal	9.0	30	Meal
2024-02-05 13:03:38	Normal	3.3	15	Meal
2024-02-05 16:18:38	Normal	2.6	0	Correction
2024-02-05 17:28:39	Normal	10.0	30	Meal
2024-02-06 10:08:40	Normal	9.6	30	Meal
2024-02-06 12:18:40	Normal	4.9	20	Meal
2024-02-06 14:38:40	Normal	1.3	0	Correction
2024-02-06 17:23:41	Normal	11.8	35	Meal
2024-02-06 19:53:41	Normal	1.8	0	Correction
2024-02-06 19:58:41	Normal	5.0	0	Correction
2024-02-06 21:03:41	Normal	1.9	0	Correction
2024-02-07 00:43:41	Normal	5.0	0	Correction
2024-02-07 12:08:43	Normal	14.1	35	Meal
2024-02-07 17:08:42	Normal	12.0	35	Meal
2024-02-07 18:58:42	Normal	1.7	0	Correction
2024-02-07 19:08:43	Normal	5.0	0	Correction
2024-02-07 19:43:43	Normal	5.0	0	Correction
2024-02-07 23:13:43	Normal	2.1	0	Correction
2024-02-08 01:28:43	Normal	0.7	0	Correction
2024-02-08 10:43:44	Normal	10.1	30	Meal
2024-02-08 13:38:44	Normal	4.0	0	Correction
2024-02-08 16:03:44	Normal	2.7	0	Correction
2024-02-08 16:28:44	Normal	5.0	0	Correction
2024-02-08 16:33:44	Normal	6.0	18	Meal
2024-02-08 18:23:45	Normal	13.3	40	Meal
2024-02-08 23:03:45	Normal	3.2	0	Correction
2024-02-09 00:13:45	Normal	2.0	0	Correction
2024-02-09 11:48:46	Normal	11.3	30	Meal
2024-02-09 15:18:46	Normal	5.5	18	Meal
2024-02-09 17:43:46	Normal	14.7	40	Meal
2024-02-09 18:08:46	Normal	5.0	0	Correction
2024-02-09 21:03:47	Normal	2.5	0	Correction
2024-02-09 22:28:47	Normal	5.0	0	Correction
2024-02-10 12:03:48	Normal	9.0	25	Meal
2024-02-10 15:43:48	Normal	2.2	0	Correction
2024-02-10 16:03:48	Normal	5.0	0	Correction
2024-02-10 17:48:49	Normal	9.5	35	Meal
2024-02-10 18:43:48	Normal	5.0	0	Correction
2024-02-10 19:38:49	Normal	8.0	0	Correction
2024-02-10 20:53:48	Normal	0.1	0	Correction
2024-02-10 21:23:49	Normal	4.0	0	Correction
2024-02-10 22:58:49	Normal	1.6	0	Correction
2024-02-10 23:43:49	Normal	5.0	0	Correction
2024-02-11 00:08:49	Normal	5.0	0	Correction
2024-02-11 01:13:49	Normal	5.0	0	Correction
2024-02-11 01:53:49	Normal	2.0	0	Correction
2024-02-11 02:58:49	Normal	8.0	0	Correction
2024-02-11 04:48:49	Normal	8.0	0	Correction
2024-02-11 11:38:50	Normal	2.7	0	Correction
2024-02-11 11:53:50	Normal	2.9	5	Meal
2024-02-11 12:43:50	Normal	10.0	30	Meal
2024-02-11 13:53:50	Normal	5.0	0	Correction
2024-02-11 17:13:50	Normal	11.8	35	Meal
2024-02-11 22:33:51	Normal	2.7	0	Correction
2024-02-11 22:38:51	Normal	5.0	0	Correction
2024-02-12 12:28:52	Normal	2.5	0	Correction
2024-02-12 13:03:52	Normal	4.0	0	Correction
2024-02-12 19:23:52	Normal	4.5	15	Meal
2024-02-12 19:48:52	Normal	5.0	15	Meal
2024-02-12 19:58:53	Normal	5.0	0	Correction
2024-02-12 23:58:53	Normal	0.3	0	Correction
2024-02-13 00:53:53	Normal	1.2	0	Correction
2024-02-13 07:53:53	Normal	5.6	15	Meal
2024-02-13 08:18:53	Normal	3.3	10	Meal
2024-02-13 11:58:54	Normal	5.9	20	Meal
2024-02-13 17:43:54	Normal	10.2	25	Meal
2024-02-13 20:53:55	Normal	5.0	0	Correction
2024-02-13 21:58:55	Normal	0.4	0	Correction
2024-02-14 10:03:56	Normal	9.8	25	Meal
2024-02-14 12:33:56	Normal	8.3	25	Meal
2024-02-14 16:33:56	Normal	1.7	0	Correction
2024-02-14 17:38:56	Normal	12.6	35	Meal
2024-02-14 21:23:57	Normal	2.6	0	Correction
2024-02-14 21:33:57	Normal	5.8	15	Meal
2024-02-15 01:33:57	Normal	2.4	0	Correction
2024-02-15 12:38:58	Normal	8.5	25	Meal
2024-02-15 15:58:58	Normal	2.2	0	Correction
2024-02-15 17:38:59	Normal	8.5	28	Meal
2024-02-15 22:43:59	Normal	6.8	10	Meal
2024-02-15 23:58:59	Normal	6.0	0	Correction
2024-02-16 00:18:59	Normal	4.0	0	Correction
2024-02-16 08:54:00	Normal	8.1	25	Meal
2024-02-16 11:34:00	Normal	10.6	30	Meal
2024-02-16 18:09:01	Normal	7.5	15	Meal
2024-02-17 11:29:02	Normal	8.6	23	Meal
2024-02-17 14:54:02	Normal	0.0	0	Correction
2024-02-17 14:59:02	Normal	1.0	0	Correction
2024-02-17 15:04:02	Normal	2.5	0	Correction
2024-02-17 15:19:02	Normal	2.0	0	Correction
2024-02-17 16:04:02	Normal	2.5	0	Correction
2024-02-17 16:39:02	Normal	2.0	0	Correction
2024-02-17 17:19:03	Normal	11.7	35	Meal
2024-02-17 18:34:03	Normal	5.0	0	Correction
2024-02-17 19:29:03	Normal	5.0	0	Correction
2024-02-17 23:04:03	Normal	1.6	0	Correction
2024-02-18 09:29:04	Normal	11.3	35	Meal
2024-02-18 10:14:04	Normal	5.0	0	Correction
2024-02-18 14:39:04	Normal	1.1	0	Correction
2024-02-18 14:54:04	Normal	3.0	0	Correction
2024-02-18 17:39:04	Normal	13.0	35	Meal
2024-02-18 17:59:04	Normal	1.7	5	Meal
2024-02-18 20:09:05	Normal	4.0	0	Correction
2024-02-19 01:24:05	Normal	2.0	0	Correction
2024-02-19 12:44:06	Normal	8.6	25	Meal
2024-02-19 16:14:06	Normal	1.7	0	Correction
2024-02-19 16:39:06	Normal	5.0	0	Correction
2024-02-19 17:49:06	Normal	13.3	40	Meal
2024-02-19 20:44:07	Normal	2.1	0	Correction
2024-02-19 21:54:07	Normal	5.0	0	Correction
2024-02-20 01:14:07	Normal	1.0	0	Correction
2024-02-20 12:19:09	Normal	14.4	35	Meal
2024-02-20 13:24:08	Normal	4.0	0	Correction
2024-02-20 16:49:08	Normal	14.0	35	Meal
2024-02-20 16:59:08	Normal	1.0	0	Correction
2024-02-20 22:39:09	Normal	5.0	0	Correction
2024-02-20 23:54:09	Normal	5.0	0	Correction
2024-02-21 00:44:09	Normal	4.0	0	Correction
2024-02-21 10:44:10	Normal	1.6	0	Correction
2024-02-21 10:49:09	Normal	5.0	0	Correction
2024-02-21 11:49:10	Normal	10.0	30	Meal
2024-02-21 16:11:13	Normal	5.0	10	Meal
2024-02-21 18:41:13	Normal	14.9	40	Meal
2024-02-21 21:11:13	Normal	1.9	0	Correction
2024-02-21 21:16:14	Normal	5.0	0	Correction
2024-02-22 10:26:15	Normal	7.3	20	Meal
2024-02-22 13:06:15	Normal	1.1	0	Correction
2024-02-22 14:06:15	Normal	1.7	0	Correction
2024-02-22 14:51:15	Normal	3.0	0	Correction
2024-02-22 17:41:15	Normal	2.6	0	Correction
2024-02-22 17:56:16	Normal	10.0	30	Meal
2024-02-22 19:56:16	Normal	5.0	15	Meal
2024-02-22 22:26:16	Normal	6.4	10	Meal
2024-02-23 00:21:16	Normal	3.0	0	Correction
2024-02-23 00:56:16	Normal	5.0	0	Correction
2024-02-23 01:36:16	Normal	3.0	0	Correction
2024-02-23 02:36:16	Normal	4.0	0	Correction
2024-02-23 03:41:17	Normal	5.0	0	Correction
2024-02-23 09:41:17	Normal	1.7	5	Meal
2024-02-23 12:11:17	Normal	10.0	30	Meal
2024-02-23 13:41:17	Normal	1.2	0	Correction
2024-02-23 14:41:18	Normal	5.0	0	Correction
2024-02-23 15:16:18	Normal	5.0	0	Correction
2024-02-23 18:21:18	Normal	12.7	35	Meal
2024-02-23 20:31:18	Normal	1.0	0	Correction
2024-02-23 21:01:18	Normal	5.0	0	Correction
2024-02-24 00:36:19	Normal	5.0	0	Correction
2024-02-24 08:51:19	Normal	12.8	35	Meal
2024-02-24 13:16:21	Normal	9.7	25	Meal
2024-02-24 16:01:19	Normal	2.8	0	Correction
2024-02-24 16:31:20	Normal	5.0	0	Correction
2024-02-24 17:41:20	Normal	11.7	35	Meal
2024-02-24 19:41:20	Normal	1.3	0	Correction
2024-02-24 20:11:21	Normal	5.0	0	Correction
2024-02-24 22:01:21	Normal	1.8	0	Correction
2024-02-24 23:41:20	Normal	5.0	0	Correction
2024-02-25 00:36:22	Normal	5.0	0	Correction
2024-02-25 11:11:22	Normal	1.4	0	Correction
2024-02-25 11:36:22	Normal	12.7	35	Meal
2024-02-25 13:21:22	Normal	0.1	15	Meal
2024-02-25 14:26:22	Normal	7.1	15	Meal
2024-02-25 14:46:23	Normal	5.0	0	Correction
2024-02-25 17:36:23	Normal	13.5	38	Meal
2024-02-25 21:21:22	Normal	2.2	0	Correction
2024-02-26 07:56:24	Normal	7.6	20	Meal
2024-02-26 12:11:25	Normal	11.3	35	Meal
2024-02-26 14:36:25	Normal	2.2	0	Correction
2024-02-26 14:41:24	Normal	5.0	0	Correction
2024-02-26 15:11:24	Normal	8.0	0	Correction
2024-02-26 18:56:24	Normal	9.6	25	Meal
2024-02-26 23:26:24	Normal	5.0	0	Correction
2024-02-27 11:51:26	Normal	11.4	30	Meal
2024-02-27 12:26:27	Normal	5.0	0	Correction
2024-02-27 16:31:26	Normal	2.1	0	Correction
2024-02-27 16:56:27	Normal	14.2	35	Meal
2024-02-27 18:56:29	Normal	1.3	0	Correction
2024-02-27 19:11:26	Normal	5.0	0	Correction
2024-02-27 19:36:27	Normal	5.0	0	Correction
2024-02-27 22:01:27	Normal	2.1	0	Correction
2024-02-27 22:06:28	Normal	5.0	0	Correction