Name:Charles	Date Range:2025-01-01 - 2025-01-15
Timestamp	Bolus Type	Dose (units)	Carbs (g)	Notes
2025-01-01 07:34:00	Extended	3.8	46	Breakfast
2025-01-01 10:04:00	Normal	1.7	20	Snack
2025-01-01 12:49:00	Extended	4.8	57	Lunch
2025-01-01 15:19:00	Normal	1.8	22	Snack
2025-01-01 18:43:00	Extended	4.8	58	Dinner
2025-01-02 07:42:00	Extended	3.2	38	Breakfast
2025-01-02 10:48:00	Normal	1.6	19	Snack
2025-01-02 12:30:00	Extended	3.8	46	Lunch
2025-01-02 18:59:00	Normal	5.3	64	Dinner
2025-01-03 07:56:00	Normal	3.2	39	Breakfast
2025-01-03 12:45:00	Extended	5.6	67	Lunch
2025-01-03 19:15:00	Normal	5.8	69	Dinner
2025-01-03 21:08:00	Normal	1.5	18	Evening snack
2025-01-04 10:26:00	Normal	1.0	12	Snack
2025-01-04 12:49:00	Extended	5.1	61	Lunch
2025-01-04 15:36:00	Normal	1.4	17	Snack
2025-01-04 18:16:00	Extended	4.6	55	Dinner
2025-01-05 07:05:00	Normal	3.0	36	Breakfast
2025-01-05 10:07:00	Normal	1.4	17	Snack
2025-01-05 12:19:00	Normal	5.3	64	Lunch
2025-01-05 18:11:00	Extended	4.5	54	Dinner
2025-01-06 07:58:00	Normal	4.2	50	Breakfast
2025-01-06 10:13:00	Normal	1.2	15	Snack
2025-01-06 12:22:00	Normal	5.6	67	Lunch
2025-01-06 19:27:00	Extended	5.4	65	Dinner
2025-01-06 21:25:00	Normal	1.6	19	Evening snack
2025-01-07 07:03:00	Normal	3.2	38	Breakfast
2025-01-07 10:37:00	Normal	1.3	16	Snack
2025-01-07 13:03:00	Normal	4.5	54	Lunch
2025-01-07 18:29:00	Extended	5.1	61	Dinner
2025-01-08 07:24:00	Normal	3.9	47	Breakfast
2025-01-08 10:36:00	Normal	1.1	13	Snack
2025-01-08 13:09:00	Normal	5.3	64	Lunch
2025-01-08 18:19:00	Normal	3.4	41	Dinner
2025-01-08 21:32:00	Normal	1.1	13	Evening snack
2025-01-09 07:08:00	Normal	4.6	55	Breakfast
2025-01-09 10:19:00	Normal	1.0	12	Snack
2025-01-09 13:12:00	Normal	4.5	54	Lunch
2025-01-09 18:09:00	Normal	3.7	44	Dinner
2025-01-10 07:55:00	Normal	3.9	47	Breakfast
2025-01-10 10:41:00	Normal	1.2	15	Snack
2025-01-10 15:43:00	Normal	1.8	22	Snack
2025-01-10 15:47:00	Normal	1.6	0	Correction
2025-01-10 19:47:00	Normal	5.5	66	Dinner
2025-01-10 21:35:00	Normal	1.3	16	Evening snack
2025-01-11 07:58:00	Extended	3.7	44	Breakfast
2025-01-11 10:16:00	Normal	1.6	19	Snack
2025-01-11 12:12:00	Extended	5.7	68	Lunch
2025-01-11 19:57:00	Extended	4.2	51	Dinner
2025-01-11 21:56:00	Normal	1.4	17	Evening snack
2025-01-12 07:05:00	Normal	4.2	50	Breakfast
2025-01-12 13:27:00	Extended	6.2	75	Lunch
2025-01-12 18:06:00	Extended	3.8	45	Dinner
2025-01-12 21:26:00	Normal	1.7	20	Evening snack
2025-01-13 07:14:00	Normal	2.9	35	Breakfast
2025-01-13 10:37:00	Normal	0.9	11	Snack
2025-01-13 12:44:00	Extended	3.9	47	Lunch
2025-01-13 15:04:00	Normal	1.1	13	Snack
2025-01-13 19:05:00	Normal	5.8	69	Dinner
2025-01-13 21:40:00	Normal	1.3	16	Evening snack
2025-01-14 07:57:00	Extended	4.3	52	Breakfast
2025-01-14 13:06:00	Normal	4.8	57	Lunch
2025-01-14 15:30:00	Normal	1.2	15	Snack
2025-01-14 19:56:00	Extended	5.6	67	Dinner
