Name:Charles	Date Range:2024-01-08 - 2024-02-20
Timestamp	Bolus Type	Dose (units)	Carbs (g)	Notes
2024-01-08 08:08:00	Normal	3.3	25	Meal
2024-01-08 09:13:00	Normal	0.2	0	Correction
2024-01-08 10:18:00	Normal	0.7	0	Correction
2024-01-08 12:48:00	Normal	1.5	12	Meal
2024-01-08 18:08:00	Normal	8.5	85	Meal
2024-01-09 07:58:00	Normal	4.0	35	Meal
2024-01-09 09:03:00	Normal	0.6	0	Correction
2024-01-09 10:08:00	Normal	0.8	0	Correction
2024-01-09 12:38:00	Normal	4.3	40	Meal
2024-01-09 16:13:00	Normal	0.9	0	Correction
2024-01-09 17:43:00	Normal	2.5	25	Meal
2024-01-09 19:03:00	Normal	0.5	0	Correction
2024-01-10 08:08:00	Normal	3.8	25	Meal
2024-01-10 09:23:00	Normal	0.0	0	Correction
2024-01-10 12:28:00	Normal	4.4	40	Meal
2024-01-10 13:43:00	Normal	0.1	0	Correction
2024-01-10 17:33:00	Normal	8.0	80	Meal
2024-01-11 07:58:00	Normal	3.1	25	Meal
2024-01-11 09:03:00	Normal	1.7	0	Correction
2024-01-11 10:08:00	Normal	0.8	0	Correction
2024-01-11 11:13:00	Normal	0.5	0	Correction
2024-01-11 12:43:00	Normal	2.5	25	Meal
2024-01-11 17:48:00	Normal	8.9	85	Meal
2024-01-11 22:13:00	Normal	1.2	0	Correction
2024-01-11 23:18:00	Normal	0.7	0	Correction
2024-01-12 03:22:00	Normal	1.1	0	Correction
2024-01-12 07:48:00	Normal	2.8	25	Meal
2024-01-12 12:18:00	Normal	2.4	25	Meal
2024-01-12 16:18:00	Normal	1.9	0	Correction
2024-01-12 17:53:00	Extended	6.0	120	Meal
2024-01-13 08:08:00	Normal	0.9	0	Correction
2024-01-13 08:18:00	Normal	2.6	25	Meal
2024-01-13 11:43:00	Normal	3.8	30	Meal
2024-01-13 12:48:00	Normal	0.2	0	Correction
2024-01-13 13:53:00	Normal	0.7	0	Correction
2024-01-13 15:03:00	Normal	0.7	0	Correction
2024-01-13 15:23:00	Normal	0.9	0	Correction
2024-01-13 15:53:00	Normal	2.5	0	Correction
2024-01-13 16:53:00	Normal	0.2	0	Correction
2024-01-13 18:13:00	Normal	2.0	20	Meal
2024-01-13 19:53:00	Normal	5.0	50	Meal
2024-01-13 21:03:00	Normal	0.1	0	Correction
2024-01-14 08:53:00	Normal	6.5	50	Meal
2024-01-14 11:48:00	Normal	1.0	0	Correction
2024-01-14 14:13:00	Normal	3.7	45	Meal
2024-01-14 18:11:00	Normal	2.5	20	Meal
2024-01-14 19:16:00	Normal	4.5	45	Meal
2024-01-15 08:31:00	Normal	3.2	25	Meal
2024-01-15 09:31:00	Normal	0.1	0	Correction
2024-01-15 12:31:00	Normal	4.3	45	Meal
2024-01-15 13:51:00	Normal	0.2	0	Correction
2024-01-15 14:56:00	Normal	1.1	0	Correction
2024-01-15 15:36:00	Normal	2.0	0	Correction
2024-01-15 15:51:00	Normal	2.0	0	Correction
2024-01-15 16:56:00	Normal	0.4	0	Correction
2024-01-15 18:36:00	Normal	9.0	85	Meal
2024-01-15 22:36:00	Normal	1.3	0	Correction
2024-01-15 23:41:00	Normal	0.5	0	Correction
2024-01-16 00:01:00	Normal	1.0	0	Correction
2024-01-16 07:46:00	Normal	3.4	25	Meal
2024-01-16 08:51:00	Normal	0.2	0	Correction
2024-01-16 09:56:00	Normal	0.6	0	Correction
2024-01-16 12:21:00	Normal	2.0	15	Meal
2024-01-16 18:25:00	Normal	8.5	85	Meal
2024-01-16 20:16:00	Normal	0.0	0	Correction
2024-01-16 20:26:00	Normal	3.0	30	Meal
2024-01-16 21:31:00	Normal	0.3	0	Correction
2024-01-16 22:35:00	Normal	1.0	0	Correction
2024-01-16 22:41:00	Normal	1.5	0	Correction
2024-01-16 23:45:00	Normal	0.5	0	Correction
2024-01-17 08:01:00	Normal	2.8	25	Meal
2024-01-17 09:06:00	Normal	0.4	0	Correction
2024-01-17 10:15:00	Normal	0.8	0	Correction
2024-01-17 11:05:00	Normal	2.0	0	Correction
2024-01-17 12:10:00	Normal	7.5	75	Meal
2024-01-17 13:36:00	Normal	0.0	0	Correction
2024-01-17 16:55:00	Normal	1.2	0	Correction
2024-01-17 17:30:00	Normal	9.0	90	Meal
2024-01-17 23:20:00	Normal	1.1	0	Correction
2024-01-18 02:20:00	Normal	2.0	0	Correction
2024-01-18 07:55:00	Normal	3.1	25	Meal
2024-01-18 12:05:00	Normal	6.9	65	Meal
2024-01-18 15:55:00	Normal	2.4	32	Meal
2024-01-18 17:00:00	Normal	0.6	0	Correction
2024-01-18 18:10:00	Normal	1.5	15	Meal
2024-01-19 08:20:00	Normal	4.4	35	Meal
2024-01-19 09:25:00	Normal	0.9	0	Correction
2024-01-19 10:30:00	Normal	0.8	0	Correction
2024-01-19 12:15:00	Normal	1.6	10	Meal
2024-01-19 18:15:00	Normal	6.5	65	Meal
2024-01-19 19:20:00	Normal	0.4	0	Correction
2024-01-19 19:25:00	Normal	6.0	60	Meal
2024-01-20 09:35:00	Normal	5.5	40	Meal
2024-01-20 10:40:00	Normal	0.9	0	Correction
2024-01-20 11:45:00	Normal	0.3	0	Correction
2024-01-20 14:25:00	Normal	1.0	0	Correction
2024-01-20 18:20:00	Normal	8.5	85	Meal
2024-01-20 19:50:00	Normal	0.1	0	Correction
2024-01-20 21:00:00	Normal	0.6	0	Correction
2024-01-20 22:10:00	Normal	0.8	0	Correction
2024-01-21 08:55:00	Normal	6.8	45	Meal
2024-01-21 10:00:00	Normal	0.2	0	Correction
2024-01-21 12:15:00	Normal	1.1	0	Correction
2024-01-21 15:20:00	Normal	2.4	32	Meal
2024-01-21 16:30:00	Normal	0.9	0	Correction
2024-01-21 18:05:00	Extended	6.0	120	Meal
2024-01-22 07:51:00	Normal	5.7	45	Meal
2024-01-22 09:00:00	Normal	0.3	0	Correction
2024-01-22 09:15:00	Normal	2.0	0	Correction
2024-01-22 10:20:00	Normal	0.3	0	Correction
2024-01-22 12:15:00	Normal	5.6	55	Meal
2024-01-22 14:10:00	Normal	0.6	30	Meal
2024-01-22 18:10:00	Normal	6.8	75	Meal
2024-01-22 18:26:00	Extended	0.2	45	Meal
2024-01-22 20:20:00	Normal	0.4	0	Correction
2024-01-22 21:00:00	Normal	2.0	0	Correction
2024-01-23 07:50:00	Normal	3.2	25	Meal
2024-01-23 08:55:00	Normal	0.1	0	Correction
2024-01-23 12:10:00	Normal	6.5	65	Meal
2024-01-23 14:15:00	Normal	0.4	0	Correction
2024-01-23 17:20:00	Normal	7.1	70	Meal
2024-01-23 21:25:00	Normal	1.3	0	Correction
2024-01-23 21:45:00	Normal	4.9	40	Meal
2024-01-24 07:50:00	Normal	6.3	50	Meal
2024-01-24 08:55:00	Normal	0.1	0	Correction
2024-01-24 13:05:00	Normal	4.0	45	Meal
2024-01-24 15:35:00	Normal	0.6	0	Correction
2024-01-24 16:45:00	Normal	1.5	0	Correction
2024-01-24 17:40:00	Normal	7.5	75	Meal
2024-01-24 22:35:00	Normal	1.1	0	Correction
2024-01-24 23:40:00	Normal	0.8	0	Correction
2024-01-25 10:55:00	Normal	0.8	0	Correction
2024-01-25 12:35:00	Normal	0.8	0	Correction
2024-01-25 12:40:00	Normal	4.5	45	Meal
2024-01-25 14:15:00	Normal	0.1	0	Correction
2024-01-25 14:35:00	Normal	2.0	0	Correction
2024-01-25 17:40:00	Normal	1.7	20	Meal
2024-01-25 19:00:00	Normal	3.8	45	Meal
2024-01-26 08:00:00	Normal	2.6	25	Meal
2024-01-26 11:40:00	Normal	5.2	45	Meal
2024-01-26 18:35:00	Normal	7.7	75	Meal
2024-01-26 23:45:00	Normal	0.9	0	Correction
2024-01-27 09:25:00	Normal	2.9	25	Meal
2024-01-27 18:35:00	Normal	9.6	95	Meal
2024-01-28 08:50:00	Normal	5.7	45	Meal
2024-01-28 13:55:00	Normal	2.4	20	Meal
2024-01-28 17:50:00	Extended	5.9	120	Meal
2024-01-28 23:10:00	Normal	1.1	0	Correction