Name:Charles	Date Range:2024-01-08 - 2024-02-21
Timestamp	Bolus Type	Dose (units)	Carbs (g)	Notes
2024-01-08 09:17:50	Normal	24.8	85	Meal
2024-01-08 10:37:50	Normal	22.5	90	Meal
2024-01-08 11:07:50	Normal	12.0	0	Correction
2024-01-08 12:37:51	Normal	0.1	0	Correction
2024-01-08 14:27:50	Normal	4.9	0	Correction
2024-01-08 15:02:50	Normal	23.9	90	Meal
2024-01-08 15:07:53	Normal	12.5	50	Meal
2024-01-08 16:12:51	Normal	15.0	0	Correction
2024-01-08 17:27:50	Normal	0.4	0	Correction
2024-01-08 19:37:50	Normal	22.7	85	Meal
2024-01-08 20:12:50	Normal	13.8	55	Meal
2024-01-08 21:57:51	Normal	0.3	0	Correction
2024-01-08 22:22:50	Normal	20.0	0	Correction
2024-01-08 22:47:51	Normal	10.0	0	Correction
2024-01-09 01:12:50	Normal	1.4	0	Correction
2024-01-09 08:57:51	Normal	23.9	85	Meal
2024-01-09 10:22:51	Normal	20.0	80	Meal
2024-01-09 11:07:51	Normal	12.0	0	Correction
2024-01-09 12:22:51	Normal	0.5	0	Correction
2024-01-09 13:37:51	Normal	21.3	85	Meal
2024-01-09 13:52:51	Normal	15.0	60	Meal
2024-01-09 15:17:51	Normal	1.5	0	Correction
2024-01-09 16:12:51	Normal	15.2	60	Meal
2024-01-09 16:37:52	Normal	20.0	0	Correction
2024-01-09 17:27:52	Normal	5.0	0	Correction
2024-01-09 18:27:51	Normal	25.0	100	Meal
2024-01-09 18:37:52	Normal	12.5	50	Meal
2024-01-09 20:22:53	Normal	15.0	60	Meal
2024-01-09 22:22:51	Normal	1.6	0	Correction
2024-01-09 22:47:53	Normal	4.0	20	Meal
2024-01-09 23:32:52	Normal	12.0	0	Correction
2024-01-10 01:42:52	Normal	1.4	0	Correction
2024-01-10 08:52:53	Normal	22.2	80	Meal
2024-01-10 09:12:52	Normal	15.0	60	Meal
2024-01-10 10:42:53	Normal	12.5	50	Meal
2024-01-10 11:37:52	Normal	15.0	0	Correction
2024-01-10 12:52:53	Normal	25.0	100	Meal
2024-01-10 14:02:52	Normal	0.7	0	Correction
2024-01-10 14:42:53	Normal	23.4	85	Meal
2024-01-10 15:32:52	Normal	15.0	0	Correction
2024-01-10 16:42:52	Normal	0.3	0	Correction
2024-01-10 17:47:53	Normal	1.5	0	Correction
2024-01-10 18:47:53	Normal	13.1	50	Meal
2024-01-10 19:17:53	Normal	8.8	35	Meal
2024-01-10 20:32:56	Normal	0.2	0	Correction
2024-01-10 21:27:53	Normal	9.0	45	Meal
2024-01-11 00:47:53	Normal	2.6	0	Correction
2024-01-11 01:52:53	Normal	2.2	0	Correction
2024-01-11 01:57:53	Normal	5.0	25	Meal
2024-01-11 09:42:53	Normal	24.6	90	Meal
2024-01-11 10:42:54	Normal	12.5	50	Meal
2024-01-11 11:57:53	Normal	25.0	100	Meal
2024-01-11 12:37:53	Normal	13.8	55	Meal
2024-01-11 14:27:54	Normal	1.7	0	Correction
2024-01-11 17:47:54	Normal	24.2	90	Meal
2024-01-11 18:07:54	Normal	13.8	55	Meal
2024-01-11 19:42:54	Normal	1.3	0	Correction
2024-01-11 19:57:54	Normal	13.8	55	Meal
2024-01-11 20:27:54	Normal	15.0	0	Correction
2024-01-11 22:47:54	Normal	2.4	0	Correction
2024-01-11 23:07:54	Normal	4.0	0	Correction
2024-01-12 01:07:55	Normal	2.0	0	Correction
2024-01-12 02:37:55	Normal	1.9	0	Correction
2024-01-12 08:47:57	Normal	24.0	90	Meal
2024-01-12 10:52:57	Normal	1.8	0	Correction
2024-01-12 11:12:55	Normal	15.3	60	Meal
2024-01-12 13:52:55	Normal	23.8	95	Meal
2024-01-12 15:02:55	Normal	13.8	55	Meal
2024-01-12 16:32:55	Normal	0.6	0	Correction
2024-01-12 18:02:55	Normal	20.0	80	Meal
2024-01-12 18:42:55	Normal	21.3	85	Meal
2024-01-12 19:42:55	Normal	15.0	0	Correction
2024-01-12 20:37:55	Normal	20.0	0	Correction
2024-01-12 21:52:55	Normal	0.0	0	Correction
2024-01-12 22:22:55	Normal	5.0	0	Correction
2024-01-12 23:17:55	Normal	25.0	0	Correction
2024-01-13 02:57:55	Normal	2.8	0	Correction
2024-01-13 05:02:56	Normal	3.8	0	Correction
2024-01-13 06:07:58	Normal	0.3	0	Correction
2024-01-13 08:47:56	Normal	24.5	90	Meal
2024-01-13 09:42:56	Normal	21.3	85	Meal
2024-01-13 11:27:56	Normal	0.1	0	Correction
2024-01-13 13:37:56	Normal	22.6	85	Meal
2024-01-13 14:02:56	Normal	23.8	95	Meal
2024-01-13 15:37:56	Normal	15.0	60	Meal
2024-01-13 16:07:56	Normal	8.8	35	Meal
2024-01-13 17:22:59	Normal	0.0	0	Correction
2024-01-13 19:22:56	Normal	19.6	75	Meal
2024-01-13 19:57:57	Normal	25.0	100	Meal
2024-01-13 21:32:56	Normal	15.0	75	Meal
2024-01-13 22:37:57	Normal	15.0	0	Correction
2024-01-14 00:22:57	Normal	0.8	0	Correction
2024-01-14 01:22:56	Normal	3.0	0	Correction
2024-01-14 02:37:57	Normal	1.6	0	Correction
2024-01-14 08:02:57	Normal	18.8	70	Meal
2024-01-14 08:37:57	Normal	23.8	95	Meal
2024-01-14 10:42:57	Normal	1.7	0	Correction
2024-01-14 12:02:57	Normal	15.3	55	Meal
2024-01-14 13:27:57	Normal	0.8	0	Correction
2024-01-14 14:22:57	Normal	20.8	80	Meal
2024-01-14 15:07:59	Normal	23.8	95	Meal
2024-01-14 16:12:57	Normal	1.1	0	Correction
2024-01-14 16:27:58	Normal	0.0	0	Correction
2024-01-14 16:32:58	Normal	25.0	0	Correction
2024-01-14 17:52:58	Normal	0.2	0	Correction
2024-01-14 18:57:57	Normal	0.7	0	Correction
2024-01-14 19:37:58	Normal	22.6	85	Meal
2024-01-14 20:47:58	Normal	3.2	0	Correction
2024-01-14 21:52:58	Normal	0.1	0	Correction
2024-01-14 22:42:58	Normal	10.0	0	Correction
2024-01-15 01:28:00	Normal	2.5	0	Correction
2024-01-15 04:22:58	Normal	2.9	0	Correction
2024-01-15 07:02:58	Normal	9.2	40	Meal
2024-01-15 09:22:58	Normal	3.9	0	Correction
2024-01-15 09:33:00	Normal	25.0	100	Meal
2024-01-15 10:07:58	Normal	18.8	75	Meal
2024-01-15 12:22:58	Normal	2.0	0	Correction
2024-01-15 14:07:58	Normal	3.6	0	Correction
2024-01-15 14:27:59	Normal	24.2	96	Meal
2024-01-15 15:47:58	Normal	0.3	0	Correction
2024-01-15 16:27:59	Normal	20.0	0	Correction
2024-01-15 16:52:59	Normal	5.0	0	Correction
2024-01-15 19:12:58	Normal	3.0	0	Correction
2024-01-15 20:02:59	Normal	15.3	50	Meal
2024-01-15 20:32:59	Normal	12.5	50	Meal
2024-01-15 22:58:01	Normal	2.2	0	Correction
2024-01-15 23:22:59	Normal	5.0	25	Meal
2024-01-16 02:47:59	Normal	5.2	0	Correction
2024-01-16 08:02:59	Normal	21.7	85	Meal
2024-01-16 09:57:59	Normal	2.0	0	Correction
2024-01-16 11:02:59	Normal	19.2	70	Meal
2024-01-16 12:17:59	Normal	0.1	0	Correction
2024-01-16 12:27:59	Normal	21.3	85	Meal
2024-01-16 13:43:00	Normal	21.3	85	Meal
2024-01-16 14:17:59	Normal	12.5	50	Meal
2024-01-16 18:25:42	Normal	12.5	50	Meal
2024-01-16 18:45:41	Normal	15.0	60	Meal
2024-01-16 20:15:41	Normal	0.5	0	Correction
2024-01-16 20:35:41	Normal	17.5	70	Meal
2024-01-16 22:45:42	Normal	1.8	0	Correction
2024-01-16 23:50:44	Normal	1.2	0	Correction
2024-01-17 03:20:42	Normal	2.5	0	Correction
2024-01-17 08:35:42	Normal	24.4	90	Meal
2024-01-17 09:30:43	Normal	21.3	85	Meal
2024-01-17 11:00:41	Normal	0.6	0	Correction
2024-01-17 11:20:41	Normal	16.3	65	Meal
2024-01-17 12:30:41	Normal	21.3	85	Meal
2024-01-17 14:15:41	Normal	1.4	0	Correction
2024-01-17 14:25:41	Normal	8.8	35	Meal
2024-01-17 15:30:41	Normal	0.8	0	Correction
2024-01-17 19:20:41	Normal	20.5	80	Meal
2024-01-17 19:40:42	Normal	17.5	70	Meal
2024-01-17 20:45:41	Normal	10.0	40	Meal
2024-01-17 21:40:41	Normal	5.0	0	Correction
2024-01-17 22:05:42	Normal	5.0	0	Correction
2024-01-18 03:10:42	Normal	3.0	0	Correction
2024-01-18 08:25:41	Normal	24.7	90	Meal
2024-01-18 08:55:41	Normal	8.8	35	Meal
2024-01-18 12:30:41	Extended	7.7	65	Meal
2024-01-18 14:20:41	Normal	1.9	0	Correction
2024-01-18 14:25:41	Normal	10.0	0	Correction
2024-01-18 17:45:41	Extended	12.6	95	Meal
2024-01-18 18:15:41	Normal	12.5	50	Meal
2024-01-18 19:00:41	Normal	12.5	50	Meal
2024-01-18 20:20:41	Normal	0.1	0	Correction
2024-01-18 20:35:41	Normal	11.3	45	Meal
2024-01-18 22:25:41	Normal	1.0	0	Correction
2024-01-18 22:45:46	Normal	5.0	0	Correction
2024-01-19 01:40:41	Normal	2.4	0	Correction
2024-01-19 07:25:41	Normal	14.3	50	Meal
2024-01-19 08:35:41	Normal	17.5	70	Meal
2024-01-19 09:50:41	Normal	0.3	0	Correction
2024-01-19 10:20:41	Normal	10.5	40	Meal
2024-01-19 11:30:41	Normal	0.9	0	Correction
2024-01-19 13:10:41	Normal	4.6	0	Correction
2024-01-19 14:15:41	Normal	4.1	0	Correction
2024-01-19 16:00:41	Normal	3.8	0	Correction
2024-01-19 18:30:41	Normal	3.7	0	Correction
2024-01-19 18:40:41	Normal	22.5	90	Meal
2024-01-19 19:45:42	Normal	20.0	80	Meal
2024-01-19 20:55:41	Normal	15.0	0	Correction
2024-01-19 22:25:41	Normal	0.0	0	Correction
2024-01-19 23:35:41	Normal	1.8	0	Correction
2024-01-20 08:45:41	Normal	23.8	80	Meal
2024-01-20 09:15:40	Normal	10.0	40	Meal
2024-01-20 10:20:41	Normal	2.0	0	Correction
2024-01-20 10:30:40	Normal	15.0	60	Meal
2024-01-20 11:40:41	Normal	3.4	0	Correction
2024-01-20 12:40:41	Normal	24.4	90	Meal
2024-01-20 13:10:41	Normal	10.0	0	Correction
2024-01-20 14:35:40	Normal	1.6	0	Correction
2024-01-20 15:10:41	Normal	18.8	75	Meal
2024-01-20 15:30:41	Normal	15.0	0	Correction
2024-01-20 15:50:40	Normal	10.0	0	Correction
2024-01-20 17:15:40	Normal	10.0	0	Correction
2024-01-20 19:55:41	Normal	17.8	75	Meal
2024-01-20 20:55:40	Normal	18.8	75	Meal
2024-01-20 22:40:41	Normal	0.9	0	Correction
2024-01-20 23:20:41	Normal	5.0	0	Correction
2024-01-21 00:20:41	Normal	0.4	0	Correction
2024-01-21 00:40:41	Normal	3.0	0	Correction
2024-01-21 07:45:41	Normal	2.0	0	Correction
2024-01-21 09:20:40	Normal	3.3	0	Correction
2024-01-21 10:05:41	Normal	24.7	95	Meal
2024-01-21 10:10:42	Normal	6.3	25	Meal
2024-01-21 11:20:40	Normal	21.3	85	Meal
2024-01-21 13:15:40	Normal	1.6	50	Meal
2024-01-21 14:30:40	Normal	9.8	35	Meal
2024-01-21 15:45:41	Normal	20.0	80	Meal
2024-01-21 18:10:40	Normal	21.3	85	Meal
2024-01-21 19:40:43	Normal	0.5	0	Correction
2024-01-21 20:00:40	Normal	21.3	85	Meal
2024-01-21 21:20:41	Normal	8.0	40	Meal
2024-01-21 22:10:40	Normal	7.0	0	Correction
2024-01-21 23:25:40	Normal	0.9	0	Correction
2024-01-22 00:30:41	Normal	1.5	0	Correction
2024-01-22 03:00:40	Normal	3.5	0	Correction
2024-01-22 05:25:41	Normal	4.8	0	Correction
2024-01-22 08:15:40	Normal	2.0	0	Correction
2024-01-22 10:00:40	Normal	17.5	70	Meal
2024-01-22 13:55:40	Normal	4.2	0	Correction
2024-01-22 14:00:40	Normal	21.4	85	Meal
2024-01-22 15:45:40	Normal	8.8	35	Meal
2024-01-22 17:50:40	Normal	19.1	90	Meal
2024-01-22 19:10:40	Normal	15.0	60	Meal
2024-01-22 20:10:40	Normal	17.5	70	Meal
2024-01-22 21:45:42	Normal	1.3	0	Correction
2024-01-22 22:10:43	Normal	15.0	0	Correction
2024-01-23 01:00:40	Normal	2.9	0	Correction
2024-01-23 07:40:40	Normal	24.8	95	Meal
2024-01-23 08:10:40	Normal	12.5	50	Meal
2024-01-23 12:30:40	Normal	3.6	0	Correction
2024-01-23 16:00:40	Normal	17.0	68	Meal
2024-01-23 16:05:40	Normal	10.0	0	Correction
2024-01-23 17:40:40	Normal	2.4	0	Correction
2024-01-23 18:20:40	Normal	20.0	80	Meal
2024-01-23 18:50:40	Normal	8.8	35	Meal
2024-01-23 20:10:40	Normal	18.8	75	Meal
2024-01-23 23:00:40	Normal	2.4	0	Correction
2024-01-24 01:30:40	Normal	2.0	0	Correction
2024-01-24 02:40:40	Normal	3.0	0	Correction
2024-01-24 05:15:40	Normal	4.9	0	Correction
2024-01-24 08:15:43	Normal	24.0	100	Meal
2024-01-24 13:15:40	Extended	13.1	90	Meal
2024-01-24 15:00:40	Normal	0.1	0	Correction
2024-01-24 15:05:41	Normal	11.3	45	Meal
2024-01-24 16:10:40	Normal	0.6	0	Correction
2024-01-24 16:20:40	Normal	10.0	0	Correction
2024-01-24 18:25:40	Normal	3.1	0	Correction
2024-01-24 18:45:40	Extended	11.9	95	Meal
2024-01-24 19:15:42	Normal	8.8	35	Meal
2024-01-24 20:55:44	Normal	0.2	0	Correction
2024-01-24 21:50:40	Normal	4.0	0	Correction
2024-01-24 22:35:40	Normal	4.0	0	Correction
2024-01-24 22:55:40	Normal	8.0	0	Correction
2024-01-25 08:15:40	Normal	24.0	90	Meal
2024-01-25 09:50:40	Normal	1.0	0	Correction
2024-01-25 10:25:40	Normal	17.8	70	Meal
2024-01-25 13:10:40	Normal	24.0	90	Meal
2024-01-25 13:45:40	Normal	12.5	50	Meal
2024-01-25 19:10:40	Normal	4.4	0	Correction
2024-01-25 19:55:40	Normal	23.5	85	Meal
2024-01-25 20:25:40	Normal	16.3	65	Meal
2024-01-26 08:05:40	Normal	24.8	85	Meal
2024-01-26 09:25:40	Normal	0.6	0	Correction
2024-01-26 09:35:40	Normal	21.3	85	Meal
2024-01-26 10:45:40	Normal	15.0	0	Correction
2024-01-26 11:50:40	Normal	2.9	0	Correction
2024-01-26 13:25:40	Normal	3.2	0	Correction
2024-01-26 16:15:40	Normal	4.0	0	Correction
2024-01-26 16:40:40	Normal	8.4	25	Meal
2024-01-26 18:10:40	Normal	21.3	85	Meal
2024-01-26 18:50:40	Normal	10.0	40	Meal
2024-01-26 19:55:40	Normal	0.3	0	Correction
2024-01-26 20:15:40	Normal	20.0	0	Correction
2024-01-26 20:50:40	Normal	12.5	50	Meal
2024-01-26 22:10:40	Normal	25.0	0	Correction
2024-01-27 02:30:40	Normal	2.5	0	Correction
2024-01-27 07:40:40	Normal	2.1	0	Correction
2024-01-27 08:10:40	Normal	19.7	75	Meal
2024-01-27 08:45:40	Normal	12.5	50	Meal
2024-01-27 10:00:40	Normal	0.3	0	Correction
2024-01-27 13:00:40	Normal	21.7	85	Meal
2024-01-27 13:35:39	Normal	21.3	85	Meal
2024-01-27 15:30:43	Normal	0.8	0	Correction
2024-01-27 16:30:40	Normal	10.0	35	Meal
2024-01-27 17:00:40	Normal	9.5	38	Meal
2024-01-27 18:50:41	Normal	12.5	50	Meal
2024-01-27 19:55:39	Normal	1.6	0	Correction
2024-01-27 20:40:40	Normal	2.2	0	Correction
2024-01-27 21:45:40	Normal	1.2	0	Correction
2024-01-27 22:00:39	Normal	8.0	40	Meal
2024-01-27 22:05:40	Normal	5.0	0	Correction
2024-01-27 22:15:40	Normal	7.0	0	Correction
2024-01-27 23:35:39	Normal	10.0	0	Correction
2024-01-28 01:00:40	Normal	0.2	0	Correction
2024-01-28 07:45:39	Normal	20.3	75	Meal
2024-01-28 09:00:39	Normal	22.5	90	Meal
2024-01-28 12:45:40	Normal	22.4	85	Meal
2024-01-28 15:00:41	Normal	2.7	0	Correction
2024-01-28 15:25:39	Normal	3.8	15	Meal
2024-01-28 15:55:40	Normal	10.0	40	Meal
2024-01-28 18:00:39	Normal	17.1	85	Meal
2024-01-28 19:15:40	Normal	18.8	75	Meal
2024-01-28 20:25:40	Normal	18.8	75	Meal
2024-01-28 20:30:41	Normal	5.0	0	Correction
2024-01-29 01:25:40	Normal	2.4	0	Correction
2024-01-29 06:15:40	Normal	1.8	0	Correction
2024-01-29 06:55:40	Normal	15.8	60	Meal
2024-01-29 08:00:39	Normal	0.3	0	Correction
2024-01-29 08:40:39	Normal	11.5	40	Meal
2024-01-29 10:30:41	Normal	2.0	0	Correction
2024-01-29 10:55:39	Normal	8.8	35	Meal
2024-01-29 11:15:39	Normal	5.0	0	Correction
2024-01-29 12:55:39	Normal	12.5	50	Meal
2024-01-29 15:20:40	Normal	3.1	0	Correction
2024-01-29 17:55:39	Normal	18.9	75	Meal
2024-01-29 18:40:39	Normal	18.8	75	Meal
2024-01-29 20:25:39	Normal	2.3	0	Correction
2024-01-29 20:35:39	Normal	8.8	35	Meal
2024-01-29 20:40:39	Normal	7.0	0	Correction
2024-01-29 22:05:40	Normal	0.2	0	Correction
2024-01-29 22:30:39	Normal	5.0	0	Correction
2024-01-30 08:00:39	Normal	24.7	85	Meal
2024-01-30 09:30:39	Normal	0.4	0	Correction
2024-01-30 10:20:39	Normal	8.0	0	Correction
2024-01-30 11:30:39	Normal	1.3	0	Correction
2024-01-30 12:35:39	Normal	4.9	0	Correction
2024-01-30 12:50:39	Normal	18.8	75	Meal
2024-01-30 18:00:41	Normal	20.8	80	Meal
2024-01-30 19:10:39	Normal	21.3	85	Meal
2024-01-30 19:55:39	Normal	12.5	50	Meal
2024-01-30 20:30:39	Normal	10.0	0	Correction
2024-01-30 21:35:41	Normal	5.0	0	Correction
2024-01-30 22:40:39	Normal	0.5	0	Correction
2024-01-30 23:25:39	Normal	4.0	0	Correction
2024-01-31 00:25:39	Normal	1.4	0	Correction
2024-01-31 01:55:39	Normal	1.5	0	Correction
2024-01-31 06:30:39	Normal	3.3	0	Correction
2024-01-31 07:35:39	Normal	16.3	65	Meal
2024-01-31 09:10:39	Normal	1.0	0	Correction
2024-01-31 10:15:39	Normal	3.1	0	Correction
2024-01-31 10:35:39	Normal	10.0	0	Correction