Name:Charles	Date Range:2023-12-29 - 2024-02-08
Timestamp	Bolus Type	Dose (units)	Carbs (g)	Notes
2023-12-29 07:46:58	Normal	2.9	20	Meal
2023-12-29 08:51:58	Normal	1.6	0	Correction
2023-12-29 10:11:58	Normal	0.5	0	Correction
2023-12-29 13:21:58	Normal	0.7	0	Correction
2023-12-29 14:26:58	Normal	0.6	0	Correction
2023-12-29 17:51:58	Normal	2.9	20	Meal
2023-12-29 20:56:58	Normal	0.9	0	Correction
2023-12-30 09:01:57	Normal	2.9	20	Meal
2023-12-30 10:06:57	Normal	0.7	0	Correction
2023-12-30 12:26:57	Normal	2.3	15	Meal
2023-12-30 14:31:57	Normal	0.8	0	Correction
2023-12-30 15:36:57	Normal	0.5	0	Correction
2023-12-30 16:41:57	Normal	0.5	0	Correction
2023-12-30 18:56:57	Normal	2.5	18	Meal
2023-12-31 07:51:57	Normal	2.7	20	Meal
2023-12-31 11:41:56	Normal	0.8	0	Correction
2023-12-31 12:51:56	Normal	0.7	0	Correction
2023-12-31 13:21:56	Normal	0.6	0	Correction
2023-12-31 14:26:56	Normal	0.8	0	Correction
2023-12-31 15:26:56	Normal	0.5	0	Correction
2023-12-31 16:36:56	Normal	0.5	0	Correction
2023-12-31 17:41:56	Normal	0.4	0	Correction
2023-12-31 17:56:56	Normal	0.3	0	Correction
2023-12-31 18:51:56	Normal	2.5	18	Meal
2023-12-31 20:56:56	Normal	0.5	0	Correction
2024-01-01 07:16:55	Normal	0.4	0	Correction
2024-01-01 09:36:55	Normal	1.0	0	Correction
2024-01-01 10:46:55	Normal	0.5	0	Correction
2024-01-01 12:36:55	Normal	0.6	0	Correction
2024-01-01 13:41:55	Normal	0.9	0	Correction
2024-01-01 14:46:56	Normal	0.7	0	Correction
2024-01-01 15:51:55	Normal	0.6	0	Correction
2024-01-01 17:01:55	Normal	2.2	15	Meal
2024-01-01 18:06:55	Normal	0.3	0	Correction
2024-01-01 19:21:55	Normal	0.5	0	Correction
2024-01-01 20:26:55	Normal	0.5	0	Correction
2024-01-01 21:36:55	Normal	0.5	0	Correction
2024-01-02 06:56:55	Normal	0.4	0	Correction
2024-01-02 07:11:55	Normal	0.2	0	Correction
2024-01-02 08:06:54	Normal	3.2	20	Meal
2024-01-02 09:11:55	Normal	1.4	0	Correction
2024-01-02 10:21:54	Normal	1.2	0	Correction
2024-01-02 11:26:54	Normal	0.8	0	Correction
2024-01-02 15:11:54	Normal	0.7	0	Correction
2024-01-02 15:26:54	Normal	0.6	0	Correction
2024-01-02 18:36:54	Normal	2.7	20	Meal
2024-01-03 06:41:54	Normal	2.5	18	Meal
2024-01-03 08:06:54	Normal	0.8	0	Correction
2024-01-03 13:06:53	Normal	0.8	0	Correction
2024-01-03 14:06:53	Normal	0.9	0	Correction
2024-01-03 15:36:53	Normal	0.4	0	Correction
2024-01-03 17:01:53	Normal	0.6	0	Correction
2024-01-03 17:41:53	Normal	2.7	20	Meal
2024-01-03 19:21:53	Normal	0.8	0	Correction
2024-01-04 09:06:53	Normal	2.8	20	Meal
2024-01-04 10:06:53	Normal	0.3	0	Correction
2024-01-04 11:11:53	Normal	0.4	0	Correction
2024-01-04 12:41:53	Normal	2.3	15	Meal
2024-01-04 18:21:52	Normal	2.5	20	Meal
2024-01-05 08:56:52	Normal	1.0	0	Correction
2024-01-05 09:16:52	Normal	2.9	8	Meal
2024-01-05 10:21:52	Normal	1.1	0	Correction
2024-01-05 14:56:51	Normal	2.1	17	Meal
2024-01-05 18:41:51	Normal	1.5	10	Meal
2024-01-05 19:56:51	Normal	0.5	0	Correction
2024-01-06 09:01:51	Normal	2.9	20	Meal
2024-01-06 10:01:51	Normal	1.2	0	Correction
2024-01-06 13:11:51	Normal	2.9	15	Meal
2024-01-06 14:46:51	Normal	0.5	0	Correction
2024-01-06 15:51:51	Normal	0.9	0	Correction
2024-01-06 16:56:50	Normal	0.7	0	Correction
2024-01-06 17:06:50	Normal	0.2	0	Correction
2024-01-06 18:56:50	Normal	0.7	0	Correction
2024-01-06 20:46:50	Normal	1.0	0	Correction
2024-01-07 09:26:50	Normal	1.2	0	Correction
2024-01-07 11:36:50	Normal	0.5	0	Correction
2024-01-07 12:46:50	Normal	0.6	0	Correction
2024-01-07 14:56:50	Normal	1.1	0	Correction
2024-01-07 16:06:50	Normal	0.6	0	Correction
2024-01-07 16:46:50	Normal	0.5	0	Correction
2024-01-07 17:56:50	Normal	0.5	0	Correction
2024-01-07 18:51:49	Normal	3.4	18	Meal
2024-01-07 20:21:50	Normal	0.1	0	Correction
2024-01-08 09:01:49	Normal	3.9	20	Meal
2024-01-08 10:01:49	Normal	0.1	0	Correction
2024-01-08 12:16:49	Normal	1.5	10	Meal
2024-01-08 15:26:49	Normal	0.8	0	Correction
2024-01-08 18:01:49	Normal	1.6	10	Meal
2024-01-08 19:11:49	Normal	0.4	0	Correction
2024-01-09 07:46:48	Normal	2.9	20	Meal
2024-01-09 11:16:48	Normal	0.7	0	Correction
2024-01-09 12:21:48	Normal	0.9	0	Correction
2024-01-09 12:31:48	Normal	2.3	15	Meal
2024-01-09 13:51:48	Normal	0.1	0	Correction
2024-01-09 14:56:48	Normal	0.8	0	Correction
2024-01-09 15:41:48	Normal	1.1	0	Correction
2024-01-09 16:01:48	Normal	0.2	0	Correction
2024-01-09 17:01:48	Normal	2.7	18	Meal
2024-01-09 18:31:48	Normal	0.4	0	Correction
2024-01-09 19:51:48	Normal	0.6	0	Correction
2024-01-09 20:41:48	Normal	0.6	0	Correction
2024-01-10 07:46:47	Normal	3.3	20	Meal
2024-01-10 08:51:47	Normal	0.0	0	Correction
2024-01-10 09:56:47	Normal	0.7	0	Correction
2024-01-10 11:01:47	Normal	1.1	0	Correction
2024-01-10 12:06:47	Normal	0.2	0	Correction
2024-01-10 13:11:47	Normal	0.5	0	Correction
2024-01-10 14:16:47	Normal	0.7	0	Correction
2024-01-10 14:26:47	Normal	2.5	18	Meal
2024-01-10 15:31:47	Normal	0.4	0	Correction
2024-01-10 16:31:47	Normal	0.8	0	Correction
2024-01-10 17:36:47	Normal	0.3	0	Correction
2024-01-10 18:41:47	Normal	0.5	0	Correction
2024-01-10 19:11:47	Normal	1.8	10	Meal
2024-01-10 20:16:49	Normal	1.0	0	Correction
2024-01-10 20:51:47	Normal	0.6	0	Correction
2024-01-10 21:11:47	Normal	0.3	0	Correction
2024-01-10 21:21:47	Normal	0.2	0	Correction
2024-01-10 21:51:47	Normal	0.3	0	Correction
2024-01-10 23:11:47	Normal	0.3	0	Correction
2024-01-11 07:31:46	Normal	0.3	0	Correction
2024-01-11 08:31:46	Normal	3.5	15	Meal
2024-01-11 09:56:46	Normal	0.3	0	Correction
2024-01-11 13:21:46	Normal	4.4	25	Meal
2024-01-11 14:46:46	Normal	0.1	0	Correction
2024-01-11 15:46:46	Normal	0.9	0	Correction
2024-01-11 16:41:46	Normal	1.1	0	Correction
2024-01-11 17:46:46	Normal	0.7	0	Correction
2024-01-11 18:36:46	Normal	0.7	0	Correction
2024-01-11 19:06:46	Normal	0.5	0	Correction
2024-01-11 19:16:46	Normal	0.2	0	Correction
2024-01-11 19:56:47	Normal	0.2	0	Correction
2024-01-11 20:46:46	Normal	0.1	0	Correction
2024-01-12 09:16:45	Normal	1.2	0	Correction
2024-01-12 09:31:45	Normal	3.1	10	Meal
2024-01-12 10:36:45	Normal	0.7	0	Correction
2024-01-12 14:51:45	Normal	0.8	0	Correction
2024-01-12 15:06:45	Normal	1.9	10	Meal
2024-01-12 18:51:45	Normal	2.5	18	Meal
2024-01-12 18:51:45	Normal	2.5	18	Meal
2024-01-12 18:51:45	Normal	2.5	18	Meal
2024-01-12 18:51:45	Normal	2.5	18	Meal
2024-01-12 18:51:45	Normal	2.5	18	Meal
2024-01-12 18:51:45	Normal	2.5	18	Meal
2024-01-12 18:51:45	Normal	2.5	18	Meal
2024-01-12 18:51:45	Normal	2.5	18	Meal
2024-01-12 18:51:45	Normal	2.5	18	Meal
2024-01-12 18:51:45	Normal	2.5	18	Meal
2024-01-12 18:51:45	Normal	2.5	18	Meal
2024-01-12 18:51:45	Normal	2.5	18	Meal
2024-01-12 18:51:45	Normal	2.5	18	Meal
2024-01-12 18:51:45	Normal	2.5	18	Meal
2024-01-12 19:36:45	Normal	0.8	0	Correction
2024-01-12 20:41:45	Normal	0.2	0	Correction
2024-01-13 08:26:44	Normal	2.7	20	Meal
2024-01-13 09:31:44	Normal	1.4	0	Correction
2024-01-13 10:36:44	Normal	0.6	0	Correction
2024-01-13 15:11:44	Normal	0.7	0	Correction
2024-01-13 16:26:44	Normal	0.5	0	Correction
2024-01-13 18:36:44	Normal	3.8	30	Meal
2024-01-13 20:31:44	Normal	0.6	0	Correction
2024-01-13 22:01:44	Normal	0.8	0	Correction
2024-01-13 23:01:44	Normal	0.6	0	Correction
2024-01-14 09:26:43	Normal	3.2	25	Meal
2024-01-14 10:26:43	Normal	0.8	0	Correction
2024-01-14 11:31:43	Normal	0.6	0	Correction
2024-01-14 12:36:43	Normal	0.3	0	Correction
2024-01-14 15:31:43	Normal	0.7	0	Correction
2024-01-14 16:36:43	Normal	0.5	0	Correction
2024-01-14 19:01:43	Normal	1.0	5	Meal
2024-01-15 08:41:42	Normal	2.6	20	Meal
2024-01-15 09:46:42	Normal	0.9	0	Correction
2024-01-15 10:51:42	Normal	0.9	0	Correction
2024-01-15 12:06:42	Normal	1.6	10	Meal
2024-01-15 14:31:42	Normal	0.9	0	Correction
2024-01-15 15:51:42	Normal	0.4	0	Correction
2024-01-15 16:56:42	Normal	0.9	0	Correction
2024-01-15 17:01:42	Normal	1.4	10	Meal
2024-01-15 18:06:42	Normal	0.9	0	Correction
2024-01-15 19:11:42	Normal	0.7	0	Correction
2024-01-15 20:16:42	Normal	0.4	0	Correction
2024-01-16 08:01:42	Normal	3.1	20	Meal
2024-01-16 10:51:41	Normal	0.9	0	Correction
2024-01-16 12:01:41	Normal	0.5	0	Correction
2024-01-16 13:56:41	Normal	0.7	0	Correction
2024-01-16 15:16:41	Normal	0.5	0	Correction
2024-01-16 16:21:41	Normal	0.6	0	Correction
2024-01-16 17:11:41	Normal	2.9	18	Meal
2024-01-16 18:26:41	Normal	0.1	0	Correction
2024-01-16 19:31:41	Normal	0.7	0	Correction
2024-01-16 19:46:41	Normal	0.3	0	Correction
2024-01-16 20:56:41	Normal	0.4	0	Correction
2024-01-17 09:01:40	Normal	1.3	0	Correction
2024-01-17 09:46:40	Normal	3.2	5	Meal
2024-01-17 10:51:40	Normal	0.5	0	Correction
2024-01-17 13:01:40	Normal	2.3	15	Meal
2024-01-17 19:01:40	Normal	2.2	15	Meal
2024-01-17 20:06:40	Normal	0.7	0	Correction
2024-01-17 21:16:41	Normal	0.6	0	Correction
2024-01-17 21:36:40	Normal	0.3	0	Correction
2024-01-17 21:56:40	Normal	0.3	0	Correction
2024-01-18 08:21:39	Normal	3.0	22	Meal
2024-01-18 09:21:39	Normal	0.9	0	Correction
2024-01-18 11:26:39	Normal	1.6	10	Meal
2024-01-18 13:46:39	Normal	0.8	0	Correction
2024-01-18 15:16:39	Normal	0.5	0	Correction
2024-01-18 15:56:39	Normal	0.6	0	Correction
2024-01-18 17:01:39	Normal	0.5	0	Correction
2024-01-18 18:06:39	Normal	0.4	0	Correction
2024-01-18 18:41:39	Normal	4.2	30	Meal
2024-01-18 20:41:39	Normal	0.4	0	Correction
2024-01-18 21:56:39	Normal	0.6	0	Correction
2024-01-19 08:51:39	Normal	3.1	18	Meal
2024-01-19 09:51:39	Normal	0.8	0	Correction
2024-01-19 11:06:39	Normal	0.3	0	Correction
2024-01-19 12:21:39	Normal	2.2	15	Meal
2024-01-19 14:11:38	Normal	0.7	0	Correction
2024-01-19 15:16:38	Normal	0.5	0	Correction
2024-01-19 16:21:38	Normal	0.4	0	Correction
2024-01-19 17:01:38	Normal	0.4	0	Correction
2024-01-19 18:46:38	Normal	0.6	0	Correction
2024-01-19 19:06:38	Normal	2.8	18	Meal
2024-01-19 20:36:38	Normal	0.1	0	Correction
2024-01-19 21:56:38	Normal	0.3	0	Correction
2024-01-20 06:51:38	Normal	0.9	5	Meal
2024-01-20 08:06:38	Normal	0.3	0	Correction
2024-01-20 09:31:38	Normal	1.2	0	Correction
2024-01-20 10:11:38	Normal	1.8	0	Correction
2024-01-20 11:16:38	Normal	0.4	0	Correction
2024-01-20 12:21:38	Normal	0.5	0	Correction
2024-01-20 12:41:38	Normal	2.3	15	Meal
2024-01-20 13:51:37	Normal	1.1	0	Correction
2024-01-20 14:56:37	Normal	1.6	0	Correction
2024-01-20 15:56:37	Normal	1.4	10	Meal
2024-01-20 15:56:37	Normal	1.4	10	Meal
2024-01-20 15:56:37	Normal	1.4	10	Meal
2024-01-20 15:56:37	Normal	1.4	10	Meal