Name:Albert	Date Range:2024-02-08 - 2024-03-15
Timestamp	Bolus Type	Dose (units)	Carbs (g)	Notes
2024-02-08 09:56:05	Normal	0.7	0	Correction
2024-02-08 11:01:05	Normal	0.6	0	Correction
2024-02-08 12:51:05	Normal	0.5	0	Correction
2024-02-08 12:56:05	Normal	13.3	40	Meal
2024-02-08 16:11:04	Normal	11.7	35	Meal
2024-02-08 18:46:04	Normal	0.1	0	Correction
2024-02-09 09:06:04	Normal	0.7	0	Correction
2024-02-09 10:01:04	Normal	15.0	45	Meal
2024-02-09 12:41:04	Normal	0.5	0	Correction
2024-02-09 13:56:04	Normal	0.0	0	Correction
2024-02-09 16:31:05	Normal	1.3	0	Correction
2024-02-09 17:21:03	Normal	10.0	30	Meal
2024-02-09 19:46:03	Normal	10.0	30	Meal
2024-02-10 06:26:03	Normal	0.5	0	Correction
2024-02-10 10:56:03	Normal	10.0	30	Meal
2024-02-10 14:51:02	Normal	8.3	25	Meal
2024-02-10 17:06:02	Normal	0.5	0	Correction
2024-02-10 19:46:02	Normal	8.3	25	Meal
2024-02-11 10:16:02	Normal	8.3	25	Meal
2024-02-11 13:11:02	Normal	0.4	0	Correction
2024-02-11 16:06:02	Normal	0.8	0	Correction
2024-02-11 17:11:02	Normal	6.7	20	Meal
2024-02-11 21:26:01	Normal	6.7	20	Meal
2024-02-12 07:16:01	Normal	0.7	0	Correction
2024-02-12 07:26:02	Normal	13.3	40	Meal
2024-02-12 10:11:03	Normal	0.0	0	Correction
2024-02-12 11:26:01	Normal	8.3	25	Meal
2024-02-12 15:56:01	Normal	0.7	0	Correction
2024-02-12 19:16:01	Normal	11.7	35	Meal
2024-02-12 22:11:00	Normal	0.4	0	Correction
2024-02-13 08:52:17	Normal	0.6	0	Correction
2024-02-13 09:42:18	Normal	8.3	25	Meal
2024-02-13 12:27:17	Normal	0.4	0	Correction
2024-02-13 12:52:17	Normal	8.3	25	Meal
2024-02-13 18:37:16	Normal	0.8	0	Correction
2024-02-13 19:42:16	Normal	0.3	0	Correction
2024-02-13 19:52:17	Normal	8.3	25	Meal
2024-02-14 07:17:16	Normal	1.0	0	Correction
2024-02-14 07:27:16	Normal	8.3	25	Meal
2024-02-14 11:17:16	Normal	8.3	25	Meal
2024-02-14 16:17:16	Normal	0.6	0	Correction
2024-02-14 18:07:15	Normal	0.1	0	Correction
2024-02-14 18:27:15	Normal	13.3	40	Meal
2024-02-15 11:52:15	Normal	10.0	30	Meal
2024-02-15 13:12:15	Normal	6.7	20	Meal
2024-02-15 20:07:16	Normal	0.8	0	Correction
2024-02-16 09:47:14	Normal	0.6	0	Correction
2024-02-16 10:12:14	Normal	6.7	20	Meal
2024-02-16 17:17:14	Normal	0.9	0	Correction
2024-02-16 18:52:13	Normal	10.0	30	Meal
2024-02-16 21:17:13	Normal	0.9	0	Correction
2024-02-17 07:57:13	Normal	0.8	0	Correction
2024-02-17 09:02:13	Normal	0.3	0	Correction
2024-02-17 11:37:13	Normal	0.8	0	Correction
2024-02-17 12:12:13	Normal	7.4	20	Meal
2024-02-17 14:37:13	Normal	0.9	0	Correction
2024-02-17 15:57:12	Normal	0.8	0	Correction
2024-02-17 17:17:12	Normal	0.4	0	Correction
2024-02-17 18:37:13	Normal	10.0	30	Meal
2024-02-18 13:57:11	Normal	0.8	0	Correction
2024-02-18 14:42:11	Normal	6.7	20	Meal
2024-02-18 16:57:12	Normal	8.3	25	Meal
2024-02-18 21:47:11	Normal	0.8	0	Correction
2024-02-18 23:02:11	Normal	0.6	0	Correction
2024-02-19 06:47:11	Normal	1.0	0	Correction
2024-02-19 11:42:11	Normal	12.7	38	Meal
2024-02-19 16:07:11	Normal	0.7	0	Correction
2024-02-19 16:17:10	Normal	8.3	25	Meal
2024-02-19 17:12:10	Normal	8.3	25	Meal
2024-02-20 09:37:18	Normal	0.7	0	Correction
2024-02-20 10:22:18	Normal	10.0	30	Meal
2024-02-20 12:47:18	Normal	0.0	0	Correction
2024-02-20 16:02:18	Normal	0.7	0	Correction
2024-02-20 16:22:18	Normal	11.7	35	Meal
2024-02-20 19:22:17	Normal	0.9	0	Correction
2024-02-21 07:12:17	Normal	0.6	0	Correction
2024-02-21 09:27:17	Normal	8.1	25	Meal
2024-02-21 11:02:17	Normal	0.0	0	Correction
2024-02-21 12:07:17	Normal	0.5	0	Correction
2024-02-21 13:42:17	Normal	0.3	0	Correction
2024-02-21 16:32:17	Normal	0.9	0	Correction
2024-02-21 17:42:17	Normal	10.0	30	Meal
2024-02-21 21:27:16	Normal	0.7	0	Correction
2024-02-21 22:32:17	Normal	0.2	0	Correction
2024-02-22 06:27:16	Normal	0.4	0	Correction
2024-02-22 12:22:16	Normal	6.7	20	Meal
2024-02-22 20:27:15	Normal	0.8	0	Correction
2024-02-22 21:32:15	Normal	0.5	0	Correction
2024-02-23 13:12:15	Normal	6.7	20	Meal
2024-02-23 15:02:15	Normal	0.0	0	Correction
2024-02-23 16:07:15	Normal	0.0	0	Correction
2024-02-23 18:32:14	Normal	0.6	0	Correction
2024-02-23 18:42:14	Normal	6.7	20	Meal
2024-02-23 20:22:14	Normal	0.0	0	Correction
2024-02-24 12:07:14	Normal	1.1	0	Correction
2024-02-24 12:37:14	Normal	6.9	20	Meal
2024-02-24 14:37:14	Normal	0.4	0	Correction
2024-02-24 15:42:14	Normal	0.2	0	Correction
2024-02-24 18:17:13	Normal	0.7	0	Correction
2024-02-24 18:32:13	Normal	11.7	35	Meal
2024-02-24 20:37:15	Normal	0.1	0	Correction
2024-02-25 07:17:15	Normal	0.5	0	Correction
2024-02-25 09:12:13	Normal	0.9	0	Correction
2024-02-25 12:37:13	Normal	0.8	0	Correction
2024-02-25 13:17:13	Normal	11.7	35	Meal
2024-02-25 18:32:13	Normal	0.8	0	Correction
2024-02-25 19:37:13	Normal	0.3	0	Correction
2024-02-26 07:07:12	Normal	0.8	0	Correction
2024-02-26 09:07:12	Normal	0.0	0	Correction
2024-02-26 10:52:12	Normal	8.3	25	Meal
2024-02-26 13:37:12	Normal	0.8	0	Correction
2024-02-26 14:17:12	Normal	13.3	40	Meal
2024-02-26 21:27:11	Normal	0.9	0	Correction