Name:Nancy	Date Range:2023-12-09 - 2024-01-16
Timestamp	Bolus Type	Dose (units)	Carbs (g)	Notes
2023-12-09 06:59:00	Normal	0.7	0	Correction
2023-12-09 08:49:00	Normal	0.5	0	Correction
2023-12-09 11:14:00	Normal	1.3	0	Correction
2023-12-09 11:34:00	Normal	9.2	22	Meal
2023-12-09 12:59:00	Normal	3.0	8	Meal
2023-12-09 13:39:00	Normal	3.8	6	Meal
2023-12-09 13:49:00	Normal	1.3	4	Meal
2023-12-09 14:14:00	Normal	1.9	0	Correction
2023-12-09 14:54:00	Normal	1.3	4	Meal
2023-12-09 15:14:00	Normal	1.0	0	Correction
2023-12-09 16:04:00	Normal	3.3	10	Meal
2023-12-09 20:04:00	Normal	16.7	50	Meal
2023-12-09 21:09:00	Normal	0.6	0	Correction
2023-12-09 22:59:00	Normal	5.6	8	Meal
2023-12-10 09:14:00	Normal	14.9	40	Meal
2023-12-10 11:09:00	Normal	2.9	0	Correction
2023-12-10 12:14:00	Normal	2.8	8	Meal
2023-12-10 12:49:00	Normal	2.5	0	Correction
2023-12-10 14:24:00	Normal	3.9	0	Correction
2023-12-10 14:44:00	Normal	4.7	10	Meal
2023-12-10 15:19:00	Normal	6.7	20	Meal
2023-12-10 17:34:00	Normal	0.2	0	Correction
2023-12-10 18:14:00	Normal	2.4	0	Correction
2023-12-10 19:59:00	Normal	19.3	58	Meal
2023-12-11 00:24:00	Normal	0.2	2	Meal
2023-12-11 10:09:00	Normal	1.2	0	Correction
2023-12-11 10:14:00	Normal	7.9	23	Meal
2023-12-11 12:19:00	Normal	7.3	22	Meal
2023-12-11 13:34:00	Normal	1.5	0	Correction
2023-12-11 14:39:00	Normal	4.8	0	Correction
2023-12-11 14:49:00	Normal	21.2	60	Meal
2023-12-11 16:45:00	Normal	0.5	0	Correction
2023-12-11 16:54:00	Normal	2.8	0	Correction
2023-12-11 18:00:00	Normal	3.2	0	Correction
2023-12-11 18:35:00	Normal	2.3	0	Correction
2023-12-11 18:45:00	Normal	4.0	12	Meal
2023-12-11 19:30:00	Normal	8.0	50	Meal
2023-12-11 21:05:00	Normal	8.6	0	Correction
2023-12-11 21:10:00	Normal	3.2	0	Correction
2023-12-11 22:05:00	Normal	1.2	0	Correction
2023-12-11 22:45:00	Normal	4.7	14	Meal
2023-12-12 05:25:00	Normal	0.3	0	Correction
2023-12-12 09:20:00	Normal	5.0	0	Correction
2023-12-12 09:40:00	Normal	6.3	0	Correction
2023-12-12 09:45:00	Normal	2.5	0	Correction
2023-12-12 10:05:00	Normal	20.0	0	Correction
2023-12-12 12:00:00	Normal	2.1	0	Correction
2023-12-12 12:15:00	Normal	16.7	50	Meal
2023-12-12 12:20:00	Normal	2.7	8	Meal
2023-12-12 14:55:00	Normal	0.8	0	Correction
2023-12-12 18:05:00	Normal	2.7	0	Correction
2023-12-12 19:15:00	Normal	8.0	24	Meal
2023-12-12 20:30:00	Normal	10.0	30	Meal
2023-12-12 22:25:00	Normal	3.6	9	Meal
2023-12-12 22:40:00	Normal	2.0	0	Correction
2023-12-13 01:15:00	Normal	0.7	0	Correction
2023-12-13 08:55:00	Normal	15.9	46	Meal
2023-12-13 10:55:00	Normal	4.0	0	Correction
2023-12-13 11:50:00	Normal	1.3	0	Correction
2023-12-13 13:05:00	Normal	23.7	62	Meal
2023-12-13 14:30:00	Normal	2.0	0	Correction
2023-12-13 15:05:00	Normal	1.0	0	Correction
2023-12-13 15:45:00	Normal	7.2	0	Correction
2023-12-13 16:25:00	Normal	5.2	0	Correction
2023-12-13 16:40:00	Normal	0.4	0	Correction
2023-12-13 17:00:00	Normal	2.6	0	Correction
2023-12-13 17:05:00	Normal	3.0	8	Meal
2023-12-13 17:45:00	Normal	1.5	0	Correction
2023-12-13 18:20:00	Normal	0.2	0	Correction
2023-12-13 18:50:00	Normal	1.9	0	Correction
2023-12-13 19:00:00	Normal	0.3	0	Correction
2023-12-13 19:30:00	Normal	24.9	70	Meal
2023-12-13 21:15:00	Normal	1.1	0	Correction
2023-12-13 21:45:00	Normal	0.8	0	Correction
2023-12-13 21:50:00	Normal	0.9	0	Correction
2023-12-13 21:55:00	Normal	3.4	8	Meal
2023-12-13 22:30:00	Normal	3.1	6	Meal
2023-12-13 22:45:00	Normal	2.1	6	Meal
2023-12-13 23:15:00	Normal	1.6	4	Meal
2023-12-13 23:25:00	Normal	3.0	0	Correction
2023-12-14 01:19:00	Normal	0.1	0	Correction
2023-12-14 08:45:00	Normal	1.4	0	Correction
2023-12-14 09:29:00	Normal	0.4	0	Correction
2023-12-14 09:34:00	Normal	0.2	0	Correction
2023-12-14 10:04:00	Normal	2.5	0	Correction
2023-12-14 12:39:00	Normal	2.5	50	Meal
2023-12-14 12:44:00	Normal	18.0	0	Correction
2023-12-14 14:29:00	Normal	6.7	20	Meal
2023-12-14 14:49:00	Normal	3.0	0	Correction
2023-12-14 17:34:00	Normal	0.3	0	Correction
2023-12-14 19:19:00	Normal	23.3	70	Meal
2023-12-14 20:14:00	Normal	6.0	18	Meal
2023-12-14 22:14:00	Normal	0.5	0	Correction
2023-12-14 22:39:00	Normal	2.1	0	Correction
2023-12-14 22:59:00	Normal	2.1	0	Correction
2023-12-14 23:19:00	Normal	2.3	6	Meal
2023-12-15 00:24:00	Normal	7.0	0	Correction
2023-12-15 05:09:00	Normal	0.7	0	Correction
2023-12-15 09:09:00	Normal	1.2	0	Correction
2023-12-15 09:34:00	Normal	9.3	25	Meal
2023-12-15 10:29:00	Normal	4.7	10	Meal
2023-12-15 10:39:00	Normal	2.7	8	Meal
2023-12-15 12:59:00	Normal	6.0	18	Meal
2023-12-15 14:44:00	Normal	1.8	0	Correction
2023-12-15 15:14:00	Normal	2.4	0	Correction
2023-12-15 15:29:00	Normal	0.6	0	Correction
2023-12-15 15:49:00	Normal	0.6	0	Correction
2023-12-15 16:39:00	Normal	6.7	20	Meal
2023-12-15 17:54:00	Normal	16.7	50	Meal
2023-12-15 22:54:00	Normal	7.3	22	Meal
2023-12-16 09:59:00	Normal	0.5	0	Correction
2023-12-16 11:24:00	Normal	3.9	0	Correction
2023-12-16 11:54:00	Normal	2.1	0	Correction
2023-12-16 12:39:00	Normal	1.6	0	Correction
2023-12-16 12:59:00	Normal	1.4	0	Correction
2023-12-16 13:19:00	Normal	15.3	46	Meal
2023-12-16 14:09:00	Normal	2.0	6	Meal
2023-12-16 14:44:00	Normal	0.8	0	Correction
2023-12-16 14:49:00	Normal	1.4	0	Correction
2023-12-16 15:24:00	Normal	4.0	0	Correction
2023-12-16 15:34:00	Normal	3.1	6	Meal
2023-12-16 17:14:00	Normal	6.7	20	Meal
2023-12-16 18:19:00	Normal	2.0	0	Correction
2023-12-16 21:34:00	Normal	1.0	0	Correction
2023-12-17 06:59:00	Normal	1.0	0	Correction
2023-12-17 09:24:00	Normal	1.3	0	Correction
2023-12-17 09:34:00	Normal	6.7	20	Meal
2023-12-17 10:44:00	Normal	0.4	0	Correction
2023-12-17 11:49:00	Normal	3.8	0	Correction
2023-12-17 11:59:00	Normal	18.0	50	Meal
2023-12-17 12:54:00	Normal	2.7	8	Meal
2023-12-17 14:04:00	Normal	2.5	0	Correction
2023-12-17 14:34:00	Normal	0.5	0	Correction
2023-12-17 14:39:00	Normal	0.6	0	Correction
2023-12-17 14:59:00	Normal	2.5	0	Correction
2023-12-17 15:04:00	Normal	0.7	0	Correction
2023-12-17 15:19:00	Normal	2.3	0	Correction
2023-12-17 15:39:00	Normal	1.7	0	Correction
2023-12-17 15:54:00	Normal	1.6	0	Correction
2023-12-17 16:14:00	Normal	0.7	0	Correction
2023-12-17 16:24:00	Normal	1.5	0	Correction
2023-12-17 16:39:00	Normal	0.3	0	Correction
2023-12-17 16:49:00	Normal	0.9	0	Correction
2023-12-17 16:59:00	Normal	0.2	0	Correction
2023-12-17 17:14:00	Normal	1.0	0	Correction
2023-12-17 17:34:00	Normal	17.3	50	Meal
2023-12-17 19:09:00	Normal	6.0	18	Meal
2023-12-17 20:29:00	Normal	2.5	0	Correction
2023-12-17 20:59:00	Normal	7.0	10	Meal
2023-12-17 21:04:00	Normal	3.3	10	Meal
2023-12-17 21:34:00	Normal	3.4	6	Meal
2023-12-17 22:44:00	Normal	6.0	0	Correction
2023-12-17 23:04:00	Normal	6.1	12	Meal
2023-12-17 23:09:00	Normal	1.3	4	Meal
2023-12-17 23:34:00	Normal	1.0	3	Meal
2023-12-18 05:34:00	Normal	0.9	0	Correction
2023-12-18 06:19:00	Normal	1.7	0	Correction
2023-12-18 08:19:00	Normal	0.2	0	Correction
2023-12-18 08:49:00	Normal	14.7	44	Meal
2023-12-18 09:24:00	Normal	8.3	25	Meal
2023-12-18 10:59:00	Normal	2.4	0	Correction
2023-12-18 11:39:00	Normal	2.8	0	Correction
2023-12-18 11:54:00	Normal	0.8	0	Correction
2023-12-18 14:30:00	Normal	3.3	10	Meal
2023-12-18 19:30:00	Normal	10.0	30	Meal
2023-12-18 22:15:00	Normal	4.2	0	Correction
2023-12-18 22:30:00	Normal	0.4	0	Correction
2023-12-18 22:45:00	Normal	0.6	0	Correction
2023-12-18 22:55:00	Normal	0.3	0	Correction
2023-12-18 23:10:00	Normal	1.6	4	Meal
2023-12-19 07:25:00	Normal	2.1	0	Correction
2023-12-19 08:45:00	Normal	2.0	0	Correction
2023-12-19 09:05:00	Normal	0.9	0	Correction
2023-12-19 09:45:00	Normal	14.1	34	Meal
2023-12-19 10:30:00	Normal	5.5	12	Meal
2023-12-19 10:45:00	Normal	2.0	6	Meal
2023-12-19 11:15:00	Normal	4.0	6	Meal
2023-12-19 11:30:00	Normal	5.8	6	Meal
2023-12-19 12:40:00	Normal	2.0	6	Meal
2023-12-19 13:20:00	Normal	16.7	50	Meal
2023-12-19 14:35:00	Normal	2.0	6	Meal
2023-12-19 19:55:00	Normal	10.0	30	Meal
2023-12-19 20:30:00	Normal	3.3	10	Meal
2023-12-19 21:35:00	Normal	2.8	0	Correction
2023-12-19 22:30:00	Normal	1.9	0	Correction
2023-12-19 22:55:00	Normal	2.1	4	Meal
2023-12-20 00:30:00	Normal	0.2	0	Correction
2023-12-20 01:10:00	Normal	1.3	4	Meal
2023-12-20 04:40:00	Normal	0.3	0	Correction
2023-12-20 06:00:00	Normal	0.3	0	Correction
2023-12-20 08:10:00	Normal	1.0	0	Correction
2023-12-20 11:15:00	Normal	3.0	0	Correction
2023-12-20 11:50:00	Normal	1.3	0	Correction
2023-12-20 12:35:00	Normal	14.1	35	Meal
2023-12-20 15:20:00	Normal	0.6	0	Correction
2023-12-20 20:35:00	Normal	16.7	50	Meal
2023-12-21 00:05:00	Normal	0.2	0	Correction
2023-12-21 03:20:00	Normal	0.7	0	Correction
2023-12-21 07:25:00	Normal	1.0	0	Correction
2023-12-21 11:45:00	Normal	1.2	0	Correction
2023-12-21 12:35:00	Normal	22.1	58	Meal
2023-12-21 14:55:00	Normal	2.0	0	Correction
2023-12-21 16:25:00	Normal	1.8	0	Correction
2023-12-21 17:10:00	Normal	20.0	60	Meal
2023-12-21 19:30:00	Normal	4.7	0	Correction
2023-12-21 20:25:00	Normal	1.9	0	Correction
2023-12-21 21:45:00	Normal	0.3	0	Correction
2023-12-21 22:05:00	Normal	0.5	0	Correction
2023-12-22 07:30:00	Normal	1.0	0	Correction
2023-12-22 10:36:00	Normal	1.2	0	Correction
2023-12-22 10:36:00	Normal	1.2	0	Correction
2023-12-22 10:36:00	Normal	1.2	0	Correction
2023-12-22 10:36:00	Normal	1.2	0	Correction
2023-12-22 10:36:00	Normal	1.2	0	Correction
2023-12-22 10:36:00	Normal	1.2	0	Correction
2023-12-22 10:36:00	Normal	1.2	0	Correction
2023-12-22 10:36:00	Normal	1.2	0	Correction
2023-12-22 10:36:00	Normal	1.2	0	Correction
2023-12-22 10:36:00	Normal	1.2	0	Correction
2023-12-22 10:36:00	Normal	1.2	0	Correction
2023-12-22 10:36:00	Normal	1.2	0	Correction
2023-12-22 10:36:00	Normal	1.2	0	Correction
2023-12-22 10:36:00	Normal	1.2	0	Correction
2023-12-22 10:36:00	Normal	1.2	0	Correction
2023-12-22 10:36:00	Normal	1.2	0	Correction
2023-12-22 13:21:00	Normal	2.2	0	Correction
2023-12-22 14:11:00	Normal	24.4	66	Meal
2023-12-22 18:41:00	Normal	3.6	8	Meal
2023-12-22 18:51:00	Normal	3.4	8	Meal
2023-12-22 19:06:00	Normal	2.7	8	Meal
2023-12-22 20:51:00	Normal	22.7	68	Meal
2023-12-23 05:01:00	Normal	1.5	0	Correction
2023-12-23 09:01:00	Normal	2.0	0	Correction
2023-12-23 10:11:00	Normal	6.1	0	Correction
2023-12-23 10:36:00	Normal	2.2	0	Correction
2023-12-23 13:06:00	Normal	17.5	58	Meal
2023-12-23 15:21:00	Normal	3.1	0	Correction
2023-12-23 16:47:00	Normal	4.7	14	Meal
2023-12-23 19:01:00	Normal	22.0	66	Meal
2023-12-23 21:11:00	Normal	3.0	0	Correction
2023-12-23 22:06:00	Normal	1.6	0	Correction
2023-12-23 22:51:00	Normal	0.7	0	Correction
2023-12-23 23:46:00	Normal	1.6	0	Correction
2023-12-24 08:06:00	Normal	3.0	0	Correction
2023-12-24 11:21:00	Normal	4.2	0	Correction
2023-12-24 11:56:00	Normal	10.3	18	Meal
2023-12-24 13:26:00	Normal	14.7	44	Meal
2023-12-24 14:41:00	Normal	2.1	0	Correction
2023-12-24 18:51:00	Normal	13.8	44	Meal
2023-12-24 20:11:00	Normal	2.4	0	Correction
2023-12-24 21:21:00	Normal	4.7	0	Correction
2023-12-24 21:31:00	Normal	0.8	0	Correction
2023-12-24 23:01:00	Normal	9.9	0	Correction
2023-12-25 00:26:00	Normal	0.3	0	Correction
2023-12-25 02:36:00	Normal	0.9	0	Correction
2023-12-25 02:46:00	Normal	0.2	0	Correction
2023-12-25 09:56:00	Normal	1.1	0	Correction
2023-12-25 10:31:00	Normal	4.7	12	Meal
2023-12-25 11:16:00	Normal	6.3	18	Meal
2023-12-25 11:36:00	Normal	2.7	8	Meal
2023-12-25 12:06:00	Normal	4.1	8	Meal
2023-12-25 12:41:00	Normal	6.5	17	Meal
2023-12-25 12:56:00	Normal	6.7	20	Meal
2023-12-25 13:41:00	Normal	6.0	18	Meal
2023-12-25 14:26:00	Normal	12.0	36	Meal
2023-12-25 15:31:00	Normal	2.7	0	Correction
2023-12-25 16:01:00	Normal	3.3	10	Meal
2023-12-25 16:26:00	Normal	2.0	6	Meal
2023-12-25 16:41:00	Normal	1.3	4	Meal
2023-12-25 17:56:00	Normal	6.0	18	Meal
2023-12-25 18:56:00	Normal	10.0	30	Meal
2023-12-25 20:46:00	Normal	3.0	0	Correction
2023-12-25 23:16:00	Normal	1.2	0	Correction
2023-12-26 07:41:00	Normal	0.9	0	Correction
2023-12-26 08:36:00	Normal	2.3	0	Correction
2023-12-26 09:01:00	Normal	2.3	0	Correction
2023-12-26 10:36:00	Normal	7.0	12	Meal
2023-12-26 11:06:00	Normal	2.0	6	Meal
2023-12-26 12:46:00	Normal	16.7	50	Meal
2023-12-26 18:46:00	Normal	23.3	60	Meal