Name:Nancy	Date Range:2025-01-01 - 2025-01-15
Timestamp	Bolus Type	Dose (units)	Carbs (g)	Notes
2025-01-01 07:58:00	Normal	2.8	37	Breakfast
2025-01-01 12:02:00	Normal	3.5	46	Lunch
2025-01-01 18:15:00	Extended	5.3	69	Dinner
2025-01-02 13:06:00	Extended	3.8	50	Lunch
2025-01-02 19:36:00	Extended	4.3	56	Dinner
2025-01-03 07:36:00	Extended	3.2	42	Breakfast
2025-01-03 10:50:00	Normal	1.3	17	Snack
2025-01-03 13:17:00	Extended	4.5	58	Lunch
2025-01-03 15:33:00	Normal	0.8	11	Snack
2025-01-03 18:36:00	Normal	3.5	46	Dinner
2025-01-03 21:57:00	Normal	1.5	20	Evening snack
2025-01-04 07:15:00	Extended	3.8	50	Breakfast
2025-01-04 10:00:00	Normal	1.0	13	Snack
2025-01-04 13:10:00	Normal	4.9	64	Lunch
2025-01-04 18:23:00	Normal	5.0	65	Dinner
2025-01-04 21:03:00	Normal	1.0	13	Evening snack
2025-01-05 07:53:00	Extended	3.5	46	Breakfast
2025-01-05 12:58:00	Extended	4.8	62	Lunch
2025-01-05 15:26:00	Normal	1.0	13	Snack
2025-01-05 19:18:00	Extended	4.8	62	Dinner
2025-01-05 21:49:00	Normal	0.9	12	Evening snack
2025-01-06 07:35:00	Normal	2.8	37	Breakfast
2025-01-06 10:27:00	Normal	1.5	20	Snack
2025-01-06 12:41:00	Extended	4.7	61	Lunch
2025-01-06 18:29:00	Extended	4.8	63	Dinner
2025-01-06 21:40:00	Normal	1.2	16	Evening snack
2025-01-07 07:38:00	Normal	3.3	43	Breakfast
2025-01-07 12:25:00	Normal	5.0	65	Lunch
2025-01-07 18:57:00	Normal	4.6	60	Dinner
2025-01-07 21:30:00	Normal	1.2	15	Evening snack
2025-01-08 07:40:00	Extended	3.8	49	Breakfast
2025-01-08 10:58:00	Normal	1.3	17	Snack
2025-01-08 13:20:00	Extended	4.5	58	Lunch
2025-01-08 19:30:00	Normal	3.9	51	Dinner
2025-01-08 21:04:00	Normal	1.2	15	Evening snack
2025-01-09 10:01:00	Normal	0.9	12	Snack
2025-01-09 10:51:00	Normal	0.8	0	Correction
2025-01-09 12:51:00	Extended	4.1	53	Lunch
2025-01-09 15:58:00	Normal	1.0	13	Snack
2025-01-09 19:27:00	Extended	4.2	54	Dinner
2025-01-10 07:45:00	Extended	4.2	54	Breakfast
2025-01-10 10:54:00	Normal	1.4	18	Snack
2025-01-10 13:09:00	Normal	5.6	73	Lunch
2025-01-10 15:08:00	Normal	1.6	21	Snack
2025-01-10 19:49:00	Normal	5.1	66	Dinner
2025-01-10 21:50:00	Normal	1.0	13	Evening snack
2025-01-11 07:48:00	Normal	3.0	39	Breakfast
2025-01-11 10:27:00	Normal	1.5	19	Snack
2025-01-11 12:32:00	Normal	4.3	56	Lunch
2025-01-11 15:49:00	Normal	0.9	12	Snack
2025-01-12 07:53:00	Normal	4.0	52	Breakfast
2025-01-12 10:12:00	Normal	1.5	19	Snack
2025-01-12 12:38:00	Normal	5.5	72	Lunch
2025-01-12 15:50:00	Normal	0.9	12	Snack
2025-01-12 18:39:00	Normal	5.2	68	Dinner
2025-01-12 21:13:00	Normal	1.4	18	Evening snack
2025-01-13 07:44:00	Normal	4.2	54	Breakfast
2025-01-13 10:02:00	Normal	1.1	14	Snack
2025-01-13 12:02:00	Extended	4.7	61	Lunch
2025-01-13 19:15:00	Extended	3.1	40	Dinner
2025-01-13 21:21:00	Normal	1.2	16	Evening snack
2025-01-14 07:33:00	Extended	2.9	38	Breakfast
2025-01-14 10:55:00	Normal	1.4	18	Snack
2025-01-14 13:06:00	Extended	3.5	46	Lunch
2025-01-14 19:49:00	Normal	3.5	45	Dinner
