Name:Dorothy	Date Range:2025-01-01 - 2025-01-15
Timestamp	Bolus Type	Dose (units)	Carbs (g)	Notes
2025-01-01 10:01:00	Normal	0.8	11	Snack
2025-01-01 13:12:00	Normal	5.1	72	Lunch
2025-01-01 15:31:00	Normal	1.6	23	Snack
2025-01-01 18:13:00	Normal	3.4	48	Dinner
2025-01-02 07:15:00	Normal	2.7	38	Breakfast
2025-01-02 10:57:00	Normal	0.9	13	Snack
2025-01-02 12:39:00	Normal	3.6	51	Lunch
2025-01-02 15:25:00	Normal	1.1	16	Snack
2025-01-02 18:39:00	Extended	3.3	46	Dinner
2025-01-03 07:05:00	Extended	3.2	45	Breakfast
2025-01-03 10:31:00	Normal	0.9	12	Snack
2025-01-03 13:17:00	Extended	4.8	67	Lunch
2025-01-03 18:07:00	Normal	4.9	69	Dinner
2025-01-04 07:03:00	Normal	3.6	51	Breakfast
2025-01-04 12:43:00	Normal	4.7	66	Lunch
2025-01-04 15:50:00	Normal	0.9	12	Snack
2025-01-04 18:24:00	Extended	4.3	60	Dinner
2025-01-05 07:23:00	Extended	2.7	38	Breakfast
2025-01-05 13:22:00	Extended	4.4	61	Lunch
2025-01-05 19:34:00	Normal	4.2	59	Dinner
2025-01-06 07:17:00	Extended	3.6	50	Breakfast
2025-01-06 10:44:00	Normal	1.8	0	Correction
2025-01-06 12:45:00	Normal	5.3	74	Lunch
2025-01-06 15:51:00	Normal	0.9	12	Snack
2025-01-07 07:08:00	Extended	2.6	36	Breakfast
2025-01-07 11:00:00	Normal	1.1	16	Snack
2025-01-07 12:12:00	Normal	4.4	62	Lunch
2025-01-07 15:48:00	Normal	1.1	16	Snack
2025-01-07 19:23:00	Normal	3.0	42	Dinner
2025-01-07 21:05:00	Normal	0.8	11	Evening snack
2025-01-08 07:15:00	Extended	3.0	42	Breakfast
2025-01-08 13:02:00	Normal	4.9	68	Lunch
2025-01-08 15:57:00	Normal	0.8	11	Snack
2025-01-08 19:47:00	Normal	4.4	62	Dinner
2025-01-09 07:53:00	Normal	3.6	51	Breakfast
2025-01-09 10:11:00	Normal	1.4	19	Snack
2025-01-09 12:24:00	Normal	3.4	48	Lunch
2025-01-09 19:51:00	Normal	3.2	45	Dinner
2025-01-10 07:17:00	Extended	2.5	35	Breakfast
2025-01-10 10:41:00	Normal	1.1	15	Snack
2025-01-10 12:08:00	Normal	4.9	68	Lunch
2025-01-10 18:57:00	Extended	3.9	55	Dinner
2025-01-11 07:16:00	Extended	3.8	53	Breakfast
2025-01-11 12:16:00	Normal	4.7	66	Lunch
2025-01-11 15:34:00	Normal	0.7	10	Snack
2025-01-11 18:39:00	Normal	3.7	52	Dinner
2025-01-12 07:57:00	Extended	3.0	42	Breakfast
2025-01-12 10:03:00	Normal	1.1	15	Snack
2025-01-12 12:07:00	Extended	5.1	71	Lunch
2025-01-12 15:20:00	Normal	1.2	17	Snack
2025-01-12 18:07:00	Normal	4.0	56	Dinner
2025-01-12 21:21:00	Normal	1.4	20	Evening snack
2025-01-13 07:47:00	Extended	3.2	45	Breakfast
2025-01-13 10:58:00	Normal	0.7	10	Snack
2025-01-13 13:17:00	Normal	3.3	46	Lunch
2025-01-13 18:27:00	Normal	4.2	59	Dinner
2025-01-14 12:08:00	Normal	5.0	70	Lunch
2025-01-14 15:01:00	Normal	1.3	18	Snack
2025-01-14 18:33:00	Extended	2.9	41	Dinner
