Name:Albert	Date Range:2024-01-12 - 2024-02-29
Timestamp	Bolus Type	Dose (units)	Carbs (g)	Notes
2024-01-12 08:06:16	Normal	1.1	0	Correction
2024-01-12 11:21:15	Normal	1.9	0	Correction
2024-01-12 11:26:15	Normal	0.5	0	Correction
2024-01-12 13:51:16	Normal	1.0	0	Correction
2024-01-12 14:11:15	Normal	0.1	0	Correction
2024-01-12 16:36:15	Normal	2.7	30	Meal
2024-01-12 16:51:15	Normal	2.0	0	Correction
2024-01-13 15:21:14	Normal	4.0	0	Correction
2024-01-14 09:31:14	Normal	2.0	0	Correction
2024-01-14 12:36:14	Normal	2.0	0	Correction
2024-01-14 13:41:15	Normal	2.0	0	Correction
2024-01-14 18:46:13	Normal	0.5	0	Correction
2024-01-15 10:31:13	Normal	4.6	0	Correction
2024-01-15 15:41:14	Normal	0.5	0	Correction
2024-01-15 16:21:13	Normal	0.5	0	Correction
2024-01-15 16:31:13	Normal	5.0	0	Correction
2024-01-16 10:56:12	Normal	0.5	0	Correction
2024-01-16 11:06:12	Normal	0.1	0	Correction
2024-01-16 11:26:12	Normal	0.5	0	Correction
2024-01-16 11:36:12	Normal	1.0	0	Correction
2024-01-16 16:26:12	Normal	0.6	0	Correction
2024-01-16 16:51:12	Normal	4.0	0	Correction
2024-01-17 10:11:12	Normal	0.5	0	Correction
2024-01-17 11:11:11	Normal	2.7	30	Meal
2024-01-17 13:01:12	Normal	3.0	0	Correction
2024-01-17 14:11:11	Normal	3.0	0	Correction
2024-01-17 16:11:11	Normal	3.0	0	Correction
2024-01-17 18:26:11	Normal	1.0	0	Correction
2024-01-17 20:56:11	Normal	0.6	0	Correction
2024-01-17 21:01:11	Normal	0.5	0	Correction
2024-01-18 03:21:11	Normal	0.1	0	Correction
2024-01-18 04:56:11	Normal	0.5	0	Correction
2024-01-18 06:06:11	Normal	1.0	0	Correction
2024-01-18 10:26:13	Normal	1.0	0	Correction
2024-01-18 11:01:11	Normal	2.0	0	Correction
2024-01-18 12:56:11	Normal	2.0	0	Correction
2024-01-18 13:26:11	Normal	2.0	0	Correction
2024-01-18 17:31:10	Normal	5.0	0	Correction
2024-01-18 19:16:10	Normal	3.0	0	Correction
2024-01-19 00:41:10	Normal	2.0	0	Correction
2024-01-19 09:31:10	Normal	1.0	0	Correction
2024-01-19 11:46:10	Normal	2.0	0	Correction
2024-01-19 15:56:10	Normal	0.3	0	Correction
2024-01-19 17:41:10	Normal	2.1	25	Meal
2024-01-19 19:21:11	Normal	1.0	0	Correction
2024-01-20 03:36:10	Normal	0.5	0	Correction
2024-01-20 09:06:09	Normal	5.0	0	Correction
2024-01-20 13:46:09	Extended	0.1	0	Correction
2024-01-20 15:16:09	Normal	3.0	0	Correction
2024-01-20 16:51:09	Normal	2.0	0	Correction
2024-01-20 18:51:09	Normal	1.5	0	Correction
2024-01-21 06:06:09	Normal	0.2	0	Correction
2024-01-21 07:26:09	Normal	2.0	0	Correction
2024-01-21 11:21:09	Normal	3.0	0	Correction
2024-01-21 12:26:09	Normal	3.0	0	Correction
2024-01-21 13:41:08	Normal	2.0	0	Correction
2024-01-21 14:21:10	Normal	5.0	0	Correction
2024-01-21 16:31:08	Normal	5.0	0	Correction
2024-01-22 06:06:08	Normal	0.2	0	Correction
2024-01-22 11:11:08	Normal	1.0	0	Correction
2024-01-22 15:46:08	Normal	0.1	0	Correction
2024-01-22 16:41:07	Normal	1.0	0	Correction
2024-01-22 16:56:09	Normal	2.0	0	Correction
2024-01-22 17:31:08	Normal	5.0	0	Correction
2024-01-22 19:06:07	Normal	2.0	0	Correction
2024-01-22 19:46:07	Normal	1.0	0	Correction
2024-01-23 01:51:07	Normal	0.4	0	Correction
2024-01-23 03:11:07	Normal	1.0	0	Correction
2024-01-23 05:41:07	Normal	1.0	0	Correction
2024-01-23 11:21:07	Normal	0.5	0	Correction
2024-01-23 13:56:07	Normal	0.5	0	Correction
2024-01-23 15:31:07	Normal	1.0	0	Correction
2024-01-23 15:51:07	Normal	3.0	0	Correction
2024-01-23 16:11:07	Normal	2.0	0	Correction
2024-01-23 16:26:07	Normal	4.0	0	Correction
2024-01-23 20:06:07	Normal	2.3	0	Correction
2024-01-24 01:06:07	Normal	2.0	0	Correction
2024-01-24 08:16:06	Normal	1.0	0	Correction
2024-01-24 08:41:06	Normal	2.0	0	Correction
2024-01-24 09:11:06	Normal	2.0	0	Correction
2024-01-24 10:01:06	Normal	2.0	0	Correction
2024-01-24 11:06:06	Normal	5.0	0	Correction
2024-01-24 14:46:06	Normal	3.0	0	Correction
2024-01-24 15:21:06	Normal	4.0	0	Correction
2024-01-24 17:16:06	Normal	5.0	0	Correction
2024-01-24 19:41:06	Normal	2.0	0	Correction
2024-01-25 00:46:06	Normal	0.5	0	Correction
2024-01-25 04:21:06	Normal	0.5	0	Correction
2024-01-25 08:11:06	Normal	0.1	0	Correction
2024-01-25 10:01:06	Normal	0.5	0	Correction
2024-01-25 10:41:05	Normal	4.0	0	Correction
2024-01-25 12:01:06	Normal	4.0	0	Correction
2024-01-25 14:16:05	Normal	4.0	0	Correction
2024-01-25 15:21:05	Normal	4.0	0	Correction
2024-01-25 19:36:05	Normal	3.0	0	Correction
2024-01-26 05:31:05	Normal	1.0	0	Correction
2024-01-26 08:46:05	Normal	4.0	0	Correction
2024-01-26 13:16:05	Normal	0.5	0	Correction
2024-01-26 15:01:05	Normal	1.0	0	Correction
2024-01-26 16:16:05	Normal	1.0	0	Correction
2024-01-26 16:51:05	Normal	2.0	0	Correction
2024-01-26 18:26:04	Normal	3.0	0	Correction
2024-01-26 20:16:04	Normal	3.0	0	Correction
2024-01-27 06:31:05	Normal	0.5	0	Correction
2024-01-27 10:21:04	Normal	3.0	0	Correction
2024-01-27 11:06:04	Normal	2.0	0	Correction
2024-01-27 12:06:04	Normal	2.0	0	Correction
2024-01-27 12:46:04	Normal	1.0	0	Correction
2024-01-27 14:26:04	Normal	2.0	0	Correction
2024-01-27 15:21:04	Normal	1.0	0	Correction
2024-01-27 17:16:04	Normal	2.0	0	Correction
2024-01-27 17:31:04	Normal	2.0	0	Correction
2024-01-27 18:41:04	Normal	1.0	0	Correction
2024-01-27 19:01:05	Normal	4.0	0	Correction
2024-01-28 10:11:03	Normal	3.0	0	Correction
2024-01-28 10:26:03	Normal	3.0	0	Correction
2024-01-28 12:31:04	Normal	6.0	0	Correction
2024-01-28 17:41:03	Normal	1.7	0	Correction
2024-01-28 18:16:03	Normal	0.0	0	Correction
2024-01-28 18:26:03	Normal	0.5	0	Correction
2024-01-28 18:31:03	Normal	2.5	30	Meal
2024-01-28 19:36:03	Normal	0.1	0	Correction
2024-01-28 19:41:03	Normal	1.0	0	Correction
2024-01-28 20:46:03	Normal	0.2	0	Correction
2024-01-28 21:51:03	Normal	0.1	0	Correction
2024-01-28 22:56:03	Normal	0.2	0	Correction
2024-01-29 00:01:03	Normal	0.2	0	Correction
2024-01-29 05:01:03	Normal	0.9	0	Correction
2024-01-29 07:41:02	Normal	0.3	0	Correction
2024-01-29 08:16:03	Normal	2.0	0	Correction
2024-01-29 09:51:03	Normal	0.5	0	Correction
2024-01-29 13:46:02	Normal	4.0	0	Correction
2024-01-29 14:41:02	Normal	5.0	0	Correction
2024-01-29 16:11:02	Normal	0.1	0	Correction
2024-01-29 16:46:02	Normal	5.0	0	Correction
2024-01-29 18:01:02	Normal	0.2	0	Correction
2024-01-29 18:06:04	Normal	2.0	0	Correction
2024-01-29 18:26:02	Normal	3.0	0	Correction
2024-01-29 18:41:02	Normal	3.0	0	Correction
2024-01-29 20:51:02	Normal	0.7	0	Correction
2024-01-30 08:06:02	Normal	0.2	0	Correction
2024-01-30 09:26:02	Normal	1.0	0	Correction
2024-01-30 10:06:02	Normal	3.1	0	Correction
2024-01-30 10:11:02	Normal	0.0	0	Correction
2024-01-30 10:21:02	Normal	5.0	0	Correction
2024-01-30 13:51:02	Normal	1.0	0	Correction
2024-01-30 14:21:02	Normal	1.0	0	Correction
2024-01-30 16:36:02	Normal	0.6	0	Correction
2024-01-30 16:46:02	Normal	5.0	0	Correction
2024-01-30 17:06:02	Normal	5.0	0	Correction
2024-01-30 19:41:01	Normal	0.4	0	Correction
2024-01-30 19:46:01	Normal	1.0	0	Correction
2024-01-30 20:11:02	Normal	2.0	0	Correction
2024-01-31 01:11:01	Normal	0.7	0	Correction
2024-01-31 06:36:01	Normal	0.7	0	Correction
2024-01-31 07:26:02	Normal	1.0	0	Correction
2024-01-31 10:01:01	Normal	1.0	0	Correction
2024-01-31 11:31:01	Normal	1.0	0	Correction
2024-01-31 12:01:02	Normal	1.0	0	Correction
2024-01-31 12:36:01	Normal	5.0	0	Correction
2024-01-31 14:01:01	Normal	5.0	0	Correction
2024-01-31 18:41:01	Normal	1.0	0	Correction
2024-01-31 19:01:01	Normal	5.0	0	Correction
2024-01-31 21:01:00	Normal	0.1	0	Correction
2024-01-31 22:31:00	Normal	0.5	0	Correction
2024-02-01 06:21:01	Normal	0.1	0	Correction
2024-02-01 08:31:00	Normal	1.0	0	Correction
2024-02-01 09:11:00	Normal	0.4	0	Correction
2024-02-01 15:01:00	Normal	0.7	0	Correction
2024-02-01 16:06:00	Normal	0.3	0	Correction
2024-02-01 18:21:00	Normal	0.6	0	Correction
2024-02-01 18:36:00	Normal	2.0	0	Correction
2024-02-02 10:40:59	Normal	0.6	0	Correction
2024-02-02 14:00:59	Normal	0.6	0	Correction
2024-02-02 16:40:59	Extended	0.5	30	Meal
2024-02-03 16:05:58	Normal	0.6	0	Correction
2024-02-03 17:00:58	Normal	4.0	0	Correction
2024-02-03 19:30:59	Normal	0.8	0	Correction
2024-02-03 21:35:58	Normal	0.1	0	Correction
2024-02-03 22:05:58	Normal	0.7	0	Correction
2024-02-03 23:10:58	Normal	0.7	0	Correction
2024-02-04 00:05:58	Normal	2.4	0	Correction
2024-02-04 00:05:58	Normal	2.4	0	Correction
2024-02-04 00:15:58	Normal	3.0	0	Correction
2024-02-04 01:30:58	Normal	0.3	0	Correction
2024-02-04 02:30:58	Normal	1.0	0	Correction
2024-02-04 03:00:58	Normal	2.0	0	Correction
2024-02-04 07:05:58	Normal	3.0	0	Correction
2024-02-04 08:10:58	Normal	0.4	0	Correction
2024-02-04 09:01:01	Normal	0.3	0	Correction
2024-02-04 09:55:58	Normal	5.0	0	Correction
2024-02-04 13:30:58	Normal	3.0	0	Correction
2024-02-04 15:05:58	Normal	0.3	0	Correction
2024-02-04 15:35:58	Normal	2.0	0	Correction
2024-02-04 17:16:00	Normal	0.7	0	Correction
2024-02-04 17:30:58	Normal	2.0	0	Correction
2024-02-04 20:50:57	Normal	0.6	0	Correction