Name:Albert	Date Range:2025-01-01 - 2025-01-15
Timestamp	Bolus Type	Dose (units)	Carbs (g)	Notes
2025-01-01 10:26:00	Normal	0.7	11	Snack
2025-01-01 12:55:00	Extended	3.5	52	Lunch
2025-01-01 15:50:00	Normal	1.4	21	Snack
2025-01-01 21:29:00	Normal	1.1	16	Evening snack
2025-01-02 10:45:00	Normal	0.7	11	Snack
2025-01-02 12:27:00	Extended	4.7	71	Lunch
2025-01-02 18:11:00	Normal	4.4	66	Dinner
2025-01-03 07:19:00	Normal	2.8	42	Breakfast
2025-01-03 10:24:00	Normal	1.1	17	Snack
2025-01-03 18:13:00	Extended	2.7	41	Dinner
2025-01-04 07:24:00	Extended	2.9	44	Breakfast
2025-01-04 12:22:00	Extended	4.3	64	Lunch
2025-01-04 18:59:00	Normal	3.3	50	Dinner
2025-01-05 07:03:00	Normal	2.3	35	Breakfast
2025-01-05 10:39:00	Normal	0.7	11	Snack
2025-01-05 12:57:00	Extended	3.9	59	Lunch
2025-01-05 15:06:00	Normal	1.2	18	Snack
2025-01-05 19:13:00	Extended	4.2	63	Dinner
2025-01-05 21:09:00	Normal	0.7	10	Evening snack
2025-01-06 07:52:00	Extended	3.0	45	Breakfast
2025-01-06 13:28:00	Normal	4.0	60	Lunch
2025-01-06 15:04:00	Normal	1.5	22	Snack
2025-01-06 18:21:00	Extended	4.3	65	Dinner
2025-01-07 07:35:00	Normal	2.5	38	Breakfast
2025-01-07 12:20:00	Normal	3.1	47	Lunch
2025-01-07 15:53:00	Normal	1.5	23	Snack
2025-01-07 19:16:00	Normal	3.7	56	Dinner
2025-01-07 21:27:00	Normal	0.7	11	Evening snack
2025-01-08 07:43:00	Normal	3.3	50	Breakfast
2025-01-08 12:57:00	Normal	4.3	65	Lunch
2025-01-08 15:53:00	Normal	0.7	10	Snack
2025-01-08 19:50:00	Normal	3.2	48	Dinner
2025-01-08 21:38:00	Normal	1.0	15	Evening snack
2025-01-09 07:24:00	Normal	3.2	48	Breakfast
2025-01-09 10:30:00	Normal	1.0	15	Snack
2025-01-09 10:38:00	Normal	2.0	0	Correction
2025-01-09 13:20:00	Normal	4.3	64	Lunch
2025-01-09 15:05:00	Normal	1.6	24	Snack
2025-01-09 18:05:00	Extended	4.3	64	Dinner
2025-01-10 07:27:00	Normal	2.5	37	Breakfast
2025-01-10 12:49:00	Extended	3.3	50	Lunch
2025-01-10 15:53:00	Normal	1.4	21	Snack
2025-01-10 18:34:00	Normal	3.4	51	Dinner
2025-01-11 07:37:00	Extended	3.2	48	Breakfast
2025-01-11 10:06:00	Normal	1.3	19	Snack
2025-01-11 12:06:00	Normal	3.5	53	Lunch
2025-01-11 15:03:00	Normal	1.3	0	Correction
2025-01-11 18:59:00	Normal	3.0	45	Dinner
2025-01-11 21:48:00	Normal	1.1	16	Evening snack
2025-01-12 07:39:00	Normal	3.3	50	Breakfast
2025-01-12 12:50:00	Extended	3.9	58	Lunch
2025-01-12 18:29:00	Normal	3.0	45	Dinner
2025-01-12 21:16:00	Normal	0.9	14	Evening snack
2025-01-13 10:55:00	Normal	1.3	19	Snack
2025-01-13 12:06:00	Extended	3.9	59	Lunch
2025-01-13 18:31:00	Normal	3.7	56	Dinner
2025-01-14 07:29:00	Extended	3.3	49	Breakfast
2025-01-14 12:25:00	Normal	3.1	47	Lunch
2025-01-14 19:51:00	Normal	3.0	45	Dinner
2025-01-14 20:54:00	Normal	0.6	0	Correction
