Name:Joshua	Date Range:2025-01-01 - 2025-01-15
Timestamp	Bolus Type	Dose (units)	Carbs (g)	Notes
2025-01-01 07:30:00	Normal	4.7	47	Breakfast
2025-01-01 10:04:00	Normal	1.6	16	Snack
2025-01-01 12:47:00	Normal	5.2	52	Lunch
2025-01-01 15:39:00	Normal	2.5	25	Snack
2025-01-01 16:46:00	Normal	1.4	0	Correction
2025-01-01 19:21:00	Extended	6.7	67	Dinner
2025-01-01 21:14:00	Normal	1.2	12	Evening snack
2025-01-02 10:37:00	Normal	0.8	0	Correction
2025-01-02 10:58:00	Normal	1.1	11	Snack
2025-01-02 13:16:00	Extended	5.1	51	Lunch
2025-01-02 19:50:00	Normal	4.1	41	Dinner
2025-01-02 21:17:00	Normal	1.7	17	Evening snack
2025-01-03 07:35:00	Normal	4.7	47	Breakfast
2025-01-03 10:56:00	Normal	1.6	16	Snack
2025-01-03 12:22:00	Extended	5.7	57	Lunch
2025-01-03 15:15:00	Normal	1.0	10	Snack
2025-01-03 19:25:00	Normal	5.7	57	Dinner
2025-01-03 20:58:00	Normal	1.1	0	Correction
2025-01-04 07:13:00	Normal	5.2	52	Breakfast
2025-01-04 13:21:00	Extended	5.2	52	Lunch
2025-01-04 19:34:00	Normal	5.4	54	Dinner
2025-01-04 21:31:00	Normal	1.8	18	Evening snack
2025-01-05 07:57:00	Normal	4.1	41	Breakfast
2025-01-05 12:28:00	Normal	6.9	69	Lunch
2025-01-05 19:42:00	Extended	4.9	49	Dinner
2025-01-06 07:38:00	Extended	4.5	45	Breakfast
2025-01-06 10:10:00	Normal	1.7	17	Snack
2025-01-06 12:51:00	Normal	6.9	69	Lunch
2025-01-06 15:30:00	Normal	1.3	13	Snack
2025-01-06 19:33:00	Normal	6.5	65	Dinner
2025-01-06 20:21:00	Normal	1.3	0	Correction
2025-01-07 07:37:00	Extended	4.0	40	Breakfast
2025-01-07 10:30:00	Normal	1.9	19	Snack
2025-01-07 12:38:00	Extended	5.2	52	Lunch
2025-01-07 15:43:00	Normal	1.0	10	Snack
2025-01-07 18:04:00	Normal	4.5	45	Dinner
2025-01-07 21:36:00	Normal	1.6	16	Evening snack
2025-01-08 10:39:00	Normal	1.9	19	Snack
2025-01-08 12:41:00	Normal	4.6	46	Lunch
2025-01-08 14:52:00	Normal	1.0	0	Correction
2025-01-08 18:58:00	Extended	6.1	61	Dinner
2025-01-09 07:35:00	Normal	5.2	52	Breakfast
2025-01-09 10:21:00	Normal	1.0	10	Snack
2025-01-09 15:29:00	Normal	1.9	19	Snack
2025-01-09 19:04:00	Normal	4.5	45	Dinner
2025-01-09 21:06:00	Normal	1.9	19	Evening snack
2025-01-10 07:39:00	Normal	3.8	38	Breakfast
2025-01-10 12:52:00	Normal	6.5	65	Lunch
2025-01-10 19:14:00	Extended	4.6	46	Dinner
2025-01-10 20:19:00	Normal	1.2	0	Correction
2025-01-11 07:36:00	Normal	3.9	39	Breakfast
2025-01-11 10:45:00	Normal	2.0	20	Snack
2025-01-11 12:19:00	Extended	6.8	68	Lunch
2025-01-11 12:35:00	Normal	1.8	0	Correction
2025-01-11 18:34:00	Extended	4.8	48	Dinner
2025-01-12 07:00:00	Extended	4.3	43	Breakfast
2025-01-12 10:10:00	Normal	1.2	12	Snack
2025-01-12 12:59:00	Normal	6.9	69	Lunch
2025-01-12 15:01:00	Normal	1.7	17	Snack
2025-01-12 18:01:00	Normal	6.8	68	Dinner
2025-01-13 12:35:00	Extended	7.0	70	Lunch
2025-01-13 15:26:00	Normal	1.9	19	Snack
2025-01-13 18:35:00	Extended	4.4	44	Dinner
2025-01-14 07:12:00	Extended	5.5	55	Breakfast
2025-01-14 10:35:00	Normal	1.1	11	Snack
2025-01-14 13:07:00	Normal	4.9	49	Lunch
2025-01-14 18:11:00	Normal	4.4	44	Dinner
