Name:Joshua	Date Range:2023-12-12 - 2024-01-26
Timestamp	Bolus Type	Dose (units)	Carbs (g)	Notes
2023-12-12 08:19:00	Normal	1.5	0	Correction
2023-12-12 08:44:00	Normal	7.2	40	Meal
2023-12-12 12:44:00	Normal	1.2	0	Correction
2023-12-12 13:04:00	Normal	4.0	30	Meal
2023-12-12 17:49:00	Normal	2.9	0	Correction
2023-12-12 18:29:00	Normal	3.8	0	Correction
2023-12-12 19:19:00	Normal	1.4	0	Correction
2023-12-12 20:29:00	Normal	0.9	8	Meal
2023-12-13 02:19:00	Normal	2.9	0	Correction
2023-12-13 09:29:00	Normal	6.7	35	Meal
2023-12-13 12:14:00	Normal	2.3	28	Meal
2023-12-13 16:14:00	Normal	3.0	0	Correction
2023-12-13 17:24:00	Normal	5.6	40	Meal
2023-12-13 18:29:00	Normal	3.1	0	Correction
2023-12-13 18:39:00	Normal	3.9	35	Meal
2023-12-13 20:29:00	Normal	2.0	0	Correction
2023-12-14 04:34:00	Normal	1.6	0	Correction
2023-12-14 09:39:00	Normal	1.4	0	Correction
2023-12-14 10:59:00	Normal	0.9	0	Correction
2023-12-14 11:14:00	Normal	4.8	45	Meal
2023-12-14 13:24:00	Normal	5.0	45	Meal
2023-12-14 14:04:00	Normal	2.8	25	Meal
2023-12-14 14:54:00	Normal	2.2	20	Meal
2023-12-14 16:04:00	Normal	1.9	0	Correction
2023-12-14 16:44:00	Normal	1.8	0	Correction
2023-12-14 17:54:00	Normal	2.0	0	Correction
2023-12-14 18:04:00	Normal	5.7	51	Meal
2023-12-14 19:14:00	Normal	3.6	32	Meal
2023-12-14 21:39:00	Normal	4.4	38	Meal
2023-12-15 03:49:00	Normal	3.1	0	Correction
2023-12-15 09:39:00	Normal	1.5	0	Correction
2023-12-15 10:44:00	Normal	3.5	35	Meal
2023-12-15 16:09:00	Normal	2.8	0	Correction
2023-12-15 17:34:00	Normal	1.3	0	Correction
2023-12-15 18:29:00	Normal	2.5	0	Correction
2023-12-15 19:39:00	Normal	6.9	51	Meal
2023-12-15 21:39:00	Normal	1.2	0	Correction
2023-12-16 03:04:00	Normal	2.4	0	Correction
2023-12-16 08:14:00	Normal	4.6	30	Meal
2023-12-16 12:49:00	Normal	1.2	0	Correction
2023-12-16 13:44:00	Normal	5.5	40	Meal
2023-12-16 18:09:00	Normal	2.6	0	Correction
2023-12-16 18:34:00	Normal	0.4	0	Correction
2023-12-16 18:49:00	Normal	5.0	45	Meal
2023-12-17 00:44:00	Normal	2.2	0	Correction
2023-12-17 01:44:00	Normal	2.0	0	Correction
2023-12-17 03:24:00	Normal	1.4	0	Correction
2023-12-17 09:24:00	Normal	1.4	0	Correction
2023-12-17 10:19:00	Normal	5.2	40	Meal
2023-12-17 13:19:00	Normal	6.7	60	Meal
2023-12-17 18:09:00	Normal	1.8	0	Correction
2023-12-17 20:04:00	Normal	1.0	17	Meal
2023-12-18 02:04:00	Normal	2.5	0	Correction
2023-12-18 08:19:00	Normal	1.6	0	Correction
2023-12-18 09:24:00	Normal	1.4	0	Correction
2023-12-18 10:14:00	Normal	5.7	50	Meal
2023-12-18 10:39:00	Normal	1.0	10	Meal
2023-12-18 18:39:00	Normal	2.6	0	Correction
2023-12-18 19:24:00	Normal	11.9	70	Meal
2023-12-18 20:29:00	Normal	1.2	0	Correction
2023-12-18 21:34:00	Normal	1.4	0	Correction
2023-12-19 03:39:00	Normal	3.1	0	Correction
2023-12-19 08:19:00	Normal	1.9	0	Correction
2023-12-19 09:24:00	Normal	0.9	0	Correction
2023-12-19 09:54:00	Normal	6.7	40	Meal
2023-12-19 14:24:00	Normal	4.9	47	Meal
2023-12-19 18:19:00	Normal	2.5	0	Correction
2023-12-19 18:34:00	Normal	10.3	75	Meal
2023-12-19 19:54:00	Normal	0.4	0	Correction
2023-12-20 04:08:00	Normal	2.3	0	Correction
2023-12-20 04:28:00	Normal	3.6	0	Correction
2023-12-20 04:43:00	Normal	0.9	0	Correction
2023-12-20 09:39:00	Normal	6.4	45	Meal
2023-12-20 12:38:00	Normal	5.0	45	Meal
2023-12-20 19:53:00	Normal	12.5	68	Meal
2023-12-21 05:33:00	Normal	2.4	0	Correction
2023-12-21 08:58:00	Normal	5.0	35	Meal
2023-12-21 11:38:00	Normal	0.3	3	Meal
2023-12-21 13:33:00	Normal	4.3	30	Meal
2023-12-21 18:38:00	Normal	2.8	0	Correction
2023-12-21 19:43:00	Normal	5.1	0	Correction
2023-12-21 19:58:00	Normal	10.5	55	Meal
2023-12-21 21:23:00	Normal	0.3	0	Correction
2023-12-22 03:33:00	Normal	0.6	0	Correction
2023-12-22 08:08:00	Normal	1.4	0	Correction
2023-12-22 08:38:00	Normal	0.1	0	Correction
2023-12-22 09:58:00	Normal	4.5	45	Meal
2023-12-22 11:43:00	Normal	0.5	0	Correction
2023-12-22 15:18:00	Normal	2.5	0	Correction
2023-12-22 15:53:00	Normal	6.8	30	Meal
2023-12-22 16:58:00	Normal	0.3	0	Correction
2023-12-22 18:03:00	Normal	4.2	38	Meal
2023-12-22 21:28:00	Normal	3.3	20	Meal
2023-12-23 02:43:00	Normal	2.0	0	Correction
2023-12-23 04:38:00	Normal	1.0	0	Correction
2023-12-23 09:13:00	Normal	5.6	30	Meal
2023-12-23 14:33:00	Normal	4.8	30	Meal
2023-12-23 15:38:00	Normal	4.4	20	Meal
2023-12-23 16:48:00	Normal	4.2	0	Correction
2023-12-23 17:08:00	Normal	2.5	0	Correction
2023-12-23 17:23:00	Normal	3.1	20	Meal
2023-12-23 19:43:00	Normal	6.1	55	Meal
2023-12-24 05:48:00	Normal	3.5	0	Correction
2023-12-24 11:03:00	Normal	4.0	45	Meal
2023-12-24 11:58:00	Normal	2.8	28	Meal
2023-12-24 12:08:00	Normal	2.8	25	Meal
2023-12-24 18:26:00	Normal	2.5	0	Correction
2023-12-24 19:26:00	Normal	8.0	50	Meal
2023-12-24 20:01:00	Normal	1.1	10	Meal
2023-12-24 21:06:00	Normal	0.7	0	Correction
2023-12-24 22:21:00	Normal	1.4	0	Correction
2023-12-25 00:06:00	Normal	2.0	0	Correction
2023-12-25 04:26:00	Normal	2.8	0	Correction
2023-12-25 09:26:00	Normal	1.3	0	Correction
2023-12-25 10:26:00	Normal	4.7	45	Meal
2023-12-25 11:36:00	Normal	3.5	35	Meal
2023-12-25 11:56:00	Normal	0.5	5	Meal
2023-12-25 13:46:00	Normal	0.8	0	Correction
2023-12-25 14:51:00	Normal	8.0	60	Meal
2023-12-25 18:21:00	Normal	3.6	0	Correction
2023-12-25 19:01:00	Normal	2.9	0	Correction
2023-12-25 23:46:00	Normal	2.0	0	Correction
2023-12-26 04:21:00	Normal	1.6	0	Correction
2023-12-26 09:26:00	Normal	1.7	0	Correction
2023-12-26 10:01:00	Normal	5.0	35	Meal
2023-12-26 12:16:00	Normal	1.4	30	Meal
2023-12-26 14:06:00	Normal	1.0	0	Correction
2023-12-26 15:11:00	Normal	2.7	0	Correction
2023-12-26 16:11:00	Normal	0.7	0	Correction
2023-12-26 18:26:00	Normal	5.3	55	Meal
2023-12-26 20:16:00	Normal	1.9	0	Correction
2023-12-26 21:21:00	Normal	1.2	0	Correction
2023-12-26 21:46:00	Normal	3.0	20	Meal
2023-12-27 01:36:00	Normal	2.2	0	Correction
2023-12-27 02:01:00	Normal	0.9	0	Correction
2023-12-27 07:56:00	Normal	1.5	0	Correction
2023-12-27 08:41:00	Normal	6.9	47	Meal
2023-12-27 12:36:00	Normal	1.3	0	Correction
2023-12-27 12:51:00	Normal	4.6	35	Meal
2023-12-27 17:46:00	Normal	8.1	45	Meal
2023-12-27 20:16:00	Normal	2.7	20	Meal
2023-12-27 21:36:00	Normal	1.1	0	Correction
2023-12-27 22:06:00	Normal	3.5	30	Meal
2023-12-28 08:21:00	Normal	1.1	0	Correction
2023-12-28 10:26:00	Normal	1.1	0	Correction
2023-12-28 10:31:00	Normal	3.5	35	Meal
2023-12-28 14:31:00	Normal	1.2	0	Correction
2023-12-28 15:06:00	Normal	9.1	35	Meal
2023-12-28 16:11:00	Normal	2.1	0	Correction
2023-12-28 17:21:00	Normal	1.5	0	Correction
2023-12-28 18:51:00	Normal	5.1	45	Meal
2023-12-28 20:01:00	Normal	1.2	0	Correction
2023-12-28 20:51:00	Normal	3.6	15	Meal
2023-12-29 09:11:00	Normal	5.1	31	Meal
2023-12-29 10:16:00	Normal	0.6	0	Correction
2023-12-29 11:36:00	Normal	0.6	0	Correction
2023-12-29 13:31:00	Normal	5.1	37	Meal
2023-12-29 14:36:00	Normal	0.7	0	Correction
2023-12-29 18:31:00	Normal	2.8	0	Correction
2023-12-29 18:56:00	Normal	11.7	60	Meal
2023-12-29 20:01:00	Normal	0.7	0	Correction
2023-12-30 03:11:00	Normal	2.3	0	Correction
2023-12-30 07:51:00	Normal	1.8	0	Correction
2023-12-30 09:01:00	Normal	6.2	40	Meal
2023-12-30 12:51:00	Normal	5.6	50	Meal
2023-12-30 19:01:00	Normal	3.8	40	Meal
2023-12-30 20:11:00	Normal	3.5	0	Correction
2023-12-30 20:21:00	Normal	7.6	68	Meal
2023-12-31 04:36:00	Normal	1.8	0	Correction
2023-12-31 09:11:00	Normal	1.4	0	Correction
2023-12-31 09:31:00	Normal	5.7	40	Meal
2023-12-31 10:46:00	Normal	0.2	0	Correction
2023-12-31 11:16:00	Normal	2.8	28	Meal
2023-12-31 15:41:00	Normal	3.8	30	Meal
2023-12-31 16:11:00	Normal	0.7	0	Correction
2023-12-31 17:21:00	Normal	1.7	0	Correction
2023-12-31 18:21:00	Normal	2.2	20	Meal
2023-12-31 23:31:00	Normal	1.6	0	Correction
2024-01-01 00:36:00	Normal	1.6	0	Correction
2024-01-01 02:46:00	Normal	1.2	0	Correction
2024-01-01 10:36:00	Normal	1.2	0	Correction
2024-01-01 11:01:00	Normal	7.7	70	Meal
2024-01-01 12:51:00	Normal	0.5	0	Correction
2024-01-01 15:46:00	Normal	3.4	25	Meal
2024-01-01 16:31:00	Normal	1.9	15	Meal
2024-01-01 17:26:00	Normal	7.0	40	Meal
2024-01-01 18:31:00	Normal	2.4	0	Correction
2024-01-01 20:46:00	Normal	2.8	0	Correction
2024-01-02 07:56:00	Normal	1.5	0	Correction
2024-01-02 11:01:00	Normal	5.3	45	Meal
2024-01-02 16:21:00	Normal	2.7	0	Correction
2024-01-02 16:51:00	Normal	1.9	15	Meal
2024-01-02 19:53:00	Normal	5.6	50	Meal
2024-01-02 22:03:00	Normal	1.7	15	Meal
2024-01-03 06:58:00	Normal	0.9	0	Correction
2024-01-03 10:18:00	Normal	3.0	30	Meal
2024-01-03 13:58:00	Normal	2.4	25	Meal
2024-01-03 14:23:00	Normal	1.7	15	Meal