Name:John Doe	Date Range:2025-01-01 - 2025-01-14
Timestamp	Alarm/Event	Serial Number
2025-01-01 01:49:28	Rise Rate	DXC4B2P
2025-01-01 03:03:51	Rise Rate	DXC4B2P
2025-01-01 04:19:35	High Glucose	DXC4B2P
2025-01-01 05:21:32	High Glucose	DXC4B2P
2025-01-01 07:41:10	Low Glucose	DXC4B2P
2025-01-01 09:01:13	High Glucose	DXC4B2P
2025-01-01 11:36:18	Sensor Started	DXC4B2P
2025-01-01 12:48:03	Low Glucose	DXC4B2P
2025-01-01 15:33:33	High Glucose	DXC4B2P
2025-01-01 16:53:12	High Glucose	DXC4B2P
2025-01-01 19:22:12	Fall Rate	DXC4B2P
2025-01-01 21:15:16	Fall Rate	DXC4B2P
2025-01-01 22:54:22	Signal Loss	DXC4B2P
2025-01-01 23:54:07	High Glucose	DXC4B2P
2025-01-02 02:35:00	High Glucose	DXC4B2P
2025-01-02 04:05:37	High Glucose	DXC4B2P
2025-01-02 06:24:19	Fall Rate	DXC4B2P
2025-01-02 09:11:09	Sensor Started	DXC4B2P
2025-01-02 10:34:22	Low Glucose	DXC4B2P
2025-01-02 11:46:10	High Glucose	DXC4B2P
2025-01-02 14:34:07	High Glucose	DXC4B2P
2025-01-02 16:34:40	Signal Loss	DXC4B2P
2025-01-02 18:56:51	High Glucose	DXC4B2P
2025-01-02 21:01:02	Low Glucose	DXC4B2P
2025-01-02 22:54:00	Urgent Low Glucose	DXC4B2P
2025-01-03 01:17:31	High Glucose	DXC4B2P
2025-01-03 03:58:32	Rise Rate	DXC4B2P
2025-01-03 06:29:40	Rise Rate	DXC4B2P
2025-01-03 08:13:27	Fall Rate	DXC4B2P
2025-01-03 09:16:03	Fall Rate	DXC4B2P
2025-01-03 11:06:16	Fall Rate	DXC4B2P
2025-01-03 13:20:49	High Glucose	DXC4B2P
2025-01-03 14:56:51	Sensor Started	DXC4B2P
2025-01-03 15:57:10	Fall Rate	DXC4B2P
2025-01-03 17:30:33	Low Glucose	DXC4B2P
2025-01-03 19:36:49	Rise Rate	DXC4B2P
2025-01-03 21:36:06	Rise Rate	DXC4B2P
2025-01-03 23:26:36	Low Glucose	DXC4B2P
2025-01-04 01:16:35	Rise Rate	DXC4B2P
2025-01-04 03:31:04	High Glucose	DXC4B2P
2025-01-04 04:47:12	High Glucose	DXC4B2P
2025-01-04 05:47:03	Rise Rate	DXC4B2P
2025-01-04 08:25:05	Fall Rate	DXC4B2P
2025-01-04 10:45:08	Rise Rate	DXC4B2P
2025-01-04 13:14:10	Rise Rate	DXC4B2P
2025-01-04 15:57:11	Rise Rate	DXC4B2P
2025-01-04 17:26:38	Rise Rate	DXC4B2P
2025-01-04 19:00:48	Signal Loss	DXC4B2P
2025-01-04 21:46:36	Fall Rate	DXC4B2P
2025-01-04 22:44:37	Signal Loss	DXC4B2P
2025-01-05 00:14:14	Signal Loss	DXC4B2P
2025-01-05 02:37:58	High Glucose	DXC4B2P
2025-01-05 05:19:40	Signal Loss	DXC4B2P
2025-01-05 06:28:26	Signal Loss	DXC4B2P
2025-01-05 08:48:42	Low Glucose	DXC4B2P
2025-01-05 10:48:57	High Glucose	DXC4B2P
2025-01-05 12:03:24	Rise Rate	DXC4B2P
2025-01-05 13:07:09	Rise Rate	DXC4B2P
2025-01-05 14:51:33	Low Glucose	DXC4B2P
2025-01-05 16:16:52	Low Glucose	DXC4B2P
2025-01-05 17:53:06	Sensor Expired	DXC4B2P
2025-01-05 19:04:33	High Glucose	DXC4B2P
2025-01-05 21:08:37	Low Glucose	DXC4B2P
2025-01-05 22:56:10	High Glucose	DXC4B2P
2025-01-06 00:08:56	Signal Loss	DXC4B2P
2025-01-06 01:12:24	High Glucose	DXC4B2P
2025-01-06 02:19:00	High Glucose	DXC4B2P
2025-01-06 04:53:50	Low Glucose	DXC4B2P
2025-01-06 07:11:28	Sensor Expired	DXC4B2P
2025-01-06 09:30:56	Fall Rate	DXC4B2P
2025-01-06 11:45:12	Low Glucose	DXC4B2P
2025-01-06 12:54:30	Rise Rate	DXC4B2P
2025-01-06 14:04:01	Rise Rate	DXC4B2P
2025-01-06 15:45:46	High Glucose	DXC4B2P
2025-01-06 17:07:50	Low Glucose	DXC4B2P
2025-01-06 19:13:34	High Glucose	DXC4B2P
2025-01-06 21:37:53	Signal Loss	DXC4B2P
2025-01-06 22:56:11	Urgent Low Glucose	DXC4B2P
2025-01-07 00:39:11	High Glucose	DXC4B2P
2025-01-07 03:20:48	Signal Loss	DXC4B2P
2025-01-07 05:56:20	High Glucose	DXC4B2P
2025-01-07 07:12:15	Low Glucose	DXC4B2P
2025-01-07 09:49:43	Fall Rate	DXC4B2P
2025-01-07 10:58:47	Fall Rate	DXC4B2P
2025-01-07 13:06:59	Rise Rate	DXC4B2P
2025-01-07 14:43:23	High Glucose	DXC4B2P
2025-01-07 16:16:14	Fall Rate	DXC4B2P
2025-01-07 18:51:12	Sensor Started	DXC4B2P
2025-01-07 20:23:06	Fall Rate	DXC4B2P
2025-01-07 22:11:15	Fall Rate	DXC4B2P
2025-01-08 00:42:55	Signal Loss	DXC4B2P
2025-01-08 03:19:19	High Glucose	DXC4B2P
2025-01-08 04:23:13	Signal Loss	DXC4B2P
2025-01-08 07:08:24	Low Glucose	DXC4B2P
2025-01-08 08:56:46	Fall Rate	DXC4B2P
2025-01-08 10:27:48	Rise Rate	DXC4B2P
2025-01-08 12:25:42	Rise Rate	DXC4B2P
2025-01-08 14:32:08	Rise Rate	DXC4B2P
2025-01-08 17:01:00	Urgent Low Glucose	DXC4B2P
2025-01-08 19:42:47	Low Glucose	DXC4B2P
2025-01-08 20:47:39	High Glucose	DXC4B2P
2025-01-08 22:06:13	Low Glucose	DXC4B2P
2025-01-08 23:27:00	Fall Rate	DXC4B2P
2025-01-09 00:34:21	Low Glucose	DXC4B2P
2025-01-09 01:40:21	High Glucose	DXC4B2P
2025-01-09 04:29:28	Low Glucose	DXC4B2P
2025-01-09 07:10:52	Fall Rate	DXC4B2P
2025-01-09 08:58:46	Urgent Low Glucose	DXC4B2P
2025-01-09 11:15:03	Urgent Low Glucose	DXC4B2P
2025-01-09 13:52:15	Rise Rate	DXC4B2P
2025-01-09 16:23:53	Urgent Low Glucose	DXC4B2P
2025-01-09 17:32:05	Rise Rate	DXC4B2P
2025-01-09 20:01:25	Rise Rate	DXC4B2P
2025-01-09 22:26:04	Fall Rate	DXC4B2P
2025-01-10 01:10:53	Signal Loss	DXC4B2P
2025-01-10 03:04:55	Signal Loss	DXC4B2P
2025-01-10 05:47:24	Low Glucose	DXC4B2P
2025-01-10 06:59:44	Rise Rate	DXC4B2P
2025-01-10 09:37:10	High Glucose	DXC4B2P
2025-01-10 10:51:47	Rise Rate	DXC4B2P
2025-01-10 12:51:00	Low Glucose	DXC4B2P
2025-01-10 13:47:56	Urgent Low Glucose	DXC4B2P
2025-01-10 16:15:19	Fall Rate	DXC4B2P
2025-01-10 17:29:08	Rise Rate	DXC4B2P
2025-01-10 19:35:21	Sensor Expired	DXC4B2P
2025-01-10 21:22:39	High Glucose	DXC4B2P
2025-01-10 23:42:50	Fall Rate	DXC4B2P
2025-01-11 01:25:16	Fall Rate	DXC4B2P
2025-01-11 03:32:37	Urgent Low Glucose	DXC4B2P
2025-01-11 05:30:26	Urgent Low Glucose	DXC4B2P
2025-01-11 07:53:46	Fall Rate	DXC4B2P
2025-01-11 09:56:52	Fall Rate	DXC4B2P
2025-01-11 12:05:10	Rise Rate	DXC4B2P
2025-01-11 14:24:04	High Glucose	DXC4B2P
2025-01-11 15:28:12	Fall Rate	DXC4B2P
2025-01-11 18:04:06	Rise Rate	DXC4B2P
2025-01-11 20:00:59	Fall Rate	DXC4B2P
2025-01-11 21:16:53	Sensor Expired	DXC4B2P
2025-01-11 23:50:41	High Glucose	DXC4B2P
2025-01-12 02:05:00	High Glucose	DXC4B2P
2025-01-12 03:30:20	High Glucose	DXC4B2P
2025-01-12 05:12:30	High Glucose	DXC4B2P
2025-01-12 07:12:12	Fall Rate	DXC4B2P
2025-01-12 09:23:53	Signal Loss	DXC4B2P
2025-01-12 10:28:16	High Glucose	DXC4B2P
2025-01-12 12:02:14	High Glucose	DXC4B2P
2025-01-12 13:05:09	Fall Rate	DXC4B2P
2025-01-12 14:46:08	Fall Rate	DXC4B2P
2025-01-12 16:12:54	High Glucose	DXC4B2P
2025-01-12 18:26:41	Rise Rate	DXC4B2P
2025-01-12 20:58:17	High Glucose	DXC4B2P
2025-01-12 22:46:55	Rise Rate	DXC4B2P
2025-01-13 01:04:39	High Glucose	DXC4B2P
2025-01-13 02:59:53	Low Glucose	DXC4B2P
2025-01-13 05:49:40	Signal Loss	DXC4B2P
2025-01-13 07:23:20	Rise Rate	DXC4B2P
2025-01-13 09:38:28	High Glucose	DXC4B2P
2025-01-13 10:55:40	High Glucose	DXC4B2P
2025-01-13 13:17:12	Low Glucose	DXC4B2P
2025-01-13 15:06:16	Low Glucose	DXC4B2P
2025-01-13 16:33:58	Sensor Expired	DXC4B2P
2025-01-13 18:02:29	High Glucose	DXC4B2P
2025-01-13 19:25:35	Fall Rate	DXC4B2P
2025-01-13 20:35:36	Low Glucose	DXC4B2P
2025-01-13 23:19:03	High Glucose	DXC4B2P
2025-01-14 00:17:33	Rise Rate	DXC4B2P
2025-01-14 02:36:22	High Glucose	DXC4B2P
2025-01-14 05:03:55	Low Glucose	DXC4B2P
2025-01-14 06:51:34	Rise Rate	DXC4B2P
2025-01-14 08:20:34	Low Glucose	DXC4B2P
2025-01-14 09:20:44	Low Glucose	DXC4B2P
2025-01-14 10:18:26	Low Glucose	DXC4B2P
2025-01-14 12:08:35	Low Glucose	DXC4B2P