Name:John Doe	Date Range:2025-01-01 - 2025-01-14
Timestamp	Glucose Value (mmol/L)	Device	Notes
2025-01-01 07:30:00	6.5	OneTouch Verio	Fasting
2025-01-01 12:15:00	6.4	OneTouch Verio	Before lunch
2025-01-01 18:00:00	5.8	OneTouch Verio	Before dinner
2025-01-01 22:00:00	5.4	OneTouch Verio	Bedtime
2025-01-02 07:30:00	7.2	OneTouch Verio	Fasting
2025-01-02 12:15:00	7.0	OneTouch Verio	Before lunch
2025-01-02 18:00:00	5.6	OneTouch Verio	Before dinner
2025-01-02 22:00:00	5.6	OneTouch Verio	Bedtime
2025-01-03 07:30:00	7.5	OneTouch Verio	Fasting
2025-01-03 12:15:00	6.6	OneTouch Verio	Before lunch
2025-01-03 18:00:00	5.8	OneTouch Verio	Before dinner
2025-01-03 22:00:00	4.8	OneTouch Verio	Bedtime
2025-01-04 07:30:00	7.3	OneTouch Verio	Fasting
2025-01-04 12:15:00	6.5	OneTouch Verio	Before lunch
2025-01-04 18:00:00	6.2	OneTouch Verio	Before dinner
2025-01-04 22:00:00	5.5	OneTouch Verio	Bedtime
2025-01-05 07:30:00	8.0	OneTouch Verio	Fasting
2025-01-05 12:15:00	7.2	OneTouch Verio	Before lunch
2025-01-05 18:00:00	6.0	OneTouch Verio	Before dinner
2025-01-05 22:00:00	6.2	OneTouch Verio	Bedtime
2025-01-06 07:30:00	7.5	OneTouch Verio	Fasting
2025-01-06 12:15:00	7.8	OneTouch Verio	Before lunch
2025-01-06 18:00:00	6.8	OneTouch Verio	Before dinner
2025-01-06 22:00:00	5.7	OneTouch Verio	Bedtime
2025-01-07 07:30:00	7.4	OneTouch Verio	Fasting
2025-01-07 12:15:00	7.6	OneTouch Verio	Before lunch
2025-01-07 18:00:00	6.8	OneTouch Verio	Before dinner
2025-01-07 22:00:00	5.3	OneTouch Verio	Bedtime
2025-01-08 07:30:00	6.8	OneTouch Verio	Fasting
2025-01-08 12:15:00	8.0	OneTouch Verio	Before lunch
2025-01-08 18:00:00	7.0	OneTouch Verio	Before dinner
2025-01-08 22:00:00	5.4	OneTouch Verio	Bedtime
2025-01-09 07:30:00	6.7	OneTouch Verio	Fasting
2025-01-09 12:15:00	7.8	OneTouch Verio	Before lunch
2025-01-09 18:00:00	6.9	OneTouch Verio	Before dinner
2025-01-09 22:00:00	6.0	OneTouch Verio	Bedtime
2025-01-10 07:30:00	6.6	OneTouch Verio	Fasting
2025-01-10 12:15:00	6.7	OneTouch Verio	Before lunch
2025-01-10 18:00:00	6.9	OneTouch Verio	Before dinner
2025-01-10 22:00:00	5.0	OneTouch Verio	Bedtime
2025-01-11 07:30:00	6.5	OneTouch Verio	Fasting
2025-01-11 12:15:00	7.8	OneTouch Verio	Before lunch
2025-01-11 18:00:00	7.2	OneTouch Verio	Before dinner
2025-01-11 22:00:00	6.2	OneTouch Verio	Bedtime
2025-01-12 07:30:00	6.6	OneTouch Verio	Fasting
2025-01-12 12:15:00	7.2	OneTouch Verio	Before lunch
2025-01-12 18:00:00	5.8	OneTouch Verio	Before dinner
2025-01-12 22:00:00	5.8	OneTouch Verio	Bedtime
2025-01-13 07:30:00	7.8	OneTouch Verio	Fasting
2025-01-13 12:15:00	7.3	OneTouch Verio	Before lunch
2025-01-13 18:00:00	5.7	OneTouch Verio	Before dinner
2025-01-13 22:00:00	5.9	OneTouch Verio	Bedtime
