Name:John Doe	Date Range:2025-01-01 - 2025-01-14
Timestamp	Glucose Value (mg/dL)	Device	Notes
2025-01-01 07:30:00	117	OneTouch Verio	Fasting
2025-01-01 12:15:00	116	OneTouch Verio	Before lunch
2025-01-01 18:00:00	104	OneTouch Verio	Before dinner
2025-01-01 22:00:00	98	OneTouch Verio	Bedtime
2025-01-02 07:30:00	130	OneTouch Verio	Fasting
2025-01-02 12:15:00	127	OneTouch Verio	Before lunch
2025-01-02 18:00:00	100	OneTouch Verio	Before dinner
2025-01-02 22:00:00	101	OneTouch Verio	Bedtime
2025-01-03 07:30:00	135	OneTouch Verio	Fasting
2025-01-03 12:15:00	119	OneTouch Verio	Before lunch
2025-01-03 18:00:00	105	OneTouch Verio	Before dinner
2025-01-03 22:00:00	86	OneTouch Verio	Bedtime
2025-01-04 07:30:00	131	OneTouch Verio	Fasting
2025-01-04 12:15:00	117	OneTouch Verio	Before lunch
2025-01-04 18:00:00	112	OneTouch Verio	Before dinner
2025-01-04 22:00:00	99	OneTouch Verio	Bedtime
2025-01-05 07:30:00	144	OneTouch Verio	Fasting
2025-01-05 12:15:00	130	OneTouch Verio	Before lunch
2025-01-05 18:00:00	108	OneTouch Verio	Before dinner
2025-01-05 22:00:00	111	OneTouch Verio	Bedtime
2025-01-06 07:30:00	135	OneTouch Verio	Fasting
2025-01-06 12:15:00	140	OneTouch Verio	Before lunch
2025-01-06 18:00:00	122	OneTouch Verio	Before dinner
2025-01-06 22:00:00	103	OneTouch Verio	Bedtime
2025-01-07 07:30:00	133	OneTouch Verio	Fasting
2025-01-07 12:15:00	137	OneTouch Verio	Before lunch
2025-01-07 18:00:00	123	OneTouch Verio	Before dinner
2025-01-07 22:00:00	95	OneTouch Verio	Bedtime
2025-01-08 07:30:00	122	OneTouch Verio	Fasting
2025-01-08 12:15:00	144	OneTouch Verio	Before lunch
2025-01-08 18:00:00	126	OneTouch Verio	Before dinner
2025-01-08 22:00:00	97	OneTouch Verio	Bedtime
2025-01-09 07:30:00	121	OneTouch Verio	Fasting
2025-01-09 12:15:00	141	OneTouch Verio	Before lunch
2025-01-09 18:00:00	125	OneTouch Verio	Before dinner
2025-01-09 22:00:00	109	OneTouch Verio	Bedtime
2025-01-10 07:30:00	119	OneTouch Verio	Fasting
2025-01-10 12:15:00	121	OneTouch Verio	Before lunch
2025-01-10 18:00:00	125	OneTouch Verio	Before dinner
2025-01-10 22:00:00	90	OneTouch Verio	Bedtime
2025-01-11 07:30:00	117	OneTouch Verio	Fasting
2025-01-11 12:15:00	140	OneTouch Verio	Before lunch
2025-01-11 18:00:00	129	OneTouch Verio	Before dinner
2025-01-11 22:00:00	111	OneTouch Verio	Bedtime
2025-01-12 07:30:00	119	OneTouch Verio	Fasting
2025-01-12 12:15:00	129	OneTouch Verio	Before lunch
2025-01-12 18:00:00	105	OneTouch Verio	Before dinner
2025-01-12 22:00:00	104	OneTouch Verio	Bedtime
2025-01-13 07:30:00	141	OneTouch Verio	Fasting
2025-01-13 12:15:00	132	OneTouch Verio	Before lunch
2025-01-13 18:00:00	103	OneTouch Verio	Before dinner
2025-01-13 22:00:00	106	OneTouch Verio	Bedtime