Name:John Doe	Date Range:2025-01-01 - 2025-01-14
Timestamp	Bolus Type	Dose (units)	Carbs (g)	Notes
2025-01-01 07:30:00	Normal	4.8	45	Breakfast
2025-01-01 10:00:00	Normal	0.4	11	Snack
2025-01-01 12:30:00	Normal	6.4	62	Lunch
2025-01-01 15:30:00	Normal	1.1	17	Snack
2025-01-01 18:30:00	Normal	4.2	50	Dinner
2025-01-01 21:00:00	Normal	1.9	17	Evening snack
2025-01-01 07:30:00	Extended	5.0	43	Breakfast
2025-01-01 10:00:00	Normal	1.3	16	Snack
2025-01-01 12:30:00	Normal	6.1	55	Lunch
2025-01-02 07:30:00	Normal	4.0	49	Breakfast
2025-01-02 10:00:00	Normal	1.1	14	Snack
2025-01-02 12:30:00	Normal	5.7	55	Lunch
2025-01-02 15:30:00	Extended	2.8	23	Snack
2025-01-02 18:30:00	Normal	5.4	59	Dinner
2025-01-02 21:00:00	Normal	0.8	17	Evening snack
2025-01-02 07:30:00	Normal	5.1	47	Breakfast
2025-01-02 10:00:00	Normal	0.6	15	Snack
2025-01-02 12:30:00	Normal	5.3	56	Lunch
2025-01-03 07:30:00	Normal	3.6	45	Breakfast
2025-01-03 10:00:00	Normal	0.9	16	Snack
2025-01-03 12:30:00	Normal	5.4	58	Lunch
2025-01-03 15:30:00	Normal	2.2	17	Snack
2025-01-03 18:30:00	Normal	5.0	54	Dinner
2025-01-03 21:00:00	Normal	1.4	21	Evening snack
2025-01-03 07:30:00	Normal	4.7	41	Breakfast
2025-01-03 10:00:00	Normal	0.6	10	Snack
2025-01-03 12:30:00	Normal	4.8	56	Lunch
2025-01-04 07:30:00	Normal	5.3	47	Breakfast
2025-01-04 10:00:00	Normal	2.1	15	Snack
2025-01-04 12:30:00	Normal	6.1	56	Lunch
2025-01-04 15:30:00	Normal	1.3	17	Snack
2025-01-04 18:30:00	Normal	6.2	53	Dinner
2025-01-04 21:00:00	Normal	1.7	16	Evening snack
2025-01-04 07:30:00	Normal	4.4	48	Breakfast
2025-01-04 10:00:00	Normal	0.9	12	Snack
2025-01-04 12:30:00	Extended	5.5	57	Lunch
2025-01-05 07:30:00	Normal	5.6	48	Breakfast
2025-01-05 10:00:00	Normal	1.4	16	Snack
2025-01-05 12:30:00	Normal	7.0	64	Lunch
2025-01-05 15:30:00	Normal	2.4	21	Snack
2025-01-05 18:30:00	Normal	4.4	53	Dinner
2025-01-05 21:00:00	Normal	2.6	23	Evening snack
2025-01-05 07:30:00	Normal	5.4	47	Breakfast
2025-01-05 10:00:00	Normal	1.6	16	Snack
2025-01-05 12:30:00	Normal	6.4	61	Lunch
2025-01-06 07:30:00	Normal	4.4	43	Breakfast
2025-01-06 10:00:00	Normal	2.1	12	Snack
2025-01-06 12:30:00	Normal	6.2	61	Lunch
2025-01-06 15:30:00	Normal	1.9	21	Snack
2025-01-06 18:30:00	Normal	5.7	51	Dinner
2025-01-06 21:00:00	Normal	1.7	21	Evening snack
2025-01-06 07:30:00	Normal	4.2	41	Breakfast
2025-01-06 10:00:00	Normal	0.7	16	Snack
2025-01-06 12:30:00	Normal	5.5	64	Lunch
2025-01-07 07:30:00	Normal	5.0	45	Breakfast
2025-01-07 10:00:00	Normal	2.3	18	Snack
2025-01-07 12:30:00	Normal	6.8	63	Lunch
2025-01-07 15:30:00	Normal	3.1	23	Snack
2025-01-07 18:30:00	Normal	6.1	53	Dinner
2025-01-07 21:00:00	Normal	2.2	19	Evening snack
2025-01-07 07:30:00	Normal	4.1	49	Breakfast
2025-01-07 10:00:00	Normal	0.3	10	Snack
2025-01-07 12:30:00	Normal	4.8	57	Lunch
2025-01-08 07:30:00	Normal	4.9	46	Breakfast
2025-01-08 10:00:00	Normal	1.5	15	Snack
2025-01-08 12:30:00	Normal	7.1	62	Lunch
2025-01-08 15:30:00	Extended	2.9	24	Snack
2025-01-08 18:30:00	Normal	4.9	52	Dinner
2025-01-08 21:00:00	Normal	3.2	23	Evening snack
2025-01-08 07:30:00	Normal	4.2	45	Breakfast
2025-01-08 10:00:00	Normal	0.5	12	Snack
2025-01-08 12:30:00	Normal	6.5	59	Lunch
2025-01-09 07:30:00	Normal	5.4	48	Breakfast
2025-01-09 10:00:00	Normal	1.2	13	Snack
2025-01-09 12:30:00	Normal	5.5	64	Lunch
2025-01-09 15:30:00	Normal	2.6	21	Snack
2025-01-09 18:30:00	Extended	5.4	53	Dinner
2025-01-09 21:00:00	Normal	2.4	23	Evening snack
2025-01-09 07:30:00	Normal	5.7	48	Breakfast
2025-01-09 10:00:00	Normal	1.7	13	Snack
2025-01-09 12:30:00	Normal	6.8	59	Lunch
2025-01-10 07:30:00	Normal	3.4	44	Breakfast
2025-01-10 10:00:00	Normal	1.7	15	Snack
2025-01-10 12:30:00	Normal	6.0	58	Lunch
2025-01-10 15:30:00	Normal	0.6	16	Snack
2025-01-10 18:30:00	Normal	6.0	58	Dinner
2025-01-10 21:00:00	Normal	2.6	18	Evening snack
2025-01-10 07:30:00	Normal	5.0	43	Breakfast
2025-01-10 10:00:00	Normal	2.1	16	Snack
2025-01-10 12:30:00	Normal	5.4	62	Lunch
2025-01-11 07:30:00	Normal	3.3	41	Breakfast
2025-01-11 10:00:00	Normal	2.7	18	Snack
2025-01-11 12:30:00	Normal	6.2	64	Lunch
2025-01-11 15:30:00	Normal	0.9	15	Snack
2025-01-11 18:30:00	Normal	6.7	59	Dinner
2025-01-11 21:00:00	Normal	2.7	18	Evening snack
2025-01-11 07:30:00	Normal	5.0	48	Breakfast
2025-01-11 10:00:00	Normal	2.0	11	Snack
2025-01-12 07:30:00	Normal	3.7	47	Breakfast
2025-01-12 10:00:00	Normal	2.2	15	Snack
2025-01-12 12:30:00	Normal	5.3	58	Lunch
2025-01-12 15:30:00	Normal	2.5	24	Snack
2025-01-12 18:30:00	Normal	5.7	52	Dinner
2025-01-12 21:00:00	Normal	0.7	16	Evening snack
2025-01-12 07:30:00	Normal	3.8	43	Breakfast
2025-01-12 10:00:00	Normal	1.1	16	Snack
2025-01-13 07:30:00	Normal	5.1	42	Breakfast
2025-01-13 10:00:00	Extended	1.1	13	Snack
2025-01-13 12:30:00	Normal	5.8	62	Lunch
2025-01-13 15:30:00	Normal	1.5	22	Snack
2025-01-13 18:30:00	Normal	6.8	59	Dinner
2025-01-13 21:00:00	Normal	1.4	19	Evening snack
2025-01-13 07:30:00	Normal	4.5	47	Breakfast
2025-01-13 10:00:00	Normal	1.1	19	Snack
2025-01-14 07:30:00	Normal	5.3	47	Breakfast
2025-01-14 10:00:00	Normal	1.6	11	Snack
2025-01-14 12:30:00	Normal	5.7	57	Lunch
2025-01-14 15:30:00	Normal	1.9	17	Snack
2025-01-14 18:30:00	Normal	5.8	50	Dinner
2025-01-14 21:00:00	Normal	1.8	21	Evening snack
2025-01-14 07:30:00	Normal	4.8	47	Breakfast
2025-01-14 10:00:00	Normal	0.3	11	Snack