Name:John Doe	Date Range:2025-01-01 - 2025-01-14
Timestamp	Glucose Value (mg/dL)	Trend Arrow	Transmitter ID
2025-01-10 07:59:55	138	SingleUp	DXC4B2P
2025-01-10 08:02:49	133	SingleDown	DXC4B2P
2025-01-10 08:05:42	117	SingleDown	DXC4B2P
2025-01-10 08:08:35	128	SingleUp	DXC4B2P
2025-01-10 08:11:28	131	SingleUp	DXC4B2P
2025-01-10 08:14:21	135	SingleUp	DXC4B2P
2025-01-10 08:17:15	131	SingleDown	DXC4B2P
2025-01-10 08:20:08	113	SingleDown	DXC4B2P
2025-01-10 08:23:01	113	Flat	DXC4B2P
2025-01-10 08:25:54	124	SingleUp	DXC4B2P
2025-01-10 08:28:47	108	SingleDown	DXC4B2P
2025-01-10 08:31:41	131	SingleUp	DXC4B2P
2025-01-10 08:34:34	124	SingleDown	DXC4B2P
2025-01-10 08:37:27	112	SingleDown	DXC4B2P
2025-01-10 08:40:20	132	SingleUp	DXC4B2P
2025-01-10 08:43:13	130	FortyFiveDown	DXC4B2P
2025-01-10 08:46:07	133	SingleUp	DXC4B2P
2025-01-10 08:49:00	109	SingleDown	DXC4B2P
2025-01-10 08:51:53	120	SingleUp	DXC4B2P
2025-01-10 08:54:46	115	SingleDown	DXC4B2P
2025-01-10 08:57:39	127	SingleUp	DXC4B2P
2025-01-10 09:00:33	155	SingleUp	DXC4B2P
2025-01-10 09:03:26	145	SingleDown	DXC4B2P
2025-01-10 09:06:19	158	SingleUp	DXC4B2P
2025-01-10 09:09:12	160	FortyFiveUp	DXC4B2P
2025-01-10 09:12:05	135	SingleDown	DXC4B2P
2025-01-10 09:14:58	159	SingleUp	DXC4B2P
2025-01-10 09:17:52	141	SingleDown	DXC4B2P
2025-01-10 09:20:45	148	SingleUp	DXC4B2P
2025-01-10 09:23:38	146	FortyFiveDown	DXC4B2P
2025-01-10 09:26:31	162	SingleUp	DXC4B2P
2025-01-10 09:29:24	162	Flat	DXC4B2P
2025-01-10 09:32:18	135	SingleDown	DXC4B2P
2025-01-10 09:35:11	150	SingleUp	DXC4B2P
2025-01-10 09:38:04	144	SingleDown	DXC4B2P
2025-01-10 09:40:57	140	SingleDown	DXC4B2P
2025-01-10 09:43:50	144	SingleUp	DXC4B2P
2025-01-10 09:46:44	156	SingleUp	DXC4B2P
2025-01-10 09:49:37	140	SingleDown	DXC4B2P
2025-01-10 09:52:30	136	SingleDown	DXC4B2P
2025-01-10 09:55:23	160	SingleUp	DXC4B2P
2025-01-10 09:58:16	134	SingleDown	DXC4B2P
2025-01-10 10:01:10	151	SingleUp	DXC4B2P
2025-01-10 10:04:03	167	SingleUp	DXC4B2P
2025-01-10 10:06:56	165	FortyFiveDown	DXC4B2P
2025-01-10 10:09:49	173	SingleUp	DXC4B2P
2025-01-10 10:12:42	155	SingleDown	DXC4B2P
2025-01-10 10:15:36	163	SingleUp	DXC4B2P
2025-01-10 10:18:29	153	SingleDown	DXC4B2P
2025-01-10 10:21:22	160	SingleUp	DXC4B2P
2025-01-10 10:24:15	174	SingleUp	DXC4B2P
2025-01-10 10:27:08	148	SingleDown	DXC4B2P
2025-01-10 10:30:02	151	SingleUp	DXC4B2P
2025-01-10 10:32:55	166	SingleUp	DXC4B2P
2025-01-10 10:35:48	152	SingleDown	DXC4B2P
2025-01-10 10:38:41	174	SingleUp	DXC4B2P
2025-01-10 10:41:34	172	FortyFiveDown	DXC4B2P
2025-01-10 10:44:28	168	SingleDown	DXC4B2P
2025-01-10 10:47:21	161	SingleDown	DXC4B2P
2025-01-10 10:50:14	165	SingleUp	DXC4B2P
2025-01-10 10:53:07	164	Flat	DXC4B2P
2025-01-10 10:56:00	174	SingleUp	DXC4B2P
2025-01-10 10:58:54	158	SingleDown	DXC4B2P
2025-01-10 11:01:47	148	SingleDown	DXC4B2P
2025-01-10 11:04:40	150	FortyFiveUp	DXC4B2P
2025-01-10 11:07:33	144	SingleDown	DXC4B2P
2025-01-10 11:10:26	151	SingleUp	DXC4B2P
2025-01-10 11:13:19	155	SingleUp	DXC4B2P
2025-01-10 11:16:13	134	SingleDown	DXC4B2P
2025-01-10 11:19:06	159	SingleUp	DXC4B2P
2025-01-10 11:21:59	142	SingleDown	DXC4B2P
2025-01-10 11:24:52	163	SingleUp	DXC4B2P
2025-01-10 11:27:45	139	SingleDown	DXC4B2P
2025-01-10 11:30:39	152	SingleUp	DXC4B2P
2025-01-10 11:33:32	149	SingleDown	DXC4B2P
2025-01-10 11:36:25	145	SingleDown	DXC4B2P
2025-01-10 11:39:18	135	SingleDown	DXC4B2P
2025-01-10 11:42:11	158	SingleUp	DXC4B2P
2025-01-10 11:45:05	142	SingleDown	DXC4B2P
2025-01-10 11:47:58	145	SingleUp	DXC4B2P
2025-01-10 11:50:51	136	SingleDown	DXC4B2P
2025-01-10 11:53:44	154	SingleUp	DXC4B2P
2025-01-10 11:56:37	162	SingleUp	DXC4B2P
2025-01-10 11:59:31	150	SingleDown	DXC4B2P
2025-01-10 12:02:24	126	SingleDown	DXC4B2P
2025-01-10 12:05:17	139	SingleUp	DXC4B2P
2025-01-10 12:08:10	121	SingleDown	DXC4B2P
2025-01-10 12:11:03	118	SingleDown	DXC4B2P
2025-01-10 12:13:57	115	SingleDown	DXC4B2P
2025-01-10 12:16:50	126	SingleUp	DXC4B2P
2025-01-10 12:19:43	124	FortyFiveDown	DXC4B2P
2025-01-10 12:22:36	119	SingleDown	DXC4B2P
2025-01-10 12:25:29	145	SingleUp	DXC4B2P
2025-01-10 12:28:23	138	SingleDown	DXC4B2P
2025-01-10 12:31:16	128	SingleDown	DXC4B2P
2025-01-10 12:34:09	117	SingleDown	DXC4B2P
2025-01-10 12:37:02	115	FortyFiveDown	DXC4B2P
2025-01-10 12:39:55	142	SingleUp	DXC4B2P
2025-01-10 12:42:49	144	FortyFiveUp	DXC4B2P
2025-01-10 12:45:42	129	SingleDown	DXC4B2P
2025-01-10 12:48:35	123	SingleDown	DXC4B2P
2025-01-10 12:51:28	130	SingleUp	DXC4B2P
2025-01-10 12:54:21	130	Flat	DXC4B2P
2025-01-10 12:57:15	134	SingleUp	DXC4B2P
2025-01-10 13:00:08	152	SingleUp	DXC4B2P
2025-01-10 13:03:01	174	SingleUp	DXC4B2P
2025-01-10 13:05:54	159	SingleDown	DXC4B2P
2025-01-10 13:08:47	155	SingleDown	DXC4B2P
2025-01-10 13:11:40	163	SingleUp	DXC4B2P
2025-01-10 13:14:34	174	SingleUp	DXC4B2P
2025-01-10 13:17:27	157	SingleDown	DXC4B2P
2025-01-10 13:20:20	147	SingleDown	DXC4B2P
2025-01-10 13:23:13	155	SingleUp	DXC4B2P
2025-01-10 13:26:06	147	SingleDown	DXC4B2P
2025-01-10 13:29:00	158	SingleUp	DXC4B2P
2025-01-10 13:31:53	155	SingleDown	DXC4B2P
2025-01-10 13:34:46	170	SingleUp	DXC4B2P
2025-01-10 13:37:39	157	SingleDown	DXC4B2P
2025-01-10 13:40:32	150	SingleDown	DXC4B2P
2025-01-10 13:43:26	146	SingleDown	DXC4B2P
2025-01-10 13:46:19	161	SingleUp	DXC4B2P
2025-01-10 13:49:12	155	SingleDown	DXC4B2P
2025-01-10 13:52:05	155	Flat	DXC4B2P
2025-01-10 13:54:58	163	SingleUp	DXC4B2P
2025-01-10 13:57:52	153	SingleDown	DXC4B2P
2025-01-10 14:00:45	162	SingleUp	DXC4B2P
2025-01-10 14:03:38	160	FortyFiveDown	DXC4B2P
2025-01-10 14:06:31	172	SingleUp	DXC4B2P
2025-01-10 14:09:24	173	Flat	DXC4B2P
2025-01-10 14:12:18	158	SingleDown	DXC4B2P
2025-01-10 14:15:11	172	SingleUp	DXC4B2P
2025-01-10 14:18:04	163	SingleDown	DXC4B2P
2025-01-10 14:20:57	154	SingleDown	DXC4B2P
2025-01-10 14:23:50	173	SingleUp	DXC4B2P
2025-01-10 14:26:44	161	SingleDown	DXC4B2P
2025-01-10 14:29:37	160	Flat	DXC4B2P
2025-01-10 14:32:30	174	SingleUp	DXC4B2P
2025-01-10 14:35:23	163	SingleDown	DXC4B2P
2025-01-10 14:38:16	157	SingleDown	DXC4B2P
2025-01-10 14:41:10	161	SingleUp	DXC4B2P
2025-01-10 14:44:03	165	SingleUp	DXC4B2P
2025-01-10 14:46:56	157	SingleDown	DXC4B2P
2025-01-10 14:49:49	171	SingleUp	DXC4B2P
2025-01-10 14:52:42	174	SingleUp	DXC4B2P
2025-01-10 14:55:36	161	SingleDown	DXC4B2P
2025-01-10 14:58:29	171	SingleUp	DXC4B2P
2025-01-10 15:01:22	106	SingleDown	DXC4B2P
2025-01-10 15:04:15	114	SingleUp	DXC4B2P
2025-01-10 15:07:08	115	Flat	DXC4B2P
2025-01-10 15:10:01	122	SingleUp	DXC4B2P
2025-01-10 15:12:55	103	SingleDown	DXC4B2P
2025-01-10 15:15:48	109	SingleUp	DXC4B2P
2025-01-10 15:18:41	121	SingleUp	DXC4B2P
2025-01-10 15:21:34	116	SingleDown	DXC4B2P
2025-01-10 15:24:27	116	Flat	DXC4B2P
2025-01-10 15:27:21	104	SingleDown	DXC4B2P
2025-01-10 15:30:14	115	SingleUp	DXC4B2P
2025-01-10 15:33:07	130	SingleUp	DXC4B2P
2025-01-10 15:36:00	123	SingleDown	DXC4B2P
2025-01-10 15:38:53	120	SingleDown	DXC4B2P
2025-01-10 15:41:47	114	SingleDown	DXC4B2P
2025-01-10 15:44:40	103	SingleDown	DXC4B2P
2025-01-10 15:47:33	126	SingleUp	DXC4B2P
2025-01-10 15:50:26	108	SingleDown	DXC4B2P
2025-01-10 15:53:19	109	Flat	DXC4B2P
2025-01-10 15:56:13	110	Flat	DXC4B2P
2025-01-10 15:59:06	126	SingleUp	DXC4B2P
2025-01-10 16:01:59	117	SingleDown	DXC4B2P
2025-01-10 16:04:52	107	SingleDown	DXC4B2P
2025-01-10 16:07:45	107	Flat	DXC4B2P
2025-01-10 16:10:39	126	SingleUp	DXC4B2P
2025-01-10 16:13:32	110	SingleDown	DXC4B2P
2025-01-10 16:16:25	126	SingleUp	DXC4B2P
2025-01-10 16:19:18	101	SingleDown	DXC4B2P
2025-01-10 16:22:11	103	FortyFiveUp	DXC4B2P
2025-01-10 16:25:05	117	SingleUp	DXC4B2P
2025-01-10 16:27:58	124	SingleUp	DXC4B2P
2025-01-10 16:30:51	104	SingleDown	DXC4B2P
2025-01-10 16:33:44	128	SingleUp	DXC4B2P
2025-01-10 16:36:37	107	SingleDown	DXC4B2P
2025-01-10 16:39:31	117	SingleUp	DXC4B2P
2025-01-10 16:42:24	106	SingleDown	DXC4B2P
2025-01-10 16:45:17	109	SingleUp	DXC4B2P
2025-01-10 16:48:10	127	SingleUp	DXC4B2P
2025-01-10 16:51:03	114	SingleDown	DXC4B2P
2025-01-10 16:53:56	114	Flat	DXC4B2P
2025-01-10 16:56:50	101	SingleDown	DXC4B2P
2025-01-10 16:59:43	110	SingleUp	DXC4B2P
2025-01-10 17:02:36	118	SingleUp	DXC4B2P
2025-01-10 17:05:29	104	SingleDown	DXC4B2P
2025-01-10 17:08:22	128	SingleUp	DXC4B2P
2025-01-10 17:11:16	102	SingleDown	DXC4B2P
2025-01-10 17:14:09	110	SingleUp	DXC4B2P
2025-01-10 17:17:02	105	SingleDown	DXC4B2P
2025-01-10 17:19:55	123	SingleUp	DXC4B2P
2025-01-10 17:22:48	103	SingleDown	DXC4B2P
2025-01-10 17:25:42	126	SingleUp	DXC4B2P
2025-01-10 17:28:35	128	FortyFiveUp	DXC4B2P
2025-01-10 17:31:28	113	SingleDown	DXC4B2P
2025-01-10 17:34:21	114	Flat	DXC4B2P
2025-01-10 17:37:14	129	SingleUp	DXC4B2P
2025-01-10 17:40:08	128	Flat	DXC4B2P
2025-01-10 17:43:01	119	SingleDown	DXC4B2P
2025-01-10 17:45:54	128	SingleUp	DXC4B2P
2025-01-10 17:48:47	121	SingleDown	DXC4B2P
2025-01-10 17:51:40	105	SingleDown	DXC4B2P
2025-01-10 17:54:34	118	SingleUp	DXC4B2P
2025-01-10 17:57:27	114	SingleDown	DXC4B2P
2025-01-10 18:00:20	115	Flat	DXC4B2P
2025-01-10 18:03:13	106	SingleDown	DXC4B2P
2025-01-10 18:06:06	125	SingleUp	DXC4B2P
2025-01-10 18:09:00	129	SingleUp	DXC4B2P
2025-01-10 18:11:53	130	Flat	DXC4B2P
2025-01-10 18:14:46	125	SingleDown	DXC4B2P
2025-01-10 18:17:39	109	SingleDown	DXC4B2P
2025-01-10 18:20:32	100	SingleDown	DXC4B2P
2025-01-10 18:23:26	102	FortyFiveUp	DXC4B2P
2025-01-10 18:26:19	121	SingleUp	DXC4B2P
2025-01-10 18:29:12	111	SingleDown	DXC4B2P
2025-01-10 18:32:05	116	SingleUp	DXC4B2P
2025-01-10 18:34:58	103	SingleDown	DXC4B2P
2025-01-10 18:37:52	106	SingleUp	DXC4B2P
2025-01-10 18:40:45	104	FortyFiveDown	DXC4B2P
2025-01-10 18:43:38	117	SingleUp	DXC4B2P
2025-01-10 18:46:31	111	SingleDown	DXC4B2P
2025-01-10 18:49:24	113	FortyFiveUp	DXC4B2P
2025-01-10 18:52:17	120	SingleUp	DXC4B2P
2025-01-10 18:55:11	123	SingleUp	DXC4B2P
2025-01-10 18:58:04	127	SingleUp	DXC4B2P
2025-01-10 19:00:57	130	SingleUp	DXC4B2P
2025-01-10 19:03:50	116	SingleDown	DXC4B2P
2025-01-10 19:06:43	110	SingleDown	DXC4B2P
2025-01-10 19:09:37	133	SingleUp	DXC4B2P
2025-01-10 19:12:30	132	Flat	DXC4B2P
2025-01-10 19:15:23	124	SingleDown	DXC4B2P
2025-01-10 19:18:16	133	SingleUp	DXC4B2P
2025-01-10 19:21:09	129	SingleDown	DXC4B2P
2025-01-10 19:24:03	130	Flat	DXC4B2P
2025-01-10 19:26:56	133	SingleUp	DXC4B2P
2025-01-10 19:29:49	112	SingleDown	DXC4B2P
2025-01-10 19:32:42	110	FortyFiveDown	DXC4B2P
2025-01-10 19:35:35	133	SingleUp	DXC4B2P
2025-01-10 19:38:29	119	SingleDown	DXC4B2P
2025-01-10 19:41:22	131	SingleUp	DXC4B2P
2025-01-10 19:44:15	125	SingleDown	DXC4B2P
2025-01-10 19:47:08	131	SingleUp	DXC4B2P
2025-01-10 19:50:01	122	SingleDown	DXC4B2P
2025-01-10 19:52:55	139	SingleUp	DXC4B2P
2025-01-10 19:55:48	137	FortyFiveDown	DXC4B2P
2025-01-10 19:58:41	138	Flat	DXC4B2P
2025-01-10 20:01:34	148	SingleUp	DXC4B2P
2025-01-10 20:04:27	142	SingleDown	DXC4B2P
2025-01-10 20:07:21	143	Flat	DXC4B2P
2025-01-10 20:10:14	140	SingleDown	DXC4B2P
2025-01-10 20:13:07	151	SingleUp	DXC4B2P
2025-01-10 20:16:00	140	SingleDown	DXC4B2P
2025-01-10 20:18:53	152	SingleUp	DXC4B2P
2025-01-10 20:21:47	143	SingleDown	DXC4B2P
2025-01-10 20:24:40	162	SingleUp	DXC4B2P
2025-01-10 20:27:33	138	SingleDown	DXC4B2P
2025-01-10 20:30:26	141	SingleUp	DXC4B2P
2025-01-10 20:33:19	145	SingleUp	DXC4B2P
2025-01-10 20:36:13	154	SingleUp	DXC4B2P
2025-01-10 20:39:06	152	FortyFiveDown	DXC4B2P
2025-01-10 20:41:59	149	SingleDown	DXC4B2P
2025-01-10 20:44:52	163	SingleUp	DXC4B2P
2025-01-10 20:47:45	147	SingleDown	DXC4B2P
2025-01-10 20:50:38	137	SingleDown	DXC4B2P
2025-01-10 20:53:32	164	SingleUp	DXC4B2P
2025-01-10 20:56:25	159	SingleDown	DXC4B2P
2025-01-10 20:59:18	140	SingleDown	DXC4B2P
2025-01-10 21:02:11	146	SingleUp	DXC4B2P
2025-01-10 21:05:04	164	SingleUp	DXC4B2P
2025-01-10 21:07:58	143	SingleDown	DXC4B2P
2025-01-10 21:10:51	142	Flat	DXC4B2P
2025-01-10 21:13:44	158	SingleUp	DXC4B2P
2025-01-10 21:16:37	144	SingleDown	DXC4B2P
2025-01-10 21:19:30	154	SingleUp	DXC4B2P
2025-01-10 21:22:24	147	SingleDown	DXC4B2P
2025-01-10 21:25:17	148	Flat	DXC4B2P
2025-01-10 21:28:10	141	SingleDown	DXC4B2P
2025-01-10 21:31:03	149	SingleUp	DXC4B2P
2025-01-10 21:33:56	152	SingleUp	DXC4B2P
2025-01-10 21:36:50	151	Flat	DXC4B2P
2025-01-10 21:39:43	141	SingleDown	DXC4B2P
2025-01-10 21:42:36	156	SingleUp	DXC4B2P
2025-01-10 21:45:29	162	SingleUp	DXC4B2P
2025-01-10 21:48:22	148	SingleDown	DXC4B2P
2025-01-10 21:51:16	151	SingleUp	DXC4B2P
2025-01-10 21:54:09	155	SingleUp	DXC4B2P
2025-01-10 21:57:02	159	SingleUp	DXC4B2P
2025-01-10 21:59:55	158	Flat	DXC4B2P
2025-01-10 22:02:48	96	SingleDown	DXC4B2P
2025-01-10 22:05:42	114	SingleUp	DXC4B2P
2025-01-10 22:08:35	110	SingleDown	DXC4B2P
2025-01-10 22:11:28	87	SingleDown	DXC4B2P
2025-01-10 22:14:21	87	Flat	DXC4B2P
2025-01-10 22:17:14	103	SingleUp	DXC4B2P
2025-01-10 22:20:08	92	SingleDown	DXC4B2P
2025-01-10 22:23:01	110	SingleUp	DXC4B2P
2025-01-10 22:25:54	98	SingleDown	DXC4B2P
2025-01-10 22:28:47	108	SingleUp	DXC4B2P
2025-01-10 22:31:40	95	SingleDown	DXC4B2P
2025-01-10 22:34:34	111	SingleUp	DXC4B2P
2025-01-10 22:37:27	107	SingleDown	DXC4B2P
2025-01-10 22:40:20	96	SingleDown	DXC4B2P
2025-01-10 22:43:13	110	SingleUp	DXC4B2P
2025-01-10 22:46:06	111	Flat	DXC4B2P
2025-01-10 22:48:59	104	SingleDown	DXC4B2P
2025-01-10 22:51:53	114	SingleUp	DXC4B2P
2025-01-10 22:54:46	93	SingleDown	DXC4B2P
2025-01-10 22:57:39	105	SingleUp	DXC4B2P
2025-01-10 23:00:32	91	SingleDown	DXC4B2P
2025-01-10 23:03:25	97	SingleUp	DXC4B2P
2025-01-10 23:06:19	107	SingleUp	DXC4B2P
2025-01-10 23:09:12	87	SingleDown	DXC4B2P
2025-01-10 23:12:05	108	SingleUp	DXC4B2P
2025-01-10 23:14:58	84	SingleDown	DXC4B2P
2025-01-10 23:17:51	94	SingleUp	DXC4B2P
2025-01-10 23:20:45	84	SingleDown	DXC4B2P
2025-01-10 23:23:38	97	SingleUp	DXC4B2P
2025-01-10 23:26:31	95	FortyFiveDown	DXC4B2P
2025-01-10 23:29:24	94	Flat	DXC4B2P
2025-01-10 23:32:17	93	Flat	DXC4B2P
2025-01-10 23:35:11	91	FortyFiveDown	DXC4B2P
2025-01-10 23:38:04	83	SingleDown	DXC4B2P
2025-01-10 23:40:57	91	SingleUp	DXC4B2P
2025-01-10 23:43:50	90	Flat	DXC4B2P
2025-01-10 23:46:43	94	SingleUp	DXC4B2P
2025-01-10 23:49:37	91	SingleDown	DXC4B2P
2025-01-10 23:52:30	101	SingleUp	DXC4B2P
2025-01-10 23:55:23	80	SingleDown	DXC4B2P
2025-01-10 23:58:16	98	SingleUp	DXC4B2P
2025-01-11 00:01:09	84	SingleDown	DXC4B2P
2025-01-11 00:04:03	82	FortyFiveDown	DXC4B2P
2025-01-11 00:06:56	80	FortyFiveDown	DXC4B2P
2025-01-11 00:09:49	93	SingleUp	DXC4B2P
2025-01-11 00:12:42	96	SingleUp	DXC4B2P
2025-01-11 00:15:35	82	SingleDown	DXC4B2P
2025-01-11 00:18:29	88	SingleUp	DXC4B2P
2025-01-11 00:21:22	92	SingleUp	DXC4B2P
2025-01-11 00:24:15	78	SingleDown	DXC4B2P
2025-01-11 00:27:08	95	SingleUp	DXC4B2P
2025-01-11 00:30:01	81	SingleDown	DXC4B2P
2025-01-11 00:32:55	89	SingleUp	DXC4B2P
2025-01-11 00:35:48	85	SingleDown	DXC4B2P
2025-01-11 00:38:41	104	SingleUp	DXC4B2P
2025-01-11 00:41:34	92	SingleDown	DXC4B2P
2025-01-11 00:44:27	98	SingleUp	DXC4B2P
2025-01-11 00:47:20	84	SingleDown	DXC4B2P
2025-01-11 00:50:14	85	Flat	DXC4B2P
2025-01-11 00:53:07	102	SingleUp	DXC4B2P
2025-01-11 00:56:00	85	SingleDown	DXC4B2P
2025-01-11 00:58:53	90	SingleUp	DXC4B2P
2025-01-11 01:01:46	77	SingleDown	DXC4B2P
2025-01-11 01:04:40	93	SingleUp	DXC4B2P
2025-01-11 01:07:33	100	SingleUp	DXC4B2P
2025-01-11 01:10:26	82	SingleDown	DXC4B2P
2025-01-11 01:13:19	82	Flat	DXC4B2P
2025-01-11 01:16:12	87	SingleUp	DXC4B2P
2025-01-11 01:19:06	87	Flat	DXC4B2P
2025-01-11 01:21:59	83	SingleDown	DXC4B2P
2025-01-11 01:24:52	75	SingleDown	DXC4B2P
2025-01-11 01:27:45	73	FortyFiveDown	DXC4B2P
2025-01-11 01:30:38	70	SingleDown	DXC4B2P
2025-01-11 01:33:32	79	SingleUp	DXC4B2P
2025-01-11 01:36:25	99	SingleUp	DXC4B2P
2025-01-11 01:39:18	95	SingleDown	DXC4B2P
2025-01-11 01:42:11	77	SingleDown	DXC4B2P
2025-01-11 01:45:04	75	FortyFiveDown	DXC4B2P
2025-01-11 01:47:58	82	SingleUp	DXC4B2P
2025-01-11 01:50:51	72	SingleDown	DXC4B2P
2025-01-11 01:53:44	76	SingleUp	DXC4B2P
2025-01-11 01:56:37	81	SingleUp	DXC4B2P
2025-01-11 01:59:30	82	Flat	DXC4B2P
2025-01-11 02:02:24	90	SingleUp	DXC4B2P
2025-01-11 02:05:17	71	SingleDown	DXC4B2P
2025-01-11 02:08:10	87	SingleUp	DXC4B2P
2025-01-11 02:11:03	70	SingleDown	DXC4B2P
2025-01-11 02:13:56	73	SingleUp	DXC4B2P
2025-01-11 02:16:50	74	Flat	DXC4B2P
2025-01-11 02:19:43	65	SingleDown	DXC4B2P
2025-01-11 02:22:36	86	SingleUp	DXC4B2P
2025-01-11 02:25:29	82	SingleDown	DXC4B2P
2025-01-11 02:28:22	88	SingleUp	DXC4B2P
2025-01-11 02:31:15	93	SingleUp	DXC4B2P
2025-01-11 02:34:09	79	SingleDown	DXC4B2P
2025-01-11 02:37:02	77	FortyFiveDown	DXC4B2P
2025-01-11 02:39:55	77	Flat	DXC4B2P
2025-01-11 02:42:48	76	Flat	DXC4B2P
2025-01-11 02:45:41	91	SingleUp	DXC4B2P
2025-01-11 02:48:35	81	SingleDown	DXC4B2P
2025-01-11 02:51:28	83	FortyFiveUp	DXC4B2P
2025-01-11 02:54:21	75	SingleDown	DXC4B2P
2025-01-11 02:57:14	72	SingleDown	DXC4B2P
2025-01-11 03:00:07	107	SingleUp	DXC4B2P
2025-01-11 03:03:01	98	SingleDown	DXC4B2P
2025-01-11 03:05:54	98	Flat	DXC4B2P
2025-01-11 03:08:47	117	SingleUp	DXC4B2P
2025-01-11 03:11:40	110	SingleDown	DXC4B2P
2025-01-11 03:14:33	96	SingleDown	DXC4B2P
2025-01-11 03:17:27	96	Flat	DXC4B2P
2025-01-11 03:20:20	109	SingleUp	DXC4B2P
2025-01-11 03:23:13	111	FortyFiveUp	DXC4B2P
2025-01-11 03:26:06	105	SingleDown	DXC4B2P
2025-01-11 03:28:59	124	SingleUp	DXC4B2P
2025-01-11 03:31:53	115	SingleDown	DXC4B2P
2025-01-11 03:34:46	105	SingleDown	DXC4B2P
2025-01-11 03:37:39	118	SingleUp	DXC4B2P
2025-01-11 03:40:32	110	SingleDown	DXC4B2P
2025-01-11 03:43:25	121	SingleUp	DXC4B2P
2025-01-11 03:46:19	123	FortyFiveUp	DXC4B2P
2025-01-11 03:49:12	98	SingleDown	DXC4B2P
2025-01-11 03:52:05	97	Flat	DXC4B2P
2025-01-11 03:54:58	107	SingleUp	DXC4B2P
2025-01-11 03:57:51	122	SingleUp	DXC4B2P
2025-01-11 04:00:45	103	SingleDown	DXC4B2P
2025-01-11 04:03:38	120	SingleUp	DXC4B2P
2025-01-11 04:06:31	128	SingleUp	DXC4B2P
2025-01-11 04:09:24	110	SingleDown	DXC4B2P
2025-01-11 04:12:17	130	SingleUp	DXC4B2P
2025-01-11 04:15:11	121	SingleDown	DXC4B2P
2025-01-11 04:18:04	114	SingleDown	DXC4B2P
2025-01-11 04:20:57	129	SingleUp	DXC4B2P
2025-01-11 04:23:50	109	SingleDown	DXC4B2P
2025-01-11 04:26:43	102	SingleDown	DXC4B2P
2025-01-11 04:29:36	125	SingleUp	DXC4B2P
2025-01-11 04:32:30	128	SingleUp	DXC4B2P
2025-01-11 04:35:23	127	Flat	DXC4B2P
2025-01-11 04:38:16	119	SingleDown	DXC4B2P
2025-01-11 04:41:09	104	SingleDown	DXC4B2P
2025-01-11 04:44:02	103	Flat	DXC4B2P
2025-01-11 04:46:56	101	FortyFiveDown	DXC4B2P
2025-01-11 04:49:49	124	SingleUp	DXC4B2P
2025-01-11 04:52:42	103	SingleDown	DXC4B2P
2025-01-11 04:55:35	109	SingleUp	DXC4B2P
2025-01-11 04:58:28	111	FortyFiveUp	DXC4B2P
2025-01-11 05:01:22	131	SingleUp	DXC4B2P
2025-01-11 05:04:15	123	SingleDown	DXC4B2P
2025-01-11 05:07:08	124	Flat	DXC4B2P
2025-01-11 05:10:01	110	SingleDown	DXC4B2P
2025-01-11 05:12:54	116	SingleUp	DXC4B2P
2025-01-11 05:15:48	122	SingleUp	DXC4B2P
2025-01-11 05:18:41	113	SingleDown	DXC4B2P
2025-01-11 05:21:34	108	SingleDown	DXC4B2P
2025-01-11 05:24:27	106	FortyFiveDown	DXC4B2P
2025-01-11 05:27:20	122	SingleUp	DXC4B2P
2025-01-11 05:30:14	129	SingleUp	DXC4B2P
2025-01-11 05:33:07	112	SingleDown	DXC4B2P
2025-01-11 05:36:00	122	SingleUp	DXC4B2P
2025-01-11 05:38:53	111	SingleDown	DXC4B2P
2025-01-11 05:41:46	114	SingleUp	DXC4B2P
2025-01-11 05:44:40	131	SingleUp	DXC4B2P
2025-01-11 05:47:33	109	SingleDown	DXC4B2P
2025-01-11 05:50:26	132	SingleUp	DXC4B2P
2025-01-11 05:53:19	106	SingleDown	DXC4B2P
2025-01-11 05:56:12	131	SingleUp	DXC4B2P
2025-01-11 05:59:06	123	SingleDown	DXC4B2P
2025-01-11 06:01:59	131	SingleUp	DXC4B2P
2025-01-11 06:04:52	136	SingleUp	DXC4B2P
2025-01-11 06:07:45	113	SingleDown	DXC4B2P
2025-01-11 06:10:38	122	SingleUp	DXC4B2P
2025-01-11 06:13:32	124	FortyFiveUp	DXC4B2P
2025-01-11 06:16:25	137	SingleUp	DXC4B2P
2025-01-11 06:19:18	121	SingleDown	DXC4B2P
2025-01-11 06:22:11	121	Flat	DXC4B2P
2025-01-11 06:25:04	136	SingleUp	DXC4B2P
2025-01-11 06:27:57	129	SingleDown	DXC4B2P
2025-01-11 06:30:51	130	Flat	DXC4B2P
2025-01-11 06:33:44	130	Flat	DXC4B2P
2025-01-11 06:36:37	130	Flat	DXC4B2P
2025-01-11 06:39:30	116	SingleDown	DXC4B2P
2025-01-11 06:42:23	131	SingleUp	DXC4B2P
2025-01-11 06:45:17	115	SingleDown	DXC4B2P
2025-01-11 06:48:10	131	SingleUp	DXC4B2P
2025-01-11 06:51:03	117	SingleDown	DXC4B2P
2025-01-11 06:53:56	119	FortyFiveUp	DXC4B2P
2025-01-11 06:56:49	128	SingleUp	DXC4B2P
2025-01-11 06:59:43	112	SingleDown	DXC4B2P
2025-01-11 07:02:36	127	SingleUp	DXC4B2P
2025-01-11 07:05:29	138	SingleUp	DXC4B2P
2025-01-11 07:08:22	144	SingleUp	DXC4B2P
2025-01-11 07:11:15	142	FortyFiveDown	DXC4B2P
2025-01-11 07:14:09	129	SingleDown	DXC4B2P
2025-01-11 07:17:02	139	SingleUp	DXC4B2P
2025-01-11 07:19:55	121	SingleDown	DXC4B2P
2025-01-11 07:22:48	133	SingleUp	DXC4B2P
2025-01-11 07:25:41	137	SingleUp	DXC4B2P
2025-01-11 07:28:35	142	SingleUp	DXC4B2P
2025-01-11 07:31:28	124	SingleDown	DXC4B2P
2025-01-11 07:34:21	137	SingleUp	DXC4B2P
2025-01-11 07:37:14	120	SingleDown	DXC4B2P
2025-01-11 07:40:07	142	SingleUp	DXC4B2P
2025-01-11 07:43:01	139	SingleDown	DXC4B2P
2025-01-11 07:45:54	138	Flat	DXC4B2P
2025-01-11 07:48:47	128	SingleDown	DXC4B2P
2025-01-11 07:51:40	140	SingleUp	DXC4B2P
2025-01-11 07:54:33	136	SingleDown	DXC4B2P
2025-01-11 07:57:27	125	SingleDown	DXC4B2P
2025-01-11 08:00:20	134	SingleUp	DXC4B2P
2025-01-11 08:03:13	113	SingleDown	DXC4B2P
2025-01-11 08:06:06	134	SingleUp	DXC4B2P
2025-01-11 08:08:59	106	SingleDown	DXC4B2P
2025-01-11 08:11:53	128	SingleUp	DXC4B2P
2025-01-11 08:14:46	116	SingleDown	DXC4B2P
2025-01-11 08:17:39	114	FortyFiveDown	DXC4B2P
2025-01-11 08:20:32	127	SingleUp	DXC4B2P
2025-01-11 08:23:25	124	SingleDown	DXC4B2P
2025-01-11 08:26:18	108	SingleDown	DXC4B2P
2025-01-11 08:29:12	108	Flat	DXC4B2P
2025-01-11 08:32:05	121	SingleUp	DXC4B2P
2025-01-11 08:34:58	121	Flat	DXC4B2P
2025-01-11 08:37:51	133	SingleUp	DXC4B2P
2025-01-11 08:40:44	132	Flat	DXC4B2P
2025-01-11 08:43:38	130	FortyFiveDown	DXC4B2P
2025-01-11 08:46:31	131	Flat	DXC4B2P
2025-01-11 08:49:24	130	Flat	DXC4B2P
2025-01-11 08:52:17	113	SingleDown	DXC4B2P
2025-01-11 08:55:10	124	SingleUp	DXC4B2P
2025-01-11 08:58:04	106	SingleDown	DXC4B2P
2025-01-11 09:00:57	162	SingleUp	DXC4B2P
2025-01-11 09:03:50	144	SingleDown	DXC4B2P
2025-01-11 09:06:43	161	SingleUp	DXC4B2P
2025-01-11 09:09:36	153	SingleDown	DXC4B2P
2025-01-11 09:12:30	151	FortyFiveDown	DXC4B2P
2025-01-11 09:15:23	146	SingleDown	DXC4B2P
2025-01-11 09:18:16	138	SingleDown	DXC4B2P
2025-01-11 09:21:09	153	SingleUp	DXC4B2P
2025-01-11 09:24:02	155	FortyFiveUp	DXC4B2P
2025-01-11 09:26:56	146	SingleDown	DXC4B2P
2025-01-11 09:29:49	160	SingleUp	DXC4B2P
2025-01-11 09:32:42	135	SingleDown	DXC4B2P
2025-01-11 09:35:35	156	SingleUp	DXC4B2P
2025-01-11 09:38:28	156	Flat	DXC4B2P
2025-01-11 09:41:22	154	FortyFiveDown	DXC4B2P
2025-01-11 09:44:15	153	Flat	DXC4B2P
2025-01-11 09:47:08	145	SingleDown	DXC4B2P
2025-01-11 09:50:01	150	SingleUp	DXC4B2P
2025-01-11 09:52:54	139	SingleDown	DXC4B2P
2025-01-11 09:55:48	156	SingleUp	DXC4B2P
2025-01-11 09:58:41	148	SingleDown	DXC4B2P
2025-01-11 10:01:34	173	SingleUp	DXC4B2P
2025-01-11 10:04:27	167	SingleDown	DXC4B2P
2025-01-11 10:07:20	167	Flat	DXC4B2P
2025-01-11 10:10:14	174	SingleUp	DXC4B2P
2025-01-11 10:13:07	161	SingleDown	DXC4B2P
2025-01-11 10:16:00	167	SingleUp	DXC4B2P
2025-01-11 10:18:53	171	SingleUp	DXC4B2P
2025-01-11 10:21:46	174	SingleUp	DXC4B2P
2025-01-11 10:24:39	173	Flat	DXC4B2P
2025-01-11 10:27:33	151	SingleDown	DXC4B2P
2025-01-11 10:30:26	171	SingleUp	DXC4B2P
2025-01-11 10:33:19	154	SingleDown	DXC4B2P
2025-01-11 10:36:12	174	SingleUp	DXC4B2P
2025-01-11 10:39:05	161	SingleDown	DXC4B2P
2025-01-11 10:41:59	149	SingleDown	DXC4B2P
2025-01-11 10:44:52	166	SingleUp	DXC4B2P
2025-01-11 10:47:45	163	SingleDown	DXC4B2P
2025-01-11 10:50:38	159	SingleDown	DXC4B2P
2025-01-11 10:53:31	165	SingleUp	DXC4B2P
2025-01-11 10:56:25	166	Flat	DXC4B2P
2025-01-11 10:59:18	153	SingleDown	DXC4B2P
2025-01-11 11:02:11	163	SingleUp	DXC4B2P
2025-01-11 11:05:04	158	SingleDown	DXC4B2P
2025-01-11 11:07:57	156	FortyFiveDown	DXC4B2P
2025-01-11 11:10:51	134	SingleDown	DXC4B2P
2025-01-11 11:13:44	162	SingleUp	DXC4B2P
2025-01-11 11:16:37	149	SingleDown	DXC4B2P
2025-01-11 11:19:30	146	SingleDown	DXC4B2P
2025-01-11 11:22:23	156	SingleUp	DXC4B2P
2025-01-11 11:25:17	160	SingleUp	DXC4B2P
2025-01-11 11:28:10	136	SingleDown	DXC4B2P
2025-01-11 11:31:03	161	SingleUp	DXC4B2P
2025-01-11 11:33:56	162	Flat	DXC4B2P
2025-01-11 11:36:49	154	SingleDown	DXC4B2P
2025-01-11 11:39:43	144	SingleDown	DXC4B2P
2025-01-11 11:42:36	142	FortyFiveDown	DXC4B2P
2025-01-11 11:45:29	141	Flat	DXC4B2P
2025-01-11 11:48:22	148	SingleUp	DXC4B2P
2025-01-11 11:51:15	150	FortyFiveUp	DXC4B2P
2025-01-11 11:54:09	155	SingleUp	DXC4B2P
2025-01-11 11:57:02	143	SingleDown	DXC4B2P
2025-01-11 11:59:55	163	SingleUp	DXC4B2P
2025-01-11 12:02:48	119	SingleDown	DXC4B2P
2025-01-11 12:05:41	118	Flat	DXC4B2P
2025-01-11 12:08:34	126	SingleUp	DXC4B2P
2025-01-11 12:11:28	140	SingleUp	DXC4B2P
2025-01-11 12:14:21	131	SingleDown	DXC4B2P
2025-01-11 12:17:14	133	FortyFiveUp	DXC4B2P
2025-01-11 12:20:07	144	SingleUp	DXC4B2P
2025-01-11 12:23:00	135	SingleDown	DXC4B2P
2025-01-11 12:25:54	122	SingleDown	DXC4B2P
2025-01-11 12:28:47	116	SingleDown	DXC4B2P
2025-01-11 12:31:40	143	SingleUp	DXC4B2P
2025-01-11 12:34:33	116	SingleDown	DXC4B2P
2025-01-11 12:37:26	118	FortyFiveUp	DXC4B2P
2025-01-11 12:40:20	133	SingleUp	DXC4B2P
2025-01-11 12:43:13	140	SingleUp	DXC4B2P
2025-01-11 12:46:06	122	SingleDown	DXC4B2P
2025-01-11 12:48:59	143	SingleUp	DXC4B2P
2025-01-11 12:51:52	134	SingleDown	DXC4B2P
2025-01-11 12:54:46	128	SingleDown	DXC4B2P
2025-01-11 12:57:39	126	FortyFiveDown	DXC4B2P
2025-01-11 13:00:32	152	SingleUp	DXC4B2P
2025-01-11 13:03:25	154	FortyFiveUp	DXC4B2P
2025-01-11 13:06:18	171	SingleUp	DXC4B2P
2025-01-11 13:09:12	167	SingleDown	DXC4B2P
2025-01-11 13:12:05	152	SingleDown	DXC4B2P
2025-01-11 13:14:58	148	SingleDown	DXC4B2P
2025-01-11 13:17:51	151	SingleUp	DXC4B2P
2025-01-11 13:20:44	150	Flat	DXC4B2P
2025-01-11 13:23:38	164	SingleUp	DXC4B2P
2025-01-11 13:26:31	173	SingleUp	DXC4B2P
2025-01-11 13:29:24	170	SingleDown	DXC4B2P
2025-01-11 13:32:17	158	SingleDown	DXC4B2P
2025-01-11 13:35:10	172	SingleUp	DXC4B2P
2025-01-11 13:38:04	174	FortyFiveUp	DXC4B2P
2025-01-11 13:40:57	165	SingleDown	DXC4B2P
2025-01-11 13:43:50	168	SingleUp	DXC4B2P
2025-01-11 13:46:43	169	Flat	DXC4B2P
2025-01-11 13:49:36	162	SingleDown	DXC4B2P
2025-01-11 13:52:30	153	SingleDown	DXC4B2P
2025-01-11 13:55:23	155	FortyFiveUp	DXC4B2P
2025-01-11 13:58:16	149	SingleDown	DXC4B2P
2025-01-11 14:01:09	163	SingleUp	DXC4B2P
2025-01-11 14:04:02	164	Flat	DXC4B2P
2025-01-11 14:06:55	163	Flat	DXC4B2P
2025-01-11 14:09:49	158	SingleDown	DXC4B2P
2025-01-11 14:12:42	169	SingleUp	DXC4B2P
2025-01-11 14:15:35	149	SingleDown	DXC4B2P
2025-01-11 14:18:28	161	SingleUp	DXC4B2P
2025-01-11 14:21:21	146	SingleDown	DXC4B2P
2025-01-11 14:24:15	145	Flat	DXC4B2P
2025-01-11 14:27:08	150	SingleUp	DXC4B2P
2025-01-11 14:30:01	151	Flat	DXC4B2P
2025-01-11 14:32:54	170	SingleUp	DXC4B2P
2025-01-11 14:35:47	174	SingleUp	DXC4B2P
2025-01-11 14:38:41	170	SingleDown	DXC4B2P
2025-01-11 14:41:34	153	SingleDown	DXC4B2P
2025-01-11 14:44:27	157	SingleUp	DXC4B2P
2025-01-11 14:47:20	161	SingleUp	DXC4B2P
2025-01-11 14:50:13	151	SingleDown	DXC4B2P
2025-01-11 14:53:07	146	SingleDown	DXC4B2P
2025-01-11 14:56:00	152	SingleUp	DXC4B2P
2025-01-11 14:58:53	155	SingleUp	DXC4B2P
2025-01-11 15:01:46	108	SingleDown	DXC4B2P
2025-01-11 15:04:39	115	SingleUp	DXC4B2P
2025-01-11 15:07:33	112	SingleDown	DXC4B2P
2025-01-11 15:10:26	101	SingleDown	DXC4B2P
2025-01-11 15:13:19	112	SingleUp	DXC4B2P
2025-01-11 15:16:12	129	SingleUp	DXC4B2P
2025-01-11 15:19:05	102	SingleDown	DXC4B2P
2025-01-11 15:21:59	114	SingleUp	DXC4B2P
2025-01-11 15:24:52	122	SingleUp	DXC4B2P
2025-01-11 15:27:45	118	SingleDown	DXC4B2P
2025-01-11 15:30:38	110	SingleDown	DXC4B2P
2025-01-11 15:33:31	117	SingleUp	DXC4B2P
2025-01-11 15:36:25	104	SingleDown	DXC4B2P
2025-01-11 15:39:18	110	SingleUp	DXC4B2P
2025-01-11 15:42:11	121	SingleUp	DXC4B2P
2025-01-11 15:45:04	108	SingleDown	DXC4B2P
2025-01-11 15:47:57	123	SingleUp	DXC4B2P
2025-01-11 15:50:51	116	SingleDown	DXC4B2P
2025-01-11 15:53:44	119	SingleUp	DXC4B2P
2025-01-11 15:56:37	124	SingleUp	DXC4B2P
2025-01-11 15:59:30	120	SingleDown	DXC4B2P
2025-01-11 16:02:23	107	SingleDown	DXC4B2P
2025-01-11 16:05:16	109	FortyFiveUp	DXC4B2P
2025-01-11 16:08:10	113	SingleUp	DXC4B2P
2025-01-11 16:11:03	126	SingleUp	DXC4B2P
2025-01-11 16:13:56	113	SingleDown	DXC4B2P
2025-01-11 16:16:49	106	SingleDown	DXC4B2P
2025-01-11 16:19:42	120	SingleUp	DXC4B2P
2025-01-11 16:22:36	103	SingleDown	DXC4B2P
2025-01-11 16:25:29	104	Flat	DXC4B2P
2025-01-11 16:28:22	128	SingleUp	DXC4B2P
2025-01-11 16:31:15	127	Flat	DXC4B2P
2025-01-11 16:34:08	108	SingleDown	DXC4B2P
2025-01-11 16:37:02	123	SingleUp	DXC4B2P
2025-01-11 16:39:55	120	SingleDown	DXC4B2P
2025-01-11 16:42:48	128	SingleUp	DXC4B2P
2025-01-11 16:45:41	107	SingleDown	DXC4B2P
2025-01-11 16:48:34	104	SingleDown	DXC4B2P
2025-01-11 16:51:28	126	SingleUp	DXC4B2P
2025-01-11 16:54:21	102	SingleDown	DXC4B2P
2025-01-11 16:57:14	118	SingleUp	DXC4B2P
2025-01-11 17:00:07	103	SingleDown	DXC4B2P
2025-01-11 17:03:00	105	FortyFiveUp	DXC4B2P
2025-01-11 17:05:54	110	SingleUp	DXC4B2P
2025-01-11 17:08:47	108	FortyFiveDown	DXC4B2P
2025-01-11 17:11:40	101	SingleDown	DXC4B2P
2025-01-11 17:14:33	110	SingleUp	DXC4B2P
2025-01-11 17:17:26	110	Flat	DXC4B2P
2025-01-11 17:20:20	129	SingleUp	DXC4B2P
2025-01-11 17:23:13	113	SingleDown	DXC4B2P
2025-01-11 17:26:06	119	SingleUp	DXC4B2P
2025-01-11 17:28:59	127	SingleUp	DXC4B2P
2025-01-11 17:31:52	109	SingleDown	DXC4B2P
2025-01-11 17:34:46	121	SingleUp	DXC4B2P
2025-01-11 17:37:39	115	SingleDown	DXC4B2P
2025-01-11 17:40:32	115	Flat	DXC4B2P
2025-01-11 17:43:25	107	SingleDown	DXC4B2P
2025-01-11 17:46:18	125	SingleUp	DXC4B2P
2025-01-11 17:49:12	122	SingleDown	DXC4B2P
2025-01-11 17:52:05	124	FortyFiveUp	DXC4B2P
2025-01-11 17:54:58	115	SingleDown	DXC4B2P
2025-01-11 17:57:51	115	Flat	DXC4B2P
2025-01-11 18:00:44	129	SingleUp	DXC4B2P
2025-01-11 18:03:37	101	SingleDown	DXC4B2P
2025-01-11 18:06:31	125	SingleUp	DXC4B2P
2025-01-11 18:09:24	114	SingleDown	DXC4B2P
2025-01-11 18:12:17	103	SingleDown	DXC4B2P
2025-01-11 18:15:10	110	SingleUp	DXC4B2P
2025-01-11 18:18:03	121	SingleUp	DXC4B2P
2025-01-11 18:20:57	114	SingleDown	DXC4B2P
2025-01-11 18:23:50	104	SingleDown	DXC4B2P
2025-01-11 18:26:43	112	SingleUp	DXC4B2P
2025-01-11 18:29:36	103	SingleDown	DXC4B2P
2025-01-11 18:32:29	118	SingleUp	DXC4B2P
2025-01-11 18:35:23	115	SingleDown	DXC4B2P
2025-01-11 18:38:16	111	SingleDown	DXC4B2P
2025-01-11 18:41:09	107	SingleDown	DXC4B2P
2025-01-11 18:44:02	103	SingleDown	DXC4B2P
2025-01-11 18:46:55	110	SingleUp	DXC4B2P
2025-01-11 18:49:49	119	SingleUp	DXC4B2P
2025-01-11 18:52:42	129	SingleUp	DXC4B2P
2025-01-11 18:55:35	124	SingleDown	DXC4B2P
2025-01-11 18:58:28	116	SingleDown	DXC4B2P
2025-01-11 19:01:21	123	SingleUp	DXC4B2P
2025-01-11 19:04:15	113	SingleDown	DXC4B2P
2025-01-11 19:07:08	132	SingleUp	DXC4B2P
2025-01-11 19:10:01	117	SingleDown	DXC4B2P
2025-01-11 19:12:54	111	SingleDown	DXC4B2P
2025-01-11 19:15:47	131	SingleUp	DXC4B2P
2025-01-11 19:18:41	117	SingleDown	DXC4B2P
2025-01-11 19:21:34	129	SingleUp	DXC4B2P
2025-01-11 19:24:27	134	SingleUp	DXC4B2P
2025-01-11 19:27:20	112	SingleDown	DXC4B2P
2025-01-11 19:30:13	113	Flat	DXC4B2P
2025-01-11 19:33:07	124	SingleUp	DXC4B2P
2025-01-11 19:36:00	126	FortyFiveUp	DXC4B2P
2025-01-11 19:38:53	135	SingleUp	DXC4B2P
2025-01-11 19:41:46	110	SingleDown	DXC4B2P
2025-01-11 19:44:39	121	SingleUp	DXC4B2P
2025-01-11 19:47:33	114	SingleDown	DXC4B2P
2025-01-11 19:50:26	120	SingleUp	DXC4B2P
2025-01-11 19:53:19	118	FortyFiveDown	DXC4B2P
2025-01-11 19:56:12	111	SingleDown	DXC4B2P
2025-01-11 19:59:05	124	SingleUp	DXC4B2P
2025-01-11 20:01:58	152	SingleUp	DXC4B2P
2025-01-11 20:04:52	150	FortyFiveDown	DXC4B2P
2025-01-11 20:07:45	144	SingleDown	DXC4B2P
2025-01-11 20:10:38	138	SingleDown	DXC4B2P
2025-01-11 20:13:31	158	SingleUp	DXC4B2P
2025-01-11 20:16:24	165	SingleUp	DXC4B2P
2025-01-11 20:19:18	156	SingleDown	DXC4B2P
2025-01-11 20:22:11	146	SingleDown	DXC4B2P
2025-01-11 20:25:04	162	SingleUp	DXC4B2P
2025-01-11 20:27:57	149	SingleDown	DXC4B2P
2025-01-11 20:30:50	141	SingleDown	DXC4B2P
2025-01-11 20:33:44	163	SingleUp	DXC4B2P
2025-01-11 20:36:37	156	SingleDown	DXC4B2P
2025-01-11 20:39:30	162	SingleUp	DXC4B2P
2025-01-11 20:42:23	143	SingleDown	DXC4B2P
2025-01-11 20:45:16	144	Flat	DXC4B2P
2025-01-11 20:48:10	163	SingleUp	DXC4B2P
2025-01-11 20:51:03	136	SingleDown	DXC4B2P
2025-01-11 20:53:56	157	SingleUp	DXC4B2P
2025-01-11 20:56:49	164	SingleUp	DXC4B2P
2025-01-11 20:59:42	165	Flat	DXC4B2P
2025-01-11 21:02:36	148	SingleDown	DXC4B2P
2025-01-11 21:05:29	164	SingleUp	DXC4B2P
2025-01-11 21:08:22	162	FortyFiveDown	DXC4B2P
2025-01-11 21:11:15	150	SingleDown	DXC4B2P
2025-01-11 21:14:08	137	SingleDown	DXC4B2P
2025-01-11 21:17:02	142	SingleUp	DXC4B2P
2025-01-11 21:19:55	148	SingleUp	DXC4B2P
2025-01-11 21:22:48	156	SingleUp	DXC4B2P
2025-01-11 21:25:41	164	SingleUp	DXC4B2P
2025-01-11 21:28:34	144	SingleDown	DXC4B2P
2025-01-11 21:31:28	139	SingleDown	DXC4B2P
2025-01-11 21:34:21	147	SingleUp	DXC4B2P
2025-01-11 21:37:14	157	SingleUp	DXC4B2P
2025-01-11 21:40:07	151	SingleDown	DXC4B2P
2025-01-11 21:43:00	139	SingleDown	DXC4B2P
2025-01-11 21:45:53	137	FortyFiveDown	DXC4B2P
2025-01-11 21:48:47	153	SingleUp	DXC4B2P
2025-01-11 21:51:40	156	SingleUp	DXC4B2P
2025-01-11 21:54:33	136	SingleDown	DXC4B2P
2025-01-11 21:57:26	139	SingleUp	DXC4B2P
2025-01-11 22:00:19	109	SingleDown	DXC4B2P
2025-01-11 22:03:13	89	SingleDown	DXC4B2P
2025-01-11 22:06:06	94	SingleUp	DXC4B2P
2025-01-11 22:08:59	104	SingleUp	DXC4B2P
2025-01-11 22:11:52	91	SingleDown	DXC4B2P
2025-01-11 22:14:45	109	SingleUp	DXC4B2P
2025-01-11 22:17:39	88	SingleDown	DXC4B2P
2025-01-11 22:20:32	97	SingleUp	DXC4B2P
2025-01-11 22:23:25	114	SingleUp	DXC4B2P
2025-01-11 22:26:18	94	SingleDown	DXC4B2P
2025-01-11 22:29:11	106	SingleUp	DXC4B2P
2025-01-11 22:32:05	113	SingleUp	DXC4B2P
2025-01-11 22:34:58	106	SingleDown	DXC4B2P
2025-01-11 22:37:51	94	SingleDown	DXC4B2P
2025-01-11 22:40:44	87	SingleDown	DXC4B2P
2025-01-11 22:43:37	102	SingleUp	DXC4B2P
2025-01-11 22:46:31	106	SingleUp	DXC4B2P
2025-01-11 22:49:24	108	FortyFiveUp	DXC4B2P
2025-01-11 22:52:17	100	SingleDown	DXC4B2P
2025-01-11 22:55:10	111	SingleUp	DXC4B2P
2025-01-11 22:58:03	97	SingleDown	DXC4B2P
2025-01-11 23:00:57	106	SingleUp	DXC4B2P
2025-01-11 23:03:50	96	SingleDown	DXC4B2P
2025-01-11 23:06:43	89	SingleDown	DXC4B2P
2025-01-11 23:09:36	107	SingleUp	DXC4B2P
2025-01-11 23:12:29	90	SingleDown	DXC4B2P
2025-01-11 23:15:23	107	SingleUp	DXC4B2P
2025-01-11 23:18:16	100	SingleDown	DXC4B2P
2025-01-11 23:21:09	97	SingleDown	DXC4B2P
2025-01-11 23:24:02	90	SingleDown	DXC4B2P
2025-01-11 23:26:55	102	SingleUp	DXC4B2P
2025-01-11 23:29:49	90	SingleDown	DXC4B2P
2025-01-11 23:32:42	101	SingleUp	DXC4B2P
2025-01-11 23:35:35	94	SingleDown	DXC4B2P
2025-01-11 23:38:28	82	SingleDown	DXC4B2P
2025-01-11 23:41:21	93	SingleUp	DXC4B2P
2025-01-11 23:44:14	80	SingleDown	DXC4B2P
2025-01-11 23:47:08	87	SingleUp	DXC4B2P
2025-01-11 23:50:01	105	SingleUp	DXC4B2P
2025-01-11 23:52:54	87	SingleDown	DXC4B2P
2025-01-11 23:55:47	87	Flat	DXC4B2P
2025-01-11 23:58:40	91	SingleUp	DXC4B2P
2025-01-12 00:01:34	92	Flat	DXC4B2P
2025-01-12 00:04:27	84	SingleDown	DXC4B2P
2025-01-12 00:07:20	98	SingleUp	DXC4B2P
2025-01-12 00:10:13	96	FortyFiveDown	DXC4B2P
2025-01-12 00:13:06	85	SingleDown	DXC4B2P
2025-01-12 00:16:00	82	SingleDown	DXC4B2P
2025-01-12 00:18:53	96	SingleUp	DXC4B2P
2025-01-12 00:21:46	104	SingleUp	DXC4B2P
2025-01-12 00:24:39	97	SingleDown	DXC4B2P
2025-01-12 00:27:32	99	FortyFiveUp	DXC4B2P
2025-01-12 00:30:26	77	SingleDown	DXC4B2P
2025-01-12 00:33:19	103	SingleUp	DXC4B2P
2025-01-12 00:36:12	84	SingleDown	DXC4B2P
2025-01-12 00:39:05	83	Flat	DXC4B2P
2025-01-12 00:41:58	84	Flat	DXC4B2P
2025-01-12 00:44:52	104	SingleUp	DXC4B2P
2025-01-12 00:47:45	81	SingleDown	DXC4B2P
2025-01-12 00:50:38	88	SingleUp	DXC4B2P
2025-01-12 00:53:31	95	SingleUp	DXC4B2P
2025-01-12 00:56:24	82	SingleDown	DXC4B2P
2025-01-12 00:59:18	87	SingleUp	DXC4B2P
2025-01-12 01:02:11	73	SingleDown	DXC4B2P
2025-01-12 01:05:04	93	SingleUp	DXC4B2P
2025-01-12 01:07:57	75	SingleDown	DXC4B2P
2025-01-12 01:10:50	99	SingleUp	DXC4B2P
2025-01-12 01:13:44	76	SingleDown	DXC4B2P
2025-01-12 01:16:37	84	SingleUp	DXC4B2P
2025-01-12 01:19:30	86	FortyFiveUp	DXC4B2P
2025-01-12 01:22:23	73	SingleDown	DXC4B2P
2025-01-12 01:25:16	72	Flat	DXC4B2P
2025-01-12 01:28:10	84	SingleUp	DXC4B2P
2025-01-12 01:31:03	86	FortyFiveUp	DXC4B2P
2025-01-12 01:33:56	93	SingleUp	DXC4B2P
2025-01-12 01:36:49	78	SingleDown	DXC4B2P
2025-01-12 01:39:42	76	FortyFiveDown	DXC4B2P
2025-01-12 01:42:35	96	SingleUp	DXC4B2P
2025-01-12 01:45:29	84	SingleDown	DXC4B2P
2025-01-12 01:48:22	97	SingleUp	DXC4B2P
2025-01-12 01:51:15	75	SingleDown	DXC4B2P
2025-01-12 01:54:08	89	SingleUp	DXC4B2P
2025-01-12 01:57:01	95	SingleUp	DXC4B2P
2025-01-12 01:59:55	96	Flat	DXC4B2P
2025-01-12 02:02:48	65	SingleDown	DXC4B2P
2025-01-12 02:05:41	78	SingleUp	DXC4B2P
2025-01-12 02:08:34	78	Flat	DXC4B2P
2025-01-12 02:11:27	66	SingleDown	DXC4B2P
2025-01-12 02:14:21	83	SingleUp	DXC4B2P
2025-01-12 02:17:14	71	SingleDown	DXC4B2P
2025-01-12 02:20:07	82	SingleUp	DXC4B2P
2025-01-12 02:23:00	81	Flat	DXC4B2P
2025-01-12 02:25:53	77	SingleDown	DXC4B2P
2025-01-12 02:28:47	68	SingleDown	DXC4B2P
2025-01-12 02:31:40	68	Flat	DXC4B2P
2025-01-12 02:34:33	85	SingleUp	DXC4B2P
2025-01-12 02:37:26	73	SingleDown	DXC4B2P
2025-01-12 02:40:19	86	SingleUp	DXC4B2P
2025-01-12 02:43:13	66	SingleDown	DXC4B2P
2025-01-12 02:46:06	79	SingleUp	DXC4B2P
2025-01-12 02:48:59	87	SingleUp	DXC4B2P
2025-01-12 02:51:52	91	SingleUp	DXC4B2P
2025-01-12 02:54:45	69	SingleDown	DXC4B2P
2025-01-12 02:57:39	90	SingleUp	DXC4B2P
2025-01-12 03:00:32	117	SingleUp	DXC4B2P
2025-01-12 03:03:25	103	SingleDown	DXC4B2P
2025-01-12 03:06:18	95	SingleDown	DXC4B2P
2025-01-12 03:09:11	114	SingleUp	DXC4B2P
2025-01-12 03:12:05	118	SingleUp	DXC4B2P
2025-01-12 03:14:58	104	SingleDown	DXC4B2P
2025-01-12 03:17:51	113	SingleUp	DXC4B2P
2025-01-12 03:20:44	116	SingleUp	DXC4B2P
2025-01-12 03:23:37	112	SingleDown	DXC4B2P
2025-01-12 03:26:31	114	FortyFiveUp	DXC4B2P
2025-01-12 03:29:24	99	SingleDown	DXC4B2P
2025-01-12 03:32:17	109	SingleUp	DXC4B2P
2025-01-12 03:35:10	112	SingleUp	DXC4B2P
2025-01-12 03:38:03	100	SingleDown	DXC4B2P
2025-01-12 03:40:56	105	SingleUp	DXC4B2P
2025-01-12 03:43:50	98	SingleDown	DXC4B2P
2025-01-12 03:46:43	101	SingleUp	DXC4B2P
2025-01-12 03:49:36	124	SingleUp	DXC4B2P
2025-01-12 03:52:29	109	SingleDown	DXC4B2P
2025-01-12 03:55:22	101	SingleDown	DXC4B2P
2025-01-12 03:58:16	111	SingleUp	DXC4B2P
2025-01-12 04:01:09	115	SingleUp	DXC4B2P
2025-01-12 04:04:02	113	FortyFiveDown	DXC4B2P
2025-01-12 04:06:55	107	SingleDown	DXC4B2P
2025-01-12 04:09:48	103	SingleDown	DXC4B2P
2025-01-12 04:12:42	116	SingleUp	DXC4B2P
2025-01-12 04:15:35	125	SingleUp	DXC4B2P
2025-01-12 04:18:28	111	SingleDown	DXC4B2P
2025-01-12 04:21:21	106	SingleDown	DXC4B2P
2025-01-12 04:24:14	112	SingleUp	DXC4B2P
2025-01-12 04:27:08	128	SingleUp	DXC4B2P
2025-01-12 04:30:01	114	SingleDown	DXC4B2P
2025-01-12 04:32:54	118	SingleUp	DXC4B2P
2025-01-12 04:35:47	104	SingleDown	DXC4B2P
2025-01-12 04:38:40	128	SingleUp	DXC4B2P
2025-01-12 04:41:34	117	SingleDown	DXC4B2P
2025-01-12 04:44:27	111	SingleDown	DXC4B2P
2025-01-12 04:47:20	117	SingleUp	DXC4B2P
2025-01-12 04:50:13	128	SingleUp	DXC4B2P
2025-01-12 04:53:06	127	Flat	DXC4B2P
2025-01-12 04:56:00	126	Flat	DXC4B2P
2025-01-12 04:58:53	126	Flat	DXC4B2P
2025-01-12 05:01:46	117	SingleDown	DXC4B2P
2025-01-12 05:04:39	121	SingleUp	DXC4B2P
2025-01-12 05:07:32	115	SingleDown	DXC4B2P
2025-01-12 05:10:26	132	SingleUp	DXC4B2P
2025-01-12 05:13:19	110	SingleDown	DXC4B2P
2025-01-12 05:16:12	109	Flat	DXC4B2P
2025-01-12 05:19:05	111	FortyFiveUp	DXC4B2P
2025-01-12 05:21:58	120	SingleUp	DXC4B2P
2025-01-12 05:24:52	121	Flat	DXC4B2P
2025-01-12 05:27:45	107	SingleDown	DXC4B2P
2025-01-12 05:30:38	116	SingleUp	DXC4B2P
2025-01-12 05:33:31	130	SingleUp	DXC4B2P
2025-01-12 05:36:24	110	SingleDown	DXC4B2P
2025-01-12 05:39:17	110	Flat	DXC4B2P
2025-01-12 05:42:11	131	SingleUp	DXC4B2P
2025-01-12 05:45:04	110	SingleDown	DXC4B2P
2025-01-12 05:47:57	125	SingleUp	DXC4B2P
2025-01-12 05:50:50	115	SingleDown	DXC4B2P
2025-01-12 05:53:43	133	SingleUp	DXC4B2P
2025-01-12 05:56:37	114	SingleDown	DXC4B2P
2025-01-12 05:59:30	132	SingleUp	DXC4B2P
2025-01-12 06:02:23	114	SingleDown	DXC4B2P
2025-01-12 06:05:16	116	FortyFiveUp	DXC4B2P
2025-01-12 06:08:09	120	SingleUp	DXC4B2P
2025-01-12 06:11:03	110	SingleDown	DXC4B2P
2025-01-12 06:13:56	135	SingleUp	DXC4B2P
2025-01-12 06:16:49	122	SingleDown	DXC4B2P
2025-01-12 06:19:42	119	SingleDown	DXC4B2P
2025-01-12 06:22:35	119	Flat	DXC4B2P
2025-01-12 06:25:29	124	SingleUp	DXC4B2P
2025-01-12 06:28:22	125	Flat	DXC4B2P
2025-01-12 06:31:15	138	SingleUp	DXC4B2P
2025-01-12 06:34:08	120	SingleDown	DXC4B2P
2025-01-12 06:37:01	129	SingleUp	DXC4B2P
2025-01-12 06:39:55	116	SingleDown	DXC4B2P
2025-01-12 06:42:48	115	Flat	DXC4B2P
2025-01-12 06:45:41	140	SingleUp	DXC4B2P
2025-01-12 06:48:34	115	SingleDown	DXC4B2P
2025-01-12 06:51:27	116	Flat	DXC4B2P
2025-01-12 06:54:21	132	SingleUp	DXC4B2P
2025-01-12 06:57:14	121	SingleDown	DXC4B2P
2025-01-12 07:00:07	131	SingleUp	DXC4B2P
2025-01-12 07:03:00	142	SingleUp	DXC4B2P
2025-01-12 07:05:53	116	SingleDown	DXC4B2P
2025-01-12 07:08:47	131	SingleUp	DXC4B2P
2025-01-12 07:11:40	119	SingleDown	DXC4B2P
2025-01-12 07:14:33	115	SingleDown	DXC4B2P
2025-01-12 07:17:26	117	FortyFiveUp	DXC4B2P
2025-01-12 07:20:19	117	Flat	DXC4B2P
2025-01-12 07:23:12	141	SingleUp	DXC4B2P
2025-01-12 07:26:06	134	SingleDown	DXC4B2P
2025-01-12 07:28:59	123	SingleDown	DXC4B2P
2025-01-12 07:31:52	131	SingleUp	DXC4B2P
2025-01-12 07:34:45	136	SingleUp	DXC4B2P
2025-01-12 07:37:38	131	SingleDown	DXC4B2P
2025-01-12 07:40:32	138	SingleUp	DXC4B2P
2025-01-12 07:43:25	122	SingleDown	DXC4B2P
2025-01-12 07:46:18	117	SingleDown	DXC4B2P
2025-01-12 07:49:11	118	Flat	DXC4B2P
2025-01-12 07:52:04	138	SingleUp	DXC4B2P
2025-01-12 07:54:58	132	SingleDown	DXC4B2P
2025-01-12 07:57:51	139	SingleUp	DXC4B2P
2025-01-12 08:00:44	120	SingleDown	DXC4B2P
2025-01-12 08:03:37	119	Flat	DXC4B2P
2025-01-12 08:06:30	118	Flat	DXC4B2P
2025-01-12 08:09:24	110	SingleDown	DXC4B2P
2025-01-12 08:12:17	115	SingleUp	DXC4B2P
2025-01-12 08:15:10	113	FortyFiveDown	DXC4B2P
2025-01-12 08:18:03	107	SingleDown	DXC4B2P
2025-01-12 08:20:56	114	SingleUp	DXC4B2P
2025-01-12 08:23:50	116	FortyFiveUp	DXC4B2P
2025-01-12 08:26:43	112	SingleDown	DXC4B2P
2025-01-12 08:29:36	135	SingleUp	DXC4B2P
2025-01-12 08:32:29	122	SingleDown	DXC4B2P
2025-01-12 08:35:22	133	SingleUp	DXC4B2P
2025-01-12 08:38:16	106	SingleDown	DXC4B2P
2025-01-12 08:41:09	113	SingleUp	DXC4B2P
2025-01-12 08:44:02	122	SingleUp	DXC4B2P
2025-01-12 08:46:55	121	Flat	DXC4B2P
2025-01-12 08:49:48	115	SingleDown	DXC4B2P
2025-01-12 08:52:42	117	FortyFiveUp	DXC4B2P
2025-01-12 08:55:35	116	Flat	DXC4B2P
2025-01-12 08:58:28	115	Flat	DXC4B2P
2025-01-12 09:01:21	141	SingleUp	DXC4B2P
2025-01-12 09:04:14	142	Flat	DXC4B2P
2025-01-12 09:07:08	146	SingleUp	DXC4B2P
2025-01-12 09:10:01	160	SingleUp	DXC4B2P
2025-01-12 09:12:54	146	SingleDown	DXC4B2P
2025-01-12 09:15:47	157	SingleUp	DXC4B2P
2025-01-12 09:18:40	150	SingleDown	DXC4B2P
2025-01-12 09:21:33	147	SingleDown	DXC4B2P
2025-01-12 09:24:27	148	Flat	DXC4B2P
2025-01-12 09:27:20	144	SingleDown	DXC4B2P
2025-01-12 09:30:13	142	FortyFiveDown	DXC4B2P
2025-01-12 09:33:06	143	Flat	DXC4B2P
2025-01-12 09:35:59	148	SingleUp	DXC4B2P
2025-01-12 09:38:53	143	SingleDown	DXC4B2P
2025-01-12 09:41:46	161	SingleUp	DXC4B2P
2025-01-12 09:44:39	138	SingleDown	DXC4B2P
2025-01-12 09:47:32	146	SingleUp	DXC4B2P
2025-01-12 09:50:25	151	SingleUp	DXC4B2P
2025-01-12 09:53:19	146	SingleDown	DXC4B2P
2025-01-12 09:56:12	134	SingleDown	DXC4B2P
2025-01-12 09:59:05	144	SingleUp	DXC4B2P
2025-01-12 10:01:58	171	SingleUp	DXC4B2P
2025-01-12 10:04:51	147	SingleDown	DXC4B2P
2025-01-12 10:07:45	164	SingleUp	DXC4B2P
2025-01-12 10:10:38	166	FortyFiveUp	DXC4B2P
2025-01-12 10:13:31	151	SingleDown	DXC4B2P
2025-01-12 10:16:24	155	SingleUp	DXC4B2P
2025-01-12 10:19:17	146	SingleDown	DXC4B2P
2025-01-12 10:22:11	162	SingleUp	DXC4B2P
2025-01-12 10:25:04	157	SingleDown	DXC4B2P
2025-01-12 10:27:57	163	SingleUp	DXC4B2P
2025-01-12 10:30:50	157	SingleDown	DXC4B2P
2025-01-12 10:33:43	165	SingleUp	DXC4B2P
2025-01-12 10:36:37	173	SingleUp	DXC4B2P
2025-01-12 10:39:30	173	Flat	DXC4B2P
2025-01-12 10:42:23	169	SingleDown	DXC4B2P
2025-01-12 10:45:16	156	SingleDown	DXC4B2P
2025-01-12 10:48:09	156	Flat	DXC4B2P
2025-01-12 10:51:03	174	SingleUp	DXC4B2P
2025-01-12 10:53:56	150	SingleDown	DXC4B2P
2025-01-12 10:56:49	148	FortyFiveDown	DXC4B2P
2025-01-12 10:59:42	152	SingleUp	DXC4B2P
2025-01-12 11:02:35	150	FortyFiveDown	DXC4B2P
2025-01-12 11:05:29	150	Flat	DXC4B2P
2025-01-12 11:08:22	150	Flat	DXC4B2P
2025-01-12 11:11:15	157	SingleUp	DXC4B2P
2025-01-12 11:14:08	142	SingleDown	DXC4B2P
2025-01-12 11:17:01	133	SingleDown	DXC4B2P
2025-01-12 11:19:54	134	Flat	DXC4B2P
2025-01-12 11:22:48	134	Flat	DXC4B2P
2025-01-12 11:25:41	163	SingleUp	DXC4B2P
2025-01-12 11:28:34	140	SingleDown	DXC4B2P
2025-01-12 11:31:27	147	SingleUp	DXC4B2P
2025-01-12 11:34:20	161	SingleUp	DXC4B2P
2025-01-12 11:37:14	142	SingleDown	DXC4B2P
2025-01-12 11:40:07	162	SingleUp	DXC4B2P
2025-01-12 11:43:00	137	SingleDown	DXC4B2P
2025-01-12 11:45:53	159	SingleUp	DXC4B2P
2025-01-12 11:48:46	161	FortyFiveUp	DXC4B2P
2025-01-12 11:51:40	162	Flat	DXC4B2P
2025-01-12 11:54:33	151	SingleDown	DXC4B2P
2025-01-12 11:57:26	162	SingleUp	DXC4B2P
2025-01-12 12:00:19	133	SingleDown	DXC4B2P
2025-01-12 12:03:12	122	SingleDown	DXC4B2P
2025-01-12 12:06:06	138	SingleUp	DXC4B2P
2025-01-12 12:08:59	125	SingleDown	DXC4B2P
2025-01-12 12:11:52	139	SingleUp	DXC4B2P
2025-01-12 12:14:45	124	SingleDown	DXC4B2P
2025-01-12 12:17:38	135	SingleUp	DXC4B2P
2025-01-12 12:20:32	121	SingleDown	DXC4B2P
2025-01-12 12:23:25	126	SingleUp	DXC4B2P
2025-01-12 12:26:18	139	SingleUp	DXC4B2P
2025-01-12 12:29:11	144	SingleUp	DXC4B2P
2025-01-12 12:32:04	129	SingleDown	DXC4B2P
2025-01-12 12:34:58	118	SingleDown	DXC4B2P
2025-01-12 12:37:51	125	SingleUp	DXC4B2P
2025-01-12 12:40:44	124	Flat	DXC4B2P
2025-01-12 12:43:37	116	SingleDown	DXC4B2P
2025-01-12 12:46:30	122	SingleUp	DXC4B2P
2025-01-12 12:49:24	129	SingleUp	DXC4B2P
2025-01-12 12:52:17	127	FortyFiveDown	DXC4B2P
2025-01-12 12:55:10	137	SingleUp	DXC4B2P
2025-01-12 12:58:03	135	FortyFiveDown	DXC4B2P
2025-01-12 13:00:56	175	SingleUp	DXC4B2P
2025-01-12 13:03:50	152	SingleDown	DXC4B2P
2025-01-12 13:06:43	167	SingleUp	DXC4B2P
2025-01-12 13:09:36	153	SingleDown	DXC4B2P
2025-01-12 13:12:29	162	SingleUp	DXC4B2P
2025-01-12 13:15:22	169	SingleUp	DXC4B2P
2025-01-12 13:18:15	169	Flat	DXC4B2P
2025-01-12 13:21:09	173	SingleUp	DXC4B2P
2025-01-12 13:24:02	163	SingleDown	DXC4B2P
2025-01-12 13:26:55	159	SingleDown	DXC4B2P
2025-01-12 13:29:48	167	SingleUp	DXC4B2P
2025-01-12 13:32:41	146	SingleDown	DXC4B2P
2025-01-12 13:35:35	158	SingleUp	DXC4B2P
2025-01-12 13:38:28	159	Flat	DXC4B2P
2025-01-12 13:41:21	174	SingleUp	DXC4B2P
2025-01-12 13:44:14	163	SingleDown	DXC4B2P
2025-01-12 13:47:07	163	Flat	DXC4B2P
2025-01-12 13:50:01	160	SingleDown	DXC4B2P
2025-01-12 13:52:54	160	Flat	DXC4B2P
2025-01-12 13:55:47	147	SingleDown	DXC4B2P
2025-01-12 13:58:40	169	SingleUp	DXC4B2P
2025-01-12 14:01:33	167	FortyFiveDown	DXC4B2P
2025-01-12 14:04:27	158	SingleDown	DXC4B2P
2025-01-12 14:07:20	160	FortyFiveUp	DXC4B2P
2025-01-12 14:10:13	166	SingleUp	DXC4B2P
2025-01-12 14:13:06	152	SingleDown	DXC4B2P
2025-01-12 14:15:59	174	SingleUp	DXC4B2P
2025-01-12 14:18:53	150	SingleDown	DXC4B2P
2025-01-12 14:21:46	170	SingleUp	DXC4B2P
2025-01-12 14:24:39	159	SingleDown	DXC4B2P
2025-01-12 14:27:32	154	SingleDown	DXC4B2P
2025-01-12 14:30:25	170	SingleUp	DXC4B2P
2025-01-12 14:33:19	155	SingleDown	DXC4B2P
2025-01-12 14:36:12	157	FortyFiveUp	DXC4B2P
2025-01-12 14:39:05	168	SingleUp	DXC4B2P
2025-01-12 14:41:58	155	SingleDown	DXC4B2P
2025-01-12 14:44:51	170	SingleUp	DXC4B2P
2025-01-12 14:47:45	156	SingleDown	DXC4B2P
2025-01-12 14:50:38	156	Flat	DXC4B2P
2025-01-12 14:53:31	158	FortyFiveUp	DXC4B2P
2025-01-12 14:56:24	149	SingleDown	DXC4B2P
2025-01-12 14:59:17	162	SingleUp	DXC4B2P
2025-01-12 15:02:11	112	SingleDown	DXC4B2P
2025-01-12 15:05:04	114	FortyFiveUp	DXC4B2P
2025-01-12 15:07:57	111	SingleDown	DXC4B2P
2025-01-12 15:10:50	116	SingleUp	DXC4B2P
2025-01-12 15:13:43	129	SingleUp	DXC4B2P
2025-01-12 15:16:36	107	SingleDown	DXC4B2P
2025-01-12 15:19:30	119	SingleUp	DXC4B2P
2025-01-12 15:22:23	122	SingleUp	DXC4B2P
2025-01-12 15:25:16	117	SingleDown	DXC4B2P
2025-01-12 15:28:09	119	FortyFiveUp	DXC4B2P
2025-01-12 15:31:02	127	SingleUp	DXC4B2P
2025-01-12 15:33:56	106	SingleDown	DXC4B2P
2025-01-12 15:36:49	117	SingleUp	DXC4B2P
2025-01-12 15:39:42	125	SingleUp	DXC4B2P
2025-01-12 15:42:35	119	SingleDown	DXC4B2P
2025-01-12 15:45:28	105	SingleDown	DXC4B2P
2025-01-12 15:48:22	127	SingleUp	DXC4B2P
2025-01-12 15:51:15	114	SingleDown	DXC4B2P
2025-01-12 15:54:08	117	SingleUp	DXC4B2P
2025-01-12 15:57:01	128	SingleUp	DXC4B2P
2025-01-12 15:59:54	115	SingleDown	DXC4B2P
2025-01-12 16:02:48	105	SingleDown	DXC4B2P
2025-01-12 16:05:41	109	SingleUp	DXC4B2P
2025-01-12 16:08:34	110	Flat	DXC4B2P
2025-01-12 16:11:27	106	SingleDown	DXC4B2P
2025-01-12 16:14:20	115	SingleUp	DXC4B2P
2025-01-12 16:17:14	102	SingleDown	DXC4B2P
2025-01-12 16:20:07	113	SingleUp	DXC4B2P
2025-01-12 16:23:00	120	SingleUp	DXC4B2P
2025-01-12 16:25:53	126	SingleUp	DXC4B2P
2025-01-12 16:28:46	104	SingleDown	DXC4B2P
2025-01-12 16:31:40	112	SingleUp	DXC4B2P
2025-01-12 16:34:33	123	SingleUp	DXC4B2P
2025-01-12 16:37:26	126	SingleUp	DXC4B2P
2025-01-12 16:40:19	127	Flat	DXC4B2P
2025-01-12 16:43:12	126	Flat	DXC4B2P
2025-01-12 16:46:06	121	SingleDown	DXC4B2P
2025-01-12 16:48:59	114	SingleDown	DXC4B2P
2025-01-12 16:51:52	127	SingleUp	DXC4B2P
2025-01-12 16:54:45	103	SingleDown	DXC4B2P
2025-01-12 16:57:38	112	SingleUp	DXC4B2P
2025-01-12 17:00:31	117	SingleUp	DXC4B2P
2025-01-12 17:03:25	107	SingleDown	DXC4B2P
2025-01-12 17:06:18	120	SingleUp	DXC4B2P
2025-01-12 17:09:11	110	SingleDown	DXC4B2P
2025-01-12 17:12:04	126	SingleUp	DXC4B2P
2025-01-12 17:14:57	108	SingleDown	DXC4B2P
2025-01-12 17:17:51	104	SingleDown	DXC4B2P
2025-01-12 17:20:44	126	SingleUp	DXC4B2P
2025-01-12 17:23:37	130	SingleUp	DXC4B2P
2025-01-12 17:26:30	124	SingleDown	DXC4B2P
2025-01-12 17:29:23	116	SingleDown	DXC4B2P
2025-01-12 17:32:17	130	SingleUp	DXC4B2P
2025-01-12 17:35:10	126	SingleDown	DXC4B2P
2025-01-12 17:38:03	126	Flat	DXC4B2P
2025-01-12 17:40:56	126	Flat	DXC4B2P
2025-01-12 17:43:49	115	SingleDown	DXC4B2P
2025-01-12 17:46:43	110	SingleDown	DXC4B2P
2025-01-12 17:49:36	116	SingleUp	DXC4B2P
2025-01-12 17:52:29	112	SingleDown	DXC4B2P
2025-01-12 17:55:22	128	SingleUp	DXC4B2P
2025-01-12 17:58:15	121	SingleDown	DXC4B2P
2025-01-12 18:01:09	124	SingleUp	DXC4B2P
2025-01-12 18:04:02	104	SingleDown	DXC4B2P
2025-01-12 18:06:55	114	SingleUp	DXC4B2P
2025-01-12 18:09:48	114	Flat	DXC4B2P
2025-01-12 18:12:41	126	SingleUp	DXC4B2P
2025-01-12 18:15:35	117	SingleDown	DXC4B2P
2025-01-12 18:18:28	100	SingleDown	DXC4B2P
2025-01-12 18:21:21	122	SingleUp	DXC4B2P
2025-01-12 18:24:14	104	SingleDown	DXC4B2P
2025-01-12 18:27:07	113	SingleUp	DXC4B2P
2025-01-12 18:30:01	123	SingleUp	DXC4B2P
2025-01-12 18:32:54	120	SingleDown	DXC4B2P
2025-01-12 18:35:47	108	SingleDown	DXC4B2P
2025-01-12 18:38:40	129	SingleUp	DXC4B2P
2025-01-12 18:41:33	117	SingleDown	DXC4B2P
2025-01-12 18:44:27	121	SingleUp	DXC4B2P
2025-01-12 18:47:20	120	Flat	DXC4B2P
2025-01-12 18:50:13	127	SingleUp	DXC4B2P
2025-01-12 18:53:06	121	SingleDown	DXC4B2P
2025-01-12 18:55:59	109	SingleDown	DXC4B2P
2025-01-12 18:58:52	107	FortyFiveDown	DXC4B2P
2025-01-12 19:01:46	115	SingleUp	DXC4B2P
2025-01-12 19:04:39	125	SingleUp	DXC4B2P
2025-01-12 19:07:32	137	SingleUp	DXC4B2P
2025-01-12 19:10:25	119	SingleDown	DXC4B2P
2025-01-12 19:13:18	135	SingleUp	DXC4B2P
2025-01-12 19:16:12	122	SingleDown	DXC4B2P
2025-01-12 19:19:05	117	SingleDown	DXC4B2P
2025-01-12 19:21:58	115	FortyFiveDown	DXC4B2P
2025-01-12 19:24:51	117	FortyFiveUp	DXC4B2P
2025-01-12 19:27:44	112	SingleDown	DXC4B2P
2025-01-12 19:30:38	128	SingleUp	DXC4B2P
2025-01-12 19:33:31	131	SingleUp	DXC4B2P
2025-01-12 19:36:24	140	SingleUp	DXC4B2P
2025-01-12 19:39:17	112	SingleDown	DXC4B2P
2025-01-12 19:42:10	139	SingleUp	DXC4B2P
2025-01-12 19:45:04	140	Flat	DXC4B2P
2025-01-12 19:47:57	110	SingleDown	DXC4B2P
2025-01-12 19:50:50	139	SingleUp	DXC4B2P
2025-01-12 19:53:43	116	SingleDown	DXC4B2P
2025-01-12 19:56:36	125	SingleUp	DXC4B2P
2025-01-12 19:59:30	134	SingleUp	DXC4B2P
2025-01-12 20:02:23	145	SingleUp	DXC4B2P
2025-01-12 20:05:16	153	SingleUp	DXC4B2P
2025-01-12 20:08:09	139	SingleDown	DXC4B2P
2025-01-12 20:11:02	162	SingleUp	DXC4B2P
2025-01-12 20:13:56	156	SingleDown	DXC4B2P
2025-01-12 20:16:49	159	SingleUp	DXC4B2P
2025-01-12 20:19:42	148	SingleDown	DXC4B2P
2025-01-12 20:22:35	140	SingleDown	DXC4B2P
2025-01-12 20:25:28	163	SingleUp	DXC4B2P
2025-01-12 20:28:22	160	SingleDown	DXC4B2P
2025-01-12 20:31:15	139	SingleDown	DXC4B2P
2025-01-12 20:34:08	150	SingleUp	DXC4B2P
2025-01-12 20:37:01	140	SingleDown	DXC4B2P
2025-01-12 20:39:54	160	SingleUp	DXC4B2P
2025-01-12 20:42:48	138	SingleDown	DXC4B2P
2025-01-12 20:45:41	163	SingleUp	DXC4B2P
2025-01-12 20:48:34	137	SingleDown	DXC4B2P
2025-01-12 20:51:27	165	SingleUp	DXC4B2P
2025-01-12 20:54:20	143	SingleDown	DXC4B2P
2025-01-12 20:57:13	140	SingleDown	DXC4B2P
2025-01-12 21:00:07	157	SingleUp	DXC4B2P
2025-01-12 21:03:00	143	SingleDown	DXC4B2P
2025-01-12 21:05:53	144	Flat	DXC4B2P
2025-01-12 21:08:46	150	SingleUp	DXC4B2P
2025-01-12 21:11:39	157	SingleUp	DXC4B2P
2025-01-12 21:14:33	146	SingleDown	DXC4B2P
2025-01-12 21:17:26	137	SingleDown	DXC4B2P
2025-01-12 21:20:19	146	SingleUp	DXC4B2P
2025-01-12 21:23:12	152	SingleUp	DXC4B2P
2025-01-12 21:26:05	149	SingleDown	DXC4B2P
2025-01-12 21:28:59	138	SingleDown	DXC4B2P
2025-01-12 21:31:52	148	SingleUp	DXC4B2P
2025-01-12 21:34:45	160	SingleUp	DXC4B2P
2025-01-12 21:37:38	159	Flat	DXC4B2P
2025-01-12 21:40:31	158	Flat	DXC4B2P
2025-01-12 21:43:25	150	SingleDown	DXC4B2P
2025-01-12 21:46:18	138	SingleDown	DXC4B2P
2025-01-12 21:49:11	143	SingleUp	DXC4B2P
2025-01-12 21:52:04	153	SingleUp	DXC4B2P
2025-01-12 21:54:57	151	FortyFiveDown	DXC4B2P
2025-01-12 21:57:51	161	SingleUp	DXC4B2P
2025-01-12 22:00:44	91	SingleDown	DXC4B2P
2025-01-12 22:03:37	85	SingleDown	DXC4B2P
2025-01-12 22:06:30	112	SingleUp	DXC4B2P
2025-01-12 22:09:23	98	SingleDown	DXC4B2P
2025-01-12 22:12:17	102	SingleUp	DXC4B2P
2025-01-12 22:15:10	91	SingleDown	DXC4B2P
2025-01-12 22:18:03	88	SingleDown	DXC4B2P
2025-01-12 22:20:56	108	SingleUp	DXC4B2P
2025-01-12 22:23:49	112	SingleUp	DXC4B2P
2025-01-12 22:26:43	115	SingleUp	DXC4B2P
2025-01-12 22:29:36	112	SingleDown	DXC4B2P
2025-01-12 22:32:29	87	SingleDown	DXC4B2P
2025-01-12 22:35:22	99	SingleUp	DXC4B2P
2025-01-12 22:38:15	86	SingleDown	DXC4B2P
2025-01-12 22:41:09	90	SingleUp	DXC4B2P
2025-01-12 22:44:02	99	SingleUp	DXC4B2P
2025-01-12 22:46:55	107	SingleUp	DXC4B2P
2025-01-12 22:49:48	104	SingleDown	DXC4B2P
2025-01-12 22:52:41	85	SingleDown	DXC4B2P
2025-01-12 22:55:34	105	SingleUp	DXC4B2P
2025-01-12 22:58:28	100	SingleDown	DXC4B2P
2025-01-12 23:01:21	107	SingleUp	DXC4B2P
2025-01-12 23:04:14	106	Flat	DXC4B2P
2025-01-12 23:07:07	101	SingleDown	DXC4B2P
2025-01-12 23:10:00	108	SingleUp	DXC4B2P
2025-01-12 23:12:54	96	SingleDown	DXC4B2P
2025-01-12 23:15:47	110	SingleUp	DXC4B2P
2025-01-12 23:18:40	82	SingleDown	DXC4B2P
2025-01-12 23:21:33	105	SingleUp	DXC4B2P
2025-01-12 23:24:26	107	FortyFiveUp	DXC4B2P
2025-01-12 23:27:20	85	SingleDown	DXC4B2P
2025-01-12 23:30:13	101	SingleUp	DXC4B2P
2025-01-12 23:33:06	94	SingleDown	DXC4B2P
2025-01-12 23:35:59	105	SingleUp	DXC4B2P
2025-01-12 23:38:52	92	SingleDown	DXC4B2P
2025-01-12 23:41:46	107	SingleUp	DXC4B2P
2025-01-12 23:44:39	109	FortyFiveUp	DXC4B2P
2025-01-12 23:47:32	99	SingleDown	DXC4B2P
2025-01-12 23:50:25	82	SingleDown	DXC4B2P
2025-01-12 23:53:18	83	Flat	DXC4B2P
2025-01-12 23:56:12	92	SingleUp	DXC4B2P
2025-01-12 23:59:05	102	SingleUp	DXC4B2P
2025-01-13 00:01:58	105	SingleUp	DXC4B2P
2025-01-13 00:04:51	95	SingleDown	DXC4B2P
2025-01-13 00:07:44	101	SingleUp	DXC4B2P
2025-01-13 00:10:38	77	SingleDown	DXC4B2P
2025-01-13 00:13:31	101	SingleUp	DXC4B2P
2025-01-13 00:16:24	92	SingleDown	DXC4B2P
2025-01-13 00:19:17	84	SingleDown	DXC4B2P
2025-01-13 00:22:10	102	SingleUp	DXC4B2P
2025-01-13 00:25:04	94	SingleDown	DXC4B2P
2025-01-13 00:27:57	83	SingleDown	DXC4B2P
2025-01-13 00:30:50	84	Flat	DXC4B2P
2025-01-13 00:33:43	100	SingleUp	DXC4B2P
2025-01-13 00:36:36	100	Flat	DXC4B2P
2025-01-13 00:39:30	99	Flat	DXC4B2P
2025-01-13 00:42:23	99	Flat	DXC4B2P
2025-01-13 00:45:16	76	SingleDown	DXC4B2P
2025-01-13 00:48:09	78	FortyFiveUp	DXC4B2P
2025-01-13 00:51:02	78	Flat	DXC4B2P
2025-01-13 00:53:55	81	SingleUp	DXC4B2P
2025-01-13 00:56:49	92	SingleUp	DXC4B2P
2025-01-13 00:59:42	75	SingleDown	DXC4B2P
2025-01-13 01:02:35	76	Flat	DXC4B2P
2025-01-13 01:05:28	74	FortyFiveDown	DXC4B2P
2025-01-13 01:08:21	91	SingleUp	DXC4B2P
2025-01-13 01:11:15	78	SingleDown	DXC4B2P
2025-01-13 01:14:08	84	SingleUp	DXC4B2P
2025-01-13 01:17:01	78	SingleDown	DXC4B2P
2025-01-13 01:19:54	73	SingleDown	DXC4B2P
2025-01-13 01:22:47	90	SingleUp	DXC4B2P
2025-01-13 01:25:41	85	SingleDown	DXC4B2P
2025-01-13 01:28:34	94	SingleUp	DXC4B2P
2025-01-13 01:31:27	82	SingleDown	DXC4B2P
2025-01-13 01:34:20	70	SingleDown	DXC4B2P
2025-01-13 01:37:13	90	SingleUp	DXC4B2P
2025-01-13 01:40:07	72	SingleDown	DXC4B2P
2025-01-13 01:43:00	95	SingleUp	DXC4B2P
2025-01-13 01:45:53	97	FortyFiveUp	DXC4B2P
2025-01-13 01:48:46	96	Flat	DXC4B2P
2025-01-13 01:51:39	99	SingleUp	DXC4B2P
2025-01-13 01:54:33	81	SingleDown	DXC4B2P
2025-01-13 01:57:26	86	SingleUp	DXC4B2P
2025-01-13 02:00:19	66	SingleDown	DXC4B2P
2025-01-13 02:03:12	68	FortyFiveUp	DXC4B2P
2025-01-13 02:06:05	79	SingleUp	DXC4B2P
2025-01-13 02:08:59	79	Flat	DXC4B2P
2025-01-13 02:11:52	84	SingleUp	DXC4B2P
2025-01-13 02:14:45	70	SingleDown	DXC4B2P
2025-01-13 02:17:38	81	SingleUp	DXC4B2P
2025-01-13 02:20:31	92	SingleUp	DXC4B2P
2025-01-13 02:23:25	87	SingleDown	DXC4B2P
2025-01-13 02:26:18	68	SingleDown	DXC4B2P
2025-01-13 02:29:11	83	SingleUp	DXC4B2P
2025-01-13 02:32:04	70	SingleDown	DXC4B2P
2025-01-13 02:34:57	82	SingleUp	DXC4B2P
2025-01-13 02:37:50	87	SingleUp	DXC4B2P
2025-01-13 02:40:44	91	SingleUp	DXC4B2P
2025-01-13 02:43:37	74	SingleDown	DXC4B2P
2025-01-13 02:46:30	75	Flat	DXC4B2P
2025-01-13 02:49:23	86	SingleUp	DXC4B2P
2025-01-13 02:52:16	81	SingleDown	DXC4B2P
2025-01-13 02:55:10	71	SingleDown	DXC4B2P
2025-01-13 02:58:03	80	SingleUp	DXC4B2P
2025-01-13 03:00:56	99	SingleUp	DXC4B2P
2025-01-13 03:03:49	113	SingleUp	DXC4B2P
2025-01-13 03:06:42	115	FortyFiveUp	DXC4B2P
2025-01-13 03:09:36	117	FortyFiveUp	DXC4B2P
2025-01-13 03:12:29	105	SingleDown	DXC4B2P
2025-01-13 03:15:22	116	SingleUp	DXC4B2P
2025-01-13 03:18:15	122	SingleUp	DXC4B2P
2025-01-13 03:21:08	122	Flat	DXC4B2P
2025-01-13 03:24:02	96	SingleDown	DXC4B2P
2025-01-13 03:26:55	110	SingleUp	DXC4B2P
2025-01-13 03:29:48	96	SingleDown	DXC4B2P
2025-01-13 03:32:41	113	SingleUp	DXC4B2P
2025-01-13 03:35:34	119	SingleUp	DXC4B2P
2025-01-13 03:38:28	120	Flat	DXC4B2P
2025-01-13 03:41:21	104	SingleDown	DXC4B2P
2025-01-13 03:44:14	105	Flat	DXC4B2P
2025-01-13 03:47:07	95	SingleDown	DXC4B2P
2025-01-13 03:50:00	117	SingleUp	DXC4B2P
2025-01-13 03:52:54	97	SingleDown	DXC4B2P
2025-01-13 03:55:47	98	Flat	DXC4B2P
2025-01-13 03:58:40	103	SingleUp	DXC4B2P
2025-01-13 04:01:33	114	SingleUp	DXC4B2P
2025-01-13 04:04:26	119	SingleUp	DXC4B2P
2025-01-13 04:07:20	112	SingleDown	DXC4B2P
2025-01-13 04:10:13	117	SingleUp	DXC4B2P
2025-01-13 04:13:06	121	SingleUp	DXC4B2P
2025-01-13 04:15:59	117	SingleDown	DXC4B2P
2025-01-13 04:18:52	122	SingleUp	DXC4B2P
2025-01-13 04:21:46	116	SingleDown	DXC4B2P
2025-01-13 04:24:39	121	SingleUp	DXC4B2P
2025-01-13 04:27:32	117	SingleDown	DXC4B2P
2025-01-13 04:30:25	111	SingleDown	DXC4B2P
2025-01-13 04:33:18	126	SingleUp	DXC4B2P
2025-01-13 04:36:11	117	SingleDown	DXC4B2P
2025-01-13 04:39:05	112	SingleDown	DXC4B2P
2025-01-13 04:41:58	102	SingleDown	DXC4B2P
2025-01-13 04:44:51	119	SingleUp	DXC4B2P
2025-01-13 04:47:44	103	SingleDown	DXC4B2P
2025-01-13 04:50:37	102	Flat	DXC4B2P
2025-01-13 04:53:31	101	Flat	DXC4B2P
2025-01-13 04:56:24	129	SingleUp	DXC4B2P
2025-01-13 04:59:17	127	FortyFiveDown	DXC4B2P
2025-01-13 05:02:10	119	SingleDown	DXC4B2P
2025-01-13 05:05:03	111	SingleDown	DXC4B2P
2025-01-13 05:07:57	117	SingleUp	DXC4B2P
2025-01-13 05:10:50	129	SingleUp	DXC4B2P
2025-01-13 05:13:43	127	FortyFiveDown	DXC4B2P
2025-01-13 05:16:36	107	SingleDown	DXC4B2P
2025-01-13 05:19:29	116	SingleUp	DXC4B2P
2025-01-13 05:22:23	111	SingleDown	DXC4B2P
2025-01-13 05:25:16	131	SingleUp	DXC4B2P
2025-01-13 05:28:09	110	SingleDown	DXC4B2P
2025-01-13 05:31:02	122	SingleUp	DXC4B2P
2025-01-13 05:33:55	110	SingleDown	DXC4B2P
2025-01-13 05:36:49	111	Flat	DXC4B2P
2025-01-13 05:39:42	107	SingleDown	DXC4B2P
2025-01-13 05:42:35	132	SingleUp	DXC4B2P
2025-01-13 05:45:28	123	SingleDown	DXC4B2P
2025-01-13 05:48:21	114	SingleDown	DXC4B2P
2025-01-13 05:51:15	121	SingleUp	DXC4B2P
2025-01-13 05:54:08	109	SingleDown	DXC4B2P
2025-01-13 05:57:01	127	SingleUp	DXC4B2P
2025-01-13 05:59:54	107	SingleDown	DXC4B2P
2025-01-13 06:02:47	121	SingleUp	DXC4B2P
2025-01-13 06:05:41	116	SingleDown	DXC4B2P
2025-01-13 06:08:34	136	SingleUp	DXC4B2P
2025-01-13 06:11:27	130	SingleDown	DXC4B2P
2025-01-13 06:14:20	114	SingleDown	DXC4B2P
2025-01-13 06:17:13	122	SingleUp	DXC4B2P
2025-01-13 06:20:07	120	FortyFiveDown	DXC4B2P
2025-01-13 06:23:00	122	FortyFiveUp	DXC4B2P
2025-01-13 06:25:53	127	SingleUp	DXC4B2P
2025-01-13 06:28:46	125	FortyFiveDown	DXC4B2P
2025-01-13 06:31:39	121	SingleDown	DXC4B2P
2025-01-13 06:34:32	138	SingleUp	DXC4B2P
2025-01-13 06:37:26	120	SingleDown	DXC4B2P
2025-01-13 06:40:19	136	SingleUp	DXC4B2P
2025-01-13 06:43:12	135	Flat	DXC4B2P
2025-01-13 06:46:05	124	SingleDown	DXC4B2P
2025-01-13 06:48:58	115	SingleDown	DXC4B2P
2025-01-13 06:51:52	114	Flat	DXC4B2P
2025-01-13 06:54:45	125	SingleUp	DXC4B2P
2025-01-13 06:57:38	127	FortyFiveUp	DXC4B2P
2025-01-13 07:00:31	137	SingleUp	DXC4B2P
2025-01-13 07:03:24	142	SingleUp	DXC4B2P
2025-01-13 07:06:18	124	SingleDown	DXC4B2P
2025-01-13 07:09:11	117	SingleDown	DXC4B2P
2025-01-13 07:12:04	126	SingleUp	DXC4B2P
2025-01-13 07:14:57	124	FortyFiveDown	DXC4B2P
2025-01-13 07:17:50	132	SingleUp	DXC4B2P
2025-01-13 07:20:44	124	SingleDown	DXC4B2P
2025-01-13 07:23:37	124	Flat	DXC4B2P
2025-01-13 07:26:30	122	FortyFiveDown	DXC4B2P
2025-01-13 07:29:23	138	SingleUp	DXC4B2P
2025-01-13 07:32:16	115	SingleDown	DXC4B2P
2025-01-13 07:35:10	136	SingleUp	DXC4B2P
2025-01-13 07:38:03	130	SingleDown	DXC4B2P
2025-01-13 07:40:56	141	SingleUp	DXC4B2P
2025-01-13 07:43:49	126	SingleDown	DXC4B2P
2025-01-13 07:46:42	118	SingleDown	DXC4B2P
2025-01-13 07:49:36	125	SingleUp	DXC4B2P
2025-01-13 07:52:29	145	SingleUp	DXC4B2P
2025-01-13 07:55:22	125	SingleDown	DXC4B2P
2025-01-13 07:58:15	123	FortyFiveDown	DXC4B2P
2025-01-13 08:01:08	115	SingleDown	DXC4B2P
2025-01-13 08:04:02	111	SingleDown	DXC4B2P
2025-01-13 08:06:55	115	SingleUp	DXC4B2P
2025-01-13 08:09:48	120	SingleUp	DXC4B2P
2025-01-13 08:12:41	120	Flat	DXC4B2P
2025-01-13 08:15:34	131	SingleUp	DXC4B2P
2025-01-13 08:18:28	132	Flat	DXC4B2P
2025-01-13 08:21:21	130	FortyFiveDown	DXC4B2P
2025-01-13 08:24:14	118	SingleDown	DXC4B2P
2025-01-13 08:27:07	134	SingleUp	DXC4B2P
2025-01-13 08:30:00	126	SingleDown	DXC4B2P
2025-01-13 08:32:53	126	Flat	DXC4B2P
2025-01-13 08:35:47	133	SingleUp	DXC4B2P
2025-01-13 08:38:40	131	FortyFiveDown	DXC4B2P
2025-01-13 08:41:33	121	SingleDown	DXC4B2P
2025-01-13 08:44:26	133	SingleUp	DXC4B2P
2025-01-13 08:47:19	107	SingleDown	DXC4B2P
2025-01-13 08:50:13	119	SingleUp	DXC4B2P
2025-01-13 08:53:06	124	SingleUp	DXC4B2P
2025-01-13 08:55:59	106	SingleDown	DXC4B2P
2025-01-13 08:58:52	127	SingleUp	DXC4B2P
2025-01-13 09:01:45	144	SingleUp	DXC4B2P
2025-01-13 09:04:39	138	SingleDown	DXC4B2P
2025-01-13 09:07:32	162	SingleUp	DXC4B2P
2025-01-13 09:10:25	155	SingleDown	DXC4B2P
2025-01-13 09:13:18	152	SingleDown	DXC4B2P
2025-01-13 09:16:11	160	SingleUp	DXC4B2P
2025-01-13 09:19:05	155	SingleDown	DXC4B2P
2025-01-13 09:21:58	147	SingleDown	DXC4B2P
2025-01-13 09:24:51	141	SingleDown	DXC4B2P
2025-01-13 09:27:44	143	FortyFiveUp	DXC4B2P
2025-01-13 09:30:37	147	SingleUp	DXC4B2P
2025-01-13 09:33:31	141	SingleDown	DXC4B2P
2025-01-13 09:36:24	148	SingleUp	DXC4B2P
2025-01-13 09:39:17	149	Flat	DXC4B2P
2025-01-13 09:42:10	136	SingleDown	DXC4B2P
2025-01-13 09:45:03	152	SingleUp	DXC4B2P
2025-01-13 09:47:57	146	SingleDown	DXC4B2P
2025-01-13 09:50:50	150	SingleUp	DXC4B2P
2025-01-13 09:53:43	151	Flat	DXC4B2P
2025-01-13 09:56:36	134	SingleDown	DXC4B2P
2025-01-13 09:59:29	161	SingleUp	DXC4B2P
2025-01-13 10:02:23	174	SingleUp	DXC4B2P
2025-01-13 10:05:16	146	SingleDown	DXC4B2P
2025-01-13 10:08:09	150	SingleUp	DXC4B2P
2025-01-13 10:11:02	164	SingleUp	DXC4B2P
2025-01-13 10:13:55	165	Flat	DXC4B2P
2025-01-13 10:16:49	173	SingleUp	DXC4B2P
2025-01-13 10:19:42	165	SingleDown	DXC4B2P
2025-01-13 10:22:35	164	Flat	DXC4B2P
2025-01-13 10:25:28	168	SingleUp	DXC4B2P
2025-01-13 10:28:21	165	SingleDown	DXC4B2P
2025-01-13 10:31:14	157	SingleDown	DXC4B2P
2025-01-13 10:34:08	160	SingleUp	DXC4B2P
2025-01-13 10:37:01	153	SingleDown	DXC4B2P
2025-01-13 10:39:54	153	Flat	DXC4B2P
2025-01-13 10:42:47	161	SingleUp	DXC4B2P
2025-01-13 10:45:40	151	SingleDown	DXC4B2P
2025-01-13 10:48:34	147	SingleDown	DXC4B2P
2025-01-13 10:51:27	155	SingleUp	DXC4B2P
2025-01-13 10:54:20	165	SingleUp	DXC4B2P
2025-01-13 10:57:13	150	SingleDown	DXC4B2P
2025-01-13 11:00:06	154	SingleUp	DXC4B2P
2025-01-13 11:03:00	144	SingleDown	DXC4B2P
2025-01-13 11:05:53	139	SingleDown	DXC4B2P
2025-01-13 11:08:46	137	FortyFiveDown	DXC4B2P
2025-01-13 11:11:39	144	SingleUp	DXC4B2P
2025-01-13 11:14:32	154	SingleUp	DXC4B2P
2025-01-13 11:17:26	159	SingleUp	DXC4B2P
2025-01-13 11:20:19	137	SingleDown	DXC4B2P
2025-01-13 11:23:12	161	SingleUp	DXC4B2P
2025-01-13 11:26:05	160	Flat	DXC4B2P
2025-01-13 11:28:58	151	SingleDown	DXC4B2P
2025-01-13 11:31:52	141	SingleDown	DXC4B2P
2025-01-13 11:34:45	152	SingleUp	DXC4B2P
2025-01-13 11:37:38	146	SingleDown	DXC4B2P
2025-01-13 11:40:31	148	FortyFiveUp	DXC4B2P
2025-01-13 11:43:24	143	SingleDown	DXC4B2P
2025-01-13 11:46:18	146	SingleUp	DXC4B2P
2025-01-13 11:49:11	147	Flat	DXC4B2P
2025-01-13 11:52:04	138	SingleDown	DXC4B2P
2025-01-13 11:54:57	152	SingleUp	DXC4B2P
2025-01-13 11:57:50	141	SingleDown	DXC4B2P
2025-01-13 12:00:44	123	SingleDown	DXC4B2P
2025-01-13 12:03:37	122	Flat	DXC4B2P
2025-01-13 12:06:30	120	FortyFiveDown	DXC4B2P
2025-01-13 12:09:23	131	SingleUp	DXC4B2P
2025-01-13 12:12:16	129	FortyFiveDown	DXC4B2P
2025-01-13 12:15:09	136	SingleUp	DXC4B2P
2025-01-13 12:18:03	117	SingleDown	DXC4B2P
2025-01-13 12:20:56	122	SingleUp	DXC4B2P
2025-01-13 12:23:49	141	SingleUp	DXC4B2P
2025-01-13 12:26:42	144	SingleUp	DXC4B2P
2025-01-13 12:29:35	144	Flat	DXC4B2P
2025-01-13 12:32:29	124	SingleDown	DXC4B2P
2025-01-13 12:35:22	138	SingleUp	DXC4B2P
2025-01-13 12:38:15	137	Flat	DXC4B2P
2025-01-13 12:41:08	124	SingleDown	DXC4B2P
2025-01-13 12:44:01	128	SingleUp	DXC4B2P
2025-01-13 12:46:55	139	SingleUp	DXC4B2P
2025-01-13 12:49:48	121	SingleDown	DXC4B2P
2025-01-13 12:52:41	129	SingleUp	DXC4B2P
2025-01-13 12:55:34	125	SingleDown	DXC4B2P
2025-01-13 12:58:27	127	FortyFiveUp	DXC4B2P
2025-01-13 13:01:21	170	SingleUp	DXC4B2P
2025-01-13 13:04:14	157	SingleDown	DXC4B2P
2025-01-13 13:07:07	151	SingleDown	DXC4B2P
2025-01-13 13:10:00	174	SingleUp	DXC4B2P
2025-01-13 13:12:53	152	SingleDown	DXC4B2P
2025-01-13 13:15:47	150	FortyFiveDown	DXC4B2P
2025-01-13 13:18:40	150	Flat	DXC4B2P
2025-01-13 13:21:33	172	SingleUp	DXC4B2P
2025-01-13 13:24:26	165	SingleDown	DXC4B2P
2025-01-13 13:27:19	158	SingleDown	DXC4B2P
2025-01-13 13:30:13	174	SingleUp	DXC4B2P
2025-01-13 13:33:06	146	SingleDown	DXC4B2P
2025-01-13 13:35:59	155	SingleUp	DXC4B2P
2025-01-13 13:38:52	155	Flat	DXC4B2P
2025-01-13 13:41:45	162	SingleUp	DXC4B2P
2025-01-13 13:44:39	163	Flat	DXC4B2P
2025-01-13 13:47:32	154	SingleDown	DXC4B2P
2025-01-13 13:50:25	159	SingleUp	DXC4B2P
2025-01-13 13:53:18	160	Flat	DXC4B2P
2025-01-13 13:56:11	172	SingleUp	DXC4B2P
2025-01-13 13:59:05	167	SingleDown	DXC4B2P
2025-01-13 14:01:58	162	SingleDown	DXC4B2P
2025-01-13 14:04:51	171	SingleUp	DXC4B2P
2025-01-13 14:07:44	146	SingleDown	DXC4B2P
2025-01-13 14:10:37	164	SingleUp	DXC4B2P
2025-01-13 14:13:30	173	SingleUp	DXC4B2P
2025-01-13 14:16:24	167	SingleDown	DXC4B2P
2025-01-13 14:19:17	168	Flat	DXC4B2P
2025-01-13 14:22:10	155	SingleDown	DXC4B2P
2025-01-13 14:25:03	172	SingleUp	DXC4B2P
2025-01-13 14:27:56	158	SingleDown	DXC4B2P
2025-01-13 14:30:50	159	Flat	DXC4B2P
2025-01-13 14:33:43	148	SingleDown	DXC4B2P
2025-01-13 14:36:36	170	SingleUp	DXC4B2P
2025-01-13 14:39:29	157	SingleDown	DXC4B2P
2025-01-13 14:42:22	161	SingleUp	DXC4B2P
2025-01-13 14:45:16	165	SingleUp	DXC4B2P
2025-01-13 14:48:09	173	SingleUp	DXC4B2P
2025-01-13 14:51:02	155	SingleDown	DXC4B2P
2025-01-13 14:53:55	171	SingleUp	DXC4B2P
2025-01-13 14:56:48	165	SingleDown	DXC4B2P
2025-01-13 14:59:42	170	SingleUp	DXC4B2P
2025-01-13 15:02:35	121	SingleDown	DXC4B2P
2025-01-13 15:05:28	100	SingleDown	DXC4B2P
2025-01-13 15:08:21	111	SingleUp	DXC4B2P
2025-01-13 15:11:14	111	Flat	DXC4B2P
2025-01-13 15:14:08	106	SingleDown	DXC4B2P
2025-01-13 15:17:01	103	SingleDown	DXC4B2P
2025-01-13 15:19:54	127	SingleUp	DXC4B2P
2025-01-13 15:22:47	117	SingleDown	DXC4B2P
2025-01-13 15:25:40	129	SingleUp	DXC4B2P
2025-01-13 15:28:34	101	SingleDown	DXC4B2P
2025-01-13 15:31:27	109	SingleUp	DXC4B2P
2025-01-13 15:34:20	124	SingleUp	DXC4B2P
2025-01-13 15:37:13	122	FortyFiveDown	DXC4B2P
2025-01-13 15:40:06	113	SingleDown	DXC4B2P
2025-01-13 15:43:00	128	SingleUp	DXC4B2P
2025-01-13 15:45:53	104	SingleDown	DXC4B2P
2025-01-13 15:48:46	106	FortyFiveUp	DXC4B2P
2025-01-13 15:51:39	121	SingleUp	DXC4B2P
2025-01-13 15:54:32	110	SingleDown	DXC4B2P
2025-01-13 15:57:26	129	SingleUp	DXC4B2P
2025-01-13 16:00:19	106	SingleDown	DXC4B2P
2025-01-13 16:03:12	123	SingleUp	DXC4B2P
2025-01-13 16:06:05	103	SingleDown	DXC4B2P
2025-01-13 16:08:58	124	SingleUp	DXC4B2P
2025-01-13 16:11:51	118	SingleDown	DXC4B2P
2025-01-13 16:14:45	104	SingleDown	DXC4B2P
2025-01-13 16:17:38	127	SingleUp	DXC4B2P
2025-01-13 16:20:31	121	SingleDown	DXC4B2P
2025-01-13 16:23:24	130	SingleUp	DXC4B2P
2025-01-13 16:26:17	117	SingleDown	DXC4B2P
2025-01-13 16:29:11	118	Flat	DXC4B2P
2025-01-13 16:32:04	104	SingleDown	DXC4B2P
2025-01-13 16:34:57	128	SingleUp	DXC4B2P
2025-01-13 16:37:50	121	SingleDown	DXC4B2P
2025-01-13 16:40:43	116	SingleDown	DXC4B2P
2025-01-13 16:43:37	115	Flat	DXC4B2P
2025-01-13 16:46:30	123	SingleUp	DXC4B2P
2025-01-13 16:49:23	117	SingleDown	DXC4B2P
2025-01-13 16:52:16	124	SingleUp	DXC4B2P
2025-01-13 16:55:09	123	Flat	DXC4B2P
2025-01-13 16:58:03	114	SingleDown	DXC4B2P
2025-01-13 17:00:56	129	SingleUp	DXC4B2P
2025-01-13 17:03:49	118	SingleDown	DXC4B2P
2025-01-13 17:06:42	120	FortyFiveUp	DXC4B2P
2025-01-13 17:09:35	100	SingleDown	DXC4B2P
2025-01-13 17:12:29	116	SingleUp	DXC4B2P
2025-01-13 17:15:22	116	Flat	DXC4B2P
2025-01-13 17:18:15	127	SingleUp	DXC4B2P
2025-01-13 17:21:08	127	Flat	DXC4B2P
2025-01-13 17:24:01	115	SingleDown	DXC4B2P
2025-01-13 17:26:55	110	SingleDown	DXC4B2P
2025-01-13 17:29:48	105	SingleDown	DXC4B2P
2025-01-13 17:32:41	121	SingleUp	DXC4B2P
2025-01-13 17:35:34	127	SingleUp	DXC4B2P
2025-01-13 17:38:27	109	SingleDown	DXC4B2P
2025-01-13 17:41:21	111	FortyFiveUp	DXC4B2P
2025-01-13 17:44:14	126	SingleUp	DXC4B2P
2025-01-13 17:47:07	119	SingleDown	DXC4B2P
2025-01-13 17:50:00	116	SingleDown	DXC4B2P
2025-01-13 17:52:53	102	SingleDown	DXC4B2P
2025-01-13 17:55:47	116	SingleUp	DXC4B2P
2025-01-13 17:58:40	124	SingleUp	DXC4B2P
2025-01-13 18:01:33	126	FortyFiveUp	DXC4B2P
2025-01-13 18:04:26	118	SingleDown	DXC4B2P
2025-01-13 18:07:19	117	Flat	DXC4B2P
2025-01-13 18:10:12	107	SingleDown	DXC4B2P
2025-01-13 18:13:06	104	SingleDown	DXC4B2P
2025-01-13 18:15:59	105	Flat	DXC4B2P
2025-01-13 18:18:52	102	SingleDown	DXC4B2P
2025-01-13 18:21:45	129	SingleUp	DXC4B2P
2025-01-13 18:24:38	113	SingleDown	DXC4B2P
2025-01-13 18:27:32	127	SingleUp	DXC4B2P
2025-01-13 18:30:25	102	SingleDown	DXC4B2P
2025-01-13 18:33:18	128	SingleUp	DXC4B2P
2025-01-13 18:36:11	127	Flat	DXC4B2P
2025-01-13 18:39:04	119	SingleDown	DXC4B2P
2025-01-13 18:41:58	122	SingleUp	DXC4B2P
2025-01-13 18:44:51	107	SingleDown	DXC4B2P
2025-01-13 18:47:44	127	SingleUp	DXC4B2P
2025-01-13 18:50:37	112	SingleDown	DXC4B2P
2025-01-13 18:53:30	121	SingleUp	DXC4B2P
2025-01-13 18:56:24	111	SingleDown	DXC4B2P
2025-01-13 18:59:17	122	SingleUp	DXC4B2P
2025-01-13 19:02:10	139	SingleUp	DXC4B2P
2025-01-13 19:05:03	123	SingleDown	DXC4B2P
2025-01-13 19:07:56	131	SingleUp	DXC4B2P
2025-01-13 19:10:50	121	SingleDown	DXC4B2P
2025-01-13 19:13:43	116	SingleDown	DXC4B2P
2025-01-13 19:16:36	126	SingleUp	DXC4B2P
2025-01-13 19:19:29	133	SingleUp	DXC4B2P
2025-01-13 19:22:22	135	FortyFiveUp	DXC4B2P
2025-01-13 19:25:16	122	SingleDown	DXC4B2P
2025-01-13 19:28:09	125	SingleUp	DXC4B2P
2025-01-13 19:31:02	136	SingleUp	DXC4B2P
2025-01-13 19:33:55	137	Flat	DXC4B2P
2025-01-13 19:36:48	118	SingleDown	DXC4B2P
2025-01-13 19:39:42	116	FortyFiveDown	DXC4B2P
2025-01-13 19:42:35	134	SingleUp	DXC4B2P
2025-01-13 19:45:28	120	SingleDown	DXC4B2P
2025-01-13 19:48:21	114	SingleDown	DXC4B2P
2025-01-13 19:51:14	114	Flat	DXC4B2P
2025-01-13 19:54:08	123	SingleUp	DXC4B2P
2025-01-13 19:57:01	116	SingleDown	DXC4B2P
2025-01-13 19:59:54	132	SingleUp	DXC4B2P
2025-01-13 20:02:47	156	SingleUp	DXC4B2P
2025-01-13 20:05:40	162	SingleUp	DXC4B2P
2025-01-13 20:08:33	136	SingleDown	DXC4B2P
2025-01-13 20:11:27	138	FortyFiveUp	DXC4B2P
2025-01-13 20:14:20	149	SingleUp	DXC4B2P
2025-01-13 20:17:13	153	SingleUp	DXC4B2P
2025-01-13 20:20:06	164	SingleUp	DXC4B2P
2025-01-13 20:22:59	151	SingleDown	DXC4B2P
2025-01-13 20:25:53	161	SingleUp	DXC4B2P
2025-01-13 20:28:46	141	SingleDown	DXC4B2P
2025-01-13 20:31:39	166	SingleUp	DXC4B2P
2025-01-13 20:34:32	153	SingleDown	DXC4B2P
2025-01-13 20:37:25	159	SingleUp	DXC4B2P
2025-01-13 20:40:19	153	SingleDown	DXC4B2P
2025-01-13 20:43:12	137	SingleDown	DXC4B2P
2025-01-13 20:46:05	158	SingleUp	DXC4B2P
2025-01-13 20:48:58	159	Flat	DXC4B2P
2025-01-13 20:51:51	148	SingleDown	DXC4B2P
2025-01-13 20:54:45	155	SingleUp	DXC4B2P
2025-01-13 20:57:38	157	FortyFiveUp	DXC4B2P
2025-01-13 21:00:31	150	SingleDown	DXC4B2P
2025-01-13 21:03:24	138	SingleDown	DXC4B2P
2025-01-13 21:06:17	160	SingleUp	DXC4B2P
2025-01-13 21:09:11	136	SingleDown	DXC4B2P
2025-01-13 21:12:04	161	SingleUp	DXC4B2P
2025-01-13 21:14:57	139	SingleDown	DXC4B2P
2025-01-13 21:17:50	142	SingleUp	DXC4B2P
2025-01-13 21:20:43	148	SingleUp	DXC4B2P
2025-01-13 21:23:37	149	Flat	DXC4B2P
2025-01-13 21:26:30	144	SingleDown	DXC4B2P
2025-01-13 21:29:23	145	Flat	DXC4B2P
2025-01-13 21:32:16	165	SingleUp	DXC4B2P
2025-01-13 21:35:09	158	SingleDown	DXC4B2P
2025-01-13 21:38:03	166	SingleUp	DXC4B2P
2025-01-13 21:40:56	158	SingleDown	DXC4B2P
2025-01-13 21:43:49	141	SingleDown	DXC4B2P
2025-01-13 21:46:42	157	SingleUp	DXC4B2P
2025-01-13 21:49:35	164	SingleUp	DXC4B2P
2025-01-13 21:52:28	146	SingleDown	DXC4B2P
2025-01-13 21:55:22	148	FortyFiveUp	DXC4B2P
2025-01-13 21:58:15	145	SingleDown	DXC4B2P
2025-01-13 22:01:08	96	SingleDown	DXC4B2P
2025-01-13 22:04:01	108	SingleUp	DXC4B2P
2025-01-13 22:06:54	99	SingleDown	DXC4B2P
2025-01-13 22:09:48	88	SingleDown	DXC4B2P
2025-01-13 22:12:41	103	SingleUp	DXC4B2P
2025-01-13 22:15:34	97	SingleDown	DXC4B2P
2025-01-13 22:18:27	104	SingleUp	DXC4B2P
2025-01-13 22:21:20	94	SingleDown	DXC4B2P
2025-01-13 22:24:14	88	SingleDown	DXC4B2P
2025-01-13 22:27:07	99	SingleUp	DXC4B2P
2025-01-13 22:30:00	96	SingleDown	DXC4B2P
2025-01-13 22:32:53	97	Flat	DXC4B2P
2025-01-13 22:35:46	94	SingleDown	DXC4B2P
2025-01-13 22:38:40	104	SingleUp	DXC4B2P
2025-01-13 22:41:33	86	SingleDown	DXC4B2P
2025-01-13 22:44:26	99	SingleUp	DXC4B2P
2025-01-13 22:47:19	109	SingleUp	DXC4B2P
2025-01-13 22:50:12	104	SingleDown	DXC4B2P
2025-01-13 22:53:06	103	Flat	DXC4B2P
2025-01-13 22:55:59	87	SingleDown	DXC4B2P
2025-01-13 22:58:52	112	SingleUp	DXC4B2P
2025-01-13 23:01:45	103	SingleDown	DXC4B2P
2025-01-13 23:04:38	80	SingleDown	DXC4B2P
2025-01-13 23:07:32	107	SingleUp	DXC4B2P
2025-01-13 23:10:25	82	SingleDown	DXC4B2P
2025-01-13 23:13:18	98	SingleUp	DXC4B2P
2025-01-13 23:16:11	87	SingleDown	DXC4B2P
2025-01-13 23:19:04	98	SingleUp	DXC4B2P
2025-01-13 23:21:58	110	SingleUp	DXC4B2P
2025-01-13 23:24:51	97	SingleDown	DXC4B2P
2025-01-13 23:27:44	96	Flat	DXC4B2P
2025-01-13 23:30:37	102	SingleUp	DXC4B2P
2025-01-13 23:33:30	83	SingleDown	DXC4B2P
2025-01-13 23:36:24	103	SingleUp	DXC4B2P
2025-01-13 23:39:17	105	FortyFiveUp	DXC4B2P
2025-01-13 23:42:10	81	SingleDown	DXC4B2P
2025-01-13 23:45:03	103	SingleUp	DXC4B2P
2025-01-13 23:47:56	108	SingleUp	DXC4B2P
2025-01-13 23:50:49	109	Flat	DXC4B2P
2025-01-13 23:53:43	88	SingleDown	DXC4B2P
2025-01-13 23:56:36	85	SingleDown	DXC4B2P
2025-01-13 23:59:29	81	SingleDown	DXC4B2P
2025-01-14 00:02:22	91	SingleUp	DXC4B2P
2025-01-14 00:05:15	78	SingleDown	DXC4B2P
2025-01-14 00:08:09	75	SingleDown	DXC4B2P
2025-01-14 00:11:02	85	SingleUp	DXC4B2P
2025-01-14 00:13:55	104	SingleUp	DXC4B2P
2025-01-14 00:16:48	88	SingleDown	DXC4B2P
2025-01-14 00:19:41	101	SingleUp	DXC4B2P
2025-01-14 00:22:35	104	SingleUp	DXC4B2P
2025-01-14 00:25:28	77	SingleDown	DXC4B2P
2025-01-14 00:28:21	101	SingleUp	DXC4B2P
2025-01-14 00:31:14	84	SingleDown	DXC4B2P
2025-01-14 00:34:07	103	SingleUp	DXC4B2P
2025-01-14 00:37:01	104	Flat	DXC4B2P
2025-01-14 00:39:54	97	SingleDown	DXC4B2P
2025-01-14 00:42:47	78	SingleDown	DXC4B2P
2025-01-14 00:45:40	80	FortyFiveUp	DXC4B2P
2025-01-14 00:48:33	86	SingleUp	DXC4B2P
2025-01-14 00:51:27	100	SingleUp	DXC4B2P
2025-01-14 00:54:20	94	SingleDown	DXC4B2P
2025-01-14 00:57:13	88	SingleDown	DXC4B2P
2025-01-14 01:00:06	78	SingleDown	DXC4B2P
2025-01-14 01:02:59	80	FortyFiveUp	DXC4B2P
2025-01-14 01:05:53	92	SingleUp	DXC4B2P
2025-01-14 01:08:46	94	FortyFiveUp	DXC4B2P
2025-01-14 01:11:39	89	SingleDown	DXC4B2P
2025-01-14 01:14:32	70	SingleDown	DXC4B2P
2025-01-14 01:17:25	89	SingleUp	DXC4B2P
2025-01-14 01:20:19	78	SingleDown	DXC4B2P
2025-01-14 01:23:12	99	SingleUp	DXC4B2P
2025-01-14 01:26:05	97	FortyFiveDown	DXC4B2P
2025-01-14 01:28:58	97	Flat	DXC4B2P
2025-01-14 01:31:51	87	SingleDown	DXC4B2P
2025-01-14 01:34:45	84	SingleDown	DXC4B2P
2025-01-14 01:37:38	90	SingleUp	DXC4B2P
2025-01-14 01:40:31	91	Flat	DXC4B2P
2025-01-14 01:43:24	86	SingleDown	DXC4B2P
2025-01-14 01:46:17	76	SingleDown	DXC4B2P
2025-01-14 01:49:10	71	SingleDown	DXC4B2P
2025-01-14 01:52:04	92	SingleUp	DXC4B2P
2025-01-14 01:54:57	90	FortyFiveDown	DXC4B2P
2025-01-14 01:57:50	84	SingleDown	DXC4B2P
2025-01-14 02:00:43	66	SingleDown	DXC4B2P
2025-01-14 02:03:36	69	SingleUp	DXC4B2P
2025-01-14 02:06:30	85	SingleUp	DXC4B2P
2025-01-14 02:09:23	75	SingleDown	DXC4B2P
2025-01-14 02:12:16	86	SingleUp	DXC4B2P
2025-01-14 02:15:09	81	SingleDown	DXC4B2P
2025-01-14 02:18:02	73	SingleDown	DXC4B2P
2025-01-14 02:20:56	70	SingleDown	DXC4B2P
2025-01-14 02:23:49	84	SingleUp	DXC4B2P
2025-01-14 02:26:42	94	SingleUp	DXC4B2P
2025-01-14 02:29:35	66	SingleDown	DXC4B2P
2025-01-14 02:32:28	89	SingleUp	DXC4B2P
2025-01-14 02:35:22	67	SingleDown	DXC4B2P
2025-01-14 02:38:15	84	SingleUp	DXC4B2P
2025-01-14 02:41:08	86	FortyFiveUp	DXC4B2P
2025-01-14 02:44:01	95	SingleUp	DXC4B2P
2025-01-14 02:46:54	81	SingleDown	DXC4B2P
2025-01-14 02:49:48	83	FortyFiveUp	DXC4B2P
2025-01-14 02:52:41	80	SingleDown	DXC4B2P
2025-01-14 02:55:34	78	FortyFiveDown	DXC4B2P
2025-01-14 02:58:27	91	SingleUp	DXC4B2P
2025-01-14 03:01:20	113	SingleUp	DXC4B2P
2025-01-14 03:04:14	122	SingleUp	DXC4B2P
2025-01-14 03:07:07	111	SingleDown	DXC4B2P
2025-01-14 03:10:00	98	SingleDown	DXC4B2P
2025-01-14 03:12:53	117	SingleUp	DXC4B2P
2025-01-14 03:15:46	96	SingleDown	DXC4B2P
2025-01-14 03:18:40	121	SingleUp	DXC4B2P
2025-01-14 03:21:33	104	SingleDown	DXC4B2P
2025-01-14 03:24:26	98	SingleDown	DXC4B2P
2025-01-14 03:27:19	113	SingleUp	DXC4B2P
2025-01-14 03:30:12	96	SingleDown	DXC4B2P
2025-01-14 03:33:06	99	SingleUp	DXC4B2P
2025-01-14 03:35:59	121	SingleUp	DXC4B2P
2025-01-14 03:38:52	122	Flat	DXC4B2P
2025-01-14 03:41:45	112	SingleDown	DXC4B2P
2025-01-14 03:44:38	111	Flat	DXC4B2P
2025-01-14 03:47:31	120	SingleUp	DXC4B2P
2025-01-14 03:50:25	123	SingleUp	DXC4B2P
2025-01-14 03:53:18	98	SingleDown	DXC4B2P
2025-01-14 03:56:11	103	SingleUp	DXC4B2P
2025-01-14 03:59:04	124	SingleUp	DXC4B2P
2025-01-14 04:01:57	107	SingleDown	DXC4B2P
2025-01-14 04:04:51	109	FortyFiveUp	DXC4B2P
2025-01-14 04:07:44	122	SingleUp	DXC4B2P
2025-01-14 04:10:37	107	SingleDown	DXC4B2P
2025-01-14 04:13:30	116	SingleUp	DXC4B2P
2025-01-14 04:16:23	115	Flat	DXC4B2P
2025-01-14 04:19:17	123	SingleUp	DXC4B2P
2025-01-14 04:22:10	105	SingleDown	DXC4B2P
2025-01-14 04:25:03	113	SingleUp	DXC4B2P
2025-01-14 04:27:56	117	SingleUp	DXC4B2P
2025-01-14 04:30:49	101	SingleDown	DXC4B2P
2025-01-14 04:33:43	116	SingleUp	DXC4B2P
2025-01-14 04:36:36	114	FortyFiveDown	DXC4B2P
2025-01-14 04:39:29	117	SingleUp	DXC4B2P
2025-01-14 04:42:22	102	SingleDown	DXC4B2P
2025-01-14 04:45:15	109	SingleUp	DXC4B2P
2025-01-14 04:48:09	107	FortyFiveDown	DXC4B2P
2025-01-14 04:51:02	127	SingleUp	DXC4B2P
2025-01-14 04:53:55	121	SingleDown	DXC4B2P
2025-01-14 04:56:48	123	FortyFiveUp	DXC4B2P
2025-01-14 04:59:41	109	SingleDown	DXC4B2P
2025-01-14 05:02:35	117	SingleUp	DXC4B2P
2025-01-14 05:05:28	118	Flat	DXC4B2P
2025-01-14 05:08:21	109	SingleDown	DXC4B2P
2025-01-14 05:11:14	106	SingleDown	DXC4B2P
2025-01-14 05:14:07	117	SingleUp	DXC4B2P
2025-01-14 05:17:01	135	SingleUp	DXC4B2P
2025-01-14 05:19:54	119	SingleDown	DXC4B2P
2025-01-14 05:22:47	125	SingleUp	DXC4B2P
2025-01-14 05:25:40	124	Flat	DXC4B2P
2025-01-14 05:28:33	131	SingleUp	DXC4B2P
2025-01-14 05:31:27	108	SingleDown	DXC4B2P
2025-01-14 05:34:20	126	SingleUp	DXC4B2P
2025-01-14 05:37:13	117	SingleDown	DXC4B2P
2025-01-14 05:40:06	121	SingleUp	DXC4B2P
2025-01-14 05:42:59	129	SingleUp	DXC4B2P
2025-01-14 05:45:52	107	SingleDown	DXC4B2P
2025-01-14 05:48:46	110	SingleUp	DXC4B2P
2025-01-14 05:51:39	112	FortyFiveUp	DXC4B2P
2025-01-14 05:54:32	117	SingleUp	DXC4B2P
2025-01-14 05:57:25	133	SingleUp	DXC4B2P
2025-01-14 06:00:18	122	SingleDown	DXC4B2P
2025-01-14 06:03:12	111	SingleDown	DXC4B2P
2025-01-14 06:06:05	137	SingleUp	DXC4B2P
2025-01-14 06:08:58	118	SingleDown	DXC4B2P
2025-01-14 06:11:51	119	Flat	DXC4B2P
2025-01-14 06:14:44	136	SingleUp	DXC4B2P
2025-01-14 06:17:38	111	SingleDown	DXC4B2P
2025-01-14 06:20:31	136	SingleUp	DXC4B2P
2025-01-14 06:23:24	136	Flat	DXC4B2P
2025-01-14 06:26:17	127	SingleDown	DXC4B2P
2025-01-14 06:29:10	127	Flat	DXC4B2P
2025-01-14 06:32:04	138	SingleUp	DXC4B2P
2025-01-14 06:34:57	113	SingleDown	DXC4B2P
2025-01-14 06:37:50	120	SingleUp	DXC4B2P
2025-01-14 06:40:43	114	SingleDown	DXC4B2P
2025-01-14 06:43:36	115	Flat	DXC4B2P
2025-01-14 06:46:30	124	SingleUp	DXC4B2P
2025-01-14 06:49:23	132	SingleUp	DXC4B2P
2025-01-14 06:52:16	113	SingleDown	DXC4B2P
2025-01-14 06:55:09	112	Flat	DXC4B2P
2025-01-14 06:58:02	128	SingleUp	DXC4B2P
2025-01-14 07:00:56	135	SingleUp	DXC4B2P
2025-01-14 07:03:49	116	SingleDown	DXC4B2P
2025-01-14 07:06:42	118	FortyFiveUp	DXC4B2P
2025-01-14 07:09:35	127	SingleUp	DXC4B2P
2025-01-14 07:12:28	129	FortyFiveUp	DXC4B2P
2025-01-14 07:15:22	134	SingleUp	DXC4B2P
2025-01-14 07:18:15	135	Flat	DXC4B2P
2025-01-14 07:21:08	137	FortyFiveUp	DXC4B2P
2025-01-14 07:24:01	137	Flat	DXC4B2P
2025-01-14 07:26:54	118	SingleDown	DXC4B2P
2025-01-14 07:29:47	140	SingleUp	DXC4B2P
2025-01-14 07:32:41	117	SingleDown	DXC4B2P
2025-01-14 07:35:34	145	SingleUp	DXC4B2P
2025-01-14 07:38:27	137	SingleDown	DXC4B2P
2025-01-14 07:41:20	127	SingleDown	DXC4B2P
2025-01-14 07:44:13	126	Flat	DXC4B2P
2025-01-14 07:47:07	144	SingleUp	DXC4B2P
2025-01-14 07:50:00	142	FortyFiveDown	DXC4B2P
2025-01-14 07:52:53	119	SingleDown	DXC4B2P
2025-01-14 07:55:46	136	SingleUp	DXC4B2P
2025-01-14 07:58:39	128	SingleDown	DXC4B2P
2025-01-14 08:01:33	121	SingleDown	DXC4B2P
2025-01-14 08:04:26	108	SingleDown	DXC4B2P
2025-01-14 08:07:19	131	SingleUp	DXC4B2P
2025-01-14 08:10:12	109	SingleDown	DXC4B2P
2025-01-14 08:13:05	107	FortyFiveDown	DXC4B2P
2025-01-14 08:15:59	123	SingleUp	DXC4B2P
2025-01-14 08:18:52	121	FortyFiveDown	DXC4B2P
2025-01-14 08:21:45	130	SingleUp	DXC4B2P
2025-01-14 08:24:38	126	SingleDown	DXC4B2P
2025-01-14 08:27:31	116	SingleDown	DXC4B2P
2025-01-14 08:30:25	127	SingleUp	DXC4B2P
2025-01-14 08:33:18	114	SingleDown	DXC4B2P
2025-01-14 08:36:11	105	SingleDown	DXC4B2P
2025-01-14 08:39:04	115	SingleUp	DXC4B2P
2025-01-14 08:41:57	129	SingleUp	DXC4B2P
2025-01-14 08:44:51	110	SingleDown	DXC4B2P
2025-01-14 08:47:44	114	SingleUp	DXC4B2P
2025-01-14 08:50:37	109	SingleDown	DXC4B2P
2025-01-14 08:53:30	130	SingleUp	DXC4B2P
2025-01-14 08:56:23	124	SingleDown	DXC4B2P
2025-01-14 08:59:17	129	SingleUp	DXC4B2P
2025-01-14 09:02:10	147	SingleUp	DXC4B2P
2025-01-14 09:05:03	144	SingleDown	DXC4B2P
2025-01-14 09:07:56	136	SingleDown	DXC4B2P
2025-01-14 09:10:49	140	SingleUp	DXC4B2P
2025-01-14 09:13:43	141	Flat	DXC4B2P
2025-01-14 09:16:36	152	SingleUp	DXC4B2P
2025-01-14 09:19:29	147	SingleDown	DXC4B2P
2025-01-14 09:22:22	155	SingleUp	DXC4B2P
2025-01-14 09:25:15	137	SingleDown	DXC4B2P
2025-01-14 09:28:08	155	SingleUp	DXC4B2P
2025-01-14 09:31:02	160	SingleUp	DXC4B2P
2025-01-14 09:33:55	146	SingleDown	DXC4B2P
2025-01-14 09:36:48	149	SingleUp	DXC4B2P
2025-01-14 09:39:41	155	SingleUp	DXC4B2P
2025-01-14 09:42:34	134	SingleDown	DXC4B2P
2025-01-14 09:45:28	157	SingleUp	DXC4B2P
2025-01-14 09:48:21	135	SingleDown	DXC4B2P
2025-01-14 09:51:14	151	SingleUp	DXC4B2P
2025-01-14 09:54:07	136	SingleDown	DXC4B2P
2025-01-14 09:57:00	144	SingleUp	DXC4B2P
2025-01-14 09:59:54	163	SingleUp	DXC4B2P
2025-01-14 10:02:47	165	FortyFiveUp	DXC4B2P
2025-01-14 10:05:40	154	SingleDown	DXC4B2P
2025-01-14 10:08:33	147	SingleDown	DXC4B2P
2025-01-14 10:11:26	174	SingleUp	DXC4B2P
2025-01-14 10:14:20	166	SingleDown	DXC4B2P
2025-01-14 10:17:13	161	SingleDown	DXC4B2P
2025-01-14 10:20:06	148	SingleDown	DXC4B2P
2025-01-14 10:22:59	169	SingleUp	DXC4B2P
2025-01-14 10:25:52	165	SingleDown	DXC4B2P
2025-01-14 10:28:46	163	FortyFiveDown	DXC4B2P
2025-01-14 10:31:39	150	SingleDown	DXC4B2P
2025-01-14 10:34:32	161	SingleUp	DXC4B2P
2025-01-14 10:37:25	147	SingleDown	DXC4B2P
2025-01-14 10:40:18	150	SingleUp	DXC4B2P
2025-01-14 10:43:12	165	SingleUp	DXC4B2P
2025-01-14 10:46:05	175	SingleUp	DXC4B2P
2025-01-14 10:48:58	151	SingleDown	DXC4B2P
2025-01-14 10:51:51	152	Flat	DXC4B2P
2025-01-14 10:54:44	151	Flat	DXC4B2P
2025-01-14 10:57:38	164	SingleUp	DXC4B2P
2025-01-14 11:00:31	133	SingleDown	DXC4B2P
2025-01-14 11:03:24	156	SingleUp	DXC4B2P
2025-01-14 11:06:17	147	SingleDown	DXC4B2P
2025-01-14 11:09:10	136	SingleDown	DXC4B2P
2025-01-14 11:12:04	159	SingleUp	DXC4B2P
2025-01-14 11:14:57	143	SingleDown	DXC4B2P
2025-01-14 11:17:50	147	SingleUp	DXC4B2P
2025-01-14 11:20:43	142	SingleDown	DXC4B2P
2025-01-14 11:23:36	158	SingleUp	DXC4B2P
2025-01-14 11:26:29	159	Flat	DXC4B2P
2025-01-14 11:29:23	161	FortyFiveUp	DXC4B2P
2025-01-14 11:32:16	159	FortyFiveDown	DXC4B2P
2025-01-14 11:35:09	156	SingleDown	DXC4B2P
2025-01-14 11:38:02	161	SingleUp	DXC4B2P
2025-01-14 11:40:55	143	SingleDown	DXC4B2P
2025-01-14 11:43:49	144	Flat	DXC4B2P
2025-01-14 11:46:42	146	FortyFiveUp	DXC4B2P
2025-01-14 11:49:35	138	SingleDown	DXC4B2P
2025-01-14 11:52:28	145	SingleUp	DXC4B2P
2025-01-14 11:55:21	144	Flat	DXC4B2P
2025-01-14 11:58:15	148	SingleUp	DXC4B2P
2025-01-14 12:01:08	136	SingleDown	DXC4B2P
2025-01-14 12:04:01	135	Flat	DXC4B2P
2025-01-14 12:06:54	116	SingleDown	DXC4B2P
2025-01-14 12:09:47	137	SingleUp	DXC4B2P
2025-01-14 12:12:41	129	SingleDown	DXC4B2P
2025-01-14 12:15:34	123	SingleDown	DXC4B2P
2025-01-14 12:18:27	126	SingleUp	DXC4B2P
2025-01-14 12:21:20	116	SingleDown	DXC4B2P
2025-01-14 12:24:13	136	SingleUp	DXC4B2P
2025-01-14 12:27:07	123	SingleDown	DXC4B2P
2025-01-14 12:30:00	124	Flat	DXC4B2P
2025-01-14 12:32:53	116	SingleDown	DXC4B2P
2025-01-14 12:35:46	137	SingleUp	DXC4B2P
2025-01-14 12:38:39	137	Flat	DXC4B2P
2025-01-14 12:41:33	141	SingleUp	DXC4B2P
2025-01-14 12:44:26	125	SingleDown	DXC4B2P
2025-01-14 12:47:19	128	SingleUp	DXC4B2P
2025-01-14 12:50:12	144	SingleUp	DXC4B2P
2025-01-14 12:53:05	139	SingleDown	DXC4B2P
2025-01-14 12:55:59	144	SingleUp	DXC4B2P
2025-01-14 12:58:52	133	SingleDown	DXC4B2P
2025-01-14 13:01:45	156	SingleUp	DXC4B2P
2025-01-14 13:04:38	170	SingleUp	DXC4B2P
2025-01-14 13:07:31	156	SingleDown	DXC4B2P
2025-01-14 13:10:25	155	Flat	DXC4B2P
2025-01-14 13:13:18	150	SingleDown	DXC4B2P
2025-01-14 13:16:11	146	SingleDown	DXC4B2P
2025-01-14 13:19:04	154	SingleUp	DXC4B2P
2025-01-14 13:21:57	170	SingleUp	DXC4B2P
2025-01-14 13:24:50	171	Flat	DXC4B2P
2025-01-14 13:27:44	167	SingleDown	DXC4B2P
2025-01-14 13:30:37	163	SingleDown	DXC4B2P
2025-01-14 13:33:30	155	SingleDown	DXC4B2P
2025-01-14 13:36:23	146	SingleDown	DXC4B2P
2025-01-14 13:39:16	150	SingleUp	DXC4B2P
2025-01-14 13:42:10	150	Flat	DXC4B2P
2025-01-14 13:45:03	162	SingleUp	DXC4B2P
2025-01-14 13:47:56	165	SingleUp	DXC4B2P
2025-01-14 13:50:49	151	SingleDown	DXC4B2P
2025-01-14 13:53:42	164	SingleUp	DXC4B2P
2025-01-14 13:56:36	157	SingleDown	DXC4B2P
2025-01-14 13:59:29	157	Flat	DXC4B2P
2025-01-14 14:02:22	160	SingleUp	DXC4B2P
2025-01-14 14:05:15	159	Flat	DXC4B2P
2025-01-14 14:08:08	161	FortyFiveUp	DXC4B2P
2025-01-14 14:11:02	172	SingleUp	DXC4B2P
2025-01-14 14:13:55	163	SingleDown	DXC4B2P
2025-01-14 14:16:48	161	FortyFiveDown	DXC4B2P
2025-01-14 14:19:41	173	SingleUp	DXC4B2P
2025-01-14 14:22:34	166	SingleDown	DXC4B2P
2025-01-14 14:25:28	173	SingleUp	DXC4B2P
2025-01-14 14:28:21	150	SingleDown	DXC4B2P
2025-01-14 14:31:14	147	SingleDown	DXC4B2P
2025-01-14 14:34:07	156	SingleUp	DXC4B2P
2025-01-14 14:37:00	167	SingleUp	DXC4B2P
2025-01-14 14:39:54	163	SingleDown	DXC4B2P
2025-01-14 14:42:47	153	SingleDown	DXC4B2P
2025-01-14 14:45:40	174	SingleUp	DXC4B2P
2025-01-14 14:48:33	149	SingleDown	DXC4B2P
2025-01-14 14:51:26	155	SingleUp	DXC4B2P
2025-01-14 14:54:20	156	Flat	DXC4B2P
2025-01-14 14:57:13	165	SingleUp	DXC4B2P
2025-01-14 15:00:06	104	SingleDown	DXC4B2P
2025-01-14 15:02:59	124	SingleUp	DXC4B2P
2025-01-14 15:05:52	116	SingleDown	DXC4B2P
2025-01-14 15:08:46	122	SingleUp	DXC4B2P
2025-01-14 15:11:39	119	SingleDown	DXC4B2P
2025-01-14 15:14:32	109	SingleDown	DXC4B2P
2025-01-14 15:17:25	109	Flat	DXC4B2P
2025-01-14 15:20:18	118	SingleUp	DXC4B2P
2025-01-14 15:23:11	128	SingleUp	DXC4B2P
2025-01-14 15:26:05	118	SingleDown	DXC4B2P
2025-01-14 15:28:58	122	SingleUp	DXC4B2P
2025-01-14 15:31:51	127	SingleUp	DXC4B2P
2025-01-14 15:34:44	126	Flat	DXC4B2P
2025-01-14 15:37:37	105	SingleDown	DXC4B2P
2025-01-14 15:40:31	125	SingleUp	DXC4B2P
2025-01-14 15:43:24	115	SingleDown	DXC4B2P
2025-01-14 15:46:17	106	SingleDown	DXC4B2P
2025-01-14 15:49:10	111	SingleUp	DXC4B2P
2025-01-14 15:52:03	107	SingleDown	DXC4B2P
2025-01-14 15:54:57	103	SingleDown	DXC4B2P
2025-01-14 15:57:50	107	SingleUp	DXC4B2P
2025-01-14 16:00:43	121	SingleUp	DXC4B2P
2025-01-14 16:03:36	114	SingleDown	DXC4B2P
2025-01-14 16:06:29	105	SingleDown	DXC4B2P
2025-01-14 16:09:23	114	SingleUp	DXC4B2P
2025-01-14 16:12:16	102	SingleDown	DXC4B2P
2025-01-14 16:15:09	113	SingleUp	DXC4B2P
2025-01-14 16:18:02	121	SingleUp	DXC4B2P
2025-01-14 16:20:55	103	SingleDown	DXC4B2P
2025-01-14 16:23:49	114	SingleUp	DXC4B2P
2025-01-14 16:26:42	100	SingleDown	DXC4B2P
2025-01-14 16:29:35	114	SingleUp	DXC4B2P
2025-01-14 16:32:28	120	SingleUp	DXC4B2P
2025-01-14 16:35:21	116	SingleDown	DXC4B2P
2025-01-14 16:38:15	111	SingleDown	DXC4B2P
2025-01-14 16:41:08	126	SingleUp	DXC4B2P
2025-01-14 16:44:01	109	SingleDown	DXC4B2P
2025-01-14 16:46:54	125	SingleUp	DXC4B2P
2025-01-14 16:49:47	129	SingleUp	DXC4B2P
2025-01-14 16:52:41	106	SingleDown	DXC4B2P
2025-01-14 16:55:34	119	SingleUp	DXC4B2P
2025-01-14 16:58:27	119	Flat	DXC4B2P
2025-01-14 17:01:20	112	SingleDown	DXC4B2P
2025-01-14 17:04:13	108	SingleDown	DXC4B2P
2025-01-14 17:07:06	106	FortyFiveDown	DXC4B2P
2025-01-14 17:10:00	102	SingleDown	DXC4B2P
2025-01-14 17:12:53	128	SingleUp	DXC4B2P
2025-01-14 17:15:46	129	Flat	DXC4B2P
2025-01-14 17:18:39	105	SingleDown	DXC4B2P
2025-01-14 17:21:32	116	SingleUp	DXC4B2P
2025-01-14 17:24:26	123	SingleUp	DXC4B2P
2025-01-14 17:27:19	112	SingleDown	DXC4B2P
2025-01-14 17:30:12	117	SingleUp	DXC4B2P
2025-01-14 17:33:05	101	SingleDown	DXC4B2P
2025-01-14 17:35:58	128	SingleUp	DXC4B2P
2025-01-14 17:38:52	113	SingleDown	DXC4B2P
2025-01-14 17:41:45	124	SingleUp	DXC4B2P
2025-01-14 17:44:38	108	SingleDown	DXC4B2P
2025-01-14 17:47:31	102	SingleDown	DXC4B2P
2025-01-14 17:50:24	125	SingleUp	DXC4B2P
2025-01-14 17:53:18	105	SingleDown	DXC4B2P
2025-01-14 17:56:11	127	SingleUp	DXC4B2P
2025-01-14 17:59:04	124	SingleDown	DXC4B2P
2025-01-14 18:01:57	118	SingleDown	DXC4B2P
2025-01-14 18:04:50	127	SingleUp	DXC4B2P
2025-01-14 18:07:44	118	SingleDown	DXC4B2P
2025-01-14 18:10:37	114	SingleDown	DXC4B2P
2025-01-14 18:13:30	113	Flat	DXC4B2P
2025-01-14 18:16:23	126	SingleUp	DXC4B2P
2025-01-14 18:19:16	115	SingleDown	DXC4B2P
2025-01-14 18:22:10	107	SingleDown	DXC4B2P
2025-01-14 18:25:03	110	SingleUp	DXC4B2P
2025-01-14 18:27:56	101	SingleDown	DXC4B2P
2025-01-14 18:30:49	116	SingleUp	DXC4B2P
2025-01-14 18:33:42	119	SingleUp	DXC4B2P
2025-01-14 18:36:36	100	SingleDown	DXC4B2P
2025-01-14 18:39:29	118	SingleUp	DXC4B2P
2025-01-14 18:42:22	108	SingleDown	DXC4B2P
2025-01-14 18:45:15	106	FortyFiveDown	DXC4B2P
2025-01-14 18:48:08	113	SingleUp	DXC4B2P
2025-01-14 18:51:02	126	SingleUp	DXC4B2P
2025-01-14 18:53:55	118	SingleDown	DXC4B2P
2025-01-14 18:56:48	123	SingleUp	DXC4B2P
2025-01-14 18:59:41	107	SingleDown	DXC4B2P
2025-01-14 19:02:34	121	SingleUp	DXC4B2P
2025-01-14 19:05:27	114	SingleDown	DXC4B2P
2025-01-14 19:08:21	130	SingleUp	DXC4B2P
2025-01-14 19:11:14	131	Flat	DXC4B2P
2025-01-14 19:14:07	125	SingleDown	DXC4B2P
2025-01-14 19:17:00	115	SingleDown	DXC4B2P
2025-01-14 19:19:53	126	SingleUp	DXC4B2P
2025-01-14 19:22:47	139	SingleUp	DXC4B2P
2025-01-14 19:25:40	139	Flat	DXC4B2P
2025-01-14 19:28:33	111	SingleDown	DXC4B2P
2025-01-14 19:31:26	122	SingleUp	DXC4B2P
2025-01-14 19:34:19	132	SingleUp	DXC4B2P
2025-01-14 19:37:13	116	SingleDown	DXC4B2P
2025-01-14 19:40:06	113	SingleDown	DXC4B2P
2025-01-14 19:42:59	111	FortyFiveDown	DXC4B2P
2025-01-14 19:45:52	110	Flat	DXC4B2P
2025-01-14 19:48:45	123	SingleUp	DXC4B2P
2025-01-14 19:51:39	132	SingleUp	DXC4B2P
2025-01-14 19:54:32	124	SingleDown	DXC4B2P
2025-01-14 19:57:25	123	Flat	DXC4B2P
2025-01-14 20:00:18	139	SingleUp	DXC4B2P
2025-01-14 20:03:11	142	SingleUp	DXC4B2P
2025-01-14 20:06:05	139	SingleDown	DXC4B2P
2025-01-14 20:08:58	136	SingleDown	DXC4B2P
2025-01-14 20:11:51	137	Flat	DXC4B2P
2025-01-14 20:14:44	152	SingleUp	DXC4B2P
2025-01-14 20:17:37	147	SingleDown	DXC4B2P
2025-01-14 20:20:31	160	SingleUp	DXC4B2P
2025-01-14 20:23:24	159	Flat	DXC4B2P
2025-01-14 20:26:17	151	SingleDown	DXC4B2P
2025-01-14 20:29:10	164	SingleUp	DXC4B2P
2025-01-14 20:32:03	161	SingleDown	DXC4B2P
2025-01-14 20:34:57	147	SingleDown	DXC4B2P
2025-01-14 20:37:50	148	Flat	DXC4B2P
2025-01-14 20:40:43	159	SingleUp	DXC4B2P
2025-01-14 20:43:36	150	SingleDown	DXC4B2P
2025-01-14 20:46:29	144	SingleDown	DXC4B2P
2025-01-14 20:49:23	153	SingleUp	DXC4B2P
2025-01-14 20:52:16	144	SingleDown	DXC4B2P
2025-01-14 20:55:09	147	SingleUp	DXC4B2P
2025-01-14 20:58:02	161	SingleUp	DXC4B2P
2025-01-14 21:00:55	162	Flat	DXC4B2P
2025-01-14 21:03:48	141	SingleDown	DXC4B2P
2025-01-14 21:06:42	148	SingleUp	DXC4B2P
2025-01-14 21:09:35	161	SingleUp	DXC4B2P
2025-01-14 21:12:28	152	SingleDown	DXC4B2P
2025-01-14 21:15:21	152	Flat	DXC4B2P
2025-01-14 21:18:14	159	SingleUp	DXC4B2P
2025-01-14 21:21:08	151	SingleDown	DXC4B2P
2025-01-14 21:24:01	157	SingleUp	DXC4B2P
2025-01-14 21:26:54	140	SingleDown	DXC4B2P
2025-01-14 21:29:47	152	SingleUp	DXC4B2P
2025-01-14 21:32:40	152	Flat	DXC4B2P
2025-01-14 21:35:34	157	SingleUp	DXC4B2P
2025-01-14 21:38:27	164	SingleUp	DXC4B2P
2025-01-14 21:41:20	162	FortyFiveDown	DXC4B2P
2025-01-14 21:44:13	145	SingleDown	DXC4B2P
2025-01-14 21:47:06	151	SingleUp	DXC4B2P
2025-01-14 21:50:00	139	SingleDown	DXC4B2P
2025-01-14 21:52:53	164	SingleUp	DXC4B2P
2025-01-14 21:55:46	152	SingleDown	DXC4B2P
2025-01-14 21:58:39	142	SingleDown	DXC4B2P
2025-01-14 22:01:32	111	SingleDown	DXC4B2P
2025-01-14 22:04:26	91	SingleDown	DXC4B2P
2025-01-14 22:07:19	106	SingleUp	DXC4B2P
2025-01-14 22:10:12	87	SingleDown	DXC4B2P
2025-01-14 22:13:05	115	SingleUp	DXC4B2P
2025-01-14 22:15:58	102	SingleDown	DXC4B2P
2025-01-14 22:18:52	113	SingleUp	DXC4B2P
2025-01-14 22:21:45	109	SingleDown	DXC4B2P
2025-01-14 22:24:38	92	SingleDown	DXC4B2P
2025-01-14 22:27:31	89	SingleDown	DXC4B2P
2025-01-14 22:30:24	102	SingleUp	DXC4B2P
2025-01-14 22:33:18	94	SingleDown	DXC4B2P
2025-01-14 22:36:11	86	SingleDown	DXC4B2P
2025-01-14 22:39:04	110	SingleUp	DXC4B2P
2025-01-14 22:41:57	114	SingleUp	DXC4B2P
2025-01-14 22:44:50	105	SingleDown	DXC4B2P
2025-01-14 22:47:44	105	Flat	DXC4B2P
2025-01-14 22:50:37	99	SingleDown	DXC4B2P
2025-01-14 22:53:30	92	SingleDown	DXC4B2P
2025-01-14 22:56:23	97	SingleUp	DXC4B2P
2025-01-14 22:59:16	109	SingleUp	DXC4B2P
2025-01-14 23:02:09	104	SingleDown	DXC4B2P
2025-01-14 23:05:03	86	SingleDown	DXC4B2P
2025-01-14 23:07:56	109	SingleUp	DXC4B2P
2025-01-14 23:10:49	89	SingleDown	DXC4B2P
2025-01-14 23:13:42	108	SingleUp	DXC4B2P
2025-01-14 23:16:35	95	SingleDown	DXC4B2P
2025-01-14 23:19:29	93	FortyFiveDown	DXC4B2P
2025-01-14 23:22:22	95	FortyFiveUp	DXC4B2P
2025-01-14 23:25:15	94	Flat	DXC4B2P
2025-01-14 23:28:08	84	SingleDown	DXC4B2P
2025-01-14 23:31:01	91	SingleUp	DXC4B2P
2025-01-14 23:33:55	91	Flat	DXC4B2P
2025-01-14 23:36:48	94	SingleUp	DXC4B2P
2025-01-14 23:39:41	93	Flat	DXC4B2P
2025-01-14 23:42:34	81	SingleDown	DXC4B2P
2025-01-14 23:45:27	106	SingleUp	DXC4B2P
2025-01-14 23:48:21	87	SingleDown	DXC4B2P
2025-01-14 23:51:14	88	Flat	DXC4B2P
2025-01-14 23:54:07	82	SingleDown	DXC4B2P
2025-01-14 23:57:00	91	SingleUp	DXC4B2P