Name:John Doe	Date Range:2025-01-01 - 2025-01-14
Timestamp	Glucose Value (mmol/L)	Trend Arrow	Transmitter ID
2025-01-01 00:00:00	10.3	Flat	DXC4B2P
2025-01-01 00:10:00	4.1	DoubleDown	DXC4B2P
2025-01-01 00:17:00	16.5	DoubleUp	DXC4B2P
2025-01-01 00:24:00	4.1	DoubleDown	DXC4B2P
2025-01-01 00:31:00	4.4	DoubleUp	DXC4B2P
2025-01-01 00:41:00	7.7	DoubleUp	DXC4B2P
2025-01-01 00:49:00	4.4	DoubleDown	DXC4B2P
2025-01-01 00:59:00	6.3	DoubleUp	DXC4B2P
2025-01-01 01:09:00	9.2	DoubleUp	DXC4B2P
2025-01-01 01:17:00	8.8	DoubleDown	DXC4B2P
2025-01-01 01:25:00	4.5	DoubleDown	DXC4B2P
2025-01-01 01:32:00	8.5	DoubleUp	DXC4B2P
2025-01-01 01:41:00	5.8	DoubleDown	DXC4B2P
2025-01-01 01:50:00	6.1	DoubleUp	DXC4B2P
2025-01-01 01:58:00	9.1	DoubleUp	DXC4B2P
2025-01-01 02:05:00	9.6	DoubleUp	DXC4B2P
2025-01-01 02:15:00	4.7	DoubleDown	DXC4B2P
2025-01-01 02:25:00	2.8	DoubleDown	DXC4B2P
2025-01-01 02:34:00	9.2	DoubleUp	DXC4B2P
2025-01-01 02:42:00	6	DoubleDown	DXC4B2P
2025-01-01 02:50:00	7.9	DoubleUp	DXC4B2P
2025-01-01 02:59:00	4.1	DoubleDown	DXC4B2P
2025-01-01 03:09:00	4.6	DoubleUp	DXC4B2P
2025-01-01 03:18:00	13.4	DoubleUp	DXC4B2P
2025-01-01 03:28:00	7.5	DoubleDown	DXC4B2P
2025-01-01 03:35:00	6.6	DoubleDown	DXC4B2P
2025-01-01 03:44:00	12.1	DoubleUp	DXC4B2P
2025-01-01 03:51:00	4.7	DoubleDown	DXC4B2P
2025-01-01 04:00:00	4.4	DoubleDown	DXC4B2P
2025-01-01 04:10:00	13.1	DoubleUp	DXC4B2P
2025-01-01 04:17:00	8.2	DoubleDown	DXC4B2P
2025-01-01 04:26:00	11.6	DoubleUp	DXC4B2P
2025-01-01 04:36:00	4	DoubleDown	DXC4B2P
2025-01-01 04:46:00	4.4	DoubleUp	DXC4B2P
2025-01-01 04:56:00	8.1	DoubleUp	DXC4B2P
2025-01-01 05:06:00	11.8	DoubleUp	DXC4B2P
2025-01-01 05:14:00	5.5	DoubleDown	DXC4B2P
2025-01-01 05:22:00	9.7	DoubleUp	DXC4B2P
2025-01-01 05:30:00	6.7	DoubleDown	DXC4B2P
2025-01-01 05:40:00	9.8	DoubleUp	DXC4B2P
2025-01-01 05:48:00	6.1	DoubleDown	DXC4B2P
2025-01-01 05:56:00	7.2	DoubleUp	DXC4B2P
2025-01-01 06:06:00	12.1	DoubleUp	DXC4B2P
2025-01-01 06:13:00	4	DoubleDown	DXC4B2P
2025-01-01 06:23:00	16.5	DoubleUp	DXC4B2P
2025-01-01 06:33:00	2.6	DoubleDown	DXC4B2P
2025-01-01 06:43:00	8.5	DoubleUp	DXC4B2P
2025-01-01 06:50:00	7.3	DoubleDown	DXC4B2P
2025-01-01 07:00:00	13.6	DoubleUp	DXC4B2P
2025-01-01 07:07:00	8	DoubleDown	DXC4B2P
2025-01-01 07:15:00	12.4	DoubleUp	DXC4B2P
2025-01-01 07:23:00	13.8	DoubleUp	DXC4B2P
2025-01-01 07:30:00	8.8	DoubleDown	DXC4B2P
2025-01-01 07:40:00	2.9	DoubleDown	DXC4B2P
2025-01-01 07:47:00	15.5	DoubleUp	DXC4B2P
2025-01-01 07:55:00	8.9	DoubleDown	DXC4B2P
2025-01-01 08:05:00	8	DoubleDown	DXC4B2P
2025-01-01 08:12:00	4.3	DoubleDown	DXC4B2P
2025-01-01 08:20:00	7.1	DoubleUp	DXC4B2P
2025-01-01 08:30:00	6.8	DoubleDown	DXC4B2P
2025-01-01 08:39:00	12.4	DoubleUp	DXC4B2P
2025-01-01 08:46:00	7	DoubleDown	DXC4B2P
2025-01-01 08:53:00	4.8	DoubleDown	DXC4B2P
2025-01-01 09:01:00	6.8	DoubleUp	DXC4B2P
2025-01-01 09:09:00	4.9	DoubleDown	DXC4B2P
2025-01-01 09:17:00	7	DoubleUp	DXC4B2P
2025-01-01 09:26:00	6.9	Flat	DXC4B2P
2025-01-01 09:33:00	11.9	DoubleUp	DXC4B2P
2025-01-01 09:42:00	8.3	DoubleDown	DXC4B2P
2025-01-01 09:52:00	16.1	DoubleUp	DXC4B2P
2025-01-01 10:02:00	8	DoubleDown	DXC4B2P
2025-01-01 10:10:00	12.9	DoubleUp	DXC4B2P
2025-01-01 10:19:00	7.5	DoubleDown	DXC4B2P
2025-01-01 10:29:00	8.8	DoubleUp	DXC4B2P
2025-01-01 10:37:00	7.1	DoubleDown	DXC4B2P
2025-01-01 10:45:00	4.6	DoubleDown	DXC4B2P
2025-01-01 10:53:00	9	DoubleUp	DXC4B2P
2025-01-01 11:02:00	7.2	DoubleDown	DXC4B2P
2025-01-01 11:11:00	4.1	DoubleDown	DXC4B2P
2025-01-01 11:18:00	16.1	DoubleUp	DXC4B2P
2025-01-01 11:28:00	5.6	DoubleDown	DXC4B2P
2025-01-01 11:35:00	9.4	DoubleUp	DXC4B2P
2025-01-01 11:44:00	9.1	DoubleDown	DXC4B2P
2025-01-01 11:52:00	4.5	DoubleDown	DXC4B2P
2025-01-01 12:01:00	6.3	DoubleUp	DXC4B2P
2025-01-01 12:08:00	7	DoubleUp	DXC4B2P
2025-01-01 12:16:00	10.1	DoubleUp	DXC4B2P
2025-01-01 12:23:00	8.9	DoubleDown	DXC4B2P
2025-01-01 12:31:00	7	DoubleDown	DXC4B2P
2025-01-01 12:40:00	8.3	DoubleUp	DXC4B2P
2025-01-01 12:47:00	8.1	SingleDown	DXC4B2P
2025-01-01 12:55:00	9	DoubleUp	DXC4B2P
2025-01-01 13:03:00	7.8	DoubleDown	DXC4B2P
2025-01-01 13:13:00	8.2	DoubleUp	DXC4B2P
2025-01-01 13:20:00	6.4	DoubleDown	DXC4B2P
2025-01-01 13:28:00	6.9	DoubleUp	DXC4B2P
2025-01-01 13:36:00	11.4	DoubleUp	DXC4B2P
2025-01-01 13:43:00	12.2	DoubleUp	DXC4B2P
2025-01-01 13:53:00	4.6	DoubleDown	DXC4B2P
2025-01-01 14:00:00	5	DoubleUp	DXC4B2P
2025-01-01 14:10:00	13.3	DoubleUp	DXC4B2P
2025-01-01 14:17:00	5.6	DoubleDown	DXC4B2P
2025-01-01 14:24:00	5.7	Flat	DXC4B2P
2025-01-01 14:31:00	12.5	DoubleUp	DXC4B2P
2025-01-01 14:38:00	6.4	DoubleDown	DXC4B2P
2025-01-01 14:45:00	8.8	DoubleUp	DXC4B2P
2025-01-01 14:55:00	16.3	DoubleUp	DXC4B2P
2025-01-01 15:02:00	7.2	DoubleDown	DXC4B2P
2025-01-01 15:11:00	14.4	DoubleUp	DXC4B2P
2025-01-01 15:21:00	8	DoubleDown	DXC4B2P
2025-01-01 15:30:00	6	DoubleDown	DXC4B2P
2025-01-01 15:38:00	11.7	DoubleUp	DXC4B2P
2025-01-01 15:46:00	14.7	DoubleUp	DXC4B2P
2025-01-01 15:55:00	6.1	DoubleDown	DXC4B2P
2025-01-01 16:04:00	8.3	DoubleUp	DXC4B2P
2025-01-01 16:12:00	8.5	SingleUp	DXC4B2P
2025-01-01 16:22:00	8.7	SingleUp	DXC4B2P
2025-01-01 16:31:00	9.7	DoubleUp	DXC4B2P
2025-01-01 16:39:00	12.5	DoubleUp	DXC4B2P
2025-01-01 16:48:00	6.7	DoubleDown	DXC4B2P
2025-01-01 16:57:00	4.5	DoubleDown	DXC4B2P
2025-01-01 17:05:00	5	DoubleUp	DXC4B2P
2025-01-01 17:14:00	8.2	DoubleUp	DXC4B2P
2025-01-01 17:23:00	4.1	DoubleDown	DXC4B2P
2025-01-01 17:32:00	9.2	DoubleUp	DXC4B2P
2025-01-01 17:39:00	7.7	DoubleDown	DXC4B2P
2025-01-01 17:47:00	7.4	DoubleDown	DXC4B2P
2025-01-01 17:57:00	5	DoubleDown	DXC4B2P
2025-01-01 18:07:00	8.6	DoubleUp	DXC4B2P
2025-01-01 18:14:00	12.4	DoubleUp	DXC4B2P
2025-01-01 18:23:00	14.8	DoubleUp	DXC4B2P
2025-01-01 18:32:00	10.3	DoubleDown	DXC4B2P
2025-01-01 18:40:00	12.1	DoubleUp	DXC4B2P
2025-01-01 18:50:00	3.9	DoubleDown	DXC4B2P
2025-01-01 19:00:00	10.9	DoubleUp	DXC4B2P
2025-01-01 19:08:00	7.7	DoubleDown	DXC4B2P
2025-01-01 19:17:00	7.9	SingleUp	DXC4B2P
2025-01-01 19:24:00	9.1	DoubleUp	DXC4B2P
2025-01-01 19:32:00	8.2	DoubleDown	DXC4B2P
2025-01-01 19:39:00	12.3	DoubleUp	DXC4B2P
2025-01-01 19:47:00	5	DoubleDown	DXC4B2P
2025-01-01 19:55:00	5.2	SingleUp	DXC4B2P
2025-01-01 20:05:00	11.4	DoubleUp	DXC4B2P
2025-01-01 20:12:00	6.5	DoubleDown	DXC4B2P
2025-01-01 20:21:00	6.5	Flat	DXC4B2P
2025-01-01 20:28:00	5.9	DoubleDown	DXC4B2P
2025-01-01 20:35:00	6.1	SingleUp	DXC4B2P
2025-01-01 20:44:00	6.2	Flat	DXC4B2P
2025-01-01 20:54:00	10.3	DoubleUp	DXC4B2P
2025-01-01 21:01:00	6	DoubleDown	DXC4B2P
2025-01-01 21:10:00	5.1	DoubleDown	DXC4B2P
2025-01-01 21:19:00	4.9	SingleDown	DXC4B2P
2025-01-01 21:27:00	5.8	DoubleUp	DXC4B2P
2025-01-01 21:34:00	4.9	DoubleDown	DXC4B2P
2025-01-01 21:42:00	13.5	DoubleUp	DXC4B2P
2025-01-01 21:49:00	7.6	DoubleDown	DXC4B2P
2025-01-01 21:58:00	6.2	DoubleDown	DXC4B2P
2025-01-01 22:06:00	10.4	DoubleUp	DXC4B2P
2025-01-01 22:13:00	11.5	DoubleUp	DXC4B2P
2025-01-01 22:21:00	8.7	DoubleDown	DXC4B2P
2025-01-01 22:28:00	9.1	DoubleUp	DXC4B2P
2025-01-01 22:35:00	4.1	DoubleDown	DXC4B2P
2025-01-01 22:43:00	8.9	DoubleUp	DXC4B2P
2025-01-01 22:50:00	6.3	DoubleDown	DXC4B2P
2025-01-01 22:58:00	11.4	DoubleUp	DXC4B2P
2025-01-01 23:06:00	11.5	Flat	DXC4B2P
2025-01-01 23:14:00	8.9	DoubleDown	DXC4B2P
2025-01-01 23:23:00	15.4	DoubleUp	DXC4B2P
2025-01-01 23:30:00	9.3	DoubleDown	DXC4B2P
2025-01-01 23:38:00	6.6	DoubleDown	DXC4B2P
2025-01-01 23:46:00	7.2	DoubleUp	DXC4B2P
2025-01-01 23:54:00	8.6	DoubleUp	DXC4B2P
2025-01-02 00:01:00	4.9	DoubleDown	DXC4B2P
2025-01-02 00:11:00	14.7	DoubleUp	DXC4B2P
2025-01-02 00:21:00	11.8	DoubleDown	DXC4B2P
2025-01-02 00:29:00	7.8	DoubleDown	DXC4B2P
2025-01-02 00:39:00	9.8	DoubleUp	DXC4B2P
2025-01-02 00:47:00	4.9	DoubleDown	DXC4B2P
2025-01-02 00:55:00	7	DoubleUp	DXC4B2P
2025-01-02 01:04:00	11.8	DoubleUp	DXC4B2P
2025-01-02 01:12:00	13.5	DoubleUp	DXC4B2P
2025-01-02 01:21:00	10.4	DoubleDown	DXC4B2P
2025-01-02 01:30:00	7.8	DoubleDown	DXC4B2P
2025-01-02 01:38:00	16.4	DoubleUp	DXC4B2P
2025-01-02 01:46:00	4.6	DoubleDown	DXC4B2P
2025-01-02 01:56:00	13.6	DoubleUp	DXC4B2P
2025-01-02 02:03:00	6.3	DoubleDown	DXC4B2P
2025-01-02 02:11:00	6.9	DoubleUp	DXC4B2P
2025-01-02 02:21:00	12.3	DoubleUp	DXC4B2P
2025-01-02 02:29:00	12.5	SingleUp	DXC4B2P
2025-01-02 02:36:00	9.7	DoubleDown	DXC4B2P
2025-01-02 02:46:00	7.1	DoubleDown	DXC4B2P
2025-01-02 02:53:00	8.5	DoubleUp	DXC4B2P
2025-01-02 03:01:00	8	DoubleDown	DXC4B2P
2025-01-02 03:08:00	7.2	DoubleDown	DXC4B2P
2025-01-02 03:15:00	10.9	DoubleUp	DXC4B2P
2025-01-02 03:22:00	11.1	SingleUp	DXC4B2P
2025-01-02 03:30:00	8.9	DoubleDown	DXC4B2P
2025-01-02 03:40:00	6.8	DoubleDown	DXC4B2P
2025-01-02 03:49:00	9.2	DoubleUp	DXC4B2P
2025-01-02 03:59:00	6.4	DoubleDown	DXC4B2P
2025-01-02 04:06:00	5.4	DoubleDown	DXC4B2P
2025-01-02 04:16:00	9.4	DoubleUp	DXC4B2P
2025-01-02 04:26:00	7.8	DoubleDown	DXC4B2P
2025-01-02 04:36:00	12.2	DoubleUp	DXC4B2P
2025-01-02 04:43:00	6.3	DoubleDown	DXC4B2P
2025-01-02 04:53:00	7.2	DoubleUp	DXC4B2P
2025-01-02 05:03:00	5.5	DoubleDown	DXC4B2P
2025-01-02 05:10:00	12.4	DoubleUp	DXC4B2P
2025-01-02 05:18:00	4.7	DoubleDown	DXC4B2P
2025-01-02 05:26:00	8.3	DoubleUp	DXC4B2P
2025-01-02 05:33:00	7.1	DoubleDown	DXC4B2P
2025-01-02 05:42:00	9.2	DoubleUp	DXC4B2P
2025-01-02 05:50:00	8.1	DoubleDown	DXC4B2P
2025-01-02 05:58:00	10.2	DoubleUp	DXC4B2P
2025-01-02 06:07:00	3.8	DoubleDown	DXC4B2P
2025-01-02 06:17:00	7.7	DoubleUp	DXC4B2P
2025-01-02 06:24:00	7.7	Flat	DXC4B2P
2025-01-02 06:34:00	9.1	DoubleUp	DXC4B2P
2025-01-02 06:41:00	7.3	DoubleDown	DXC4B2P
2025-01-02 06:50:00	6.6	DoubleDown	DXC4B2P
2025-01-02 06:57:00	9.5	DoubleUp	DXC4B2P
2025-01-02 07:07:00	3.1	DoubleDown	DXC4B2P
2025-01-02 07:14:00	9.2	DoubleUp	DXC4B2P
2025-01-02 07:21:00	9.3	Flat	DXC4B2P
2025-01-02 07:29:00	7.4	DoubleDown	DXC4B2P
2025-01-02 07:39:00	7	DoubleDown	DXC4B2P
2025-01-02 07:46:00	8.6	DoubleUp	DXC4B2P
2025-01-02 07:55:00	6.2	DoubleDown	DXC4B2P
2025-01-02 08:03:00	11.8	DoubleUp	DXC4B2P
2025-01-02 08:12:00	4.8	DoubleDown	DXC4B2P
2025-01-02 08:21:00	7.5	DoubleUp	DXC4B2P
2025-01-02 08:31:00	6.2	DoubleDown	DXC4B2P
2025-01-02 08:38:00	8.5	DoubleUp	DXC4B2P
2025-01-02 08:45:00	7.7	DoubleDown	DXC4B2P
2025-01-02 08:52:00	8.9	DoubleUp	DXC4B2P
2025-01-02 09:01:00	12.4	DoubleUp	DXC4B2P
2025-01-02 09:11:00	9.9	DoubleDown	DXC4B2P
2025-01-02 09:20:00	8.1	DoubleDown	DXC4B2P
2025-01-02 09:29:00	5.7	DoubleDown	DXC4B2P
2025-01-02 09:37:00	3.2	DoubleDown	DXC4B2P
2025-01-02 09:47:00	8.2	DoubleUp	DXC4B2P
2025-01-02 09:57:00	13.5	DoubleUp	DXC4B2P
2025-01-02 10:06:00	5	DoubleDown	DXC4B2P
2025-01-02 10:14:00	7.6	DoubleUp	DXC4B2P
2025-01-02 10:23:00	6.2	DoubleDown	DXC4B2P
2025-01-02 10:33:00	3.9	DoubleDown	DXC4B2P
2025-01-02 10:41:00	3.2	DoubleDown	DXC4B2P
2025-01-02 10:48:00	9.9	DoubleUp	DXC4B2P
2025-01-02 10:58:00	12.5	DoubleUp	DXC4B2P
2025-01-02 11:07:00	9.9	DoubleDown	DXC4B2P
2025-01-02 11:15:00	13.5	DoubleUp	DXC4B2P
2025-01-02 11:24:00	10	DoubleDown	DXC4B2P
2025-01-02 11:32:00	8	DoubleDown	DXC4B2P
2025-01-02 11:39:00	15.6	DoubleUp	DXC4B2P
2025-01-02 11:47:00	4.3	DoubleDown	DXC4B2P
2025-01-02 11:57:00	11.4	DoubleUp	DXC4B2P
2025-01-02 12:07:00	4.5	DoubleDown	DXC4B2P
2025-01-02 12:16:00	5.3	DoubleUp	DXC4B2P
2025-01-02 12:26:00	7.7	DoubleUp	DXC4B2P
2025-01-02 12:35:00	4	DoubleDown	DXC4B2P
2025-01-02 12:44:00	8.6	DoubleUp	DXC4B2P
2025-01-02 12:51:00	6	DoubleDown	DXC4B2P
2025-01-02 13:00:00	12.1	DoubleUp	DXC4B2P
2025-01-02 13:10:00	12.1	Flat	DXC4B2P
2025-01-02 13:18:00	7.9	DoubleDown	DXC4B2P
2025-01-02 13:25:00	15.1	DoubleUp	DXC4B2P
2025-01-02 13:32:00	14.1	DoubleDown	DXC4B2P
2025-01-02 13:41:00	7.7	DoubleDown	DXC4B2P
2025-01-02 13:51:00	4.7	DoubleDown	DXC4B2P
2025-01-02 13:58:00	13.2	DoubleUp	DXC4B2P
2025-01-02 14:08:00	5.2	DoubleDown	DXC4B2P
2025-01-02 14:17:00	5.2	Flat	DXC4B2P
2025-01-02 14:24:00	10.7	DoubleUp	DXC4B2P
2025-01-02 14:32:00	7.3	DoubleDown	DXC4B2P
2025-01-02 14:41:00	5.6	DoubleDown	DXC4B2P
2025-01-02 14:48:00	12.2	DoubleUp	DXC4B2P
2025-01-02 14:58:00	3.9	DoubleDown	DXC4B2P
2025-01-02 15:05:00	7.2	DoubleUp	DXC4B2P
2025-01-02 15:12:00	15.3	DoubleUp	DXC4B2P
2025-01-02 15:22:00	9.6	DoubleDown	DXC4B2P
2025-01-02 15:29:00	9.7	Flat	DXC4B2P
2025-01-02 15:36:00	7	DoubleDown	DXC4B2P
2025-01-02 15:43:00	4.5	DoubleDown	DXC4B2P
2025-01-02 15:52:00	12.7	DoubleUp	DXC4B2P
2025-01-02 16:00:00	4.8	DoubleDown	DXC4B2P
2025-01-02 16:08:00	7.4	DoubleUp	DXC4B2P
2025-01-02 16:17:00	7.5	Flat	DXC4B2P
2025-01-02 16:27:00	5.2	DoubleDown	DXC4B2P
2025-01-02 16:36:00	8.4	DoubleUp	DXC4B2P
2025-01-02 16:44:00	5.9	DoubleDown	DXC4B2P
2025-01-02 16:53:00	15	DoubleUp	DXC4B2P
2025-01-02 17:02:00	6.1	DoubleDown	DXC4B2P
2025-01-02 17:10:00	10.2	DoubleUp	DXC4B2P
2025-01-02 17:20:00	10.8	DoubleUp	DXC4B2P
2025-01-02 17:28:00	9	DoubleDown	DXC4B2P
2025-01-02 17:37:00	13.1	DoubleUp	DXC4B2P
2025-01-02 17:46:00	15.7	DoubleUp	DXC4B2P
2025-01-02 17:54:00	4	DoubleDown	DXC4B2P
2025-01-02 18:04:00	6.1	DoubleUp	DXC4B2P
2025-01-02 18:13:00	8.3	DoubleUp	DXC4B2P
2025-01-02 18:22:00	6	DoubleDown	DXC4B2P
2025-01-02 18:29:00	9.6	DoubleUp	DXC4B2P
2025-01-02 18:38:00	13.6	DoubleUp	DXC4B2P
2025-01-02 18:47:00	9.9	DoubleDown	DXC4B2P
2025-01-02 18:55:00	8.7	DoubleDown	DXC4B2P
2025-01-02 19:05:00	4.9	DoubleDown	DXC4B2P
2025-01-02 19:15:00	4.6	DoubleDown	DXC4B2P
2025-01-02 19:25:00	13	DoubleUp	DXC4B2P
2025-01-02 19:32:00	5.2	DoubleDown	DXC4B2P
2025-01-02 19:40:00	7	DoubleUp	DXC4B2P
2025-01-02 19:47:00	6.8	SingleDown	DXC4B2P
2025-01-02 19:54:00	7.1	DoubleUp	DXC4B2P
2025-01-02 20:03:00	5.3	DoubleDown	DXC4B2P
2025-01-02 20:10:00	8.1	DoubleUp	DXC4B2P
2025-01-02 20:17:00	9.4	DoubleUp	DXC4B2P
2025-01-02 20:25:00	11.9	DoubleUp	DXC4B2P
2025-01-02 20:33:00	15	DoubleUp	DXC4B2P
2025-01-02 20:42:00	9	DoubleDown	DXC4B2P
2025-01-02 20:51:00	7.6	DoubleDown	DXC4B2P
2025-01-02 20:59:00	9.3	DoubleUp	DXC4B2P
2025-01-02 21:06:00	12.7	DoubleUp	DXC4B2P
2025-01-02 21:15:00	8	DoubleDown	DXC4B2P
2025-01-02 21:25:00	5	DoubleDown	DXC4B2P
2025-01-02 21:35:00	13.1	DoubleUp	DXC4B2P
2025-01-02 21:42:00	4.5	DoubleDown	DXC4B2P
2025-01-02 21:51:00	6.4	DoubleUp	DXC4B2P
2025-01-02 22:01:00	7.2	DoubleUp	DXC4B2P
2025-01-02 22:10:00	12.9	DoubleUp	DXC4B2P
2025-01-02 22:20:00	11.4	DoubleDown	DXC4B2P
2025-01-02 22:28:00	4.2	DoubleDown	DXC4B2P
2025-01-02 22:38:00	5.9	DoubleUp	DXC4B2P
2025-01-02 22:48:00	9.8	DoubleUp	DXC4B2P
2025-01-02 22:55:00	4.4	DoubleDown	DXC4B2P
2025-01-02 23:03:00	6.2	DoubleUp	DXC4B2P
2025-01-02 23:11:00	13.2	DoubleUp	DXC4B2P
2025-01-02 23:18:00	4.9	DoubleDown	DXC4B2P
2025-01-02 23:28:00	13.7	DoubleUp	DXC4B2P
2025-01-02 23:36:00	9.9	DoubleDown	DXC4B2P
2025-01-02 23:44:00	8.6	DoubleDown	DXC4B2P
2025-01-02 23:52:00	9.4	DoubleUp	DXC4B2P
2025-01-03 00:00:00	9.5	Flat	DXC4B2P
2025-01-03 00:07:00	12.6	DoubleUp	DXC4B2P
2025-01-03 00:15:00	7.7	DoubleDown	DXC4B2P
2025-01-03 00:23:00	6.1	DoubleDown	DXC4B2P
2025-01-03 00:33:00	5.7	DoubleDown	DXC4B2P
2025-01-03 00:43:00	12.1	DoubleUp	DXC4B2P
2025-01-03 00:53:00	4.2	DoubleDown	DXC4B2P
2025-01-03 01:02:00	4.4	SingleUp	DXC4B2P
2025-01-03 01:09:00	10.9	DoubleUp	DXC4B2P
2025-01-03 01:17:00	15.3	DoubleUp	DXC4B2P
2025-01-03 01:24:00	12.5	DoubleDown	DXC4B2P
2025-01-03 01:31:00	7.9	DoubleDown	DXC4B2P
2025-01-03 01:40:00	4.1	DoubleDown	DXC4B2P
2025-01-03 01:48:00	9.4	DoubleUp	DXC4B2P
2025-01-03 01:55:00	11.7	DoubleUp	DXC4B2P
2025-01-03 02:02:00	5.3	DoubleDown	DXC4B2P
2025-01-03 02:12:00	11.6	DoubleUp	DXC4B2P
2025-01-03 02:22:00	9.5	DoubleDown	DXC4B2P
2025-01-03 02:29:00	14.7	DoubleUp	DXC4B2P
2025-01-03 02:38:00	6.2	DoubleDown	DXC4B2P
2025-01-03 02:45:00	5.5	DoubleDown	DXC4B2P
2025-01-03 02:55:00	9.5	DoubleUp	DXC4B2P
2025-01-03 03:03:00	4.6	DoubleDown	DXC4B2P
2025-01-03 03:10:00	6.1	DoubleUp	DXC4B2P
2025-01-03 03:17:00	4.1	DoubleDown	DXC4B2P
2025-01-03 03:26:00	11.8	DoubleUp	DXC4B2P
2025-01-03 03:34:00	8.6	DoubleDown	DXC4B2P
2025-01-03 03:43:00	6.7	DoubleDown	DXC4B2P
2025-01-03 03:52:00	8.4	DoubleUp	DXC4B2P
2025-01-03 04:00:00	4.6	DoubleDown	DXC4B2P
2025-01-03 04:08:00	13.3	DoubleUp	DXC4B2P
2025-01-03 04:18:00	4.3	DoubleDown	DXC4B2P
2025-01-03 04:26:00	8.8	DoubleUp	DXC4B2P
2025-01-03 04:33:00	8.3	DoubleDown	DXC4B2P
2025-01-03 04:43:00	9.8	DoubleUp	DXC4B2P
2025-01-03 04:50:00	2.4	DoubleDown	DXC4B2P
2025-01-03 05:00:00	12.9	DoubleUp	DXC4B2P
2025-01-03 05:08:00	4.5	DoubleDown	DXC4B2P
2025-01-03 05:16:00	2.2	DoubleDown	DXC4B2P
2025-01-03 05:23:00	3.5	DoubleUp	DXC4B2P
2025-01-03 05:32:00	10.7	DoubleUp	DXC4B2P
2025-01-03 05:41:00	5	DoubleDown	DXC4B2P
2025-01-03 05:49:00	6.2	DoubleUp	DXC4B2P
2025-01-03 05:57:00	5.7	DoubleDown	DXC4B2P
2025-01-03 06:07:00	7.8	DoubleUp	DXC4B2P
2025-01-03 06:16:00	12.1	DoubleUp	DXC4B2P
2025-01-03 06:25:00	5.1	DoubleDown	DXC4B2P
2025-01-03 06:33:00	5.9	DoubleUp	DXC4B2P
2025-01-03 06:40:00	6.2	DoubleUp	DXC4B2P
2025-01-03 06:50:00	5.5	DoubleDown	DXC4B2P
2025-01-03 06:58:00	7.6	DoubleUp	DXC4B2P
2025-01-03 07:05:00	4.6	DoubleDown	DXC4B2P
2025-01-03 07:13:00	7.7	DoubleUp	DXC4B2P
2025-01-03 07:22:00	2.9	DoubleDown	DXC4B2P
2025-01-03 07:32:00	11.7	DoubleUp	DXC4B2P
2025-01-03 07:40:00	5.5	DoubleDown	DXC4B2P
2025-01-03 07:48:00	4.5	DoubleDown	DXC4B2P
2025-01-03 07:55:00	10.7	DoubleUp	DXC4B2P
2025-01-03 08:03:00	14.9	DoubleUp	DXC4B2P
2025-01-03 08:10:00	4.1	DoubleDown	DXC4B2P
2025-01-03 08:20:00	4.6	DoubleUp	DXC4B2P
2025-01-03 08:27:00	3.1	DoubleDown	DXC4B2P
2025-01-03 08:34:00	8.2	DoubleUp	DXC4B2P
2025-01-03 08:43:00	7.8	DoubleDown	DXC4B2P
2025-01-03 08:51:00	4.9	DoubleDown	DXC4B2P
2025-01-03 08:58:00	11.2	DoubleUp	DXC4B2P
2025-01-03 09:06:00	6	DoubleDown	DXC4B2P
2025-01-03 09:15:00	8.6	DoubleUp	DXC4B2P
2025-01-03 09:23:00	7.3	DoubleDown	DXC4B2P
2025-01-03 09:32:00	8.9	DoubleUp	DXC4B2P
2025-01-03 09:40:00	12.6	DoubleUp	DXC4B2P
2025-01-03 09:50:00	13.9	DoubleUp	DXC4B2P
2025-01-03 09:58:00	5.3	DoubleDown	DXC4B2P
2025-01-03 10:05:00	8.8	DoubleUp	DXC4B2P
2025-01-03 10:15:00	6.6	DoubleDown	DXC4B2P
2025-01-03 10:25:00	6.9	DoubleUp	DXC4B2P
2025-01-03 10:35:00	9.4	DoubleUp	DXC4B2P
2025-01-03 10:42:00	13.7	DoubleUp	DXC4B2P
2025-01-03 10:50:00	10.9	DoubleDown	DXC4B2P
2025-01-03 10:58:00	6.9	DoubleDown	DXC4B2P
2025-01-03 11:08:00	6.5	DoubleDown	DXC4B2P
2025-01-03 11:17:00	4	DoubleDown	DXC4B2P
2025-01-03 11:25:00	6.2	DoubleUp	DXC4B2P
2025-01-03 11:33:00	10.2	DoubleUp	DXC4B2P
2025-01-03 11:40:00	10.7	DoubleUp	DXC4B2P
2025-01-03 11:49:00	10.9	SingleUp	DXC4B2P
2025-01-03 11:58:00	2.5	DoubleDown	DXC4B2P
2025-01-03 12:06:00	11.1	DoubleUp	DXC4B2P
2025-01-03 12:16:00	12.2	DoubleUp	DXC4B2P
2025-01-03 12:26:00	7.2	DoubleDown	DXC4B2P
2025-01-03 12:34:00	9	DoubleUp	DXC4B2P
2025-01-03 12:43:00	6.5	DoubleDown	DXC4B2P
2025-01-03 12:52:00	7.6	DoubleUp	DXC4B2P
2025-01-03 13:01:00	5.3	DoubleDown	DXC4B2P
2025-01-03 13:10:00	7.8	DoubleUp	DXC4B2P
2025-01-03 13:19:00	6	DoubleDown	DXC4B2P
2025-01-03 13:29:00	14.9	DoubleUp	DXC4B2P
2025-01-03 13:39:00	7.3	DoubleDown	DXC4B2P
2025-01-03 13:46:00	5	DoubleDown	DXC4B2P
2025-01-03 13:54:00	8	DoubleUp	DXC4B2P
2025-01-03 14:03:00	3.9	DoubleDown	DXC4B2P
2025-01-03 14:13:00	6.1	DoubleUp	DXC4B2P
2025-01-03 14:22:00	11.6	DoubleUp	DXC4B2P
2025-01-03 14:30:00	6.1	DoubleDown	DXC4B2P
2025-01-03 14:37:00	3.2	DoubleDown	DXC4B2P
2025-01-03 14:46:00	11.8	DoubleUp	DXC4B2P
2025-01-03 14:53:00	9.3	DoubleDown	DXC4B2P
2025-01-03 15:03:00	5.6	DoubleDown	DXC4B2P
2025-01-03 15:12:00	7	DoubleUp	DXC4B2P
2025-01-03 15:21:00	14.3	DoubleUp	DXC4B2P
2025-01-03 15:29:00	4.8	DoubleDown	DXC4B2P
2025-01-03 15:39:00	4.8	Flat	DXC4B2P
2025-01-03 15:49:00	4.6	SingleDown	DXC4B2P
2025-01-03 15:57:00	9	DoubleUp	DXC4B2P
2025-01-03 16:06:00	9	Flat	DXC4B2P
2025-01-03 16:13:00	4.2	DoubleDown	DXC4B2P
2025-01-03 16:20:00	6.9	DoubleUp	DXC4B2P
2025-01-03 16:27:00	4.2	DoubleDown	DXC4B2P
2025-01-03 16:37:00	5.1	DoubleUp	DXC4B2P
2025-01-03 16:47:00	10.4	DoubleUp	DXC4B2P
2025-01-03 16:57:00	7.6	DoubleDown	DXC4B2P
2025-01-03 17:07:00	15	DoubleUp	DXC4B2P
2025-01-03 17:15:00	8.2	DoubleDown	DXC4B2P
2025-01-03 17:25:00	6.1	DoubleDown	DXC4B2P
2025-01-03 17:33:00	5.2	DoubleDown	DXC4B2P
2025-01-03 17:40:00	5.9	DoubleUp	DXC4B2P
2025-01-03 17:47:00	9.3	DoubleUp	DXC4B2P
2025-01-03 17:55:00	12.4	DoubleUp	DXC4B2P
2025-01-03 18:05:00	9.7	DoubleDown	DXC4B2P
2025-01-03 18:15:00	3.4	DoubleDown	DXC4B2P
2025-01-03 18:25:00	7	DoubleUp	DXC4B2P
2025-01-03 18:32:00	6.4	DoubleDown	DXC4B2P
2025-01-03 18:40:00	6.4	Flat	DXC4B2P
2025-01-03 18:50:00	12.8	DoubleUp	DXC4B2P
2025-01-03 18:58:00	12.9	Flat	DXC4B2P
2025-01-03 19:05:00	12.3	DoubleDown	DXC4B2P
2025-01-03 19:14:00	5.5	DoubleDown	DXC4B2P
2025-01-03 19:21:00	8.6	DoubleUp	DXC4B2P
2025-01-03 19:31:00	4.7	DoubleDown	DXC4B2P
2025-01-03 19:38:00	8	DoubleUp	DXC4B2P
2025-01-03 19:47:00	6.5	DoubleDown	DXC4B2P
2025-01-03 19:57:00	3.3	DoubleDown	DXC4B2P
2025-01-03 20:05:00	6.5	DoubleUp	DXC4B2P
2025-01-03 20:13:00	5	DoubleDown	DXC4B2P
2025-01-03 20:23:00	9.6	DoubleUp	DXC4B2P
2025-01-03 20:32:00	11.3	DoubleUp	DXC4B2P
2025-01-03 20:42:00	9.3	DoubleDown	DXC4B2P
2025-01-03 20:52:00	13.8	DoubleUp	DXC4B2P
2025-01-03 21:02:00	2.6	DoubleDown	DXC4B2P
2025-01-03 21:09:00	15.5	DoubleUp	DXC4B2P
2025-01-03 21:17:00	7	DoubleDown	DXC4B2P
2025-01-03 21:24:00	5.6	DoubleDown	DXC4B2P
2025-01-03 21:33:00	7.5	DoubleUp	DXC4B2P
2025-01-03 21:41:00	12.2	DoubleUp	DXC4B2P
2025-01-03 21:49:00	6.6	DoubleDown	DXC4B2P
2025-01-03 21:58:00	8.1	DoubleUp	DXC4B2P
2025-01-03 22:06:00	11.8	DoubleUp	DXC4B2P
2025-01-03 22:15:00	4.6	DoubleDown	DXC4B2P
2025-01-03 22:25:00	9.1	DoubleUp	DXC4B2P
2025-01-03 22:34:00	15.5	DoubleUp	DXC4B2P
2025-01-03 22:41:00	16.2	DoubleUp	DXC4B2P
2025-01-03 22:50:00	6.5	DoubleDown	DXC4B2P
2025-01-03 22:58:00	9.9	DoubleUp	DXC4B2P
2025-01-03 23:06:00	4.5	DoubleDown	DXC4B2P
2025-01-03 23:13:00	16.2	DoubleUp	DXC4B2P
2025-01-03 23:23:00	8.2	DoubleDown	DXC4B2P
2025-01-03 23:33:00	5.9	DoubleDown	DXC4B2P
2025-01-03 23:42:00	11.2	DoubleUp	DXC4B2P
2025-01-03 23:52:00	5.3	DoubleDown	DXC4B2P
2025-01-03 23:59:00	7.1	DoubleUp	DXC4B2P
2025-01-04 00:07:00	8.3	DoubleUp	DXC4B2P
2025-01-04 00:17:00	8.1	SingleDown	DXC4B2P
2025-01-04 00:25:00	5.9	DoubleDown	DXC4B2P
2025-01-04 00:32:00	7.3	DoubleUp	DXC4B2P
2025-01-04 00:41:00	6.3	DoubleDown	DXC4B2P
2025-01-04 00:48:00	6.5	SingleUp	DXC4B2P
2025-01-04 00:58:00	8.9	DoubleUp	DXC4B2P
2025-01-04 01:07:00	7.1	DoubleDown	DXC4B2P
2025-01-04 01:14:00	6.5	DoubleDown	DXC4B2P
2025-01-04 01:24:00	8.2	DoubleUp	DXC4B2P
2025-01-04 01:33:00	5.7	DoubleDown	DXC4B2P
2025-01-04 01:43:00	5.3	DoubleDown	DXC4B2P
2025-01-04 01:53:00	6.2	DoubleUp	DXC4B2P
2025-01-04 02:03:00	4.8	DoubleDown	DXC4B2P
2025-01-04 02:13:00	7.9	DoubleUp	DXC4B2P
2025-01-04 02:21:00	9.3	DoubleUp	DXC4B2P
2025-01-04 02:29:00	5.9	DoubleDown	DXC4B2P
2025-01-04 02:39:00	10.5	DoubleUp	DXC4B2P
2025-01-04 02:49:00	8.4	DoubleDown	DXC4B2P
2025-01-04 02:56:00	5.9	DoubleDown	DXC4B2P
2025-01-04 03:03:00	13.6	DoubleUp	DXC4B2P
2025-01-04 03:13:00	8.8	DoubleDown	DXC4B2P
2025-01-04 03:23:00	6.2	DoubleDown	DXC4B2P
2025-01-04 03:32:00	5.4	DoubleDown	DXC4B2P
2025-01-04 03:39:00	9.7	DoubleUp	DXC4B2P
2025-01-04 03:49:00	13.4	DoubleUp	DXC4B2P
2025-01-04 03:57:00	14.3	DoubleUp	DXC4B2P
2025-01-04 04:07:00	9.8	DoubleDown	DXC4B2P
2025-01-04 04:14:00	6.1	DoubleDown	DXC4B2P
2025-01-04 04:22:00	6.4	DoubleUp	DXC4B2P
2025-01-04 04:29:00	10.8	DoubleUp	DXC4B2P
2025-01-04 04:36:00	6.8	DoubleDown	DXC4B2P
2025-01-04 04:44:00	8.5	DoubleUp	DXC4B2P
2025-01-04 04:54:00	8.2	DoubleDown	DXC4B2P
2025-01-04 05:02:00	5.3	DoubleDown	DXC4B2P
2025-01-04 05:12:00	11.9	DoubleUp	DXC4B2P
2025-01-04 05:21:00	11.4	DoubleDown	DXC4B2P
2025-01-04 05:28:00	7.9	DoubleDown	DXC4B2P
2025-01-04 05:36:00	6	DoubleDown	DXC4B2P
2025-01-04 05:43:00	9.3	DoubleUp	DXC4B2P
2025-01-04 05:51:00	4	DoubleDown	DXC4B2P
2025-01-04 06:00:00	11.5	DoubleUp	DXC4B2P
2025-01-04 06:09:00	6.9	DoubleDown	DXC4B2P
2025-01-04 06:18:00	11.3	DoubleUp	DXC4B2P
2025-01-04 06:28:00	13	DoubleUp	DXC4B2P
2025-01-04 06:37:00	12.5	DoubleDown	DXC4B2P
2025-01-04 06:45:00	6.1	DoubleDown	DXC4B2P
2025-01-04 06:54:00	14.3	DoubleUp	DXC4B2P
2025-01-04 07:01:00	8.9	DoubleDown	DXC4B2P
2025-01-04 07:08:00	9	Flat	DXC4B2P
2025-01-04 07:16:00	7.1	DoubleDown	DXC4B2P
2025-01-04 07:24:00	15.7	DoubleUp	DXC4B2P
2025-01-04 07:34:00	16	DoubleUp	DXC4B2P
2025-01-04 07:41:00	5.1	DoubleDown	DXC4B2P
2025-01-04 07:50:00	6.2	DoubleUp	DXC4B2P
2025-01-04 07:57:00	4.3	DoubleDown	DXC4B2P
2025-01-04 08:07:00	4.1	SingleDown	DXC4B2P
2025-01-04 08:15:00	5.4	DoubleUp	DXC4B2P
2025-01-04 08:23:00	10	DoubleUp	DXC4B2P
2025-01-04 08:30:00	8.5	DoubleDown	DXC4B2P
2025-01-04 08:39:00	7.9	DoubleDown	DXC4B2P
2025-01-04 08:47:00	7.8	Flat	DXC4B2P
2025-01-04 08:55:00	10.2	DoubleUp	DXC4B2P
2025-01-04 09:04:00	6.2	DoubleDown	DXC4B2P
2025-01-04 09:14:00	9.9	DoubleUp	DXC4B2P
2025-01-04 09:23:00	8.4	DoubleDown	DXC4B2P
2025-01-04 09:33:00	8.1	DoubleDown	DXC4B2P
2025-01-04 09:40:00	4.5	DoubleDown	DXC4B2P
2025-01-04 09:48:00	8.6	DoubleUp	DXC4B2P
2025-01-04 09:57:00	10.5	DoubleUp	DXC4B2P
2025-01-04 10:04:00	8.1	DoubleDown	DXC4B2P
2025-01-04 10:13:00	9.2	DoubleUp	DXC4B2P
2025-01-04 10:20:00	4.8	DoubleDown	DXC4B2P
2025-01-04 10:28:00	4.5	DoubleDown	DXC4B2P
2025-01-04 10:35:00	11.3	DoubleUp	DXC4B2P
2025-01-04 10:43:00	14.9	DoubleUp	DXC4B2P
2025-01-04 10:50:00	7.4	DoubleDown	DXC4B2P
2025-01-04 10:59:00	11.2	DoubleUp	DXC4B2P
2025-01-04 11:08:00	12.6	DoubleUp	DXC4B2P
2025-01-04 11:15:00	9.3	DoubleDown	DXC4B2P
2025-01-04 11:23:00	4.8	DoubleDown	DXC4B2P
2025-01-04 11:31:00	10.6	DoubleUp	DXC4B2P
2025-01-04 11:41:00	8.5	DoubleDown	DXC4B2P
2025-01-04 11:51:00	15.7	DoubleUp	DXC4B2P
2025-01-04 11:58:00	8.4	DoubleDown	DXC4B2P
2025-01-04 12:06:00	8.8	DoubleUp	DXC4B2P
2025-01-04 12:13:00	7.5	DoubleDown	DXC4B2P
2025-01-04 12:20:00	4.4	DoubleDown	DXC4B2P
2025-01-04 12:30:00	7.8	DoubleUp	DXC4B2P
2025-01-04 12:37:00	9.4	DoubleUp	DXC4B2P
2025-01-04 12:47:00	5.4	DoubleDown	DXC4B2P
2025-01-04 12:54:00	9.9	DoubleUp	DXC4B2P
2025-01-04 13:03:00	12.3	DoubleUp	DXC4B2P
2025-01-04 13:12:00	6.7	DoubleDown	DXC4B2P
2025-01-04 13:20:00	5.8	DoubleDown	DXC4B2P
2025-01-04 13:27:00	16	DoubleUp	DXC4B2P
2025-01-04 13:34:00	8.6	DoubleDown	DXC4B2P
2025-01-04 13:44:00	6.3	DoubleDown	DXC4B2P
2025-01-04 13:53:00	11.4	DoubleUp	DXC4B2P
2025-01-04 14:01:00	3.3	DoubleDown	DXC4B2P
2025-01-04 14:11:00	11.9	DoubleUp	DXC4B2P
2025-01-04 14:19:00	7.5	DoubleDown	DXC4B2P
2025-01-04 14:29:00	8.5	DoubleUp	DXC4B2P
2025-01-04 14:39:00	3.9	DoubleDown	DXC4B2P
2025-01-04 14:47:00	16.4	DoubleUp	DXC4B2P
2025-01-04 14:55:00	9.9	DoubleDown	DXC4B2P
2025-01-04 15:02:00	6.6	DoubleDown	DXC4B2P
2025-01-04 15:09:00	8.9	DoubleUp	DXC4B2P
2025-01-04 15:19:00	8.2	DoubleDown	DXC4B2P
2025-01-04 15:29:00	12.8	DoubleUp	DXC4B2P
2025-01-04 15:38:00	4.8	DoubleDown	DXC4B2P
2025-01-04 15:46:00	4.8	Flat	DXC4B2P
2025-01-04 15:53:00	5.9	DoubleUp	DXC4B2P
2025-01-04 16:00:00	5	DoubleDown	DXC4B2P
2025-01-04 16:10:00	9.9	DoubleUp	DXC4B2P
2025-01-04 16:20:00	8.2	DoubleDown	DXC4B2P
2025-01-04 16:29:00	8.1	Flat	DXC4B2P
2025-01-04 16:37:00	4.3	DoubleDown	DXC4B2P
2025-01-04 16:44:00	8.2	DoubleUp	DXC4B2P
2025-01-04 16:54:00	12.1	DoubleUp	DXC4B2P
2025-01-04 17:03:00	9.7	DoubleDown	DXC4B2P
2025-01-04 17:10:00	6.1	DoubleDown	DXC4B2P
2025-01-04 17:19:00	5.8	DoubleDown	DXC4B2P
2025-01-04 17:28:00	5.7	Flat	DXC4B2P
2025-01-04 17:37:00	7	DoubleUp	DXC4B2P
2025-01-04 17:47:00	3.6	DoubleDown	DXC4B2P
2025-01-04 17:56:00	14.8	DoubleUp	DXC4B2P
2025-01-04 18:05:00	9.6	DoubleDown	DXC4B2P
2025-01-04 18:14:00	7.4	DoubleDown	DXC4B2P
2025-01-04 18:23:00	7.6	SingleUp	DXC4B2P
2025-01-04 18:31:00	9.3	DoubleUp	DXC4B2P
2025-01-04 18:39:00	6.7	DoubleDown	DXC4B2P
2025-01-04 18:49:00	9.5	DoubleUp	DXC4B2P
2025-01-04 18:57:00	7.9	DoubleDown	DXC4B2P
2025-01-04 19:04:00	4.1	DoubleDown	DXC4B2P
2025-01-04 19:13:00	6.3	DoubleUp	DXC4B2P
2025-01-04 19:21:00	9.6	DoubleUp	DXC4B2P
2025-01-04 19:30:00	13.6	DoubleUp	DXC4B2P
2025-01-04 19:38:00	7.6	DoubleDown	DXC4B2P
2025-01-04 19:47:00	4.2	DoubleDown	DXC4B2P
2025-01-04 19:54:00	5.3	DoubleUp	DXC4B2P
2025-01-04 20:01:00	9.7	DoubleUp	DXC4B2P
2025-01-04 20:10:00	9.2	DoubleDown	DXC4B2P
2025-01-04 20:20:00	13.5	DoubleUp	DXC4B2P
2025-01-04 20:28:00	5.6	DoubleDown	DXC4B2P
2025-01-04 20:36:00	4.8	DoubleDown	DXC4B2P
2025-01-04 20:46:00	5.3	DoubleUp	DXC4B2P
2025-01-04 20:53:00	10.4	DoubleUp	DXC4B2P
2025-01-04 21:03:00	12.7	DoubleUp	DXC4B2P
2025-01-04 21:10:00	6.5	DoubleDown	DXC4B2P
2025-01-04 21:19:00	9.8	DoubleUp	DXC4B2P
2025-01-04 21:29:00	8.4	DoubleDown	DXC4B2P
2025-01-04 21:36:00	4	DoubleDown	DXC4B2P
2025-01-04 21:45:00	11.2	DoubleUp	DXC4B2P
2025-01-04 21:53:00	10	DoubleDown	DXC4B2P
2025-01-04 22:02:00	5.2	DoubleDown	DXC4B2P
2025-01-04 22:11:00	14.2	DoubleUp	DXC4B2P
2025-01-04 22:20:00	13.4	DoubleDown	DXC4B2P
2025-01-04 22:28:00	9.2	DoubleDown	DXC4B2P
2025-01-04 22:38:00	7.3	DoubleDown	DXC4B2P
2025-01-04 22:46:00	3.6	DoubleDown	DXC4B2P
2025-01-04 22:54:00	5.1	DoubleUp	DXC4B2P
2025-01-04 23:04:00	7.1	DoubleUp	DXC4B2P
2025-01-04 23:11:00	6.8	DoubleDown	DXC4B2P
2025-01-04 23:18:00	8.9	DoubleUp	DXC4B2P
2025-01-04 23:28:00	4.8	DoubleDown	DXC4B2P
2025-01-04 23:35:00	5.9	DoubleUp	DXC4B2P
2025-01-04 23:43:00	5	DoubleDown	DXC4B2P
2025-01-04 23:53:00	5.8	DoubleUp	DXC4B2P
2025-01-05 00:00:00	4.9	DoubleDown	DXC4B2P
2025-01-05 00:09:00	4.7	SingleDown	DXC4B2P
2025-01-05 00:18:00	11.4	DoubleUp	DXC4B2P
2025-01-05 00:27:00	6.9	DoubleDown	DXC4B2P
2025-01-05 00:37:00	7.4	DoubleUp	DXC4B2P
2025-01-05 00:47:00	5.3	DoubleDown	DXC4B2P
2025-01-05 00:57:00	3.3	DoubleDown	DXC4B2P
2025-01-05 01:06:00	5.7	DoubleUp	DXC4B2P
2025-01-05 01:13:00	5.7	Flat	DXC4B2P
2025-01-05 01:20:00	9.5	DoubleUp	DXC4B2P
2025-01-05 01:27:00	14.3	DoubleUp	DXC4B2P
2025-01-05 01:35:00	8.5	DoubleDown	DXC4B2P
2025-01-05 01:43:00	2.7	DoubleDown	DXC4B2P
2025-01-05 01:51:00	11.2	DoubleUp	DXC4B2P
2025-01-05 02:00:00	4.3	DoubleDown	DXC4B2P
2025-01-05 02:07:00	7.3	DoubleUp	DXC4B2P
2025-01-05 02:14:00	5.2	DoubleDown	DXC4B2P
2025-01-05 02:22:00	8.6	DoubleUp	DXC4B2P
2025-01-05 02:29:00	5.5	DoubleDown	DXC4B2P
2025-01-05 02:39:00	7	DoubleUp	DXC4B2P
2025-01-05 02:47:00	12.3	DoubleUp	DXC4B2P
2025-01-05 02:57:00	9.4	DoubleDown	DXC4B2P
2025-01-05 03:04:00	5.1	DoubleDown	DXC4B2P
2025-01-05 03:12:00	7.8	DoubleUp	DXC4B2P
2025-01-05 03:20:00	10.2	DoubleUp	DXC4B2P
2025-01-05 03:30:00	9.2	DoubleDown	DXC4B2P
2025-01-05 03:38:00	16.1	DoubleUp	DXC4B2P
2025-01-05 03:46:00	6.6	DoubleDown	DXC4B2P
2025-01-05 03:54:00	13.4	DoubleUp	DXC4B2P
2025-01-05 04:03:00	9.6	DoubleDown	DXC4B2P
2025-01-05 04:13:00	9.7	Flat	DXC4B2P
2025-01-05 04:23:00	11.8	DoubleUp	DXC4B2P
2025-01-05 04:30:00	7.8	DoubleDown	DXC4B2P
2025-01-05 04:37:00	12.8	DoubleUp	DXC4B2P
2025-01-05 04:45:00	8.2	DoubleDown	DXC4B2P
2025-01-05 04:52:00	6.8	DoubleDown	DXC4B2P
2025-01-05 05:02:00	13.5	DoubleUp	DXC4B2P
2025-01-05 05:12:00	6.7	DoubleDown	DXC4B2P
2025-01-05 05:22:00	6.1	DoubleDown	DXC4B2P
2025-01-05 05:31:00	8	DoubleUp	DXC4B2P
2025-01-05 05:40:00	8.5	DoubleUp	DXC4B2P
2025-01-05 05:47:00	14.4	DoubleUp	DXC4B2P
2025-01-05 05:55:00	13.4	DoubleDown	DXC4B2P
2025-01-05 06:03:00	8.1	DoubleDown	DXC4B2P
2025-01-05 06:11:00	4.5	DoubleDown	DXC4B2P
2025-01-05 06:19:00	4	DoubleDown	DXC4B2P
2025-01-05 06:28:00	4.7	DoubleUp	DXC4B2P
2025-01-05 06:36:00	5	DoubleUp	DXC4B2P
2025-01-05 06:46:00	15.4	DoubleUp	DXC4B2P
2025-01-05 06:53:00	5.5	DoubleDown	DXC4B2P
2025-01-05 07:02:00	13.5	DoubleUp	DXC4B2P
2025-01-05 07:12:00	5.3	DoubleDown	DXC4B2P
2025-01-05 07:22:00	15.7	DoubleUp	DXC4B2P
2025-01-05 07:31:00	11.8	DoubleDown	DXC4B2P
2025-01-05 07:40:00	12	SingleUp	DXC4B2P
2025-01-05 07:49:00	13.6	DoubleUp	DXC4B2P
2025-01-05 07:56:00	5	DoubleDown	DXC4B2P
2025-01-05 08:06:00	9.3	DoubleUp	DXC4B2P
2025-01-05 08:16:00	9.2	Flat	DXC4B2P
2025-01-05 08:25:00	4.3	DoubleDown	DXC4B2P
2025-01-05 08:32:00	6.7	DoubleUp	DXC4B2P
2025-01-05 08:41:00	10.3	DoubleUp	DXC4B2P
2025-01-05 08:50:00	9	DoubleDown	DXC4B2P
2025-01-05 09:00:00	5	DoubleDown	DXC4B2P
2025-01-05 09:08:00	5.4	DoubleUp	DXC4B2P
2025-01-05 09:16:00	13.2	DoubleUp	DXC4B2P
2025-01-05 09:24:00	9.1	DoubleDown	DXC4B2P
2025-01-05 09:34:00	11	DoubleUp	DXC4B2P
2025-01-05 09:42:00	5.8	DoubleDown	DXC4B2P
2025-01-05 09:50:00	13.7	DoubleUp	DXC4B2P
2025-01-05 09:57:00	11.7	DoubleDown	DXC4B2P
2025-01-05 10:06:00	4.7	DoubleDown	DXC4B2P
2025-01-05 10:16:00	12.7	DoubleUp	DXC4B2P
2025-01-05 10:24:00	4.4	DoubleDown	DXC4B2P
2025-01-05 10:33:00	7.1	DoubleUp	DXC4B2P
2025-01-05 10:42:00	7.4	DoubleUp	DXC4B2P
2025-01-05 10:52:00	11.5	DoubleUp	DXC4B2P
2025-01-05 10:59:00	8.5	DoubleDown	DXC4B2P
2025-01-05 11:06:00	14.8	DoubleUp	DXC4B2P
2025-01-05 11:14:00	8.5	DoubleDown	DXC4B2P
2025-01-05 11:23:00	5.6	DoubleDown	DXC4B2P
2025-01-05 11:33:00	3.7	DoubleDown	DXC4B2P
2025-01-05 11:41:00	8.3	DoubleUp	DXC4B2P
2025-01-05 11:48:00	6.9	DoubleDown	DXC4B2P
2025-01-05 11:58:00	8.1	DoubleUp	DXC4B2P
2025-01-05 12:08:00	12	DoubleUp	DXC4B2P
2025-01-05 12:18:00	7.1	DoubleDown	DXC4B2P
2025-01-05 12:25:00	5.3	DoubleDown	DXC4B2P
2025-01-05 12:35:00	5.9	DoubleUp	DXC4B2P
2025-01-05 12:44:00	6.6	DoubleUp	DXC4B2P
2025-01-05 12:52:00	16.3	DoubleUp	DXC4B2P
2025-01-05 13:01:00	10.3	DoubleDown	DXC4B2P
2025-01-05 13:08:00	4.4	DoubleDown	DXC4B2P
2025-01-05 13:17:00	10.9	DoubleUp	DXC4B2P
2025-01-05 13:27:00	9.8	DoubleDown	DXC4B2P
2025-01-05 13:34:00	5.5	DoubleDown	DXC4B2P
2025-01-05 13:43:00	7.7	DoubleUp	DXC4B2P
2025-01-05 13:50:00	9.8	DoubleUp	DXC4B2P
2025-01-05 14:00:00	4.5	DoubleDown	DXC4B2P
2025-01-05 14:07:00	14.1	DoubleUp	DXC4B2P
2025-01-05 14:16:00	9.1	DoubleDown	DXC4B2P
2025-01-05 14:23:00	7	DoubleDown	DXC4B2P
2025-01-05 14:32:00	3.9	DoubleDown	DXC4B2P
2025-01-05 14:39:00	9.1	DoubleUp	DXC4B2P
2025-01-05 14:47:00	7.7	DoubleDown	DXC4B2P
2025-01-05 14:55:00	5.5	DoubleDown	DXC4B2P
2025-01-05 15:02:00	9.4	DoubleUp	DXC4B2P
2025-01-05 15:12:00	11.3	DoubleUp	DXC4B2P
2025-01-05 15:22:00	9.2	DoubleDown	DXC4B2P
2025-01-05 15:32:00	6.3	DoubleDown	DXC4B2P
2025-01-05 15:40:00	2.4	DoubleDown	DXC4B2P
2025-01-05 15:49:00	9.6	DoubleUp	DXC4B2P
2025-01-05 15:57:00	7.4	DoubleDown	DXC4B2P
2025-01-05 16:05:00	3.2	DoubleDown	DXC4B2P
2025-01-05 16:15:00	6.3	DoubleUp	DXC4B2P
2025-01-05 16:24:00	9.5	DoubleUp	DXC4B2P
2025-01-05 16:31:00	5	DoubleDown	DXC4B2P
2025-01-05 16:38:00	9.5	DoubleUp	DXC4B2P
2025-01-05 16:48:00	8.5	DoubleDown	DXC4B2P
2025-01-05 16:57:00	4.1	DoubleDown	DXC4B2P
2025-01-05 17:06:00	8.6	DoubleUp	DXC4B2P
2025-01-05 17:15:00	7.5	DoubleDown	DXC4B2P
2025-01-05 17:25:00	4.3	DoubleDown	DXC4B2P
2025-01-05 17:34:00	6	DoubleUp	DXC4B2P
2025-01-05 17:44:00	8.9	DoubleUp	DXC4B2P
2025-01-05 17:53:00	7.4	DoubleDown	DXC4B2P
2025-01-05 18:02:00	5.8	DoubleDown	DXC4B2P
2025-01-05 18:10:00	5.4	DoubleDown	DXC4B2P
2025-01-05 18:18:00	5.6	SingleUp	DXC4B2P
2025-01-05 18:25:00	7.1	DoubleUp	DXC4B2P
2025-01-05 18:32:00	12.5	DoubleUp	DXC4B2P
2025-01-05 18:40:00	5.7	DoubleDown	DXC4B2P
2025-01-05 18:50:00	7.1	DoubleUp	DXC4B2P
2025-01-05 18:57:00	4.3	DoubleDown	DXC4B2P
2025-01-05 19:07:00	7.1	DoubleUp	DXC4B2P
2025-01-05 19:14:00	5.2	DoubleDown	DXC4B2P
2025-01-05 19:23:00	13.8	DoubleUp	DXC4B2P
2025-01-05 19:30:00	14.2	DoubleUp	DXC4B2P
2025-01-05 19:39:00	3.1	DoubleDown	DXC4B2P
2025-01-05 19:47:00	13.3	DoubleUp	DXC4B2P
2025-01-05 19:57:00	14.8	DoubleUp	DXC4B2P
2025-01-05 20:07:00	8.3	DoubleDown	DXC4B2P
2025-01-05 20:16:00	7.9	DoubleDown	DXC4B2P
2025-01-05 20:26:00	5.4	DoubleDown	DXC4B2P
2025-01-05 20:33:00	15.9	DoubleUp	DXC4B2P
2025-01-05 20:41:00	15.6	DoubleDown	DXC4B2P
2025-01-05 20:49:00	5.4	DoubleDown	DXC4B2P
2025-01-05 20:59:00	4.1	DoubleDown	DXC4B2P
2025-01-05 21:09:00	11.6	DoubleUp	DXC4B2P
2025-01-05 21:17:00	4.1	DoubleDown	DXC4B2P
2025-01-05 21:26:00	8.9	DoubleUp	DXC4B2P
2025-01-05 21:35:00	9.9	DoubleUp	DXC4B2P
2025-01-05 21:44:00	6.2	DoubleDown	DXC4B2P
2025-01-05 21:51:00	4.4	DoubleDown	DXC4B2P
2025-01-05 22:00:00	12.2	DoubleUp	DXC4B2P
2025-01-05 22:08:00	14.7	DoubleUp	DXC4B2P
2025-01-05 22:17:00	4.6	DoubleDown	DXC4B2P
2025-01-05 22:27:00	4.6	Flat	DXC4B2P
2025-01-05 22:35:00	7.7	DoubleUp	DXC4B2P
2025-01-05 22:44:00	10.2	DoubleUp	DXC4B2P
2025-01-05 22:53:00	9	DoubleDown	DXC4B2P
2025-01-05 23:02:00	13.7	DoubleUp	DXC4B2P
2025-01-05 23:09:00	5.3	DoubleDown	DXC4B2P
2025-01-05 23:17:00	7.5	DoubleUp	DXC4B2P
2025-01-05 23:24:00	11.2	DoubleUp	DXC4B2P
2025-01-05 23:33:00	15.6	DoubleUp	DXC4B2P
2025-01-05 23:43:00	6	DoubleDown	DXC4B2P
2025-01-05 23:52:00	6.5	DoubleUp	DXC4B2P
2025-01-06 00:01:00	10.7	DoubleUp	DXC4B2P
2025-01-06 00:11:00	11.8	DoubleUp	DXC4B2P
2025-01-06 00:21:00	10.8	DoubleDown	DXC4B2P
2025-01-06 00:29:00	5.6	DoubleDown	DXC4B2P
2025-01-06 00:38:00	10.4	DoubleUp	DXC4B2P
2025-01-06 00:48:00	12.4	DoubleUp	DXC4B2P
2025-01-06 00:57:00	5.3	DoubleDown	DXC4B2P
2025-01-06 01:05:00	5.7	DoubleUp	DXC4B2P
2025-01-06 01:13:00	6.5	DoubleUp	DXC4B2P
2025-01-06 01:20:00	12.9	DoubleUp	DXC4B2P
2025-01-06 01:30:00	11.3	DoubleDown	DXC4B2P
2025-01-06 01:39:00	12.5	DoubleUp	DXC4B2P
2025-01-06 01:48:00	6.2	DoubleDown	DXC4B2P
2025-01-06 01:55:00	6.3	Flat	DXC4B2P
2025-01-06 02:04:00	12	DoubleUp	DXC4B2P
2025-01-06 02:13:00	10.5	DoubleDown	DXC4B2P
2025-01-06 02:23:00	9.2	DoubleDown	DXC4B2P
2025-01-06 02:32:00	8.3	DoubleDown	DXC4B2P
2025-01-06 02:41:00	4.3	DoubleDown	DXC4B2P
2025-01-06 02:48:00	11.4	DoubleUp	DXC4B2P
2025-01-06 02:56:00	14.5	DoubleUp	DXC4B2P
2025-01-06 03:04:00	7.7	DoubleDown	DXC4B2P
2025-01-06 03:13:00	7.5	SingleDown	DXC4B2P
2025-01-06 03:23:00	4.7	DoubleDown	DXC4B2P
2025-01-06 03:30:00	4.9	SingleUp	DXC4B2P
2025-01-06 03:37:00	12.4	DoubleUp	DXC4B2P
2025-01-06 03:44:00	10.4	DoubleDown	DXC4B2P
2025-01-06 03:54:00	15.9	DoubleUp	DXC4B2P
2025-01-06 04:04:00	14.5	DoubleDown	DXC4B2P
2025-01-06 04:12:00	4.4	DoubleDown	DXC4B2P
2025-01-06 04:22:00	10	DoubleUp	DXC4B2P
2025-01-06 04:30:00	3.6	DoubleDown	DXC4B2P
2025-01-06 04:38:00	7.4	DoubleUp	DXC4B2P
2025-01-06 04:46:00	9	DoubleUp	DXC4B2P
2025-01-06 04:54:00	8.7	DoubleDown	DXC4B2P
2025-01-06 05:02:00	9.4	DoubleUp	DXC4B2P
2025-01-06 05:11:00	6.1	DoubleDown	DXC4B2P
2025-01-06 05:20:00	9.5	DoubleUp	DXC4B2P
2025-01-06 05:30:00	4.5	DoubleDown	DXC4B2P
2025-01-06 05:39:00	5.3	DoubleUp	DXC4B2P
2025-01-06 05:49:00	8.5	DoubleUp	DXC4B2P
2025-01-06 05:59:00	11.4	DoubleUp	DXC4B2P
2025-01-06 06:09:00	11.3	Flat	DXC4B2P
2025-01-06 06:19:00	11	DoubleDown	DXC4B2P
2025-01-06 06:27:00	5.8	DoubleDown	DXC4B2P
2025-01-06 06:36:00	3.4	DoubleDown	DXC4B2P
2025-01-06 06:46:00	6.3	DoubleUp	DXC4B2P
2025-01-06 06:54:00	6.8	DoubleUp	DXC4B2P
2025-01-06 07:03:00	6.5	DoubleDown	DXC4B2P
2025-01-06 07:11:00	9.8	DoubleUp	DXC4B2P
2025-01-06 07:21:00	10.6	DoubleUp	DXC4B2P
2025-01-06 07:31:00	6.4	DoubleDown	DXC4B2P
2025-01-06 07:38:00	15.8	DoubleUp	DXC4B2P
2025-01-06 07:48:00	8	DoubleDown	DXC4B2P
2025-01-06 07:55:00	8.2	SingleUp	DXC4B2P
2025-01-06 08:03:00	9.4	DoubleUp	DXC4B2P
2025-01-06 08:12:00	4.8	DoubleDown	DXC4B2P
2025-01-06 08:20:00	10.6	DoubleUp	DXC4B2P
2025-01-06 08:27:00	16	DoubleUp	DXC4B2P
2025-01-06 08:36:00	13.8	DoubleDown	DXC4B2P
2025-01-06 08:44:00	12.2	DoubleDown	DXC4B2P
2025-01-06 08:53:00	4	DoubleDown	DXC4B2P
2025-01-06 09:02:00	12.2	DoubleUp	DXC4B2P
2025-01-06 09:09:00	8.6	DoubleDown	DXC4B2P
2025-01-06 09:19:00	9.4	DoubleUp	DXC4B2P
2025-01-06 09:28:00	8.6	DoubleDown	DXC4B2P
2025-01-06 09:38:00	13.1	DoubleUp	DXC4B2P
2025-01-06 09:48:00	4.1	DoubleDown	DXC4B2P
2025-01-06 09:55:00	7.5	DoubleUp	DXC4B2P
2025-01-06 10:03:00	7.5	Flat	DXC4B2P
2025-01-06 10:10:00	6.6	DoubleDown	DXC4B2P
2025-01-06 10:18:00	7.4	DoubleUp	DXC4B2P
2025-01-06 10:27:00	8.9	DoubleUp	DXC4B2P
2025-01-06 10:36:00	4.2	DoubleDown	DXC4B2P
2025-01-06 10:43:00	8.3	DoubleUp	DXC4B2P
2025-01-06 10:52:00	6.3	DoubleDown	DXC4B2P
2025-01-06 11:01:00	7.5	DoubleUp	DXC4B2P
2025-01-06 11:09:00	14.8	DoubleUp	DXC4B2P
2025-01-06 11:16:00	7.4	DoubleDown	DXC4B2P
2025-01-06 11:24:00	7.4	Flat	DXC4B2P
2025-01-06 11:34:00	6.8	DoubleDown	DXC4B2P
2025-01-06 11:43:00	13.5	DoubleUp	DXC4B2P
2025-01-06 11:50:00	14	DoubleUp	DXC4B2P
2025-01-06 11:59:00	4.2	DoubleDown	DXC4B2P
2025-01-06 12:07:00	8.5	DoubleUp	DXC4B2P
2025-01-06 12:14:00	5	DoubleDown	DXC4B2P
2025-01-06 12:22:00	8.1	DoubleUp	DXC4B2P
2025-01-06 12:29:00	7.8	DoubleDown	DXC4B2P
2025-01-06 12:36:00	5.2	DoubleDown	DXC4B2P
2025-01-06 12:46:00	8.4	DoubleUp	DXC4B2P
2025-01-06 12:54:00	9.9	DoubleUp	DXC4B2P
2025-01-06 13:01:00	8.9	DoubleDown	DXC4B2P
2025-01-06 13:08:00	12.6	DoubleUp	DXC4B2P
2025-01-06 13:16:00	9.3	DoubleDown	DXC4B2P
2025-01-06 13:25:00	8.1	DoubleDown	DXC4B2P
2025-01-06 13:34:00	10	DoubleUp	DXC4B2P
2025-01-06 13:43:00	8.3	DoubleDown	DXC4B2P
2025-01-06 13:50:00	14.4	DoubleUp	DXC4B2P
2025-01-06 14:00:00	6.9	DoubleDown	DXC4B2P
2025-01-06 14:07:00	6.7	SingleDown	DXC4B2P
2025-01-06 14:14:00	6.7	Flat	DXC4B2P
2025-01-06 14:23:00	4	DoubleDown	DXC4B2P
2025-01-06 14:33:00	10.7	DoubleUp	DXC4B2P
2025-01-06 14:40:00	10.9	SingleUp	DXC4B2P
2025-01-06 14:48:00	5.2	DoubleDown	DXC4B2P
2025-01-06 14:58:00	4.5	DoubleDown	DXC4B2P
2025-01-06 15:06:00	4.4	Flat	DXC4B2P
2025-01-06 15:13:00	12.6	DoubleUp	DXC4B2P
2025-01-06 15:21:00	13.7	DoubleUp	DXC4B2P
2025-01-06 15:31:00	4	DoubleDown	DXC4B2P
2025-01-06 15:39:00	3.8	SingleDown	DXC4B2P
2025-01-06 15:46:00	9.2	DoubleUp	DXC4B2P
2025-01-06 15:56:00	7.3	DoubleDown	DXC4B2P
2025-01-06 16:06:00	9.8	DoubleUp	DXC4B2P
2025-01-06 16:13:00	4.5	DoubleDown	DXC4B2P
2025-01-06 16:23:00	8.1	DoubleUp	DXC4B2P
2025-01-06 16:32:00	9.7	DoubleUp	DXC4B2P
2025-01-06 16:40:00	4.3	DoubleDown	DXC4B2P
2025-01-06 16:50:00	5.3	DoubleUp	DXC4B2P
2025-01-06 16:57:00	13.7	DoubleUp	DXC4B2P
2025-01-06 17:04:00	11.6	DoubleDown	DXC4B2P
2025-01-06 17:13:00	7.3	DoubleDown	DXC4B2P
2025-01-06 17:20:00	8.4	DoubleUp	DXC4B2P
2025-01-06 17:27:00	8.1	DoubleDown	DXC4B2P
2025-01-06 17:37:00	16.3	DoubleUp	DXC4B2P
2025-01-06 17:46:00	7.5	DoubleDown	DXC4B2P
2025-01-06 17:55:00	9	DoubleUp	DXC4B2P
2025-01-06 18:04:00	9.3	DoubleUp	DXC4B2P
2025-01-06 18:13:00	4.4	DoubleDown	DXC4B2P
2025-01-06 18:22:00	10.9	DoubleUp	DXC4B2P
2025-01-06 18:31:00	16.2	DoubleUp	DXC4B2P
2025-01-06 18:41:00	4.8	DoubleDown	DXC4B2P
2025-01-06 18:48:00	13.7	DoubleUp	DXC4B2P
2025-01-06 18:57:00	6.5	DoubleDown	DXC4B2P
2025-01-06 19:04:00	12.6	DoubleUp	DXC4B2P
2025-01-06 19:12:00	9.4	DoubleDown	DXC4B2P
2025-01-06 19:22:00	4.7	DoubleDown	DXC4B2P
2025-01-06 19:31:00	5.4	DoubleUp	DXC4B2P
2025-01-06 19:39:00	4.3	DoubleDown	DXC4B2P
2025-01-06 19:47:00	6.9	DoubleUp	DXC4B2P
2025-01-06 19:55:00	8.1	DoubleUp	DXC4B2P
2025-01-06 20:05:00	4.7	DoubleDown	DXC4B2P
2025-01-06 20:14:00	4.6	Flat	DXC4B2P
2025-01-06 20:22:00	8	DoubleUp	DXC4B2P
2025-01-06 20:31:00	13.2	DoubleUp	DXC4B2P
2025-01-06 20:41:00	8.9	DoubleDown	DXC4B2P
2025-01-06 20:49:00	5.1	DoubleDown	DXC4B2P
2025-01-06 20:56:00	12	DoubleUp	DXC4B2P
2025-01-06 21:03:00	15.5	DoubleUp	DXC4B2P
2025-01-06 21:13:00	7.5	DoubleDown	DXC4B2P
2025-01-06 21:21:00	6.2	DoubleDown	DXC4B2P
2025-01-06 21:30:00	9.5	DoubleUp	DXC4B2P
2025-01-06 21:40:00	6.9	DoubleDown	DXC4B2P
2025-01-06 21:50:00	8	DoubleUp	DXC4B2P
2025-01-06 22:00:00	5.8	DoubleDown	DXC4B2P
2025-01-06 22:08:00	4.6	DoubleDown	DXC4B2P
2025-01-06 22:18:00	12.3	DoubleUp	DXC4B2P
2025-01-06 22:27:00	4.8	DoubleDown	DXC4B2P
2025-01-06 22:37:00	11	DoubleUp	DXC4B2P
2025-01-06 22:44:00	4.9	DoubleDown	DXC4B2P
2025-01-06 22:51:00	5	Flat	DXC4B2P
2025-01-06 22:58:00	13.7	DoubleUp	DXC4B2P
2025-01-06 23:06:00	2.3	DoubleDown	DXC4B2P
2025-01-06 23:15:00	4.9	DoubleUp	DXC4B2P
2025-01-06 23:23:00	11.2	DoubleUp	DXC4B2P
2025-01-06 23:32:00	6.2	DoubleDown	DXC4B2P
2025-01-06 23:41:00	6.7	DoubleUp	DXC4B2P
2025-01-06 23:48:00	13.1	DoubleUp	DXC4B2P
2025-01-06 23:55:00	9.6	DoubleDown	DXC4B2P
2025-01-07 00:02:00	6.1	DoubleDown	DXC4B2P
2025-01-07 00:12:00	9.7	DoubleUp	DXC4B2P
2025-01-07 00:19:00	14.2	DoubleUp	DXC4B2P
2025-01-07 00:27:00	4.3	DoubleDown	DXC4B2P
2025-01-07 00:34:00	12	DoubleUp	DXC4B2P
2025-01-07 00:42:00	5.5	DoubleDown	DXC4B2P
2025-01-07 00:52:00	3.5	DoubleDown	DXC4B2P
2025-01-07 01:02:00	4.2	DoubleUp	DXC4B2P
2025-01-07 01:11:00	4.3	Flat	DXC4B2P
2025-01-07 01:19:00	15.9	DoubleUp	DXC4B2P
2025-01-07 01:26:00	7.8	DoubleDown	DXC4B2P
2025-01-07 01:33:00	16	DoubleUp	DXC4B2P
2025-01-07 01:41:00	4.1	DoubleDown	DXC4B2P
2025-01-07 01:48:00	8.9	DoubleUp	DXC4B2P
2025-01-07 01:56:00	5	DoubleDown	DXC4B2P
2025-01-07 02:06:00	4.7	DoubleDown	DXC4B2P
2025-01-07 02:13:00	9.4	DoubleUp	DXC4B2P
2025-01-07 02:23:00	7.7	DoubleDown	DXC4B2P
2025-01-07 02:33:00	9.1	DoubleUp	DXC4B2P
2025-01-07 02:41:00	15.1	DoubleUp	DXC4B2P
2025-01-07 02:51:00	4.4	DoubleDown	DXC4B2P
2025-01-07 03:01:00	8.7	DoubleUp	DXC4B2P
2025-01-07 03:09:00	9.4	DoubleUp	DXC4B2P
2025-01-07 03:19:00	7.3	DoubleDown	DXC4B2P
2025-01-07 03:28:00	7.2	Flat	DXC4B2P
2025-01-07 03:35:00	9.9	DoubleUp	DXC4B2P
2025-01-07 03:45:00	12.5	DoubleUp	DXC4B2P
2025-01-07 03:52:00	10.8	DoubleDown	DXC4B2P
2025-01-07 04:02:00	8.6	DoubleDown	DXC4B2P
2025-01-07 04:12:00	8	DoubleDown	DXC4B2P
2025-01-07 04:19:00	7.2	DoubleDown	DXC4B2P
2025-01-07 04:27:00	4.7	DoubleDown	DXC4B2P
2025-01-07 04:36:00	15.4	DoubleUp	DXC4B2P
2025-01-07 04:45:00	9.2	DoubleDown	DXC4B2P
2025-01-07 04:54:00	15.4	DoubleUp	DXC4B2P
2025-01-07 05:02:00	4.6	DoubleDown	DXC4B2P
2025-01-07 05:10:00	7.1	DoubleUp	DXC4B2P
2025-01-07 05:19:00	9.1	DoubleUp	DXC4B2P
2025-01-07 05:29:00	8.5	DoubleDown	DXC4B2P
2025-01-07 05:37:00	4.9	DoubleDown	DXC4B2P
2025-01-07 05:46:00	6	DoubleUp	DXC4B2P
2025-01-07 05:55:00	10.7	DoubleUp	DXC4B2P
2025-01-07 06:02:00	4	DoubleDown	DXC4B2P
2025-01-07 06:11:00	7.5	DoubleUp	DXC4B2P
2025-01-07 06:21:00	7.8	DoubleUp	DXC4B2P
2025-01-07 06:30:00	16.5	DoubleUp	DXC4B2P
2025-01-07 06:40:00	9.6	DoubleDown	DXC4B2P
2025-01-07 06:50:00	10.9	DoubleUp	DXC4B2P
2025-01-07 06:57:00	13.6	DoubleUp	DXC4B2P
2025-01-07 07:05:00	7.6	DoubleDown	DXC4B2P
2025-01-07 07:12:00	4.8	DoubleDown	DXC4B2P
2025-01-07 07:21:00	7.7	DoubleUp	DXC4B2P
2025-01-07 07:31:00	9.1	DoubleUp	DXC4B2P
2025-01-07 07:38:00	7.5	DoubleDown	DXC4B2P
2025-01-07 07:46:00	11.5	DoubleUp	DXC4B2P
2025-01-07 07:53:00	7.3	DoubleDown	DXC4B2P
2025-01-07 08:02:00	9.4	DoubleUp	DXC4B2P
2025-01-07 08:12:00	5.2	DoubleDown	DXC4B2P
2025-01-07 08:22:00	7.6	DoubleUp	DXC4B2P
2025-01-07 08:29:00	8.6	DoubleUp	DXC4B2P
2025-01-07 08:37:00	11.9	DoubleUp	DXC4B2P
2025-01-07 08:45:00	11	DoubleDown	DXC4B2P
2025-01-07 08:54:00	3.9	DoubleDown	DXC4B2P
2025-01-07 09:01:00	16.1	DoubleUp	DXC4B2P
2025-01-07 09:08:00	9.2	DoubleDown	DXC4B2P
2025-01-07 09:17:00	4	DoubleDown	DXC4B2P
2025-01-07 09:24:00	4	Flat	DXC4B2P
2025-01-07 09:34:00	7.3	DoubleUp	DXC4B2P
2025-01-07 09:43:00	11.3	DoubleUp	DXC4B2P
2025-01-07 09:52:00	13.4	DoubleUp	DXC4B2P
2025-01-07 09:59:00	7.7	DoubleDown	DXC4B2P
2025-01-07 10:08:00	5.4	DoubleDown	DXC4B2P
2025-01-07 10:17:00	4.9	DoubleDown	DXC4B2P
2025-01-07 10:27:00	11.2	DoubleUp	DXC4B2P
2025-01-07 10:34:00	6.8	DoubleDown	DXC4B2P
2025-01-07 10:44:00	5.7	DoubleDown	DXC4B2P
2025-01-07 10:52:00	7.9	DoubleUp	DXC4B2P
2025-01-07 11:02:00	15.3	DoubleUp	DXC4B2P
2025-01-07 11:10:00	7.4	DoubleDown	DXC4B2P
2025-01-07 11:20:00	4	DoubleDown	DXC4B2P
2025-01-07 11:29:00	3.1	DoubleDown	DXC4B2P
2025-01-07 11:38:00	12	DoubleUp	DXC4B2P
2025-01-07 11:46:00	13.2	DoubleUp	DXC4B2P
2025-01-07 11:55:00	8.2	DoubleDown	DXC4B2P
2025-01-07 12:04:00	13.1	DoubleUp	DXC4B2P
2025-01-07 12:13:00	12.2	DoubleDown	DXC4B2P
2025-01-07 12:20:00	6.2	DoubleDown	DXC4B2P
2025-01-07 12:27:00	6.6	DoubleUp	DXC4B2P
2025-01-07 12:36:00	5.8	DoubleDown	DXC4B2P
2025-01-07 12:46:00	6	SingleUp	DXC4B2P
2025-01-07 12:54:00	13.3	DoubleUp	DXC4B2P
2025-01-07 13:01:00	6.7	DoubleDown	DXC4B2P
2025-01-07 13:09:00	6.4	DoubleDown	DXC4B2P
2025-01-07 13:18:00	11.2	DoubleUp	DXC4B2P
2025-01-07 13:26:00	9.8	DoubleDown	DXC4B2P
2025-01-07 13:34:00	9.1	DoubleDown	DXC4B2P
2025-01-07 13:44:00	5.6	DoubleDown	DXC4B2P
2025-01-07 13:53:00	7.8	DoubleUp	DXC4B2P
2025-01-07 14:02:00	7	DoubleDown	DXC4B2P
2025-01-07 14:10:00	8.4	DoubleUp	DXC4B2P
2025-01-07 14:17:00	8.2	SingleDown	DXC4B2P
2025-01-07 14:24:00	8.8	DoubleUp	DXC4B2P
2025-01-07 14:34:00	8.6	SingleDown	DXC4B2P
2025-01-07 14:44:00	7.5	DoubleDown	DXC4B2P
2025-01-07 14:52:00	6.5	DoubleDown	DXC4B2P
2025-01-07 15:00:00	7.3	DoubleUp	DXC4B2P
2025-01-07 15:08:00	4.5	DoubleDown	DXC4B2P
2025-01-07 15:15:00	9.2	DoubleUp	DXC4B2P
2025-01-07 15:22:00	13.2	DoubleUp	DXC4B2P
2025-01-07 15:30:00	8.9	DoubleDown	DXC4B2P
2025-01-07 15:37:00	14	DoubleUp	DXC4B2P
2025-01-07 15:44:00	16.1	DoubleUp	DXC4B2P
2025-01-07 15:53:00	4.9	DoubleDown	DXC4B2P
2025-01-07 16:03:00	5	Flat	DXC4B2P
2025-01-07 16:11:00	4	DoubleDown	DXC4B2P
2025-01-07 16:18:00	8.3	DoubleUp	DXC4B2P
2025-01-07 16:25:00	7.5	DoubleDown	DXC4B2P
2025-01-07 16:34:00	11.3	DoubleUp	DXC4B2P
2025-01-07 16:42:00	8.9	DoubleDown	DXC4B2P
2025-01-07 16:49:00	6.8	DoubleDown	DXC4B2P
2025-01-07 16:59:00	8.8	DoubleUp	DXC4B2P
2025-01-07 17:08:00	9.7	DoubleUp	DXC4B2P
2025-01-07 17:18:00	7.2	DoubleDown	DXC4B2P
2025-01-07 17:27:00	9.1	DoubleUp	DXC4B2P
2025-01-07 17:35:00	4.2	DoubleDown	DXC4B2P
2025-01-07 17:44:00	6.1	DoubleUp	DXC4B2P
2025-01-07 17:53:00	13.6	DoubleUp	DXC4B2P
2025-01-07 18:01:00	8.9	DoubleDown	DXC4B2P
2025-01-07 18:11:00	5.5	DoubleDown	DXC4B2P
2025-01-07 18:19:00	9.8	DoubleUp	DXC4B2P
2025-01-07 18:27:00	13.4	DoubleUp	DXC4B2P
2025-01-07 18:34:00	9	DoubleDown	DXC4B2P
2025-01-07 18:43:00	11.7	DoubleUp	DXC4B2P
2025-01-07 18:51:00	12.8	DoubleUp	DXC4B2P
2025-01-07 19:01:00	13.8	DoubleUp	DXC4B2P
2025-01-07 19:08:00	8.4	DoubleDown	DXC4B2P
2025-01-07 19:17:00	4.7	DoubleDown	DXC4B2P
2025-01-07 19:24:00	9.2	DoubleUp	DXC4B2P
2025-01-07 19:32:00	8.4	DoubleDown	DXC4B2P
2025-01-07 19:40:00	9.1	DoubleUp	DXC4B2P
2025-01-07 19:49:00	13.8	DoubleUp	DXC4B2P
2025-01-07 19:57:00	5.9	DoubleDown	DXC4B2P
2025-01-07 20:06:00	4.5	DoubleDown	DXC4B2P
2025-01-07 20:15:00	15.9	DoubleUp	DXC4B2P
2025-01-07 20:22:00	9.2	DoubleDown	DXC4B2P
2025-01-07 20:31:00	7.8	DoubleDown	DXC4B2P
2025-01-07 20:41:00	11.5	DoubleUp	DXC4B2P
2025-01-07 20:49:00	11.1	DoubleDown	DXC4B2P
2025-01-07 20:56:00	10.6	DoubleDown	DXC4B2P
2025-01-07 21:03:00	10.5	Flat	DXC4B2P
2025-01-07 21:12:00	5.7	DoubleDown	DXC4B2P
2025-01-07 21:20:00	8.4	DoubleUp	DXC4B2P
2025-01-07 21:29:00	6.1	DoubleDown	DXC4B2P
2025-01-07 21:39:00	11.2	DoubleUp	DXC4B2P
2025-01-07 21:46:00	4.4	DoubleDown	DXC4B2P
2025-01-07 21:53:00	6.4	DoubleUp	DXC4B2P
2025-01-07 22:02:00	7.5	DoubleUp	DXC4B2P
2025-01-07 22:12:00	6	DoubleDown	DXC4B2P
2025-01-07 22:22:00	10.6	DoubleUp	DXC4B2P
2025-01-07 22:29:00	7.8	DoubleDown	DXC4B2P
2025-01-07 22:36:00	9.7	DoubleUp	DXC4B2P
2025-01-07 22:44:00	7.7	DoubleDown	DXC4B2P
2025-01-07 22:54:00	4.6	DoubleDown	DXC4B2P
2025-01-07 23:04:00	10.6	DoubleUp	DXC4B2P
2025-01-07 23:13:00	12.7	DoubleUp	DXC4B2P
2025-01-07 23:21:00	5.6	DoubleDown	DXC4B2P
2025-01-07 23:31:00	13.2	DoubleUp	DXC4B2P
2025-01-07 23:41:00	3.4	DoubleDown	DXC4B2P
2025-01-07 23:48:00	5.1	DoubleUp	DXC4B2P
2025-01-07 23:57:00	10.5	DoubleUp	DXC4B2P
2025-01-08 00:06:00	8.9	DoubleDown	DXC4B2P
2025-01-08 00:13:00	4.6	DoubleDown	DXC4B2P
2025-01-08 00:22:00	5.6	DoubleUp	DXC4B2P
2025-01-08 00:32:00	4.3	DoubleDown	DXC4B2P
2025-01-08 00:41:00	4.6	DoubleUp	DXC4B2P
2025-01-08 00:49:00	11.2	DoubleUp	DXC4B2P
2025-01-08 00:56:00	11.9	DoubleUp	DXC4B2P
2025-01-08 01:04:00	10.9	DoubleDown	DXC4B2P
2025-01-08 01:14:00	7.9	DoubleDown	DXC4B2P
2025-01-08 01:22:00	7.5	DoubleDown	DXC4B2P
2025-01-08 01:31:00	13.6	DoubleUp	DXC4B2P
2025-01-08 01:39:00	7.4	DoubleDown	DXC4B2P
2025-01-08 01:47:00	8	DoubleUp	DXC4B2P
2025-01-08 01:54:00	10.9	DoubleUp	DXC4B2P
2025-01-08 02:01:00	3.3	DoubleDown	DXC4B2P
2025-01-08 02:08:00	8.5	DoubleUp	DXC4B2P
2025-01-08 02:17:00	4.6	DoubleDown	DXC4B2P
2025-01-08 02:25:00	7	DoubleUp	DXC4B2P
2025-01-08 02:32:00	10.5	DoubleUp	DXC4B2P
2025-01-08 02:42:00	6.9	DoubleDown	DXC4B2P
2025-01-08 02:52:00	8.8	DoubleUp	DXC4B2P
2025-01-08 02:59:00	11.8	DoubleUp	DXC4B2P
2025-01-08 03:06:00	9.5	DoubleDown	DXC4B2P
2025-01-08 03:14:00	9.8	DoubleUp	DXC4B2P
2025-01-08 03:23:00	5.6	DoubleDown	DXC4B2P
2025-01-08 03:30:00	8.5	DoubleUp	DXC4B2P
2025-01-08 03:40:00	4.7	DoubleDown	DXC4B2P
2025-01-08 03:47:00	8.4	DoubleUp	DXC4B2P
2025-01-08 03:56:00	5.7	DoubleDown	DXC4B2P
2025-01-08 04:05:00	5.8	Flat	DXC4B2P
2025-01-08 04:13:00	4.5	DoubleDown	DXC4B2P
2025-01-08 04:20:00	6.3	DoubleUp	DXC4B2P
2025-01-08 04:30:00	6.7	DoubleUp	DXC4B2P
2025-01-08 04:37:00	16.5	DoubleUp	DXC4B2P
2025-01-08 04:45:00	11	DoubleDown	DXC4B2P
2025-01-08 04:54:00	7.2	DoubleDown	DXC4B2P
2025-01-08 05:03:00	5.2	DoubleDown	DXC4B2P
2025-01-08 05:12:00	4.1	DoubleDown	DXC4B2P
2025-01-08 05:20:00	6.5	DoubleUp	DXC4B2P
2025-01-08 05:29:00	9.8	DoubleUp	DXC4B2P
2025-01-08 05:39:00	4.4	DoubleDown	DXC4B2P
2025-01-08 05:47:00	5.2	DoubleUp	DXC4B2P
2025-01-08 05:57:00	15.3	DoubleUp	DXC4B2P
2025-01-08 06:05:00	8.2	DoubleDown	DXC4B2P
2025-01-08 06:13:00	8.4	SingleUp	DXC4B2P
2025-01-08 06:20:00	3.6	DoubleDown	DXC4B2P
2025-01-08 06:27:00	8.9	DoubleUp	DXC4B2P
2025-01-08 06:37:00	8.6	DoubleDown	DXC4B2P
2025-01-08 06:46:00	4.8	DoubleDown	DXC4B2P
2025-01-08 06:53:00	9.7	DoubleUp	DXC4B2P
2025-01-08 07:03:00	5.3	DoubleDown	DXC4B2P
2025-01-08 07:10:00	4.6	DoubleDown	DXC4B2P
2025-01-08 07:17:00	9.1	DoubleUp	DXC4B2P
2025-01-08 07:27:00	5.3	DoubleDown	DXC4B2P
2025-01-08 07:36:00	6.5	DoubleUp	DXC4B2P
2025-01-08 07:44:00	3.1	DoubleDown	DXC4B2P
2025-01-08 07:52:00	5	DoubleUp	DXC4B2P
2025-01-08 07:59:00	4.2	DoubleDown	DXC4B2P
2025-01-08 08:07:00	7.1	DoubleUp	DXC4B2P
2025-01-08 08:15:00	5.7	DoubleDown	DXC4B2P
2025-01-08 08:23:00	6.5	DoubleUp	DXC4B2P
2025-01-08 08:32:00	6.8	DoubleUp	DXC4B2P
2025-01-08 08:42:00	4.4	DoubleDown	DXC4B2P
2025-01-08 08:51:00	3.4	DoubleDown	DXC4B2P
2025-01-08 08:58:00	9.2	DoubleUp	DXC4B2P
2025-01-08 09:05:00	9.8	DoubleUp	DXC4B2P
2025-01-08 09:12:00	12.1	DoubleUp	DXC4B2P
2025-01-08 09:20:00	10.8	DoubleDown	DXC4B2P
2025-01-08 09:29:00	11.4	DoubleUp	DXC4B2P
2025-01-08 09:36:00	16.1	DoubleUp	DXC4B2P
2025-01-08 09:43:00	4.8	DoubleDown	DXC4B2P
2025-01-08 09:50:00	4.6	SingleDown	DXC4B2P
2025-01-08 09:58:00	10.6	DoubleUp	DXC4B2P
2025-01-08 10:08:00	7.7	DoubleDown	DXC4B2P
2025-01-08 10:18:00	7.4	DoubleDown	DXC4B2P
2025-01-08 10:26:00	12.8	DoubleUp	DXC4B2P
2025-01-08 10:36:00	8.6	DoubleDown	DXC4B2P
2025-01-08 10:45:00	15.9	DoubleUp	DXC4B2P
2025-01-08 10:54:00	5.5	DoubleDown	DXC4B2P
2025-01-08 11:04:00	9.4	DoubleUp	DXC4B2P
2025-01-08 11:13:00	6.3	DoubleDown	DXC4B2P
2025-01-08 11:23:00	7.9	DoubleUp	DXC4B2P
2025-01-08 11:30:00	8.4	DoubleUp	DXC4B2P
2025-01-08 11:39:00	11.7	DoubleUp	DXC4B2P
2025-01-08 11:49:00	13.7	DoubleUp	DXC4B2P
2025-01-08 11:56:00	6.2	DoubleDown	DXC4B2P
2025-01-08 12:04:00	8.2	DoubleUp	DXC4B2P
2025-01-08 12:14:00	16.1	DoubleUp	DXC4B2P
2025-01-08 12:21:00	5.2	DoubleDown	DXC4B2P
2025-01-08 12:31:00	6.7	DoubleUp	DXC4B2P
2025-01-08 12:38:00	9.2	DoubleUp	DXC4B2P
2025-01-08 12:47:00	6.1	DoubleDown	DXC4B2P
2025-01-08 12:54:00	4.2	DoubleDown	DXC4B2P
2025-01-08 13:02:00	2.8	DoubleDown	DXC4B2P
2025-01-08 13:12:00	7.4	DoubleUp	DXC4B2P
2025-01-08 13:20:00	13	DoubleUp	DXC4B2P
2025-01-08 13:27:00	4.9	DoubleDown	DXC4B2P
2025-01-08 13:34:00	5.3	DoubleUp	DXC4B2P
2025-01-08 13:44:00	3.5	DoubleDown	DXC4B2P
2025-01-08 13:51:00	5.3	DoubleUp	DXC4B2P
2025-01-08 13:58:00	5.2	Flat	DXC4B2P
2025-01-08 14:08:00	5.6	DoubleUp	DXC4B2P
2025-01-08 14:16:00	4.4	DoubleDown	DXC4B2P
2025-01-08 14:26:00	7.4	DoubleUp	DXC4B2P
2025-01-08 14:33:00	10.8	DoubleUp	DXC4B2P
2025-01-08 14:40:00	14.3	DoubleUp	DXC4B2P
2025-01-08 14:50:00	5.6	DoubleDown	DXC4B2P
2025-01-08 14:57:00	9.3	DoubleUp	DXC4B2P
2025-01-08 15:07:00	9.4	Flat	DXC4B2P
2025-01-08 15:15:00	12.7	DoubleUp	DXC4B2P
2025-01-08 15:24:00	7.9	DoubleDown	DXC4B2P
2025-01-08 15:32:00	4.2	DoubleDown	DXC4B2P
2025-01-08 15:40:00	5.7	DoubleUp	DXC4B2P
2025-01-08 15:49:00	4.3	DoubleDown	DXC4B2P
2025-01-08 15:56:00	13.5	DoubleUp	DXC4B2P
2025-01-08 16:03:00	6	DoubleDown	DXC4B2P
2025-01-08 16:10:00	5.8	SingleDown	DXC4B2P
2025-01-08 16:19:00	6.4	DoubleUp	DXC4B2P
2025-01-08 16:28:00	16.1	DoubleUp	DXC4B2P
2025-01-08 16:38:00	13.2	DoubleDown	DXC4B2P
2025-01-08 16:46:00	13.2	Flat	DXC4B2P
2025-01-08 16:55:00	4.6	DoubleDown	DXC4B2P
2025-01-08 17:05:00	9.8	DoubleUp	DXC4B2P
2025-01-08 17:12:00	6.8	DoubleDown	DXC4B2P
2025-01-08 17:19:00	10.8	DoubleUp	DXC4B2P
2025-01-08 17:26:00	9.6	DoubleDown	DXC4B2P
2025-01-08 17:35:00	12.8	DoubleUp	DXC4B2P
2025-01-08 17:45:00	9.5	DoubleDown	DXC4B2P
2025-01-08 17:52:00	5.4	DoubleDown	DXC4B2P
2025-01-08 17:59:00	7.7	DoubleUp	DXC4B2P
2025-01-08 18:09:00	7.7	Flat	DXC4B2P
2025-01-08 18:16:00	9.9	DoubleUp	DXC4B2P
2025-01-08 18:23:00	11.5	DoubleUp	DXC4B2P
2025-01-08 18:31:00	9.5	DoubleDown	DXC4B2P
2025-01-08 18:40:00	9.7	SingleUp	DXC4B2P
2025-01-08 18:50:00	8.6	DoubleDown	DXC4B2P
2025-01-08 18:57:00	14.6	DoubleUp	DXC4B2P
2025-01-08 19:04:00	4.6	DoubleDown	DXC4B2P
2025-01-08 19:11:00	8	DoubleUp	DXC4B2P
2025-01-08 19:20:00	13.8	DoubleUp	DXC4B2P
2025-01-08 19:28:00	8	DoubleDown	DXC4B2P
2025-01-08 19:35:00	13.2	DoubleUp	DXC4B2P
2025-01-08 19:44:00	7.2	DoubleDown	DXC4B2P
2025-01-08 19:51:00	7.3	Flat	DXC4B2P
2025-01-08 19:58:00	4.9	DoubleDown	DXC4B2P
2025-01-08 20:07:00	5	Flat	DXC4B2P
2025-01-08 20:14:00	5.1	Flat	DXC4B2P
2025-01-08 20:21:00	12.2	DoubleUp	DXC4B2P
2025-01-08 20:31:00	8.3	DoubleDown	DXC4B2P
2025-01-08 20:41:00	9.7	DoubleUp	DXC4B2P
2025-01-08 20:49:00	4.2	DoubleDown	DXC4B2P
2025-01-08 20:56:00	6.3	DoubleUp	DXC4B2P
2025-01-08 21:03:00	5.1	DoubleDown	DXC4B2P
2025-01-08 21:13:00	11.1	DoubleUp	DXC4B2P
2025-01-08 21:22:00	6.8	DoubleDown	DXC4B2P
2025-01-08 21:32:00	9	DoubleUp	DXC4B2P
2025-01-08 21:40:00	9.7	DoubleUp	DXC4B2P
2025-01-08 21:49:00	6.4	DoubleDown	DXC4B2P
2025-01-08 21:57:00	8.2	DoubleUp	DXC4B2P
2025-01-08 22:07:00	16.3	DoubleUp	DXC4B2P
2025-01-08 22:14:00	7.8	DoubleDown	DXC4B2P
2025-01-08 22:22:00	10.8	DoubleUp	DXC4B2P
2025-01-08 22:32:00	5.4	DoubleDown	DXC4B2P
2025-01-08 22:40:00	14.2	DoubleUp	DXC4B2P
2025-01-08 22:50:00	6.1	DoubleDown	DXC4B2P
2025-01-08 22:57:00	15.3	DoubleUp	DXC4B2P
2025-01-08 23:04:00	4.6	DoubleDown	DXC4B2P
2025-01-08 23:12:00	9.7	DoubleUp	DXC4B2P
2025-01-08 23:19:00	8.3	DoubleDown	DXC4B2P
2025-01-08 23:26:00	4.3	DoubleDown	DXC4B2P
2025-01-08 23:34:00	9.7	DoubleUp	DXC4B2P
2025-01-08 23:44:00	7.6	DoubleDown	DXC4B2P
2025-01-08 23:53:00	4.8	DoubleDown	DXC4B2P
2025-01-09 00:00:00	12.5	DoubleUp	DXC4B2P
2025-01-09 00:08:00	8.8	DoubleDown	DXC4B2P
2025-01-09 00:17:00	4.6	DoubleDown	DXC4B2P
2025-01-09 00:24:00	2.5	DoubleDown	DXC4B2P
2025-01-09 00:34:00	6	DoubleUp	DXC4B2P
2025-01-09 00:42:00	8.1	DoubleUp	DXC4B2P
2025-01-09 00:50:00	11.2	DoubleUp	DXC4B2P
2025-01-09 00:57:00	11.7	DoubleUp	DXC4B2P
2025-01-09 01:05:00	15.3	DoubleUp	DXC4B2P
2025-01-09 01:15:00	8.4	DoubleDown	DXC4B2P
2025-01-09 01:24:00	10	DoubleUp	DXC4B2P
2025-01-09 01:33:00	4.6	DoubleDown	DXC4B2P
2025-01-09 01:41:00	5.7	DoubleUp	DXC4B2P
2025-01-09 01:51:00	15.2	DoubleUp	DXC4B2P
2025-01-09 01:58:00	8.4	DoubleDown	DXC4B2P
2025-01-09 02:05:00	6.3	DoubleDown	DXC4B2P
2025-01-09 02:13:00	15.4	DoubleUp	DXC4B2P
2025-01-09 02:20:00	9.5	DoubleDown	DXC4B2P
2025-01-09 02:29:00	4.9	DoubleDown	DXC4B2P
2025-01-09 02:38:00	13.4	DoubleUp	DXC4B2P
2025-01-09 02:45:00	5.7	DoubleDown	DXC4B2P
2025-01-09 02:52:00	7.6	DoubleUp	DXC4B2P
2025-01-09 03:01:00	6.1	DoubleDown	DXC4B2P
2025-01-09 03:10:00	15.3	DoubleUp	DXC4B2P
2025-01-09 03:17:00	3.9	DoubleDown	DXC4B2P
2025-01-09 03:24:00	9.8	DoubleUp	DXC4B2P
2025-01-09 03:31:00	11.8	DoubleUp	DXC4B2P
2025-01-09 03:39:00	6.7	DoubleDown	DXC4B2P
2025-01-09 03:49:00	8.8	DoubleUp	DXC4B2P
2025-01-09 03:59:00	9.4	DoubleUp	DXC4B2P
2025-01-09 04:08:00	13.6	DoubleUp	DXC4B2P
2025-01-09 04:15:00	12.1	DoubleDown	DXC4B2P
2025-01-09 04:24:00	7.5	DoubleDown	DXC4B2P
2025-01-09 04:31:00	4.8	DoubleDown	DXC4B2P
2025-01-09 04:40:00	7.8	DoubleUp	DXC4B2P
2025-01-09 04:47:00	9.1	DoubleUp	DXC4B2P
2025-01-09 04:54:00	5.4	DoubleDown	DXC4B2P
2025-01-09 05:01:00	9.7	DoubleUp	DXC4B2P
2025-01-09 05:11:00	7.1	DoubleDown	DXC4B2P
2025-01-09 05:20:00	8.6	DoubleUp	DXC4B2P
2025-01-09 05:28:00	7.2	DoubleDown	DXC4B2P
2025-01-09 05:35:00	11.7	DoubleUp	DXC4B2P
2025-01-09 05:42:00	15.4	DoubleUp	DXC4B2P
2025-01-09 05:51:00	4.2	DoubleDown	DXC4B2P
2025-01-09 05:59:00	13	DoubleUp	DXC4B2P
2025-01-09 06:09:00	11.5	DoubleDown	DXC4B2P
2025-01-09 06:19:00	11.3	SingleDown	DXC4B2P
2025-01-09 06:28:00	12.4	DoubleUp	DXC4B2P
2025-01-09 06:37:00	7.8	DoubleDown	DXC4B2P
2025-01-09 06:44:00	14.7	DoubleUp	DXC4B2P
2025-01-09 06:51:00	9.7	DoubleDown	DXC4B2P
2025-01-09 06:59:00	11.7	DoubleUp	DXC4B2P
2025-01-09 07:08:00	8.5	DoubleDown	DXC4B2P
2025-01-09 07:18:00	7.1	DoubleDown	DXC4B2P
2025-01-09 07:25:00	13	DoubleUp	DXC4B2P
2025-01-09 07:34:00	5.2	DoubleDown	DXC4B2P
2025-01-09 07:44:00	13.9	DoubleUp	DXC4B2P
2025-01-09 07:52:00	8.4	DoubleDown	DXC4B2P
2025-01-09 07:59:00	8.4	Flat	DXC4B2P
2025-01-09 08:08:00	4.1	DoubleDown	DXC4B2P
2025-01-09 08:18:00	14	DoubleUp	DXC4B2P
2025-01-09 08:28:00	6.6	DoubleDown	DXC4B2P
2025-01-09 08:36:00	4.5	DoubleDown	DXC4B2P
2025-01-09 08:45:00	12.8	DoubleUp	DXC4B2P
2025-01-09 08:53:00	5.4	DoubleDown	DXC4B2P
2025-01-09 09:00:00	7.2	DoubleUp	DXC4B2P
2025-01-09 09:08:00	9.9	DoubleUp	DXC4B2P
2025-01-09 09:15:00	7.7	DoubleDown	DXC4B2P
2025-01-09 09:25:00	5.6	DoubleDown	DXC4B2P
2025-01-09 09:34:00	10.5	DoubleUp	DXC4B2P
2025-01-09 09:41:00	14.5	DoubleUp	DXC4B2P
2025-01-09 09:48:00	9.1	DoubleDown	DXC4B2P
2025-01-09 09:56:00	8.9	SingleDown	DXC4B2P
2025-01-09 10:05:00	4.4	DoubleDown	DXC4B2P
2025-01-09 10:12:00	3.4	DoubleDown	DXC4B2P
2025-01-09 10:21:00	10	DoubleUp	DXC4B2P
2025-01-09 10:28:00	9.2	DoubleDown	DXC4B2P
2025-01-09 10:38:00	4.3	DoubleDown	DXC4B2P
2025-01-09 10:45:00	5.2	DoubleUp	DXC4B2P
2025-01-09 10:55:00	15.3	DoubleUp	DXC4B2P
2025-01-09 11:04:00	7.6	DoubleDown	DXC4B2P
2025-01-09 11:12:00	9.4	DoubleUp	DXC4B2P
2025-01-09 11:20:00	6.6	DoubleDown	DXC4B2P
2025-01-09 11:30:00	8.1	DoubleUp	DXC4B2P
2025-01-09 11:37:00	8.7	DoubleUp	DXC4B2P
2025-01-09 11:47:00	8.8	Flat	DXC4B2P
2025-01-09 11:56:00	6.5	DoubleDown	DXC4B2P
2025-01-09 12:04:00	7.1	DoubleUp	DXC4B2P
2025-01-09 12:13:00	13.3	DoubleUp	DXC4B2P
2025-01-09 12:22:00	16	DoubleUp	DXC4B2P
2025-01-09 12:32:00	5.1	DoubleDown	DXC4B2P
2025-01-09 12:39:00	15.2	DoubleUp	DXC4B2P
2025-01-09 12:49:00	13.3	DoubleDown	DXC4B2P
2025-01-09 12:56:00	5	DoubleDown	DXC4B2P
2025-01-09 13:03:00	8.9	DoubleUp	DXC4B2P
2025-01-09 13:13:00	16	DoubleUp	DXC4B2P
2025-01-09 13:22:00	14.3	DoubleDown	DXC4B2P
2025-01-09 13:32:00	3.3	DoubleDown	DXC4B2P
2025-01-09 13:41:00	13.4	DoubleUp	DXC4B2P
2025-01-09 13:50:00	4.9	DoubleDown	DXC4B2P
2025-01-09 14:00:00	6	DoubleUp	DXC4B2P
2025-01-09 14:10:00	4.1	DoubleDown	DXC4B2P
2025-01-09 14:18:00	4.9	DoubleUp	DXC4B2P
2025-01-09 14:26:00	7.4	DoubleUp	DXC4B2P
2025-01-09 14:36:00	10.2	DoubleUp	DXC4B2P
2025-01-09 14:43:00	6.6	DoubleDown	DXC4B2P
2025-01-09 14:50:00	4.7	DoubleDown	DXC4B2P
2025-01-09 14:59:00	4.4	DoubleDown	DXC4B2P
2025-01-09 15:07:00	11.1	DoubleUp	DXC4B2P
2025-01-09 15:17:00	9.5	DoubleDown	DXC4B2P
2025-01-09 15:25:00	4.1	DoubleDown	DXC4B2P
2025-01-09 15:32:00	5.8	DoubleUp	DXC4B2P
2025-01-09 15:42:00	5.9	Flat	DXC4B2P
2025-01-09 15:49:00	7.6	DoubleUp	DXC4B2P
2025-01-09 15:59:00	5.2	DoubleDown	DXC4B2P
2025-01-09 16:08:00	9.8	DoubleUp	DXC4B2P
2025-01-09 16:17:00	4.1	DoubleDown	DXC4B2P
2025-01-09 16:27:00	7.9	DoubleUp	DXC4B2P
2025-01-09 16:35:00	4.8	DoubleDown	DXC4B2P
2025-01-09 16:45:00	13.8	DoubleUp	DXC4B2P
2025-01-09 16:52:00	6.9	DoubleDown	DXC4B2P
2025-01-09 17:01:00	9.7	DoubleUp	DXC4B2P
2025-01-09 17:09:00	7.5	DoubleDown	DXC4B2P
2025-01-09 17:16:00	9.7	DoubleUp	DXC4B2P
2025-01-09 17:24:00	9.4	DoubleDown	DXC4B2P
2025-01-09 17:31:00	4.7	DoubleDown	DXC4B2P
2025-01-09 17:38:00	16.5	DoubleUp	DXC4B2P
2025-01-09 17:46:00	8.1	DoubleDown	DXC4B2P
2025-01-09 17:56:00	9	DoubleUp	DXC4B2P
2025-01-09 18:03:00	7.9	DoubleDown	DXC4B2P
2025-01-09 18:10:00	6.4	DoubleDown	DXC4B2P
2025-01-09 18:18:00	7.1	DoubleUp	DXC4B2P
2025-01-09 18:28:00	8.9	DoubleUp	DXC4B2P
2025-01-09 18:37:00	5.6	DoubleDown	DXC4B2P
2025-01-09 18:44:00	9.7	DoubleUp	DXC4B2P
2025-01-09 18:54:00	7.8	DoubleDown	DXC4B2P
2025-01-09 19:02:00	15.5	DoubleUp	DXC4B2P
2025-01-09 19:11:00	16.2	DoubleUp	DXC4B2P
2025-01-09 19:20:00	9.6	DoubleDown	DXC4B2P
2025-01-09 19:27:00	6.7	DoubleDown	DXC4B2P
2025-01-09 19:37:00	13.7	DoubleUp	DXC4B2P
2025-01-09 19:47:00	3.9	DoubleDown	DXC4B2P
2025-01-09 19:55:00	6.8	DoubleUp	DXC4B2P
2025-01-09 20:02:00	9.6	DoubleUp	DXC4B2P
2025-01-09 20:09:00	13.4	DoubleUp	DXC4B2P
2025-01-09 20:18:00	9.6	DoubleDown	DXC4B2P
2025-01-09 20:28:00	3	DoubleDown	DXC4B2P
2025-01-09 20:36:00	6.8	DoubleUp	DXC4B2P
2025-01-09 20:44:00	6.2	DoubleDown	DXC4B2P
2025-01-09 20:54:00	4.9	DoubleDown	DXC4B2P
2025-01-09 21:03:00	6.6	DoubleUp	DXC4B2P
2025-01-09 21:11:00	6	DoubleDown	DXC4B2P
2025-01-09 21:20:00	5.3	DoubleDown	DXC4B2P
2025-01-09 21:27:00	7.9	DoubleUp	DXC4B2P
2025-01-09 21:35:00	6.8	DoubleDown	DXC4B2P
2025-01-09 21:42:00	4.6	DoubleDown	DXC4B2P
2025-01-09 21:50:00	15.8	DoubleUp	DXC4B2P
2025-01-09 21:57:00	4.3	DoubleDown	DXC4B2P
2025-01-09 22:05:00	6	DoubleUp	DXC4B2P
2025-01-09 22:14:00	6.5	DoubleUp	DXC4B2P
2025-01-09 22:23:00	7.7	DoubleUp	DXC4B2P
2025-01-09 22:32:00	9.6	DoubleUp	DXC4B2P
2025-01-09 22:42:00	5	DoubleDown	DXC4B2P
2025-01-09 22:49:00	7.1	DoubleUp	DXC4B2P
2025-01-09 22:57:00	4.9	DoubleDown	DXC4B2P
2025-01-09 23:06:00	7	DoubleUp	DXC4B2P
2025-01-09 23:15:00	6.8	SingleDown	DXC4B2P
2025-01-09 23:25:00	5.3	DoubleDown	DXC4B2P
2025-01-09 23:35:00	14.8	DoubleUp	DXC4B2P
2025-01-09 23:43:00	8.4	DoubleDown	DXC4B2P
2025-01-09 23:53:00	8.7	DoubleUp	DXC4B2P
2025-01-10 00:00:00	5.1	DoubleDown	DXC4B2P
2025-01-10 00:08:00	15.5	DoubleUp	DXC4B2P
2025-01-10 00:15:00	7.3	DoubleDown	DXC4B2P
2025-01-10 00:22:00	6.8	DoubleDown	DXC4B2P
2025-01-10 00:29:00	8.6	DoubleUp	DXC4B2P
2025-01-10 00:36:00	12.6	DoubleUp	DXC4B2P
2025-01-10 00:44:00	9.2	DoubleDown	DXC4B2P
2025-01-10 00:52:00	8.2	DoubleDown	DXC4B2P
2025-01-10 01:02:00	9.1	DoubleUp	DXC4B2P
2025-01-10 01:09:00	7	DoubleDown	DXC4B2P
2025-01-10 01:16:00	7.2	SingleUp	DXC4B2P
2025-01-10 01:23:00	7.7	DoubleUp	DXC4B2P
2025-01-10 01:30:00	6.2	DoubleDown	DXC4B2P
2025-01-10 01:38:00	15.2	DoubleUp	DXC4B2P
2025-01-10 01:48:00	4.2	DoubleDown	DXC4B2P
2025-01-10 01:58:00	6.6	DoubleUp	DXC4B2P
2025-01-10 02:08:00	14.8	DoubleUp	DXC4B2P
2025-01-10 02:18:00	9	DoubleDown	DXC4B2P
2025-01-10 02:26:00	5.4	DoubleDown	DXC4B2P
2025-01-10 02:33:00	8.8	DoubleUp	DXC4B2P
2025-01-10 02:42:00	13.8	DoubleUp	DXC4B2P
2025-01-10 02:49:00	14.6	DoubleUp	DXC4B2P
2025-01-10 02:58:00	11.3	DoubleDown	DXC4B2P
2025-01-10 03:06:00	4.1	DoubleDown	DXC4B2P
2025-01-10 03:15:00	13	DoubleUp	DXC4B2P
2025-01-10 03:23:00	9.6	DoubleDown	DXC4B2P
2025-01-10 03:30:00	8.4	DoubleDown	DXC4B2P
2025-01-10 03:39:00	15.5	DoubleUp	DXC4B2P
2025-01-10 03:48:00	10.3	DoubleDown	DXC4B2P
2025-01-10 03:56:00	7.3	DoubleDown	DXC4B2P
2025-01-10 04:03:00	10.9	DoubleUp	DXC4B2P
2025-01-10 04:10:00	6.3	DoubleDown	DXC4B2P
2025-01-10 04:17:00	8	DoubleUp	DXC4B2P
2025-01-10 04:25:00	13.4	DoubleUp	DXC4B2P
2025-01-10 04:34:00	5.7	DoubleDown	DXC4B2P
2025-01-10 04:43:00	2.8	DoubleDown	DXC4B2P
2025-01-10 04:52:00	5.2	DoubleUp	DXC4B2P
2025-01-10 05:02:00	11.4	DoubleUp	DXC4B2P
2025-01-10 05:09:00	7.5	DoubleDown	DXC4B2P
2025-01-10 05:19:00	6.4	DoubleDown	DXC4B2P
2025-01-10 05:28:00	9.5	DoubleUp	DXC4B2P
2025-01-10 05:35:00	7	DoubleDown	DXC4B2P
2025-01-10 05:45:00	5.8	DoubleDown	DXC4B2P
2025-01-10 05:54:00	7.1	DoubleUp	DXC4B2P
2025-01-10 06:03:00	7.1	Flat	DXC4B2P
2025-01-10 06:13:00	2.2	DoubleDown	DXC4B2P
2025-01-10 06:23:00	4.2	DoubleUp	DXC4B2P
2025-01-10 06:33:00	9.6	DoubleUp	DXC4B2P
2025-01-10 06:40:00	7.9	DoubleDown	DXC4B2P
2025-01-10 06:49:00	7.3	DoubleDown	DXC4B2P
2025-01-10 06:56:00	16.4	DoubleUp	DXC4B2P
2025-01-10 07:05:00	2.6	DoubleDown	DXC4B2P
2025-01-10 07:14:00	9.7	DoubleUp	DXC4B2P
2025-01-10 07:22:00	3.7	DoubleDown	DXC4B2P
2025-01-10 07:29:00	3.3	DoubleDown	DXC4B2P
2025-01-10 07:38:00	7.7	DoubleUp	DXC4B2P
2025-01-10 07:48:00	6.7	DoubleDown	DXC4B2P
2025-01-10 07:55:00	5.7	DoubleDown	DXC4B2P
2025-01-10 08:02:00	8.2	DoubleUp	DXC4B2P
2025-01-10 08:10:00	3	DoubleDown	DXC4B2P
2025-01-10 08:20:00	6.6	DoubleUp	DXC4B2P
2025-01-10 08:28:00	4	DoubleDown	DXC4B2P
2025-01-10 08:36:00	6	DoubleUp	DXC4B2P
2025-01-10 08:46:00	4.2	DoubleDown	DXC4B2P
2025-01-10 08:54:00	6.9	DoubleUp	DXC4B2P
2025-01-10 09:01:00	5.3	DoubleDown	DXC4B2P
2025-01-10 09:10:00	8.2	DoubleUp	DXC4B2P
2025-01-10 09:18:00	6.2	DoubleDown	DXC4B2P
2025-01-10 09:27:00	12	DoubleUp	DXC4B2P
2025-01-10 09:34:00	4.2	DoubleDown	DXC4B2P
2025-01-10 09:41:00	9	DoubleUp	DXC4B2P
2025-01-10 09:48:00	9.4	DoubleUp	DXC4B2P
2025-01-10 09:56:00	13.4	DoubleUp	DXC4B2P
2025-01-10 10:06:00	6.9	DoubleDown	DXC4B2P
2025-01-10 10:15:00	6.4	DoubleDown	DXC4B2P
2025-01-10 10:24:00	7.8	DoubleUp	DXC4B2P
2025-01-10 10:34:00	7.5	DoubleDown	DXC4B2P
2025-01-10 10:44:00	12.7	DoubleUp	DXC4B2P
2025-01-10 10:53:00	13.4	DoubleUp	DXC4B2P
2025-01-10 11:02:00	4.2	DoubleDown	DXC4B2P
2025-01-10 11:11:00	6.2	DoubleUp	DXC4B2P
2025-01-10 11:21:00	4.2	DoubleDown	DXC4B2P
2025-01-10 11:30:00	3.4	DoubleDown	DXC4B2P
2025-01-10 11:40:00	9	DoubleUp	DXC4B2P
2025-01-10 11:50:00	4.2	DoubleDown	DXC4B2P
2025-01-10 12:00:00	8.4	DoubleUp	DXC4B2P
2025-01-10 12:07:00	4.1	DoubleDown	DXC4B2P
2025-01-10 12:16:00	7.8	DoubleUp	DXC4B2P
2025-01-10 12:23:00	4.7	DoubleDown	DXC4B2P
2025-01-10 12:33:00	4	DoubleDown	DXC4B2P
2025-01-10 12:42:00	4.4	DoubleUp	DXC4B2P
2025-01-10 12:51:00	12.6	DoubleUp	DXC4B2P
2025-01-10 12:59:00	7.1	DoubleDown	DXC4B2P
2025-01-10 13:09:00	15.1	DoubleUp	DXC4B2P
2025-01-10 13:17:00	6.8	DoubleDown	DXC4B2P
2025-01-10 13:25:00	7.3	DoubleUp	DXC4B2P
2025-01-10 13:34:00	5.1	DoubleDown	DXC4B2P
2025-01-10 13:42:00	6.1	DoubleUp	DXC4B2P
2025-01-10 13:50:00	4.2	DoubleDown	DXC4B2P
2025-01-10 13:57:00	9.6	DoubleUp	DXC4B2P
2025-01-10 14:06:00	6.9	DoubleDown	DXC4B2P
2025-01-10 14:15:00	9.2	DoubleUp	DXC4B2P
2025-01-10 14:24:00	6	DoubleDown	DXC4B2P
2025-01-10 14:31:00	4.2	DoubleDown	DXC4B2P
2025-01-10 14:39:00	12.3	DoubleUp	DXC4B2P
2025-01-10 14:48:00	10.6	DoubleDown	DXC4B2P
2025-01-10 14:57:00	7.5	DoubleDown	DXC4B2P
2025-01-10 15:06:00	8.3	DoubleUp	DXC4B2P
2025-01-10 15:15:00	4.2	DoubleDown	DXC4B2P
2025-01-10 15:22:00	5.6	DoubleUp	DXC4B2P
2025-01-10 15:29:00	4.6	DoubleDown	DXC4B2P
2025-01-10 15:37:00	12.4	DoubleUp	DXC4B2P
2025-01-10 15:44:00	6.2	DoubleDown	DXC4B2P
2025-01-10 15:51:00	7.3	DoubleUp	DXC4B2P
2025-01-10 15:58:00	14.4	DoubleUp	DXC4B2P
2025-01-10 16:05:00	8.2	DoubleDown	DXC4B2P
2025-01-10 16:13:00	3.5	DoubleDown	DXC4B2P
2025-01-10 16:21:00	13.8	DoubleUp	DXC4B2P
2025-01-10 16:28:00	13.7	Flat	DXC4B2P
2025-01-10 16:35:00	7.8	DoubleDown	DXC4B2P
2025-01-10 16:45:00	8.8	DoubleUp	DXC4B2P
2025-01-10 16:54:00	7.7	DoubleDown	DXC4B2P
2025-01-10 17:04:00	9.2	DoubleUp	DXC4B2P
2025-01-10 17:13:00	8.8	DoubleDown	DXC4B2P
2025-01-10 17:22:00	5.3	DoubleDown	DXC4B2P
2025-01-10 17:32:00	12.6	DoubleUp	DXC4B2P
2025-01-10 17:42:00	5.5	DoubleDown	DXC4B2P
2025-01-10 17:49:00	4.5	DoubleDown	DXC4B2P
2025-01-10 17:58:00	8.7	DoubleUp	DXC4B2P
2025-01-10 18:05:00	5.5	DoubleDown	DXC4B2P
2025-01-10 18:14:00	9	DoubleUp	DXC4B2P
2025-01-10 18:22:00	9.1	Flat	DXC4B2P
2025-01-10 18:30:00	9.3	SingleUp	DXC4B2P
2025-01-10 18:39:00	13.6	DoubleUp	DXC4B2P
2025-01-10 18:47:00	6	DoubleDown	DXC4B2P
2025-01-10 18:54:00	5.2	DoubleDown	DXC4B2P
2025-01-10 19:03:00	4.3	DoubleDown	DXC4B2P
2025-01-10 19:11:00	6.5	DoubleUp	DXC4B2P
2025-01-10 19:19:00	10.6	DoubleUp	DXC4B2P
2025-01-10 19:26:00	9.9	DoubleDown	DXC4B2P
2025-01-10 19:34:00	8.1	DoubleDown	DXC4B2P
2025-01-10 19:41:00	13.7	DoubleUp	DXC4B2P
2025-01-10 19:49:00	8.1	DoubleDown	DXC4B2P
2025-01-10 19:58:00	4.8	DoubleDown	DXC4B2P
2025-01-10 20:07:00	14.8	DoubleUp	DXC4B2P
2025-01-10 20:14:00	9.4	DoubleDown	DXC4B2P
2025-01-10 20:23:00	10.1	DoubleUp	DXC4B2P
2025-01-10 20:31:00	12.8	DoubleUp	DXC4B2P
2025-01-10 20:41:00	10.2	DoubleDown	DXC4B2P
2025-01-10 20:50:00	4.7	DoubleDown	DXC4B2P
2025-01-10 20:57:00	6	DoubleUp	DXC4B2P
2025-01-10 21:04:00	15.1	DoubleUp	DXC4B2P
2025-01-10 21:12:00	4	DoubleDown	DXC4B2P
2025-01-10 21:22:00	6.8	DoubleUp	DXC4B2P
2025-01-10 21:32:00	14.5	DoubleUp	DXC4B2P
2025-01-10 21:42:00	8.8	DoubleDown	DXC4B2P
2025-01-10 21:50:00	12.3	DoubleUp	DXC4B2P
2025-01-10 21:58:00	9.8	DoubleDown	DXC4B2P
2025-01-10 22:08:00	13.2	DoubleUp	DXC4B2P
2025-01-10 22:17:00	6.5	DoubleDown	DXC4B2P
2025-01-10 22:25:00	4.2	DoubleDown	DXC4B2P
2025-01-10 22:33:00	2.7	DoubleDown	DXC4B2P
2025-01-10 22:43:00	8.1	DoubleUp	DXC4B2P
2025-01-10 22:51:00	4.8	DoubleDown	DXC4B2P
2025-01-10 22:59:00	6.2	DoubleUp	DXC4B2P
2025-01-10 23:08:00	4.2	DoubleDown	DXC4B2P
2025-01-10 23:15:00	6.9	DoubleUp	DXC4B2P
2025-01-10 23:24:00	4.7	DoubleDown	DXC4B2P
2025-01-10 23:33:00	8.2	DoubleUp	DXC4B2P
2025-01-10 23:40:00	3.2	DoubleDown	DXC4B2P
2025-01-10 23:47:00	8.1	DoubleUp	DXC4B2P
2025-01-10 23:54:00	7.9	SingleDown	DXC4B2P
2025-01-11 00:02:00	8.6	DoubleUp	DXC4B2P
2025-01-11 00:12:00	8.6	Flat	DXC4B2P
2025-01-11 00:22:00	8.8	SingleUp	DXC4B2P
2025-01-11 00:32:00	7.2	DoubleDown	DXC4B2P
2025-01-11 00:41:00	5.5	DoubleDown	DXC4B2P
2025-01-11 00:51:00	9.9	DoubleUp	DXC4B2P
2025-01-11 00:58:00	10.8	DoubleUp	DXC4B2P
2025-01-11 01:07:00	13.8	DoubleUp	DXC4B2P
2025-01-11 01:15:00	4.7	DoubleDown	DXC4B2P
2025-01-11 01:25:00	6.7	DoubleUp	DXC4B2P
2025-01-11 01:32:00	12.3	DoubleUp	DXC4B2P
2025-01-11 01:42:00	5.2	DoubleDown	DXC4B2P
2025-01-11 01:49:00	5.1	Flat	DXC4B2P
2025-01-11 01:57:00	7.1	DoubleUp	DXC4B2P
2025-01-11 02:07:00	7.5	DoubleUp	DXC4B2P
2025-01-11 02:16:00	6.7	DoubleDown	DXC4B2P
2025-01-11 02:26:00	15.5	DoubleUp	DXC4B2P
2025-01-11 02:36:00	12.1	DoubleDown	DXC4B2P
2025-01-11 02:45:00	16.2	DoubleUp	DXC4B2P
2025-01-11 02:52:00	4.2	DoubleDown	DXC4B2P
2025-01-11 03:00:00	6.3	DoubleUp	DXC4B2P
2025-01-11 03:10:00	8.7	DoubleUp	DXC4B2P
2025-01-11 03:18:00	4.1	DoubleDown	DXC4B2P
2025-01-11 03:26:00	9.3	DoubleUp	DXC4B2P
2025-01-11 03:36:00	8.1	DoubleDown	DXC4B2P
2025-01-11 03:46:00	4.2	DoubleDown	DXC4B2P
2025-01-11 03:54:00	7	DoubleUp	DXC4B2P
2025-01-11 04:04:00	4.9	DoubleDown	DXC4B2P
2025-01-11 04:13:00	16	DoubleUp	DXC4B2P
2025-01-11 04:23:00	5.4	DoubleDown	DXC4B2P
2025-01-11 04:31:00	4.9	DoubleDown	DXC4B2P
2025-01-11 04:40:00	4.3	DoubleDown	DXC4B2P
2025-01-11 04:47:00	15.2	DoubleUp	DXC4B2P
2025-01-11 04:54:00	6.4	DoubleDown	DXC4B2P
2025-01-11 05:04:00	15.1	DoubleUp	DXC4B2P
2025-01-11 05:11:00	9.6	DoubleDown	DXC4B2P
2025-01-11 05:18:00	8.8	DoubleDown	DXC4B2P
2025-01-11 05:26:00	8.4	DoubleDown	DXC4B2P
2025-01-11 05:35:00	10.8	DoubleUp	DXC4B2P
2025-01-11 05:44:00	9.1	DoubleDown	DXC4B2P
2025-01-11 05:53:00	8.2	DoubleDown	DXC4B2P
2025-01-11 06:01:00	12.4	DoubleUp	DXC4B2P
2025-01-11 06:09:00	9.7	DoubleDown	DXC4B2P
2025-01-11 06:17:00	6.5	DoubleDown	DXC4B2P
2025-01-11 06:25:00	8.1	DoubleUp	DXC4B2P
2025-01-11 06:34:00	3.8	DoubleDown	DXC4B2P
2025-01-11 06:42:00	11.7	DoubleUp	DXC4B2P
2025-01-11 06:51:00	3.9	DoubleDown	DXC4B2P
2025-01-11 07:00:00	6.3	DoubleUp	DXC4B2P
2025-01-11 07:10:00	10.7	DoubleUp	DXC4B2P
2025-01-11 07:17:00	12.6	DoubleUp	DXC4B2P
2025-01-11 07:27:00	8	DoubleDown	DXC4B2P
2025-01-11 07:36:00	6.1	DoubleDown	DXC4B2P
2025-01-11 07:43:00	15.7	DoubleUp	DXC4B2P
2025-01-11 07:52:00	7.3	DoubleDown	DXC4B2P
2025-01-11 08:00:00	11.2	DoubleUp	DXC4B2P
2025-01-11 08:09:00	6.2	DoubleDown	DXC4B2P
2025-01-11 08:19:00	7.1	DoubleUp	DXC4B2P
2025-01-11 08:26:00	5.7	DoubleDown	DXC4B2P
2025-01-11 08:33:00	4.9	DoubleDown	DXC4B2P
2025-01-11 08:41:00	10.8	DoubleUp	DXC4B2P
2025-01-11 08:48:00	14.9	DoubleUp	DXC4B2P
2025-01-11 08:58:00	6.5	DoubleDown	DXC4B2P
2025-01-11 09:05:00	5.8	DoubleDown	DXC4B2P
2025-01-11 09:15:00	10.4	DoubleUp	DXC4B2P
2025-01-11 09:23:00	13.8	DoubleUp	DXC4B2P
2025-01-11 09:33:00	7.3	DoubleDown	DXC4B2P
2025-01-11 09:43:00	7.5	SingleUp	DXC4B2P
2025-01-11 09:51:00	12.1	DoubleUp	DXC4B2P
2025-01-11 10:00:00	6.5	DoubleDown	DXC4B2P
2025-01-11 10:08:00	6.8	DoubleUp	DXC4B2P
2025-01-11 10:17:00	4.1	DoubleDown	DXC4B2P
2025-01-11 10:27:00	4.6	DoubleUp	DXC4B2P
2025-01-11 10:36:00	7.5	DoubleUp	DXC4B2P
2025-01-11 10:45:00	6.1	DoubleDown	DXC4B2P
2025-01-11 10:53:00	14.8	DoubleUp	DXC4B2P
2025-01-11 11:02:00	4.5	DoubleDown	DXC4B2P
2025-01-11 11:11:00	4	DoubleDown	DXC4B2P
2025-01-11 11:19:00	11.4	DoubleUp	DXC4B2P
2025-01-11 11:26:00	4.3	DoubleDown	DXC4B2P
2025-01-11 11:36:00	4.7	DoubleUp	DXC4B2P
2025-01-11 11:43:00	6.8	DoubleUp	DXC4B2P
2025-01-11 11:50:00	12.2	DoubleUp	DXC4B2P
2025-01-11 11:57:00	7	DoubleDown	DXC4B2P
2025-01-11 12:05:00	8.5	DoubleUp	DXC4B2P
2025-01-11 12:15:00	4.5	DoubleDown	DXC4B2P
2025-01-11 12:24:00	10.5	DoubleUp	DXC4B2P
2025-01-11 12:34:00	4	DoubleDown	DXC4B2P
2025-01-11 12:43:00	11.8	DoubleUp	DXC4B2P
2025-01-11 12:51:00	6.6	DoubleDown	DXC4B2P
2025-01-11 12:58:00	4.6	DoubleDown	DXC4B2P
2025-01-11 13:05:00	6	DoubleUp	DXC4B2P
2025-01-11 13:12:00	8.4	DoubleUp	DXC4B2P
2025-01-11 13:20:00	13.6	DoubleUp	DXC4B2P
2025-01-11 13:27:00	10.4	DoubleDown	DXC4B2P
2025-01-11 13:36:00	7.3	DoubleDown	DXC4B2P
2025-01-11 13:43:00	7.7	DoubleUp	DXC4B2P
2025-01-11 13:51:00	13.8	DoubleUp	DXC4B2P
2025-01-11 14:00:00	4.9	DoubleDown	DXC4B2P
2025-01-11 14:09:00	7.3	DoubleUp	DXC4B2P
2025-01-11 14:17:00	4.4	DoubleDown	DXC4B2P
2025-01-11 14:24:00	9.2	DoubleUp	DXC4B2P
2025-01-11 14:34:00	9.4	SingleUp	DXC4B2P
2025-01-11 14:41:00	10.3	DoubleUp	DXC4B2P
2025-01-11 14:49:00	7.3	DoubleDown	DXC4B2P
2025-01-11 14:57:00	5.6	DoubleDown	DXC4B2P
2025-01-11 15:04:00	12	DoubleUp	DXC4B2P
2025-01-11 15:11:00	7.4	DoubleDown	DXC4B2P
2025-01-11 15:20:00	8.8	DoubleUp	DXC4B2P
2025-01-11 15:30:00	13	DoubleUp	DXC4B2P
2025-01-11 15:37:00	10.3	DoubleDown	DXC4B2P
2025-01-11 15:45:00	16.3	DoubleUp	DXC4B2P
2025-01-11 15:55:00	8.5	DoubleDown	DXC4B2P
2025-01-11 16:04:00	11.8	DoubleUp	DXC4B2P
2025-01-11 16:11:00	10.8	DoubleDown	DXC4B2P
2025-01-11 16:19:00	15.9	DoubleUp	DXC4B2P
2025-01-11 16:29:00	8.2	DoubleDown	DXC4B2P
2025-01-11 16:37:00	15.7	DoubleUp	DXC4B2P
2025-01-11 16:46:00	5.9	DoubleDown	DXC4B2P
2025-01-11 16:55:00	12.2	DoubleUp	DXC4B2P
2025-01-11 17:02:00	6.8	DoubleDown	DXC4B2P
2025-01-11 17:12:00	15.1	DoubleUp	DXC4B2P
2025-01-11 17:22:00	6.2	DoubleDown	DXC4B2P
2025-01-11 17:31:00	16.4	DoubleUp	DXC4B2P
2025-01-11 17:40:00	8.1	DoubleDown	DXC4B2P
2025-01-11 17:47:00	8.6	DoubleUp	DXC4B2P
2025-01-11 17:57:00	14.7	DoubleUp	DXC4B2P
2025-01-11 18:04:00	9.9	DoubleDown	DXC4B2P
2025-01-11 18:12:00	4.7	DoubleDown	DXC4B2P
2025-01-11 18:19:00	13.4	DoubleUp	DXC4B2P
2025-01-11 18:28:00	6.6	DoubleDown	DXC4B2P
2025-01-11 18:38:00	11.6	DoubleUp	DXC4B2P
2025-01-11 18:46:00	8.8	DoubleDown	DXC4B2P
2025-01-11 18:55:00	10.2	DoubleUp	DXC4B2P
2025-01-11 19:05:00	14.2	DoubleUp	DXC4B2P
2025-01-11 19:15:00	9.1	DoubleDown	DXC4B2P
2025-01-11 19:22:00	8.3	DoubleDown	DXC4B2P
2025-01-11 19:30:00	7.8	DoubleDown	DXC4B2P
2025-01-11 19:37:00	8.8	DoubleUp	DXC4B2P
2025-01-11 19:47:00	8.8	Flat	DXC4B2P
2025-01-11 19:54:00	4.5	DoubleDown	DXC4B2P
2025-01-11 20:04:00	4.6	Flat	DXC4B2P
2025-01-11 20:11:00	7.3	DoubleUp	DXC4B2P
2025-01-11 20:20:00	9.2	DoubleUp	DXC4B2P
2025-01-11 20:28:00	8	DoubleDown	DXC4B2P
2025-01-11 20:36:00	12.3	DoubleUp	DXC4B2P
2025-01-11 20:46:00	7.1	DoubleDown	DXC4B2P
2025-01-11 20:55:00	9	DoubleUp	DXC4B2P
2025-01-11 21:04:00	8.5	DoubleDown	DXC4B2P
2025-01-11 21:12:00	12.3	DoubleUp	DXC4B2P
2025-01-11 21:19:00	11.1	DoubleDown	DXC4B2P
2025-01-11 21:26:00	3.5	DoubleDown	DXC4B2P
2025-01-11 21:36:00	5.5	DoubleUp	DXC4B2P
2025-01-11 21:45:00	9.4	DoubleUp	DXC4B2P
2025-01-11 21:52:00	9.2	SingleDown	DXC4B2P
2025-01-11 22:00:00	4.4	DoubleDown	DXC4B2P
2025-01-11 22:08:00	15.1	DoubleUp	DXC4B2P
2025-01-11 22:15:00	4	DoubleDown	DXC4B2P
2025-01-11 22:23:00	8.6	DoubleUp	DXC4B2P
2025-01-11 22:30:00	4.7	DoubleDown	DXC4B2P
2025-01-11 22:40:00	9	DoubleUp	DXC4B2P
2025-01-11 22:47:00	11.3	DoubleUp	DXC4B2P
2025-01-11 22:55:00	8.1	DoubleDown	DXC4B2P
2025-01-11 23:03:00	2.4	DoubleDown	DXC4B2P
2025-01-11 23:10:00	5.6	DoubleUp	DXC4B2P
2025-01-11 23:19:00	10.8	DoubleUp	DXC4B2P
2025-01-11 23:26:00	6.9	DoubleDown	DXC4B2P
2025-01-11 23:36:00	7.5	DoubleUp	DXC4B2P
2025-01-11 23:43:00	10.7	DoubleUp	DXC4B2P
2025-01-11 23:52:00	9.7	DoubleDown	DXC4B2P
2025-01-12 00:02:00	3.9	DoubleDown	DXC4B2P
2025-01-12 00:12:00	13.8	DoubleUp	DXC4B2P
2025-01-12 00:21:00	15.6	DoubleUp	DXC4B2P
2025-01-12 00:29:00	4	DoubleDown	DXC4B2P
2025-01-12 00:39:00	8.4	DoubleUp	DXC4B2P
2025-01-12 00:49:00	8.2	SingleDown	DXC4B2P
2025-01-12 00:57:00	3.7	DoubleDown	DXC4B2P
2025-01-12 01:07:00	10.9	DoubleUp	DXC4B2P
2025-01-12 01:14:00	2.8	DoubleDown	DXC4B2P
2025-01-12 01:23:00	8.9	DoubleUp	DXC4B2P
2025-01-12 01:30:00	8.6	DoubleDown	DXC4B2P
2025-01-12 01:38:00	12.4	DoubleUp	DXC4B2P
2025-01-12 01:48:00	8.1	DoubleDown	DXC4B2P
2025-01-12 01:58:00	10.9	DoubleUp	DXC4B2P
2025-01-12 02:08:00	5.4	DoubleDown	DXC4B2P
2025-01-12 02:17:00	7.9	DoubleUp	DXC4B2P
2025-01-12 02:26:00	5.5	DoubleDown	DXC4B2P
2025-01-12 02:34:00	7.3	DoubleUp	DXC4B2P
2025-01-12 02:43:00	4.5	DoubleDown	DXC4B2P
2025-01-12 02:52:00	7.1	DoubleUp	DXC4B2P
2025-01-12 03:00:00	12.6	DoubleUp	DXC4B2P
2025-01-12 03:07:00	5	DoubleDown	DXC4B2P
2025-01-12 03:16:00	12.1	DoubleUp	DXC4B2P
2025-01-12 03:24:00	9.1	DoubleDown	DXC4B2P
2025-01-12 03:33:00	7.1	DoubleDown	DXC4B2P
2025-01-12 03:41:00	9.5	DoubleUp	DXC4B2P
2025-01-12 03:51:00	7.9	DoubleDown	DXC4B2P
2025-01-12 04:00:00	11.9	DoubleUp	DXC4B2P
2025-01-12 04:07:00	5.6	DoubleDown	DXC4B2P
2025-01-12 04:14:00	8.7	DoubleUp	DXC4B2P
2025-01-12 04:23:00	5.6	DoubleDown	DXC4B2P
2025-01-12 04:33:00	6.7	DoubleUp	DXC4B2P
2025-01-12 04:40:00	13.3	DoubleUp	DXC4B2P
2025-01-12 04:48:00	9.3	DoubleDown	DXC4B2P
2025-01-12 04:58:00	6.5	DoubleDown	DXC4B2P
2025-01-12 05:07:00	12	DoubleUp	DXC4B2P
2025-01-12 05:15:00	6.4	DoubleDown	DXC4B2P
2025-01-12 05:25:00	3.9	DoubleDown	DXC4B2P
2025-01-12 05:35:00	12.3	DoubleUp	DXC4B2P
2025-01-12 05:44:00	5.2	DoubleDown	DXC4B2P
2025-01-12 05:53:00	13.7	DoubleUp	DXC4B2P
2025-01-12 06:00:00	8.1	DoubleDown	DXC4B2P
2025-01-12 06:09:00	5.7	DoubleDown	DXC4B2P
2025-01-12 06:19:00	7.7	DoubleUp	DXC4B2P
2025-01-12 06:26:00	5	DoubleDown	DXC4B2P
2025-01-12 06:35:00	5.9	DoubleUp	DXC4B2P
2025-01-12 06:43:00	7.5	DoubleUp	DXC4B2P
2025-01-12 06:53:00	6.1	DoubleDown	DXC4B2P
2025-01-12 07:00:00	6.3	SingleUp	DXC4B2P
2025-01-12 07:09:00	3.3	DoubleDown	DXC4B2P
2025-01-12 07:18:00	8.9	DoubleUp	DXC4B2P
2025-01-12 07:25:00	6.1	DoubleDown	DXC4B2P
2025-01-12 07:33:00	7.9	DoubleUp	DXC4B2P
2025-01-12 07:41:00	8.7	DoubleUp	DXC4B2P
2025-01-12 07:50:00	5.5	DoubleDown	DXC4B2P
2025-01-12 07:57:00	8.1	DoubleUp	DXC4B2P
2025-01-12 08:06:00	9.4	DoubleUp	DXC4B2P
2025-01-12 08:15:00	7.2	DoubleDown	DXC4B2P
2025-01-12 08:22:00	6.5	DoubleDown	DXC4B2P
2025-01-12 08:32:00	4.5	DoubleDown	DXC4B2P
2025-01-12 08:42:00	5.1	DoubleUp	DXC4B2P
2025-01-12 08:51:00	9.4	DoubleUp	DXC4B2P
2025-01-12 09:01:00	5.6	DoubleDown	DXC4B2P
2025-01-12 09:10:00	5.8	SingleUp	DXC4B2P
2025-01-12 09:17:00	4.8	DoubleDown	DXC4B2P
2025-01-12 09:26:00	7.7	DoubleUp	DXC4B2P
2025-01-12 09:36:00	9.4	DoubleUp	DXC4B2P
2025-01-12 09:44:00	13.9	DoubleUp	DXC4B2P
2025-01-12 09:54:00	14.6	DoubleUp	DXC4B2P
2025-01-12 10:04:00	11.9	DoubleDown	DXC4B2P
2025-01-12 10:12:00	15.6	DoubleUp	DXC4B2P
2025-01-12 10:21:00	4.5	DoubleDown	DXC4B2P
2025-01-12 10:29:00	5	DoubleUp	DXC4B2P
2025-01-12 10:38:00	5.9	DoubleUp	DXC4B2P
2025-01-12 10:47:00	5.4	DoubleDown	DXC4B2P
2025-01-12 10:57:00	4.5	DoubleDown	DXC4B2P
2025-01-12 11:04:00	8.1	DoubleUp	DXC4B2P
2025-01-12 11:12:00	4.4	DoubleDown	DXC4B2P
2025-01-12 11:21:00	11.6	DoubleUp	DXC4B2P
2025-01-12 11:31:00	9.1	DoubleDown	DXC4B2P
2025-01-12 11:41:00	11.3	DoubleUp	DXC4B2P
2025-01-12 11:48:00	4	DoubleDown	DXC4B2P
2025-01-12 11:55:00	13	DoubleUp	DXC4B2P
2025-01-12 12:02:00	6.5	DoubleDown	DXC4B2P
2025-01-12 12:11:00	7.7	DoubleUp	DXC4B2P
2025-01-12 12:21:00	8.8	DoubleUp	DXC4B2P
2025-01-12 12:31:00	8.9	Flat	DXC4B2P
2025-01-12 12:41:00	5.9	DoubleDown	DXC4B2P
2025-01-12 12:51:00	12.4	DoubleUp	DXC4B2P
2025-01-12 12:58:00	8.6	DoubleDown	DXC4B2P
2025-01-12 13:08:00	7.1	DoubleDown	DXC4B2P
2025-01-12 13:16:00	9.2	DoubleUp	DXC4B2P
2025-01-12 13:23:00	8.6	DoubleDown	DXC4B2P
2025-01-12 13:31:00	6.4	DoubleDown	DXC4B2P
2025-01-12 13:39:00	9.1	DoubleUp	DXC4B2P
2025-01-12 13:46:00	7.9	DoubleDown	DXC4B2P
2025-01-12 13:56:00	8.9	DoubleUp	DXC4B2P
2025-01-12 14:04:00	4.2	DoubleDown	DXC4B2P
2025-01-12 14:13:00	2.8	DoubleDown	DXC4B2P
2025-01-12 14:22:00	7.1	DoubleUp	DXC4B2P
2025-01-12 14:29:00	6.3	DoubleDown	DXC4B2P
2025-01-12 14:39:00	7.2	DoubleUp	DXC4B2P
2025-01-12 14:47:00	6.9	DoubleDown	DXC4B2P
2025-01-12 14:55:00	7.3	DoubleUp	DXC4B2P
2025-01-12 15:03:00	4.4	DoubleDown	DXC4B2P
2025-01-12 15:12:00	9.7	DoubleUp	DXC4B2P
2025-01-12 15:20:00	8.5	DoubleDown	DXC4B2P
2025-01-12 15:28:00	7.4	DoubleDown	DXC4B2P
2025-01-12 15:36:00	6.1	DoubleDown	DXC4B2P
2025-01-12 15:44:00	16.3	DoubleUp	DXC4B2P
2025-01-12 15:53:00	13.7	DoubleDown	DXC4B2P
2025-01-12 16:01:00	4.7	DoubleDown	DXC4B2P
2025-01-12 16:09:00	8.9	DoubleUp	DXC4B2P
2025-01-12 16:18:00	7	DoubleDown	DXC4B2P
2025-01-12 16:27:00	11.6	DoubleUp	DXC4B2P
2025-01-12 16:36:00	6.2	DoubleDown	DXC4B2P
2025-01-12 16:46:00	4	DoubleDown	DXC4B2P
2025-01-12 16:55:00	4.7	DoubleUp	DXC4B2P
2025-01-12 17:05:00	4.3	DoubleDown	DXC4B2P
2025-01-12 17:14:00	7.4	DoubleUp	DXC4B2P
2025-01-12 17:24:00	11.1	DoubleUp	DXC4B2P
2025-01-12 17:32:00	9.3	DoubleDown	DXC4B2P
2025-01-12 17:42:00	3.9	DoubleDown	DXC4B2P
2025-01-12 17:52:00	8.3	DoubleUp	DXC4B2P
2025-01-12 17:59:00	12.2	DoubleUp	DXC4B2P
2025-01-12 18:09:00	6	DoubleDown	DXC4B2P
2025-01-12 18:19:00	11.2	DoubleUp	DXC4B2P
2025-01-12 18:28:00	7.3	DoubleDown	DXC4B2P
2025-01-12 18:36:00	8.1	DoubleUp	DXC4B2P
2025-01-12 18:45:00	7.3	DoubleDown	DXC4B2P
2025-01-12 18:54:00	8.4	DoubleUp	DXC4B2P
2025-01-12 19:01:00	5.6	DoubleDown	DXC4B2P
2025-01-12 19:11:00	6	DoubleUp	DXC4B2P
2025-01-12 19:20:00	12.5	DoubleUp	DXC4B2P
2025-01-12 19:27:00	7.8	DoubleDown	DXC4B2P
2025-01-12 19:37:00	6.2	DoubleDown	DXC4B2P
2025-01-12 19:47:00	4.1	DoubleDown	DXC4B2P
2025-01-12 19:57:00	7.8	DoubleUp	DXC4B2P
2025-01-12 20:04:00	14.8	DoubleUp	DXC4B2P
2025-01-12 20:12:00	7.8	DoubleDown	DXC4B2P
2025-01-12 20:19:00	15.3	DoubleUp	DXC4B2P
2025-01-12 20:28:00	7.6	DoubleDown	DXC4B2P
2025-01-12 20:36:00	11.5	DoubleUp	DXC4B2P
2025-01-12 20:45:00	6.6	DoubleDown	DXC4B2P
2025-01-12 20:53:00	4.5	DoubleDown	DXC4B2P
2025-01-12 21:01:00	10.4	DoubleUp	DXC4B2P
2025-01-12 21:08:00	9.8	DoubleDown	DXC4B2P
2025-01-12 21:17:00	9.5	DoubleDown	DXC4B2P
2025-01-12 21:27:00	7.2	DoubleDown	DXC4B2P
2025-01-12 21:36:00	9	DoubleUp	DXC4B2P
2025-01-12 21:43:00	4.7	DoubleDown	DXC4B2P
2025-01-12 21:52:00	13.4	DoubleUp	DXC4B2P
2025-01-12 22:00:00	12.6	DoubleDown	DXC4B2P
2025-01-12 22:08:00	14.4	DoubleUp	DXC4B2P
2025-01-12 22:15:00	12	DoubleDown	DXC4B2P
2025-01-12 22:23:00	4.5	DoubleDown	DXC4B2P
2025-01-12 22:32:00	9.1	DoubleUp	DXC4B2P
2025-01-12 22:39:00	12.1	DoubleUp	DXC4B2P
2025-01-12 22:46:00	7.4	DoubleDown	DXC4B2P
2025-01-12 22:54:00	9.4	DoubleUp	DXC4B2P
2025-01-12 23:03:00	4.9	DoubleDown	DXC4B2P
2025-01-12 23:13:00	9.8	DoubleUp	DXC4B2P
2025-01-12 23:22:00	7.4	DoubleDown	DXC4B2P
2025-01-12 23:32:00	4.8	DoubleDown	DXC4B2P
2025-01-12 23:42:00	8.8	DoubleUp	DXC4B2P
2025-01-12 23:49:00	15.5	DoubleUp	DXC4B2P
2025-01-12 23:56:00	8.7	DoubleDown	DXC4B2P
2025-01-13 00:03:00	5.8	DoubleDown	DXC4B2P
2025-01-13 00:12:00	3.3	DoubleDown	DXC4B2P
2025-01-13 00:21:00	13.4	DoubleUp	DXC4B2P
2025-01-13 00:30:00	4	DoubleDown	DXC4B2P
2025-01-13 00:38:00	15.4	DoubleUp	DXC4B2P
2025-01-13 00:46:00	7	DoubleDown	DXC4B2P
2025-01-13 00:55:00	4.4	DoubleDown	DXC4B2P
2025-01-13 01:05:00	14.6	DoubleUp	DXC4B2P
2025-01-13 01:14:00	7.4	DoubleDown	DXC4B2P
2025-01-13 01:21:00	4.4	DoubleDown	DXC4B2P
2025-01-13 01:29:00	10	DoubleUp	DXC4B2P
2025-01-13 01:37:00	8.9	DoubleDown	DXC4B2P
2025-01-13 01:45:00	14.2	DoubleUp	DXC4B2P
2025-01-13 01:52:00	7.5	DoubleDown	DXC4B2P
2025-01-13 02:01:00	5.3	DoubleDown	DXC4B2P
2025-01-13 02:09:00	5.4	Flat	DXC4B2P
2025-01-13 02:17:00	9.2	DoubleUp	DXC4B2P
2025-01-13 02:26:00	5.5	DoubleDown	DXC4B2P
2025-01-13 02:35:00	13.9	DoubleUp	DXC4B2P
2025-01-13 02:44:00	8.8	DoubleDown	DXC4B2P
2025-01-13 02:52:00	4.1	DoubleDown	DXC4B2P
2025-01-13 02:59:00	6.5	DoubleUp	DXC4B2P
2025-01-13 03:07:00	5.5	DoubleDown	DXC4B2P
2025-01-13 03:17:00	5.4	Flat	DXC4B2P
2025-01-13 03:24:00	13.7	DoubleUp	DXC4B2P
2025-01-13 03:31:00	10	DoubleDown	DXC4B2P
2025-01-13 03:40:00	8.1	DoubleDown	DXC4B2P
2025-01-13 03:50:00	5.9	DoubleDown	DXC4B2P
2025-01-13 03:57:00	3.5	DoubleDown	DXC4B2P
2025-01-13 04:05:00	12.7	DoubleUp	DXC4B2P
2025-01-13 04:14:00	5.6	DoubleDown	DXC4B2P
2025-01-13 04:23:00	9.5	DoubleUp	DXC4B2P
2025-01-13 04:32:00	8.1	DoubleDown	DXC4B2P
2025-01-13 04:42:00	8.3	SingleUp	DXC4B2P
2025-01-13 04:49:00	9.6	DoubleUp	DXC4B2P
2025-01-13 04:58:00	7.6	DoubleDown	DXC4B2P
2025-01-13 05:05:00	10	DoubleUp	DXC4B2P
2025-01-13 05:15:00	7.3	DoubleDown	DXC4B2P
2025-01-13 05:24:00	7.5	SingleUp	DXC4B2P
2025-01-13 05:31:00	5.3	DoubleDown	DXC4B2P
2025-01-13 05:40:00	8.2	DoubleUp	DXC4B2P
2025-01-13 05:48:00	7.5	DoubleDown	DXC4B2P
2025-01-13 05:57:00	13.6	DoubleUp	DXC4B2P
2025-01-13 06:04:00	4.4	DoubleDown	DXC4B2P
2025-01-13 06:13:00	8.5	DoubleUp	DXC4B2P
2025-01-13 06:20:00	5.4	DoubleDown	DXC4B2P
2025-01-13 06:30:00	7.7	DoubleUp	DXC4B2P
2025-01-13 06:38:00	13.6	DoubleUp	DXC4B2P
2025-01-13 06:46:00	8.6	DoubleDown	DXC4B2P
2025-01-13 06:53:00	3.7	DoubleDown	DXC4B2P
2025-01-13 07:01:00	9.4	DoubleUp	DXC4B2P
2025-01-13 07:08:00	7.4	DoubleDown	DXC4B2P
2025-01-13 07:15:00	14.9	DoubleUp	DXC4B2P
2025-01-13 07:23:00	6.5	DoubleDown	DXC4B2P
2025-01-13 07:32:00	16.1	DoubleUp	DXC4B2P
2025-01-13 07:40:00	8.9	DoubleDown	DXC4B2P
2025-01-13 07:50:00	6.2	DoubleDown	DXC4B2P
2025-01-13 07:58:00	8.3	DoubleUp	DXC4B2P
2025-01-13 08:08:00	4.9	DoubleDown	DXC4B2P
2025-01-13 08:17:00	11	DoubleUp	DXC4B2P
2025-01-13 08:24:00	7.7	DoubleDown	DXC4B2P
2025-01-13 08:33:00	4.7	DoubleDown	DXC4B2P
2025-01-13 08:43:00	11.8	DoubleUp	DXC4B2P
2025-01-13 08:52:00	7.3	DoubleDown	DXC4B2P
2025-01-13 09:01:00	6.6	DoubleDown	DXC4B2P
2025-01-13 09:11:00	5.1	DoubleDown	DXC4B2P
2025-01-13 09:21:00	9.2	DoubleUp	DXC4B2P
2025-01-13 09:30:00	14.3	DoubleUp	DXC4B2P
2025-01-13 09:38:00	9.4	DoubleDown	DXC4B2P
2025-01-13 09:46:00	4.9	DoubleDown	DXC4B2P
2025-01-13 09:54:00	15.8	DoubleUp	DXC4B2P
2025-01-13 10:03:00	5.3	DoubleDown	DXC4B2P
2025-01-13 10:11:00	9.2	DoubleUp	DXC4B2P
2025-01-13 10:18:00	8.1	DoubleDown	DXC4B2P
2025-01-13 10:26:00	4.6	DoubleDown	DXC4B2P
2025-01-13 10:33:00	10.2	DoubleUp	DXC4B2P
2025-01-13 10:43:00	7.6	DoubleDown	DXC4B2P
2025-01-13 10:52:00	12.8	DoubleUp	DXC4B2P
2025-01-13 11:01:00	6.3	DoubleDown	DXC4B2P
2025-01-13 11:10:00	14.2	DoubleUp	DXC4B2P
2025-01-13 11:20:00	6.8	DoubleDown	DXC4B2P
2025-01-13 11:28:00	8.7	DoubleUp	DXC4B2P
2025-01-13 11:37:00	4.7	DoubleDown	DXC4B2P
2025-01-13 11:47:00	4.2	DoubleDown	DXC4B2P
2025-01-13 11:56:00	9.8	DoubleUp	DXC4B2P
2025-01-13 12:03:00	14.9	DoubleUp	DXC4B2P
2025-01-13 12:12:00	5.4	DoubleDown	DXC4B2P
2025-01-13 12:22:00	4.3	DoubleDown	DXC4B2P
2025-01-13 12:31:00	8.2	DoubleUp	DXC4B2P
2025-01-13 12:40:00	15.9	DoubleUp	DXC4B2P
2025-01-13 12:50:00	14.6	DoubleDown	DXC4B2P
2025-01-13 12:59:00	6.5	DoubleDown	DXC4B2P
2025-01-13 13:08:00	5	DoubleDown	DXC4B2P
2025-01-13 13:18:00	10	DoubleUp	DXC4B2P
2025-01-13 13:28:00	9.3	DoubleDown	DXC4B2P
2025-01-13 13:35:00	12.4	DoubleUp	DXC4B2P
2025-01-13 13:43:00	13.7	DoubleUp	DXC4B2P
2025-01-13 13:52:00	13.4	DoubleDown	DXC4B2P
2025-01-13 13:59:00	7.8	DoubleDown	DXC4B2P
2025-01-13 14:09:00	11.9	DoubleUp	DXC4B2P
2025-01-13 14:16:00	7.9	DoubleDown	DXC4B2P
2025-01-13 14:26:00	7.8	Flat	DXC4B2P
2025-01-13 14:33:00	7.7	Flat	DXC4B2P
2025-01-13 14:43:00	5.3	DoubleDown	DXC4B2P
2025-01-13 14:53:00	14.5	DoubleUp	DXC4B2P
2025-01-13 15:03:00	11.6	DoubleDown	DXC4B2P
2025-01-13 15:12:00	11.6	Flat	DXC4B2P
2025-01-13 15:20:00	6.5	DoubleDown	DXC4B2P
2025-01-13 15:27:00	11.8	DoubleUp	DXC4B2P
2025-01-13 15:36:00	5.2	DoubleDown	DXC4B2P
2025-01-13 15:44:00	4.6	DoubleDown	DXC4B2P
2025-01-13 15:52:00	5.9	DoubleUp	DXC4B2P
2025-01-13 16:00:00	8.2	DoubleUp	DXC4B2P
2025-01-13 16:09:00	6.6	DoubleDown	DXC4B2P
2025-01-13 16:16:00	4.1	DoubleDown	DXC4B2P
2025-01-13 16:25:00	9.1	DoubleUp	DXC4B2P
2025-01-13 16:32:00	8.8	DoubleDown	DXC4B2P
2025-01-13 16:39:00	6.8	DoubleDown	DXC4B2P
2025-01-13 16:46:00	14	DoubleUp	DXC4B2P
2025-01-13 16:54:00	9.2	DoubleDown	DXC4B2P
2025-01-13 17:04:00	8.6	DoubleDown	DXC4B2P
2025-01-13 17:14:00	5.6	DoubleDown	DXC4B2P
2025-01-13 17:24:00	6	DoubleUp	DXC4B2P
2025-01-13 17:32:00	9.6	DoubleUp	DXC4B2P
2025-01-13 17:42:00	7.2	DoubleDown	DXC4B2P
2025-01-13 17:50:00	8.7	DoubleUp	DXC4B2P
2025-01-13 17:58:00	12.3	DoubleUp	DXC4B2P
2025-01-13 18:05:00	12.6	DoubleUp	DXC4B2P
2025-01-13 18:13:00	8	DoubleDown	DXC4B2P
2025-01-13 18:23:00	7.2	DoubleDown	DXC4B2P
2025-01-13 18:30:00	5	DoubleDown	DXC4B2P
2025-01-13 18:40:00	15	DoubleUp	DXC4B2P
2025-01-13 18:49:00	15.8	DoubleUp	DXC4B2P
2025-01-13 18:59:00	16	SingleUp	DXC4B2P
2025-01-13 19:07:00	6.1	DoubleDown	DXC4B2P
2025-01-13 19:16:00	8.6	DoubleUp	DXC4B2P
2025-01-13 19:23:00	10	DoubleUp	DXC4B2P
2025-01-13 19:30:00	6.6	DoubleDown	DXC4B2P
2025-01-13 19:38:00	4.2	DoubleDown	DXC4B2P
2025-01-13 19:48:00	5.6	DoubleUp	DXC4B2P
2025-01-13 19:55:00	6	DoubleUp	DXC4B2P
2025-01-13 20:03:00	13.1	DoubleUp	DXC4B2P
2025-01-13 20:13:00	4.8	DoubleDown	DXC4B2P
2025-01-13 20:20:00	8.5	DoubleUp	DXC4B2P
2025-01-13 20:29:00	8.5	Flat	DXC4B2P
2025-01-13 20:39:00	8.1	DoubleDown	DXC4B2P
2025-01-13 20:47:00	6.3	DoubleDown	DXC4B2P
2025-01-13 20:54:00	14.4	DoubleUp	DXC4B2P
2025-01-13 21:01:00	9.4	DoubleDown	DXC4B2P
2025-01-13 21:09:00	6.8	DoubleDown	DXC4B2P
2025-01-13 21:17:00	9.3	DoubleUp	DXC4B2P
2025-01-13 21:24:00	9.1	SingleDown	DXC4B2P
2025-01-13 21:34:00	13.3	DoubleUp	DXC4B2P
2025-01-13 21:43:00	12.5	DoubleDown	DXC4B2P
2025-01-13 21:51:00	5.9	DoubleDown	DXC4B2P
2025-01-13 22:01:00	6.2	DoubleUp	DXC4B2P
2025-01-13 22:09:00	14.7	DoubleUp	DXC4B2P
2025-01-13 22:18:00	5	DoubleDown	DXC4B2P
2025-01-13 22:25:00	8.3	DoubleUp	DXC4B2P
2025-01-13 22:34:00	4.1	DoubleDown	DXC4B2P
2025-01-13 22:41:00	11.9	DoubleUp	DXC4B2P
2025-01-13 22:49:00	10.7	DoubleDown	DXC4B2P
2025-01-13 22:59:00	9.9	DoubleDown	DXC4B2P
2025-01-13 23:08:00	7	DoubleDown	DXC4B2P
2025-01-13 23:18:00	5	DoubleDown	DXC4B2P
2025-01-13 23:26:00	6.2	DoubleUp	DXC4B2P
2025-01-13 23:33:00	5.4	DoubleDown	DXC4B2P
2025-01-13 23:43:00	5.7	DoubleUp	DXC4B2P
2025-01-13 23:53:00	7.1	DoubleUp	DXC4B2P
2025-01-14 00:01:00	6.9	SingleDown	DXC4B2P
2025-01-14 00:09:00	7.4	DoubleUp	DXC4B2P
2025-01-14 00:19:00	13	DoubleUp	DXC4B2P
2025-01-14 00:29:00	2.4	DoubleDown	DXC4B2P
2025-01-14 00:36:00	13.4	DoubleUp	DXC4B2P
2025-01-14 00:43:00	8.6	DoubleDown	DXC4B2P
2025-01-14 00:53:00	4	DoubleDown	DXC4B2P
2025-01-14 01:00:00	15.8	DoubleUp	DXC4B2P
2025-01-14 01:08:00	6.4	DoubleDown	DXC4B2P
2025-01-14 01:15:00	4	DoubleDown	DXC4B2P
2025-01-14 01:22:00	8.6	DoubleUp	DXC4B2P
2025-01-14 01:30:00	13.1	DoubleUp	DXC4B2P
2025-01-14 01:40:00	6.2	DoubleDown	DXC4B2P
2025-01-14 01:48:00	2.4	DoubleDown	DXC4B2P
2025-01-14 01:58:00	11.1	DoubleUp	DXC4B2P
2025-01-14 02:07:00	5.5	DoubleDown	DXC4B2P
2025-01-14 02:15:00	4.7	DoubleDown	DXC4B2P
2025-01-14 02:23:00	11.2	DoubleUp	DXC4B2P
2025-01-14 02:31:00	8.4	DoubleDown	DXC4B2P
2025-01-14 02:39:00	11.8	DoubleUp	DXC4B2P
2025-01-14 02:49:00	9.3	DoubleDown	DXC4B2P
2025-01-14 02:59:00	6.6	DoubleDown	DXC4B2P
2025-01-14 03:09:00	8.5	DoubleUp	DXC4B2P
2025-01-14 03:19:00	6.4	DoubleDown	DXC4B2P
2025-01-14 03:26:00	5	DoubleDown	DXC4B2P
2025-01-14 03:34:00	7.6	DoubleUp	DXC4B2P
2025-01-14 03:42:00	8.1	DoubleUp	DXC4B2P
2025-01-14 03:49:00	14.2	DoubleUp	DXC4B2P
2025-01-14 03:57:00	15.7	DoubleUp	DXC4B2P
2025-01-14 04:04:00	6.2	DoubleDown	DXC4B2P
2025-01-14 04:12:00	4.1	DoubleDown	DXC4B2P
2025-01-14 04:21:00	7	DoubleUp	DXC4B2P
2025-01-14 04:29:00	12.7	DoubleUp	DXC4B2P
2025-01-14 04:37:00	12.4	DoubleDown	DXC4B2P
2025-01-14 04:47:00	9.3	DoubleDown	DXC4B2P
2025-01-14 04:54:00	12.7	DoubleUp	DXC4B2P
2025-01-14 05:03:00	5.5	DoubleDown	DXC4B2P
2025-01-14 05:12:00	5.4	Flat	DXC4B2P
2025-01-14 05:19:00	9.6	DoubleUp	DXC4B2P
2025-01-14 05:29:00	5.7	DoubleDown	DXC4B2P
2025-01-14 05:37:00	5.8	Flat	DXC4B2P
2025-01-14 05:47:00	9.4	DoubleUp	DXC4B2P
2025-01-14 05:57:00	8.9	DoubleDown	DXC4B2P
2025-01-14 06:06:00	12.7	DoubleUp	DXC4B2P
2025-01-14 06:15:00	12.1	DoubleDown	DXC4B2P
2025-01-14 06:25:00	9.9	DoubleDown	DXC4B2P
2025-01-14 06:35:00	10.4	DoubleUp	DXC4B2P
2025-01-14 06:44:00	12.6	DoubleUp	DXC4B2P
2025-01-14 06:54:00	9.7	DoubleDown	DXC4B2P
2025-01-14 07:04:00	4.5	DoubleDown	DXC4B2P
2025-01-14 07:13:00	6	DoubleUp	DXC4B2P
2025-01-14 07:23:00	3.9	DoubleDown	DXC4B2P
2025-01-14 07:31:00	3.9	Flat	DXC4B2P
2025-01-14 07:38:00	5.6	DoubleUp	DXC4B2P
2025-01-14 07:45:00	13.8	DoubleUp	DXC4B2P
2025-01-14 07:53:00	3.4	DoubleDown	DXC4B2P
2025-01-14 08:03:00	11.5	DoubleUp	DXC4B2P
2025-01-14 08:10:00	11.8	DoubleUp	DXC4B2P
2025-01-14 08:20:00	11.4	DoubleDown	DXC4B2P
2025-01-14 08:29:00	4.5	DoubleDown	DXC4B2P
2025-01-14 08:38:00	13.5	DoubleUp	DXC4B2P
2025-01-14 08:46:00	7	DoubleDown	DXC4B2P
2025-01-14 08:56:00	6.9	Flat	DXC4B2P
2025-01-14 09:03:00	9.8	DoubleUp	DXC4B2P
2025-01-14 09:11:00	11.8	DoubleUp	DXC4B2P
2025-01-14 09:18:00	12.3	DoubleUp	DXC4B2P
2025-01-14 09:25:00	14.7	DoubleUp	DXC4B2P
2025-01-14 09:33:00	10.3	DoubleDown	DXC4B2P
2025-01-14 09:42:00	4.3	DoubleDown	DXC4B2P
2025-01-14 09:50:00	12.5	DoubleUp	DXC4B2P
2025-01-14 09:59:00	5	DoubleDown	DXC4B2P
2025-01-14 10:08:00	11.9	DoubleUp	DXC4B2P
2025-01-14 10:15:00	7.4	DoubleDown	DXC4B2P
2025-01-14 10:22:00	3.4	DoubleDown	DXC4B2P
2025-01-14 10:31:00	7.3	DoubleUp	DXC4B2P
2025-01-14 10:39:00	4.8	DoubleDown	DXC4B2P
2025-01-14 10:48:00	8.7	DoubleUp	DXC4B2P
2025-01-14 10:58:00	13.8	DoubleUp	DXC4B2P
2025-01-14 11:06:00	5.3	DoubleDown	DXC4B2P
2025-01-14 11:15:00	8.4	DoubleUp	DXC4B2P
2025-01-14 11:24:00	5.2	DoubleDown	DXC4B2P
2025-01-14 11:33:00	6.2	DoubleUp	DXC4B2P
2025-01-14 11:40:00	10.2	DoubleUp	DXC4B2P
2025-01-14 11:47:00	4.9	DoubleDown	DXC4B2P
2025-01-14 11:56:00	8.8	DoubleUp	DXC4B2P
2025-01-14 12:06:00	7.9	DoubleDown	DXC4B2P
2025-01-14 12:15:00	3.4	DoubleDown	DXC4B2P
2025-01-14 12:22:00	11.6	DoubleUp	DXC4B2P
2025-01-14 12:30:00	7.4	DoubleDown	DXC4B2P
2025-01-14 12:40:00	12.5	DoubleUp	DXC4B2P
2025-01-14 12:48:00	8.2	DoubleDown	DXC4B2P
2025-01-14 12:56:00	4.4	DoubleDown	DXC4B2P
2025-01-14 13:04:00	2.9	DoubleDown	DXC4B2P
2025-01-14 13:11:00	10.9	DoubleUp	DXC4B2P
2025-01-14 13:21:00	8.8	DoubleDown	DXC4B2P
2025-01-14 13:30:00	8.8	Flat	DXC4B2P
2025-01-14 13:38:00	12.3	DoubleUp	DXC4B2P
2025-01-14 13:45:00	10.5	DoubleDown	DXC4B2P
2025-01-14 13:52:00	5.6	DoubleDown	DXC4B2P
2025-01-14 13:59:00	8.2	DoubleUp	DXC4B2P
2025-01-14 14:06:00	12.7	DoubleUp	DXC4B2P
2025-01-14 14:14:00	6.5	DoubleDown	DXC4B2P
2025-01-14 14:24:00	7.6	DoubleUp	DXC4B2P
2025-01-14 14:33:00	4.5	DoubleDown	DXC4B2P
2025-01-14 14:43:00	7.8	DoubleUp	DXC4B2P
2025-01-14 14:52:00	7.6	SingleDown	DXC4B2P
2025-01-14 15:02:00	4.1	DoubleDown	DXC4B2P
2025-01-14 15:11:00	9.1	DoubleUp	DXC4B2P
2025-01-14 15:18:00	8.8	DoubleDown	DXC4B2P
2025-01-14 15:26:00	10.1	DoubleUp	DXC4B2P
2025-01-14 15:34:00	9.3	DoubleDown	DXC4B2P
2025-01-14 15:41:00	16.3	DoubleUp	DXC4B2P
2025-01-14 15:49:00	10.2	DoubleDown	DXC4B2P
2025-01-14 15:58:00	8.4	DoubleDown	DXC4B2P
2025-01-14 16:08:00	8.8	DoubleUp	DXC4B2P