Name:John Doe	Date Range:2025-01-01 - 2025-01-14
Timestamp	Glucose Value (mg/dL)	Trend Arrow	Transmitter ID
2025-01-01 00:00:00	82	Flat	DXC4B2P
2025-01-01 00:02:53	103	SingleUp	DXC4B2P
2025-01-01 00:05:46	78	SingleDown	DXC4B2P
2025-01-01 00:08:39	88	SingleUp	DXC4B2P
2025-01-01 00:11:32	98	SingleUp	DXC4B2P
2025-01-01 00:14:25	88	SingleDown	DXC4B2P
2025-01-01 00:17:19	96	SingleUp	DXC4B2P
2025-01-01 00:20:12	92	SingleDown	DXC4B2P
2025-01-01 00:23:05	100	SingleUp	DXC4B2P
2025-01-01 00:25:58	99	Flat	DXC4B2P
2025-01-01 00:28:51	84	SingleDown	DXC4B2P
2025-01-01 00:31:45	92	SingleUp	DXC4B2P
2025-01-01 00:34:38	98	SingleUp	DXC4B2P
2025-01-01 00:37:31	80	SingleDown	DXC4B2P
2025-01-01 00:40:24	95	SingleUp	DXC4B2P
2025-01-01 00:43:17	89	SingleDown	DXC4B2P
2025-01-01 00:46:11	102	SingleUp	DXC4B2P
2025-01-01 00:49:04	101	Flat	DXC4B2P
2025-01-01 00:51:57	81	SingleDown	DXC4B2P
2025-01-01 00:54:50	94	SingleUp	DXC4B2P
2025-01-01 00:57:43	96	FortyFiveUp	DXC4B2P
2025-01-01 01:00:37	85	SingleDown	DXC4B2P
2025-01-01 01:03:30	77	SingleDown	DXC4B2P
2025-01-01 01:06:23	83	SingleUp	DXC4B2P
2025-01-01 01:09:16	82	Flat	DXC4B2P
2025-01-01 01:12:09	70	SingleDown	DXC4B2P
2025-01-01 01:15:03	90	SingleUp	DXC4B2P
2025-01-01 01:17:56	87	SingleDown	DXC4B2P
2025-01-01 01:20:49	81	SingleDown	DXC4B2P
2025-01-01 01:23:42	78	SingleDown	DXC4B2P
2025-01-01 01:26:35	76	FortyFiveDown	DXC4B2P
2025-01-01 01:29:29	71	SingleDown	DXC4B2P
2025-01-01 01:32:22	80	SingleUp	DXC4B2P
2025-01-01 01:35:15	92	SingleUp	DXC4B2P
2025-01-01 01:38:08	83	SingleDown	DXC4B2P
2025-01-01 01:41:01	78	SingleDown	DXC4B2P
2025-01-01 01:43:55	95	SingleUp	DXC4B2P
2025-01-01 01:46:48	75	SingleDown	DXC4B2P
2025-01-01 01:49:41	89	SingleUp	DXC4B2P
2025-01-01 01:52:34	98	SingleUp	DXC4B2P
2025-01-01 01:55:27	94	SingleDown	DXC4B2P
2025-01-01 01:58:20	90	SingleDown	DXC4B2P
2025-01-01 02:01:14	87	SingleDown	DXC4B2P
2025-01-01 02:04:07	91	SingleUp	DXC4B2P
2025-01-01 02:07:00	79	SingleDown	DXC4B2P
2025-01-01 02:09:53	72	SingleDown	DXC4B2P
2025-01-01 02:12:46	69	SingleDown	DXC4B2P
2025-01-01 02:15:40	79	SingleUp	DXC4B2P
2025-01-01 02:18:33	80	Flat	DXC4B2P
2025-01-01 02:21:26	88	SingleUp	DXC4B2P
2025-01-01 02:24:19	84	SingleDown	DXC4B2P
2025-01-01 02:27:12	93	SingleUp	DXC4B2P
2025-01-01 02:30:06	93	Flat	DXC4B2P
2025-01-01 02:32:59	90	SingleDown	DXC4B2P
2025-01-01 02:35:52	88	FortyFiveDown	DXC4B2P
2025-01-01 02:38:45	74	SingleDown	DXC4B2P
2025-01-01 02:41:38	87	SingleUp	DXC4B2P
2025-01-01 02:44:32	75	SingleDown	DXC4B2P
2025-01-01 02:47:25	88	SingleUp	DXC4B2P
2025-01-01 02:50:18	70	SingleDown	DXC4B2P
2025-01-01 02:53:11	83	SingleUp	DXC4B2P
2025-01-01 02:56:04	78	SingleDown	DXC4B2P
2025-01-01 02:58:58	79	Flat	DXC4B2P
2025-01-01 03:01:51	123	SingleUp	DXC4B2P
2025-01-01 03:04:44	119	SingleDown	DXC4B2P
2025-01-01 03:07:37	121	FortyFiveUp	DXC4B2P
2025-01-01 03:10:30	114	SingleDown	DXC4B2P
2025-01-01 03:13:24	124	SingleUp	DXC4B2P
2025-01-01 03:16:17	125	Flat	DXC4B2P
2025-01-01 03:19:10	105	SingleDown	DXC4B2P
2025-01-01 03:22:03	110	SingleUp	DXC4B2P
2025-01-01 03:24:56	99	SingleDown	DXC4B2P
2025-01-01 03:27:50	124	SingleUp	DXC4B2P
2025-01-01 03:30:43	103	SingleDown	DXC4B2P
2025-01-01 03:33:36	124	SingleUp	DXC4B2P
2025-01-01 03:36:29	115	SingleDown	DXC4B2P
2025-01-01 03:39:22	97	SingleDown	DXC4B2P
2025-01-01 03:42:16	97	Flat	DXC4B2P
2025-01-01 03:45:09	108	SingleUp	DXC4B2P
2025-01-01 03:48:02	103	SingleDown	DXC4B2P
2025-01-01 03:50:55	118	SingleUp	DXC4B2P
2025-01-01 03:53:48	111	SingleDown	DXC4B2P
2025-01-01 03:56:41	106	SingleDown	DXC4B2P
2025-01-01 03:59:35	98	SingleDown	DXC4B2P
2025-01-01 04:02:28	114	SingleUp	DXC4B2P
2025-01-01 04:05:21	104	SingleDown	DXC4B2P
2025-01-01 04:08:14	120	SingleUp	DXC4B2P
2025-01-01 04:11:07	119	Flat	DXC4B2P
2025-01-01 04:14:01	113	SingleDown	DXC4B2P
2025-01-01 04:16:54	117	SingleUp	DXC4B2P
2025-01-01 04:19:47	126	SingleUp	DXC4B2P
2025-01-01 04:22:40	102	SingleDown	DXC4B2P
2025-01-01 04:25:33	103	Flat	DXC4B2P
2025-01-01 04:28:27	118	SingleUp	DXC4B2P
2025-01-01 04:31:20	106	SingleDown	DXC4B2P
2025-01-01 04:34:13	119	SingleUp	DXC4B2P
2025-01-01 04:37:06	113	SingleDown	DXC4B2P
2025-01-01 04:39:59	104	SingleDown	DXC4B2P
2025-01-01 04:42:53	106	FortyFiveUp	DXC4B2P
2025-01-01 04:45:46	109	SingleUp	DXC4B2P
2025-01-01 04:48:39	122	SingleUp	DXC4B2P
2025-01-01 04:51:32	103	SingleDown	DXC4B2P
2025-01-01 04:54:25	105	FortyFiveUp	DXC4B2P
2025-01-01 04:57:19	119	SingleUp	DXC4B2P
2025-01-01 05:00:12	120	Flat	DXC4B2P
2025-01-01 05:03:05	123	SingleUp	DXC4B2P
2025-01-01 05:05:58	112	SingleDown	DXC4B2P
2025-01-01 05:08:51	112	Flat	DXC4B2P
2025-01-01 05:11:45	119	SingleUp	DXC4B2P
2025-01-01 05:14:38	120	Flat	DXC4B2P
2025-01-01 05:17:31	110	SingleDown	DXC4B2P
2025-01-01 05:20:24	111	Flat	DXC4B2P
2025-01-01 05:23:17	117	SingleUp	DXC4B2P
2025-01-01 05:26:11	127	SingleUp	DXC4B2P
2025-01-01 05:29:04	121	SingleDown	DXC4B2P
2025-01-01 05:31:57	112	SingleDown	DXC4B2P
2025-01-01 05:34:50	114	FortyFiveUp	DXC4B2P
2025-01-01 05:37:43	117	SingleUp	DXC4B2P
2025-01-01 05:40:37	127	SingleUp	DXC4B2P
2025-01-01 05:43:30	107	SingleDown	DXC4B2P
2025-01-01 05:46:23	121	SingleUp	DXC4B2P
2025-01-01 05:49:16	120	Flat	DXC4B2P
2025-01-01 05:52:09	133	SingleUp	DXC4B2P
2025-01-01 05:55:02	134	Flat	DXC4B2P
2025-01-01 05:57:56	121	SingleDown	DXC4B2P
2025-01-01 06:00:49	130	SingleUp	DXC4B2P
2025-01-01 06:03:42	137	SingleUp	DXC4B2P
2025-01-01 06:06:35	113	SingleDown	DXC4B2P
2025-01-01 06:09:28	120	SingleUp	DXC4B2P
2025-01-01 06:12:22	125	SingleUp	DXC4B2P
2025-01-01 06:15:15	135	SingleUp	DXC4B2P
2025-01-01 06:18:08	126	SingleDown	DXC4B2P
2025-01-01 06:21:01	132	SingleUp	DXC4B2P
2025-01-01 06:23:54	129	SingleDown	DXC4B2P
2025-01-01 06:26:48	129	Flat	DXC4B2P
2025-01-01 06:29:41	134	SingleUp	DXC4B2P
2025-01-01 06:32:34	138	SingleUp	DXC4B2P
2025-01-01 06:35:27	136	FortyFiveDown	DXC4B2P
2025-01-01 06:38:20	127	SingleDown	DXC4B2P
2025-01-01 06:41:14	123	SingleDown	DXC4B2P
2025-01-01 06:44:07	116	SingleDown	DXC4B2P
2025-01-01 06:47:00	126	SingleUp	DXC4B2P
2025-01-01 06:49:53	117	SingleDown	DXC4B2P
2025-01-01 06:52:46	120	SingleUp	DXC4B2P
2025-01-01 06:55:40	138	SingleUp	DXC4B2P
2025-01-01 06:58:33	113	SingleDown	DXC4B2P
2025-01-01 07:01:26	123	SingleUp	DXC4B2P
2025-01-01 07:04:19	115	SingleDown	DXC4B2P
2025-01-01 07:07:12	123	SingleUp	DXC4B2P
2025-01-01 07:10:06	123	Flat	DXC4B2P
2025-01-01 07:12:59	119	SingleDown	DXC4B2P
2025-01-01 07:15:52	142	SingleUp	DXC4B2P
2025-01-01 07:18:45	126	SingleDown	DXC4B2P
2025-01-01 07:21:38	139	SingleUp	DXC4B2P
2025-01-01 07:24:32	134	SingleDown	DXC4B2P
2025-01-01 07:27:25	117	SingleDown	DXC4B2P
2025-01-01 07:30:18	142	SingleUp	DXC4B2P
2025-01-01 07:33:11	136	SingleDown	DXC4B2P
2025-01-01 07:36:04	126	SingleDown	DXC4B2P
2025-01-01 07:38:58	144	SingleUp	DXC4B2P
2025-01-01 07:41:51	124	SingleDown	DXC4B2P
2025-01-01 07:44:44	128	SingleUp	DXC4B2P
2025-01-01 07:47:37	131	SingleUp	DXC4B2P
2025-01-01 07:50:30	126	SingleDown	DXC4B2P
2025-01-01 07:53:23	135	SingleUp	DXC4B2P
2025-01-01 07:56:17	131	SingleDown	DXC4B2P
2025-01-01 07:59:10	139	SingleUp	DXC4B2P
2025-01-01 08:02:03	106	SingleDown	DXC4B2P
2025-01-01 08:04:56	132	SingleUp	DXC4B2P
2025-01-01 08:07:49	115	SingleDown	DXC4B2P
2025-01-01 08:10:43	121	SingleUp	DXC4B2P
2025-01-01 08:13:36	129	SingleUp	DXC4B2P
2025-01-01 08:16:29	115	SingleDown	DXC4B2P
2025-01-01 08:19:22	114	Flat	DXC4B2P
2025-01-01 08:22:15	112	FortyFiveDown	DXC4B2P
2025-01-01 08:25:09	124	SingleUp	DXC4B2P
2025-01-01 08:28:02	115	SingleDown	DXC4B2P
2025-01-01 08:30:55	128	SingleUp	DXC4B2P
2025-01-01 08:33:48	117	SingleDown	DXC4B2P
2025-01-01 08:36:41	129	SingleUp	DXC4B2P
2025-01-01 08:39:35	114	SingleDown	DXC4B2P
2025-01-01 08:42:28	122	SingleUp	DXC4B2P
2025-01-01 08:45:21	125	SingleUp	DXC4B2P
2025-01-01 08:48:14	117	SingleDown	DXC4B2P
2025-01-01 08:51:07	129	SingleUp	DXC4B2P
2025-01-01 08:54:01	118	SingleDown	DXC4B2P
2025-01-01 08:56:54	107	SingleDown	DXC4B2P
2025-01-01 08:59:47	122	SingleUp	DXC4B2P
2025-01-01 09:02:40	138	SingleUp	DXC4B2P
2025-01-01 09:05:33	134	SingleDown	DXC4B2P
2025-01-01 09:08:27	139	SingleUp	DXC4B2P
2025-01-01 09:11:20	148	SingleUp	DXC4B2P
2025-01-01 09:14:13	137	SingleDown	DXC4B2P
2025-01-01 09:17:06	138	Flat	DXC4B2P
2025-01-01 09:19:59	149	SingleUp	DXC4B2P
2025-01-01 09:22:53	152	SingleUp	DXC4B2P
2025-01-01 09:25:46	152	Flat	DXC4B2P
2025-01-01 09:28:39	146	SingleDown	DXC4B2P
2025-01-01 09:31:32	153	SingleUp	DXC4B2P
2025-01-01 09:34:25	161	SingleUp	DXC4B2P
2025-01-01 09:37:19	155	SingleDown	DXC4B2P
2025-01-01 09:40:12	149	SingleDown	DXC4B2P
2025-01-01 09:43:05	153	SingleUp	DXC4B2P
2025-01-01 09:45:58	139	SingleDown	DXC4B2P
2025-01-01 09:48:51	159	SingleUp	DXC4B2P
2025-01-01 09:51:44	149	SingleDown	DXC4B2P
2025-01-01 09:54:38	142	SingleDown	DXC4B2P
2025-01-01 09:57:31	162	SingleUp	DXC4B2P
2025-01-01 10:00:24	149	SingleDown	DXC4B2P
2025-01-01 10:03:17	166	SingleUp	DXC4B2P
2025-01-01 10:06:10	159	SingleDown	DXC4B2P
2025-01-01 10:09:04	156	SingleDown	DXC4B2P
2025-01-01 10:11:57	164	SingleUp	DXC4B2P
2025-01-01 10:14:50	154	SingleDown	DXC4B2P
2025-01-01 10:17:43	168	SingleUp	DXC4B2P
2025-01-01 10:20:36	152	SingleDown	DXC4B2P
2025-01-01 10:23:30	155	SingleUp	DXC4B2P
2025-01-01 10:26:23	157	FortyFiveUp	DXC4B2P
2025-01-01 10:29:16	169	SingleUp	DXC4B2P
2025-01-01 10:32:09	159	SingleDown	DXC4B2P
2025-01-01 10:35:02	161	FortyFiveUp	DXC4B2P
2025-01-01 10:37:56	172	SingleUp	DXC4B2P
2025-01-01 10:40:49	155	SingleDown	DXC4B2P
2025-01-01 10:43:42	150	SingleDown	DXC4B2P
2025-01-01 10:46:35	155	SingleUp	DXC4B2P
2025-01-01 10:49:28	157	FortyFiveUp	DXC4B2P
2025-01-01 10:52:22	165	SingleUp	DXC4B2P
2025-01-01 10:55:15	164	Flat	DXC4B2P
2025-01-01 10:58:08	162	FortyFiveDown	DXC4B2P
2025-01-01 11:01:01	158	SingleDown	DXC4B2P
2025-01-01 11:03:54	163	SingleUp	DXC4B2P
2025-01-01 11:06:48	143	SingleDown	DXC4B2P
2025-01-01 11:09:41	139	SingleDown	DXC4B2P
2025-01-01 11:12:34	147	SingleUp	DXC4B2P
2025-01-01 11:15:27	158	SingleUp	DXC4B2P
2025-01-01 11:18:20	158	Flat	DXC4B2P
2025-01-01 11:21:14	149	SingleDown	DXC4B2P
2025-01-01 11:24:07	152	SingleUp	DXC4B2P
2025-01-01 11:27:00	138	SingleDown	DXC4B2P
2025-01-01 11:29:53	148	SingleUp	DXC4B2P
2025-01-01 11:32:46	154	SingleUp	DXC4B2P
2025-01-01 11:35:39	146	SingleDown	DXC4B2P
2025-01-01 11:38:33	146	Flat	DXC4B2P
2025-01-01 11:41:26	156	SingleUp	DXC4B2P
2025-01-01 11:44:19	135	SingleDown	DXC4B2P
2025-01-01 11:47:12	143	SingleUp	DXC4B2P
2025-01-01 11:50:05	138	SingleDown	DXC4B2P
2025-01-01 11:52:59	155	SingleUp	DXC4B2P
2025-01-01 11:55:52	134	SingleDown	DXC4B2P
2025-01-01 11:58:45	147	SingleUp	DXC4B2P
2025-01-01 12:01:38	126	SingleDown	DXC4B2P
2025-01-01 12:04:31	130	SingleUp	DXC4B2P
2025-01-01 12:07:25	144	SingleUp	DXC4B2P
2025-01-01 12:10:18	117	SingleDown	DXC4B2P
2025-01-01 12:13:11	124	SingleUp	DXC4B2P
2025-01-01 12:16:04	144	SingleUp	DXC4B2P
2025-01-01 12:18:57	134	SingleDown	DXC4B2P
2025-01-01 12:21:51	129	SingleDown	DXC4B2P
2025-01-01 12:24:44	117	SingleDown	DXC4B2P
2025-01-01 12:27:37	122	SingleUp	DXC4B2P
2025-01-01 12:30:30	142	SingleUp	DXC4B2P
2025-01-01 12:33:23	126	SingleDown	DXC4B2P
2025-01-01 12:36:17	116	SingleDown	DXC4B2P
2025-01-01 12:39:10	132	SingleUp	DXC4B2P
2025-01-01 12:42:03	133	Flat	DXC4B2P
2025-01-01 12:44:56	144	SingleUp	DXC4B2P
2025-01-01 12:47:49	116	SingleDown	DXC4B2P
2025-01-01 12:50:43	131	SingleUp	DXC4B2P
2025-01-01 12:53:36	139	SingleUp	DXC4B2P
2025-01-01 12:56:29	122	SingleDown	DXC4B2P
2025-01-01 12:59:22	127	SingleUp	DXC4B2P
2025-01-01 13:02:15	156	SingleUp	DXC4B2P
2025-01-01 13:05:09	150	SingleDown	DXC4B2P
2025-01-01 13:08:02	165	SingleUp	DXC4B2P
2025-01-01 13:10:55	150	SingleDown	DXC4B2P
2025-01-01 13:13:48	152	FortyFiveUp	DXC4B2P
2025-01-01 13:16:41	164	SingleUp	DXC4B2P
2025-01-01 13:19:35	167	SingleUp	DXC4B2P
2025-01-01 13:22:28	175	SingleUp	DXC4B2P
2025-01-01 13:25:21	175	Flat	DXC4B2P
2025-01-01 13:28:14	163	SingleDown	DXC4B2P
2025-01-01 13:31:07	161	FortyFiveDown	DXC4B2P
2025-01-01 13:34:00	164	SingleUp	DXC4B2P
2025-01-01 13:36:54	161	SingleDown	DXC4B2P
2025-01-01 13:39:47	151	SingleDown	DXC4B2P
2025-01-01 13:42:40	164	SingleUp	DXC4B2P
2025-01-01 13:45:33	160	SingleDown	DXC4B2P
2025-01-01 13:48:26	149	SingleDown	DXC4B2P
2025-01-01 13:51:20	152	SingleUp	DXC4B2P
2025-01-01 13:54:13	173	SingleUp	DXC4B2P
2025-01-01 13:57:06	169	SingleDown	DXC4B2P
2025-01-01 13:59:59	174	SingleUp	DXC4B2P
2025-01-01 14:02:52	152	SingleDown	DXC4B2P
2025-01-01 14:05:46	173	SingleUp	DXC4B2P
2025-01-01 14:08:39	169	SingleDown	DXC4B2P
2025-01-01 14:11:32	174	SingleUp	DXC4B2P
2025-01-01 14:14:25	173	Flat	DXC4B2P
2025-01-01 14:17:18	168	SingleDown	DXC4B2P
2025-01-01 14:20:12	156	SingleDown	DXC4B2P
2025-01-01 14:23:05	152	SingleDown	DXC4B2P
2025-01-01 14:25:58	154	FortyFiveUp	DXC4B2P
2025-01-01 14:28:51	170	SingleUp	DXC4B2P
2025-01-01 14:31:44	146	SingleDown	DXC4B2P
2025-01-01 14:34:38	149	SingleUp	DXC4B2P
2025-01-01 14:37:31	157	SingleUp	DXC4B2P
2025-01-01 14:40:24	148	SingleDown	DXC4B2P
2025-01-01 14:43:17	147	Flat	DXC4B2P
2025-01-01 14:46:10	149	FortyFiveUp	DXC4B2P
2025-01-01 14:49:04	154	SingleUp	DXC4B2P
2025-01-01 14:51:57	173	SingleUp	DXC4B2P
2025-01-01 14:54:50	167	SingleDown	DXC4B2P
2025-01-01 14:57:43	172	SingleUp	DXC4B2P
2025-01-01 15:00:36	125	SingleDown	DXC4B2P
2025-01-01 15:03:30	114	SingleDown	DXC4B2P
2025-01-01 15:06:23	107	SingleDown	DXC4B2P
2025-01-01 15:09:16	120	SingleUp	DXC4B2P
2025-01-01 15:12:09	120	Flat	DXC4B2P
2025-01-01 15:15:02	115	SingleDown	DXC4B2P
2025-01-01 15:17:56	122	SingleUp	DXC4B2P
2025-01-01 15:20:49	123	Flat	DXC4B2P
2025-01-01 15:23:42	122	Flat	DXC4B2P
2025-01-01 15:26:35	127	SingleUp	DXC4B2P
2025-01-01 15:29:28	117	SingleDown	DXC4B2P
2025-01-01 15:32:21	127	SingleUp	DXC4B2P
2025-01-01 15:35:15	113	SingleDown	DXC4B2P
2025-01-01 15:38:08	112	Flat	DXC4B2P
2025-01-01 15:41:01	108	SingleDown	DXC4B2P
2025-01-01 15:43:54	121	SingleUp	DXC4B2P
2025-01-01 15:46:47	112	SingleDown	DXC4B2P
2025-01-01 15:49:41	109	SingleDown	DXC4B2P
2025-01-01 15:52:34	105	SingleDown	DXC4B2P
2025-01-01 15:55:27	117	SingleUp	DXC4B2P
2025-01-01 15:58:20	105	SingleDown	DXC4B2P
2025-01-01 16:01:13	110	SingleUp	DXC4B2P
2025-01-01 16:04:07	115	SingleUp	DXC4B2P
2025-01-01 16:07:00	113	FortyFiveDown	DXC4B2P
2025-01-01 16:09:53	104	SingleDown	DXC4B2P
2025-01-01 16:12:46	125	SingleUp	DXC4B2P
2025-01-01 16:15:39	105	SingleDown	DXC4B2P
2025-01-01 16:18:33	108	SingleUp	DXC4B2P
2025-01-01 16:21:26	118	SingleUp	DXC4B2P
2025-01-01 16:24:19	115	SingleDown	DXC4B2P
2025-01-01 16:27:12	119	SingleUp	DXC4B2P
2025-01-01 16:30:05	101	SingleDown	DXC4B2P
2025-01-01 16:32:59	102	Flat	DXC4B2P
2025-01-01 16:35:52	117	SingleUp	DXC4B2P
2025-01-01 16:38:45	120	SingleUp	DXC4B2P
2025-01-01 16:41:38	125	SingleUp	DXC4B2P
2025-01-01 16:44:31	108	SingleDown	DXC4B2P
2025-01-01 16:47:25	124	SingleUp	DXC4B2P
2025-01-01 16:50:18	105	SingleDown	DXC4B2P
2025-01-01 16:53:11	124	SingleUp	DXC4B2P
2025-01-01 16:56:04	129	SingleUp	DXC4B2P
2025-01-01 16:58:57	104	SingleDown	DXC4B2P
2025-01-01 17:01:51	110	SingleUp	DXC4B2P
2025-01-01 17:04:44	100	SingleDown	DXC4B2P
2025-01-01 17:07:37	112	SingleUp	DXC4B2P
2025-01-01 17:10:30	109	SingleDown	DXC4B2P
2025-01-01 17:13:23	119	SingleUp	DXC4B2P
2025-01-01 17:16:17	108	SingleDown	DXC4B2P
2025-01-01 17:19:10	126	SingleUp	DXC4B2P
2025-01-01 17:22:03	125	Flat	DXC4B2P
2025-01-01 17:24:56	109	SingleDown	DXC4B2P
2025-01-01 17:27:49	110	Flat	DXC4B2P
2025-01-01 17:30:42	122	SingleUp	DXC4B2P
2025-01-01 17:33:36	126	SingleUp	DXC4B2P
2025-01-01 17:36:29	120	SingleDown	DXC4B2P
2025-01-01 17:39:22	127	SingleUp	DXC4B2P
2025-01-01 17:42:15	101	SingleDown	DXC4B2P
2025-01-01 17:45:08	106	SingleUp	DXC4B2P
2025-01-01 17:48:02	107	Flat	DXC4B2P
2025-01-01 17:50:55	101	SingleDown	DXC4B2P
2025-01-01 17:53:48	109	SingleUp	DXC4B2P
2025-01-01 17:56:41	105	SingleDown	DXC4B2P
2025-01-01 17:59:34	119	SingleUp	DXC4B2P
2025-01-01 18:02:28	108	SingleDown	DXC4B2P
2025-01-01 18:05:21	114	SingleUp	DXC4B2P
2025-01-01 18:08:14	129	SingleUp	DXC4B2P
2025-01-01 18:11:07	130	Flat	DXC4B2P
2025-01-01 18:14:00	103	SingleDown	DXC4B2P
2025-01-01 18:16:54	108	SingleUp	DXC4B2P
2025-01-01 18:19:47	119	SingleUp	DXC4B2P
2025-01-01 18:22:40	116	SingleDown	DXC4B2P
2025-01-01 18:25:33	110	SingleDown	DXC4B2P
2025-01-01 18:28:26	108	FortyFiveDown	DXC4B2P
2025-01-01 18:31:20	127	SingleUp	DXC4B2P
2025-01-01 18:34:13	108	SingleDown	DXC4B2P
2025-01-01 18:37:06	113	SingleUp	DXC4B2P
2025-01-01 18:39:59	111	FortyFiveDown	DXC4B2P
2025-01-01 18:42:52	124	SingleUp	DXC4B2P
2025-01-01 18:45:46	109	SingleDown	DXC4B2P
2025-01-01 18:48:39	117	SingleUp	DXC4B2P
2025-01-01 18:51:32	120	SingleUp	DXC4B2P
2025-01-01 18:54:25	111	SingleDown	DXC4B2P
2025-01-01 18:57:18	111	Flat	DXC4B2P
2025-01-01 19:00:12	117	SingleUp	DXC4B2P
2025-01-01 19:03:05	125	SingleUp	DXC4B2P
2025-01-01 19:05:58	126	Flat	DXC4B2P
2025-01-01 19:08:51	128	FortyFiveUp	DXC4B2P
2025-01-01 19:11:44	139	SingleUp	DXC4B2P
2025-01-01 19:14:38	121	SingleDown	DXC4B2P
2025-01-01 19:17:31	110	SingleDown	DXC4B2P
2025-01-01 19:20:24	133	SingleUp	DXC4B2P
2025-01-01 19:23:17	111	SingleDown	DXC4B2P
2025-01-01 19:26:10	115	SingleUp	DXC4B2P
2025-01-01 19:29:03	138	SingleUp	DXC4B2P
2025-01-01 19:31:57	126	SingleDown	DXC4B2P
2025-01-01 19:34:50	130	SingleUp	DXC4B2P
2025-01-01 19:37:43	114	SingleDown	DXC4B2P
2025-01-01 19:40:36	139	SingleUp	DXC4B2P
2025-01-01 19:43:29	139	Flat	DXC4B2P
2025-01-01 19:46:23	129	SingleDown	DXC4B2P
2025-01-01 19:49:16	137	SingleUp	DXC4B2P
2025-01-01 19:52:09	115	SingleDown	DXC4B2P
2025-01-01 19:55:02	135	SingleUp	DXC4B2P
2025-01-01 19:57:55	112	SingleDown	DXC4B2P
2025-01-01 20:00:49	163	SingleUp	DXC4B2P
2025-01-01 20:03:42	141	SingleDown	DXC4B2P
2025-01-01 20:06:35	146	SingleUp	DXC4B2P
2025-01-01 20:09:28	160	SingleUp	DXC4B2P
2025-01-01 20:12:21	162	FortyFiveUp	DXC4B2P
2025-01-01 20:15:15	137	SingleDown	DXC4B2P
2025-01-01 20:18:08	154	SingleUp	DXC4B2P
2025-01-01 20:21:01	158	SingleUp	DXC4B2P
2025-01-01 20:23:54	160	FortyFiveUp	DXC4B2P
2025-01-01 20:26:47	138	SingleDown	DXC4B2P
2025-01-01 20:29:41	162	SingleUp	DXC4B2P
2025-01-01 20:32:34	146	SingleDown	DXC4B2P
2025-01-01 20:35:27	154	SingleUp	DXC4B2P
2025-01-01 20:38:20	142	SingleDown	DXC4B2P
2025-01-01 20:41:13	156	SingleUp	DXC4B2P
2025-01-01 20:44:07	152	SingleDown	DXC4B2P
2025-01-01 20:47:00	150	FortyFiveDown	DXC4B2P
2025-01-01 20:49:53	140	SingleDown	DXC4B2P
2025-01-01 20:52:46	153	SingleUp	DXC4B2P
2025-01-01 20:55:39	140	SingleDown	DXC4B2P
2025-01-01 20:58:33	146	SingleUp	DXC4B2P
2025-01-01 21:01:26	140	SingleDown	DXC4B2P
2025-01-01 21:04:19	163	SingleUp	DXC4B2P
2025-01-01 21:07:12	159	SingleDown	DXC4B2P
2025-01-01 21:10:05	153	SingleDown	DXC4B2P
2025-01-01 21:12:58	146	SingleDown	DXC4B2P
2025-01-01 21:15:52	145	Flat	DXC4B2P
2025-01-01 21:18:45	140	SingleDown	DXC4B2P
2025-01-01 21:21:38	153	SingleUp	DXC4B2P
2025-01-01 21:24:31	164	SingleUp	DXC4B2P
2025-01-01 21:27:24	153	SingleDown	DXC4B2P
2025-01-01 21:30:18	150	SingleDown	DXC4B2P
2025-01-01 21:33:11	164	SingleUp	DXC4B2P
2025-01-01 21:36:04	144	SingleDown	DXC4B2P
2025-01-01 21:38:57	139	SingleDown	DXC4B2P
2025-01-01 21:41:50	165	SingleUp	DXC4B2P
2025-01-01 21:44:44	163	FortyFiveDown	DXC4B2P
2025-01-01 21:47:37	138	SingleDown	DXC4B2P
2025-01-01 21:50:30	163	SingleUp	DXC4B2P
2025-01-01 21:53:23	165	FortyFiveUp	DXC4B2P
2025-01-01 21:56:16	144	SingleDown	DXC4B2P
2025-01-01 21:59:10	152	SingleUp	DXC4B2P
2025-01-01 22:02:03	104	SingleDown	DXC4B2P
2025-01-01 22:04:56	97	SingleDown	DXC4B2P
2025-01-01 22:07:49	98	Flat	DXC4B2P
2025-01-01 22:10:42	91	SingleDown	DXC4B2P
2025-01-01 22:13:36	99	SingleUp	DXC4B2P
2025-01-01 22:16:29	107	SingleUp	DXC4B2P
2025-01-01 22:19:22	105	FortyFiveDown	DXC4B2P
2025-01-01 22:22:15	96	SingleDown	DXC4B2P
2025-01-01 22:25:08	97	Flat	DXC4B2P
2025-01-01 22:28:02	95	FortyFiveDown	DXC4B2P
2025-01-01 22:30:55	106	SingleUp	DXC4B2P
2025-01-01 22:33:48	96	SingleDown	DXC4B2P
2025-01-01 22:36:41	88	SingleDown	DXC4B2P
2025-01-01 22:39:34	96	SingleUp	DXC4B2P
2025-01-01 22:42:28	88	SingleDown	DXC4B2P
2025-01-01 22:45:21	86	FortyFiveDown	DXC4B2P
2025-01-01 22:48:14	101	SingleUp	DXC4B2P
2025-01-01 22:51:07	111	SingleUp	DXC4B2P
2025-01-01 22:54:00	111	Flat	DXC4B2P
2025-01-01 22:56:54	100	SingleDown	DXC4B2P
2025-01-01 22:59:47	87	SingleDown	DXC4B2P
2025-01-01 23:02:40	109	SingleUp	DXC4B2P
2025-01-01 23:05:33	107	FortyFiveDown	DXC4B2P
2025-01-01 23:08:26	109	FortyFiveUp	DXC4B2P
2025-01-01 23:11:19	105	SingleDown	DXC4B2P
2025-01-01 23:14:13	96	SingleDown	DXC4B2P
2025-01-01 23:17:06	87	SingleDown	DXC4B2P
2025-01-01 23:19:59	91	SingleUp	DXC4B2P
2025-01-01 23:22:52	104	SingleUp	DXC4B2P
2025-01-01 23:25:45	91	SingleDown	DXC4B2P
2025-01-01 23:28:39	89	FortyFiveDown	DXC4B2P
2025-01-01 23:31:32	85	SingleDown	DXC4B2P
2025-01-01 23:34:25	94	SingleUp	DXC4B2P
2025-01-01 23:37:18	89	SingleDown	DXC4B2P
2025-01-01 23:40:11	100	SingleUp	DXC4B2P
2025-01-01 23:43:05	93	SingleDown	DXC4B2P
2025-01-01 23:45:58	109	SingleUp	DXC4B2P
2025-01-01 23:48:51	91	SingleDown	DXC4B2P
2025-01-01 23:51:44	103	SingleUp	DXC4B2P
2025-01-01 23:54:37	90	SingleDown	DXC4B2P
2025-01-01 23:57:31	99	SingleUp	DXC4B2P
2025-01-02 00:00:24	83	SingleDown	DXC4B2P
2025-01-02 00:03:17	77	SingleDown	DXC4B2P
2025-01-02 00:06:10	81	SingleUp	DXC4B2P
2025-01-02 00:09:03	86	SingleUp	DXC4B2P
2025-01-02 00:11:57	91	SingleUp	DXC4B2P
2025-01-02 00:14:50	95	SingleUp	DXC4B2P
2025-01-02 00:17:43	105	SingleUp	DXC4B2P
2025-01-02 00:20:36	92	SingleDown	DXC4B2P
2025-01-02 00:23:29	88	SingleDown	DXC4B2P
2025-01-02 00:26:23	84	SingleDown	DXC4B2P
2025-01-02 00:29:16	104	SingleUp	DXC4B2P
2025-01-02 00:32:09	93	SingleDown	DXC4B2P
2025-01-02 00:35:02	75	SingleDown	DXC4B2P
2025-01-02 00:37:55	89	SingleUp	DXC4B2P
2025-01-02 00:40:49	82	SingleDown	DXC4B2P
2025-01-02 00:43:42	92	SingleUp	DXC4B2P
2025-01-02 00:46:35	93	Flat	DXC4B2P
2025-01-02 00:49:28	93	Flat	DXC4B2P
2025-01-02 00:52:21	95	FortyFiveUp	DXC4B2P
2025-01-02 00:55:15	78	SingleDown	DXC4B2P
2025-01-02 00:58:08	81	SingleUp	DXC4B2P
2025-01-02 01:01:01	88	SingleUp	DXC4B2P
2025-01-02 01:03:54	95	SingleUp	DXC4B2P
2025-01-02 01:06:47	93	FortyFiveDown	DXC4B2P
2025-01-02 01:09:40	92	Flat	DXC4B2P
2025-01-02 01:12:34	97	SingleUp	DXC4B2P
2025-01-02 01:15:27	89	SingleDown	DXC4B2P
2025-01-02 01:18:20	81	SingleDown	DXC4B2P
2025-01-02 01:21:13	73	SingleDown	DXC4B2P
2025-01-02 01:24:06	71	FortyFiveDown	DXC4B2P
2025-01-02 01:27:00	73	FortyFiveUp	DXC4B2P
2025-01-02 01:29:53	77	SingleUp	DXC4B2P
2025-01-02 01:32:46	88	SingleUp	DXC4B2P
2025-01-02 01:35:39	77	SingleDown	DXC4B2P
2025-01-02 01:38:32	96	SingleUp	DXC4B2P
2025-01-02 01:41:26	91	SingleDown	DXC4B2P
2025-01-02 01:44:19	81	SingleDown	DXC4B2P
2025-01-02 01:47:12	78	SingleDown	DXC4B2P
2025-01-02 01:50:05	81	SingleUp	DXC4B2P
2025-01-02 01:52:58	87	SingleUp	DXC4B2P
2025-01-02 01:55:52	98	SingleUp	DXC4B2P
2025-01-02 01:58:45	98	Flat	DXC4B2P
2025-01-02 02:01:38	83	SingleDown	DXC4B2P
2025-01-02 02:04:31	75	SingleDown	DXC4B2P
2025-01-02 02:07:24	91	SingleUp	DXC4B2P
2025-01-02 02:10:18	78	SingleDown	DXC4B2P
2025-01-02 02:13:11	81	SingleUp	DXC4B2P
2025-01-02 02:16:04	83	FortyFiveUp	DXC4B2P
2025-01-02 02:18:57	94	SingleUp	DXC4B2P
2025-01-02 02:21:50	84	SingleDown	DXC4B2P
2025-01-02 02:24:44	81	SingleDown	DXC4B2P
2025-01-02 02:27:37	80	Flat	DXC4B2P
2025-01-02 02:30:30	90	SingleUp	DXC4B2P
2025-01-02 02:33:23	73	SingleDown	DXC4B2P
2025-01-02 02:36:16	80	SingleUp	DXC4B2P
2025-01-02 02:39:10	89	SingleUp	DXC4B2P
2025-01-02 02:42:03	73	SingleDown	DXC4B2P
2025-01-02 02:44:56	80	SingleUp	DXC4B2P
2025-01-02 02:47:49	70	SingleDown	DXC4B2P
2025-01-02 02:50:42	93	SingleUp	DXC4B2P
2025-01-02 02:53:36	81	SingleDown	DXC4B2P
2025-01-02 02:56:29	92	SingleUp	DXC4B2P
2025-01-02 02:59:22	87	SingleDown	DXC4B2P
2025-01-02 03:02:15	119	SingleUp	DXC4B2P
2025-01-02 03:05:08	107	SingleDown	DXC4B2P
2025-01-02 03:08:01	102	SingleDown	DXC4B2P
2025-01-02 03:10:55	115	SingleUp	DXC4B2P
2025-01-02 03:13:48	116	Flat	DXC4B2P
2025-01-02 03:16:41	111	SingleDown	DXC4B2P
2025-01-02 03:19:34	122	SingleUp	DXC4B2P
2025-01-02 03:22:27	97	SingleDown	DXC4B2P
2025-01-02 03:25:21	96	Flat	DXC4B2P
2025-01-02 03:28:14	112	SingleUp	DXC4B2P
2025-01-02 03:31:07	107	SingleDown	DXC4B2P
2025-01-02 03:34:00	99	SingleDown	DXC4B2P
2025-01-02 03:36:53	97	FortyFiveDown	DXC4B2P
2025-01-02 03:39:47	106	SingleUp	DXC4B2P
2025-01-02 03:42:40	102	SingleDown	DXC4B2P
2025-01-02 03:45:33	100	FortyFiveDown	DXC4B2P
2025-01-02 03:48:26	113	SingleUp	DXC4B2P
2025-01-02 03:51:19	124	SingleUp	DXC4B2P
2025-01-02 03:54:13	123	Flat	DXC4B2P
2025-01-02 03:57:06	110	SingleDown	DXC4B2P
2025-01-02 03:59:59	103	SingleDown	DXC4B2P
2025-01-02 04:02:52	120	SingleUp	DXC4B2P
2025-01-02 04:05:45	107	SingleDown	DXC4B2P
2025-01-02 04:08:39	125	SingleUp	DXC4B2P
2025-01-02 04:11:32	106	SingleDown	DXC4B2P
2025-01-02 04:14:25	111	SingleUp	DXC4B2P
2025-01-02 04:17:18	127	SingleUp	DXC4B2P
2025-01-02 04:20:11	112	SingleDown	DXC4B2P
2025-01-02 04:23:05	117	SingleUp	DXC4B2P
2025-01-02 04:25:58	107	SingleDown	DXC4B2P
2025-01-02 04:28:51	113	SingleUp	DXC4B2P
2025-01-02 04:31:44	115	FortyFiveUp	DXC4B2P
2025-01-02 04:34:37	100	SingleDown	DXC4B2P
2025-01-02 04:37:31	122	SingleUp	DXC4B2P
2025-01-02 04:40:24	120	FortyFiveDown	DXC4B2P
2025-01-02 04:43:17	109	SingleDown	DXC4B2P
2025-01-02 04:46:10	109	Flat	DXC4B2P
2025-01-02 04:49:03	111	FortyFiveUp	DXC4B2P
2025-01-02 04:51:57	120	SingleUp	DXC4B2P
2025-01-02 04:54:50	124	SingleUp	DXC4B2P
2025-01-02 04:57:43	124	Flat	DXC4B2P
2025-01-02 05:00:36	124	Flat	DXC4B2P
2025-01-02 05:03:29	118	SingleDown	DXC4B2P
2025-01-02 05:06:22	122	SingleUp	DXC4B2P
2025-01-02 05:09:16	124	FortyFiveUp	DXC4B2P
2025-01-02 05:12:09	126	FortyFiveUp	DXC4B2P
2025-01-02 05:15:02	107	SingleDown	DXC4B2P
2025-01-02 05:17:55	108	Flat	DXC4B2P
2025-01-02 05:20:48	130	SingleUp	DXC4B2P
2025-01-02 05:23:42	110	SingleDown	DXC4B2P
2025-01-02 05:26:35	109	Flat	DXC4B2P
2025-01-02 05:29:28	109	Flat	DXC4B2P
2025-01-02 05:32:21	134	SingleUp	DXC4B2P
2025-01-02 05:35:14	116	SingleDown	DXC4B2P
2025-01-02 05:38:08	118	FortyFiveUp	DXC4B2P
2025-01-02 05:41:01	124	SingleUp	DXC4B2P
2025-01-02 05:43:54	115	SingleDown	DXC4B2P
2025-01-02 05:46:47	116	Flat	DXC4B2P
2025-01-02 05:49:40	119	SingleUp	DXC4B2P
2025-01-02 05:52:34	119	Flat	DXC4B2P
2025-01-02 05:55:27	126	SingleUp	DXC4B2P
2025-01-02 05:58:20	105	SingleDown	DXC4B2P
2025-01-02 06:01:13	131	SingleUp	DXC4B2P
2025-01-02 06:04:06	129	FortyFiveDown	DXC4B2P
2025-01-02 06:07:00	137	SingleUp	DXC4B2P
2025-01-02 06:09:53	137	Flat	DXC4B2P
2025-01-02 06:12:46	134	SingleDown	DXC4B2P
2025-01-02 06:15:39	127	SingleDown	DXC4B2P
2025-01-02 06:18:32	137	SingleUp	DXC4B2P
2025-01-02 06:21:26	122	SingleDown	DXC4B2P
2025-01-02 06:24:19	131	SingleUp	DXC4B2P
2025-01-02 06:27:12	133	FortyFiveUp	DXC4B2P
2025-01-02 06:30:05	129	SingleDown	DXC4B2P
2025-01-02 06:32:58	136	SingleUp	DXC4B2P
2025-01-02 06:35:52	137	Flat	DXC4B2P
2025-01-02 06:38:45	113	SingleDown	DXC4B2P
2025-01-02 06:41:38	134	SingleUp	DXC4B2P
2025-01-02 06:44:31	128	SingleDown	DXC4B2P
2025-01-02 06:47:24	123	SingleDown	DXC4B2P
2025-01-02 06:50:17	119	SingleDown	DXC4B2P
2025-01-02 06:53:11	120	Flat	DXC4B2P
2025-01-02 06:56:04	115	SingleDown	DXC4B2P
2025-01-02 06:58:57	119	SingleUp	DXC4B2P
2025-01-02 07:01:50	125	SingleUp	DXC4B2P
2025-01-02 07:04:43	130	SingleUp	DXC4B2P
2025-01-02 07:07:37	116	SingleDown	DXC4B2P
2025-01-02 07:10:30	128	SingleUp	DXC4B2P
2025-01-02 07:13:23	131	SingleUp	DXC4B2P
2025-01-02 07:16:16	136	SingleUp	DXC4B2P
2025-01-02 07:19:09	129	SingleDown	DXC4B2P
2025-01-02 07:22:03	117	SingleDown	DXC4B2P
2025-01-02 07:24:56	116	Flat	DXC4B2P
2025-01-02 07:27:49	143	SingleUp	DXC4B2P
2025-01-02 07:30:42	126	SingleDown	DXC4B2P
2025-01-02 07:33:35	124	FortyFiveDown	DXC4B2P
2025-01-02 07:36:29	129	SingleUp	DXC4B2P
2025-01-02 07:39:22	141	SingleUp	DXC4B2P
2025-01-02 07:42:15	119	SingleDown	DXC4B2P
2025-01-02 07:45:08	129	SingleUp	DXC4B2P
2025-01-02 07:48:01	129	Flat	DXC4B2P
2025-01-02 07:50:55	144	SingleUp	DXC4B2P
2025-01-02 07:53:48	124	SingleDown	DXC4B2P
2025-01-02 07:56:41	134	SingleUp	DXC4B2P
2025-01-02 07:59:34	132	FortyFiveDown	DXC4B2P
2025-01-02 08:02:27	117	SingleDown	DXC4B2P
2025-01-02 08:05:21	133	SingleUp	DXC4B2P
2025-01-02 08:08:14	109	SingleDown	DXC4B2P
2025-01-02 08:11:07	126	SingleUp	DXC4B2P
2025-01-02 08:14:00	128	FortyFiveUp	DXC4B2P
2025-01-02 08:16:53	127	Flat	DXC4B2P
2025-01-02 08:19:47	111	SingleDown	DXC4B2P
2025-01-02 08:22:40	111	Flat	DXC4B2P
2025-01-02 08:25:33	117	SingleUp	DXC4B2P
2025-01-02 08:28:26	121	SingleUp	DXC4B2P
2025-01-02 08:31:19	132	SingleUp	DXC4B2P
2025-01-02 08:34:13	124	SingleDown	DXC4B2P
2025-01-02 08:37:06	117	SingleDown	DXC4B2P
2025-01-02 08:39:59	131	SingleUp	DXC4B2P
2025-01-02 08:42:52	112	SingleDown	DXC4B2P
2025-01-02 08:45:45	128	SingleUp	DXC4B2P
2025-01-02 08:48:38	129	Flat	DXC4B2P
2025-01-02 08:51:32	127	FortyFiveDown	DXC4B2P
2025-01-02 08:54:25	130	SingleUp	DXC4B2P
2025-01-02 08:57:18	128	FortyFiveDown	DXC4B2P
2025-01-02 09:00:11	145	SingleUp	DXC4B2P
2025-01-02 09:03:04	155	SingleUp	DXC4B2P
2025-01-02 09:05:58	155	Flat	DXC4B2P
2025-01-02 09:08:51	145	SingleDown	DXC4B2P
2025-01-02 09:11:44	162	SingleUp	DXC4B2P
2025-01-02 09:14:37	146	SingleDown	DXC4B2P
2025-01-02 09:17:30	153	SingleUp	DXC4B2P
2025-01-02 09:20:24	161	SingleUp	DXC4B2P
2025-01-02 09:23:17	162	Flat	DXC4B2P
2025-01-02 09:26:10	155	SingleDown	DXC4B2P
2025-01-02 09:29:03	140	SingleDown	DXC4B2P
2025-01-02 09:31:56	143	SingleUp	DXC4B2P
2025-01-02 09:34:50	158	SingleUp	DXC4B2P
2025-01-02 09:37:43	140	SingleDown	DXC4B2P
2025-01-02 09:40:36	146	SingleUp	DXC4B2P
2025-01-02 09:43:29	160	SingleUp	DXC4B2P
2025-01-02 09:46:22	157	SingleDown	DXC4B2P
2025-01-02 09:49:16	151	SingleDown	DXC4B2P
2025-01-02 09:52:09	162	SingleUp	DXC4B2P
2025-01-02 09:55:02	160	FortyFiveDown	DXC4B2P
2025-01-02 09:57:55	137	SingleDown	DXC4B2P
2025-01-02 10:00:48	148	SingleUp	DXC4B2P
2025-01-02 10:03:42	169	SingleUp	DXC4B2P
2025-01-02 10:06:35	159	SingleDown	DXC4B2P
2025-01-02 10:09:28	149	SingleDown	DXC4B2P
2025-01-02 10:12:21	173	SingleUp	DXC4B2P
2025-01-02 10:15:14	171	FortyFiveDown	DXC4B2P
2025-01-02 10:18:08	172	Flat	DXC4B2P
2025-01-02 10:21:01	168	SingleDown	DXC4B2P
2025-01-02 10:23:54	162	SingleDown	DXC4B2P
2025-01-02 10:26:47	158	SingleDown	DXC4B2P
2025-01-02 10:29:40	155	SingleDown	DXC4B2P
2025-01-02 10:32:34	159	SingleUp	DXC4B2P
2025-01-02 10:35:27	149	SingleDown	DXC4B2P
2025-01-02 10:38:20	157	SingleUp	DXC4B2P
2025-01-02 10:41:13	163	SingleUp	DXC4B2P
2025-01-02 10:44:06	161	FortyFiveDown	DXC4B2P
2025-01-02 10:46:59	164	SingleUp	DXC4B2P
2025-01-02 10:49:53	156	SingleDown	DXC4B2P
2025-01-02 10:52:46	154	FortyFiveDown	DXC4B2P
2025-01-02 10:55:39	157	SingleUp	DXC4B2P
2025-01-02 10:58:32	175	SingleUp	DXC4B2P
2025-01-02 11:01:25	137	SingleDown	DXC4B2P
2025-01-02 11:04:19	136	Flat	DXC4B2P
2025-01-02 11:07:12	137	Flat	DXC4B2P
2025-01-02 11:10:05	140	SingleUp	DXC4B2P
2025-01-02 11:12:58	159	SingleUp	DXC4B2P
2025-01-02 11:15:51	155	SingleDown	DXC4B2P
2025-01-02 11:18:45	162	SingleUp	DXC4B2P
2025-01-02 11:21:38	153	SingleDown	DXC4B2P
2025-01-02 11:24:31	158	SingleUp	DXC4B2P
2025-01-02 11:27:24	153	SingleDown	DXC4B2P
2025-01-02 11:30:17	160	SingleUp	DXC4B2P
2025-01-02 11:33:11	134	SingleDown	DXC4B2P
2025-01-02 11:36:04	144	SingleUp	DXC4B2P
2025-01-02 11:38:57	137	SingleDown	DXC4B2P
2025-01-02 11:41:50	159	SingleUp	DXC4B2P
2025-01-02 11:44:43	145	SingleDown	DXC4B2P
2025-01-02 11:47:37	145	Flat	DXC4B2P
2025-01-02 11:50:30	163	SingleUp	DXC4B2P
2025-01-02 11:53:23	163	Flat	DXC4B2P
2025-01-02 11:56:16	158	SingleDown	DXC4B2P
2025-01-02 11:59:09	162	SingleUp	DXC4B2P
2025-01-02 12:02:03	118	SingleDown	DXC4B2P
2025-01-02 12:04:56	144	SingleUp	DXC4B2P
2025-01-02 12:07:49	118	SingleDown	DXC4B2P
2025-01-02 12:10:42	131	SingleUp	DXC4B2P
2025-01-02 12:13:35	143	SingleUp	DXC4B2P
2025-01-02 12:16:29	132	SingleDown	DXC4B2P
2025-01-02 12:19:22	116	SingleDown	DXC4B2P
2025-01-02 12:22:15	125	SingleUp	DXC4B2P
2025-01-02 12:25:08	143	SingleUp	DXC4B2P
2025-01-02 12:28:01	140	SingleDown	DXC4B2P
2025-01-02 12:30:55	139	Flat	DXC4B2P
2025-01-02 12:33:48	118	SingleDown	DXC4B2P
2025-01-02 12:36:41	141	SingleUp	DXC4B2P
2025-01-02 12:39:34	142	Flat	DXC4B2P
2025-01-02 12:42:27	143	Flat	DXC4B2P
2025-01-02 12:45:20	121	SingleDown	DXC4B2P
2025-01-02 12:48:14	121	Flat	DXC4B2P
2025-01-02 12:51:07	143	SingleUp	DXC4B2P
2025-01-02 12:54:00	143	Flat	DXC4B2P
2025-01-02 12:56:53	118	SingleDown	DXC4B2P
2025-01-02 12:59:46	144	SingleUp	DXC4B2P
2025-01-02 13:02:40	170	SingleUp	DXC4B2P
2025-01-02 13:05:33	147	SingleDown	DXC4B2P
2025-01-02 13:08:26	158	SingleUp	DXC4B2P
2025-01-02 13:11:19	163	SingleUp	DXC4B2P
2025-01-02 13:14:12	162	Flat	DXC4B2P
2025-01-02 13:17:06	150	SingleDown	DXC4B2P
2025-01-02 13:19:59	164	SingleUp	DXC4B2P
2025-01-02 13:22:52	168	SingleUp	DXC4B2P
2025-01-02 13:25:45	163	SingleDown	DXC4B2P
2025-01-02 13:28:38	175	SingleUp	DXC4B2P
2025-01-02 13:31:32	159	SingleDown	DXC4B2P
2025-01-02 13:34:25	151	SingleDown	DXC4B2P
2025-01-02 13:37:18	168	SingleUp	DXC4B2P
2025-01-02 13:40:11	149	SingleDown	DXC4B2P
2025-01-02 13:43:04	161	SingleUp	DXC4B2P
2025-01-02 13:45:58	154	SingleDown	DXC4B2P
2025-01-02 13:48:51	154	Flat	DXC4B2P
2025-01-02 13:51:44	163	SingleUp	DXC4B2P
2025-01-02 13:54:37	163	Flat	DXC4B2P
2025-01-02 13:57:30	149	SingleDown	DXC4B2P
2025-01-02 14:00:24	166	SingleUp	DXC4B2P
2025-01-02 14:03:17	174	SingleUp	DXC4B2P
2025-01-02 14:06:10	151	SingleDown	DXC4B2P
2025-01-02 14:09:03	160	SingleUp	DXC4B2P
2025-01-02 14:11:56	162	FortyFiveUp	DXC4B2P
2025-01-02 14:14:50	146	SingleDown	DXC4B2P
2025-01-02 14:17:43	154	SingleUp	DXC4B2P
2025-01-02 14:20:36	166	SingleUp	DXC4B2P
2025-01-02 14:23:29	160	SingleDown	DXC4B2P
2025-01-02 14:26:22	175	SingleUp	DXC4B2P
2025-01-02 14:29:16	159	SingleDown	DXC4B2P
2025-01-02 14:32:09	172	SingleUp	DXC4B2P
2025-01-02 14:35:02	164	SingleDown	DXC4B2P
2025-01-02 14:37:55	155	SingleDown	DXC4B2P
2025-01-02 14:40:48	171	SingleUp	DXC4B2P
2025-01-02 14:43:41	163	SingleDown	DXC4B2P
2025-01-02 14:46:35	159	SingleDown	DXC4B2P
2025-01-02 14:49:28	168	SingleUp	DXC4B2P
2025-01-02 14:52:21	173	SingleUp	DXC4B2P
2025-01-02 14:55:14	174	Flat	DXC4B2P
2025-01-02 14:58:07	169	SingleDown	DXC4B2P
2025-01-02 15:01:01	116	SingleDown	DXC4B2P
2025-01-02 15:03:54	117	Flat	DXC4B2P
2025-01-02 15:06:47	122	SingleUp	DXC4B2P
2025-01-02 15:09:40	109	SingleDown	DXC4B2P
2025-01-02 15:12:33	107	FortyFiveDown	DXC4B2P
2025-01-02 15:15:27	122	SingleUp	DXC4B2P
2025-01-02 15:18:20	101	SingleDown	DXC4B2P
2025-01-02 15:21:13	129	SingleUp	DXC4B2P
2025-01-02 15:24:06	104	SingleDown	DXC4B2P
2025-01-02 15:26:59	111	SingleUp	DXC4B2P
2025-01-02 15:29:53	122	SingleUp	DXC4B2P
2025-01-02 15:32:46	122	Flat	DXC4B2P
2025-01-02 15:35:39	113	SingleDown	DXC4B2P
2025-01-02 15:38:32	126	SingleUp	DXC4B2P
2025-01-02 15:41:25	101	SingleDown	DXC4B2P
2025-01-02 15:44:19	116	SingleUp	DXC4B2P
2025-01-02 15:47:12	120	SingleUp	DXC4B2P
2025-01-02 15:50:05	104	SingleDown	DXC4B2P
2025-01-02 15:52:58	107	SingleUp	DXC4B2P
2025-01-02 15:55:51	120	SingleUp	DXC4B2P
2025-01-02 15:58:45	121	Flat	DXC4B2P
2025-01-02 16:01:38	115	SingleDown	DXC4B2P
2025-01-02 16:04:31	110	SingleDown	DXC4B2P
2025-01-02 16:07:24	116	SingleUp	DXC4B2P
2025-01-02 16:10:17	115	Flat	DXC4B2P
2025-01-02 16:13:11	118	SingleUp	DXC4B2P
2025-01-02 16:16:04	126	SingleUp	DXC4B2P
2025-01-02 16:18:57	111	SingleDown	DXC4B2P
2025-01-02 16:21:50	124	SingleUp	DXC4B2P
2025-01-02 16:24:43	125	Flat	DXC4B2P
2025-01-02 16:27:36	113	SingleDown	DXC4B2P
2025-01-02 16:30:30	122	SingleUp	DXC4B2P
2025-01-02 16:33:23	117	SingleDown	DXC4B2P
2025-01-02 16:36:16	113	SingleDown	DXC4B2P
2025-01-02 16:39:09	116	SingleUp	DXC4B2P
2025-01-02 16:42:02	108	SingleDown	DXC4B2P
2025-01-02 16:44:56	102	SingleDown	DXC4B2P
2025-01-02 16:47:49	106	SingleUp	DXC4B2P
2025-01-02 16:50:42	130	SingleUp	DXC4B2P
2025-01-02 16:53:35	113	SingleDown	DXC4B2P
2025-01-02 16:56:28	126	SingleUp	DXC4B2P
2025-01-02 16:59:22	115	SingleDown	DXC4B2P
2025-01-02 17:02:15	120	SingleUp	DXC4B2P
2025-01-02 17:05:08	122	FortyFiveUp	DXC4B2P
2025-01-02 17:08:01	101	SingleDown	DXC4B2P
2025-01-02 17:10:54	109	SingleUp	DXC4B2P
2025-01-02 17:13:48	104	SingleDown	DXC4B2P
2025-01-02 17:16:41	102	FortyFiveDown	DXC4B2P
2025-01-02 17:19:34	103	Flat	DXC4B2P
2025-01-02 17:22:27	127	SingleUp	DXC4B2P
2025-01-02 17:25:20	124	SingleDown	DXC4B2P
2025-01-02 17:28:14	130	SingleUp	DXC4B2P
2025-01-02 17:31:07	118	SingleDown	DXC4B2P
2025-01-02 17:34:00	128	SingleUp	DXC4B2P
2025-01-02 17:36:53	110	SingleDown	DXC4B2P
2025-01-02 17:39:46	115	SingleUp	DXC4B2P
2025-01-02 17:42:40	102	SingleDown	DXC4B2P
2025-01-02 17:45:33	102	Flat	DXC4B2P
2025-01-02 17:48:26	120	SingleUp	DXC4B2P
2025-01-02 17:51:19	118	FortyFiveDown	DXC4B2P
2025-01-02 17:54:12	124	SingleUp	DXC4B2P
2025-01-02 17:57:06	127	SingleUp	DXC4B2P
2025-01-02 17:59:59	106	SingleDown	DXC4B2P
2025-01-02 18:02:52	123	SingleUp	DXC4B2P
2025-01-02 18:05:45	104	SingleDown	DXC4B2P
2025-01-02 18:08:38	104	Flat	DXC4B2P
2025-01-02 18:11:32	127	SingleUp	DXC4B2P
2025-01-02 18:14:25	127	Flat	DXC4B2P
2025-01-02 18:17:18	123	SingleDown	DXC4B2P
2025-01-02 18:20:11	123	Flat	DXC4B2P
2025-01-02 18:23:04	109	SingleDown	DXC4B2P
2025-01-02 18:25:57	125	SingleUp	DXC4B2P
2025-01-02 18:28:51	126	Flat	DXC4B2P
2025-01-02 18:31:44	101	SingleDown	DXC4B2P
2025-01-02 18:34:37	122	SingleUp	DXC4B2P
2025-01-02 18:37:30	112	SingleDown	DXC4B2P
2025-01-02 18:40:23	128	SingleUp	DXC4B2P
2025-01-02 18:43:17	105	SingleDown	DXC4B2P
2025-01-02 18:46:10	128	SingleUp	DXC4B2P
2025-01-02 18:49:03	112	SingleDown	DXC4B2P
2025-01-02 18:51:56	106	SingleDown	DXC4B2P
2025-01-02 18:54:49	127	SingleUp	DXC4B2P
2025-01-02 18:57:43	100	SingleDown	DXC4B2P
2025-01-02 19:00:36	131	SingleUp	DXC4B2P
2025-01-02 19:03:29	131	Flat	DXC4B2P
2025-01-02 19:06:22	116	SingleDown	DXC4B2P
2025-01-02 19:09:15	117	Flat	DXC4B2P
2025-01-02 19:12:09	138	SingleUp	DXC4B2P
2025-01-02 19:15:02	123	SingleDown	DXC4B2P
2025-01-02 19:17:55	119	SingleDown	DXC4B2P
2025-01-02 19:20:48	122	SingleUp	DXC4B2P
2025-01-02 19:23:41	133	SingleUp	DXC4B2P
2025-01-02 19:26:35	119	SingleDown	DXC4B2P
2025-01-02 19:29:28	123	SingleUp	DXC4B2P
2025-01-02 19:32:21	122	Flat	DXC4B2P
2025-01-02 19:35:14	138	SingleUp	DXC4B2P
2025-01-02 19:38:07	137	Flat	DXC4B2P
2025-01-02 19:41:01	113	SingleDown	DXC4B2P
2025-01-02 19:43:54	126	SingleUp	DXC4B2P
2025-01-02 19:46:47	111	SingleDown	DXC4B2P
2025-01-02 19:49:40	127	SingleUp	DXC4B2P
2025-01-02 19:52:33	119	SingleDown	DXC4B2P
2025-01-02 19:55:27	131	SingleUp	DXC4B2P
2025-01-02 19:58:20	111	SingleDown	DXC4B2P
2025-01-02 20:01:13	163	SingleUp	DXC4B2P
2025-01-02 20:04:06	161	FortyFiveDown	DXC4B2P
2025-01-02 20:06:59	144	SingleDown	DXC4B2P
2025-01-02 20:09:53	137	SingleDown	DXC4B2P
2025-01-02 20:12:46	164	SingleUp	DXC4B2P
2025-01-02 20:15:39	138	SingleDown	DXC4B2P
2025-01-02 20:18:32	136	FortyFiveDown	DXC4B2P
2025-01-02 20:21:25	149	SingleUp	DXC4B2P
2025-01-02 20:24:18	154	SingleUp	DXC4B2P
2025-01-02 20:27:12	165	SingleUp	DXC4B2P
2025-01-02 20:30:05	162	SingleDown	DXC4B2P
2025-01-02 20:32:58	144	SingleDown	DXC4B2P
2025-01-02 20:35:51	164	SingleUp	DXC4B2P
2025-01-02 20:38:44	153	SingleDown	DXC4B2P
2025-01-02 20:41:38	153	Flat	DXC4B2P
2025-01-02 20:44:31	141	SingleDown	DXC4B2P
2025-01-02 20:47:24	155	SingleUp	DXC4B2P
2025-01-02 20:50:17	166	SingleUp	DXC4B2P
2025-01-02 20:53:10	150	SingleDown	DXC4B2P
2025-01-02 20:56:04	137	SingleDown	DXC4B2P
2025-01-02 20:58:57	138	Flat	DXC4B2P
2025-01-02 21:01:50	150	SingleUp	DXC4B2P
2025-01-02 21:04:43	137	SingleDown	DXC4B2P
2025-01-02 21:07:36	152	SingleUp	DXC4B2P
2025-01-02 21:10:30	150	FortyFiveDown	DXC4B2P
2025-01-02 21:13:23	159	SingleUp	DXC4B2P
2025-01-02 21:16:16	144	SingleDown	DXC4B2P
2025-01-02 21:19:09	146	FortyFiveUp	DXC4B2P
2025-01-02 21:22:02	143	SingleDown	DXC4B2P
2025-01-02 21:24:56	156	SingleUp	DXC4B2P
2025-01-02 21:27:49	145	SingleDown	DXC4B2P
2025-01-02 21:30:42	140	SingleDown	DXC4B2P
2025-01-02 21:33:35	140	Flat	DXC4B2P
2025-01-02 21:36:28	148	SingleUp	DXC4B2P
2025-01-02 21:39:22	145	SingleDown	DXC4B2P
2025-01-02 21:42:15	160	SingleUp	DXC4B2P
2025-01-02 21:45:08	141	SingleDown	DXC4B2P
2025-01-02 21:48:01	154	SingleUp	DXC4B2P
2025-01-02 21:50:54	143	SingleDown	DXC4B2P
2025-01-02 21:53:48	159	SingleUp	DXC4B2P
2025-01-02 21:56:41	154	SingleDown	DXC4B2P
2025-01-02 21:59:34	164	SingleUp	DXC4B2P
2025-01-02 22:02:27	97	SingleDown	DXC4B2P
2025-01-02 22:05:20	108	SingleUp	DXC4B2P
2025-01-02 22:08:14	98	SingleDown	DXC4B2P
2025-01-02 22:11:07	112	SingleUp	DXC4B2P
2025-01-02 22:14:00	93	SingleDown	DXC4B2P
2025-01-02 22:16:53	95	FortyFiveUp	DXC4B2P
2025-01-02 22:19:46	97	FortyFiveUp	DXC4B2P
2025-01-02 22:22:39	94	SingleDown	DXC4B2P
2025-01-02 22:25:33	111	SingleUp	DXC4B2P
2025-01-02 22:28:26	87	SingleDown	DXC4B2P
2025-01-02 22:31:19	114	SingleUp	DXC4B2P
2025-01-02 22:34:12	92	SingleDown	DXC4B2P
2025-01-02 22:37:05	90	FortyFiveDown	DXC4B2P
2025-01-02 22:39:59	98	SingleUp	DXC4B2P
2025-01-02 22:42:52	98	Flat	DXC4B2P
2025-01-02 22:45:45	100	FortyFiveUp	DXC4B2P
2025-01-02 22:48:38	96	SingleDown	DXC4B2P
2025-01-02 22:51:31	110	SingleUp	DXC4B2P
2025-01-02 22:54:25	109	Flat	DXC4B2P
2025-01-02 22:57:18	107	FortyFiveDown	DXC4B2P
2025-01-02 23:00:11	91	SingleDown	DXC4B2P
2025-01-02 23:03:04	97	SingleUp	DXC4B2P
2025-01-02 23:05:57	94	SingleDown	DXC4B2P
2025-01-02 23:08:51	103	SingleUp	DXC4B2P
2025-01-02 23:11:44	103	Flat	DXC4B2P
2025-01-02 23:14:37	109	SingleUp	DXC4B2P
2025-01-02 23:17:30	96	SingleDown	DXC4B2P
2025-01-02 23:20:23	99	SingleUp	DXC4B2P
2025-01-02 23:23:17	82	SingleDown	DXC4B2P
2025-01-02 23:26:10	106	SingleUp	DXC4B2P
2025-01-02 23:29:03	103	SingleDown	DXC4B2P
2025-01-02 23:31:56	91	SingleDown	DXC4B2P
2025-01-02 23:34:49	107	SingleUp	DXC4B2P
2025-01-02 23:37:43	96	SingleDown	DXC4B2P
2025-01-02 23:40:36	101	SingleUp	DXC4B2P
2025-01-02 23:43:29	95	SingleDown	DXC4B2P
2025-01-02 23:46:22	105	SingleUp	DXC4B2P
2025-01-02 23:49:15	97	SingleDown	DXC4B2P
2025-01-02 23:52:09	105	SingleUp	DXC4B2P
2025-01-02 23:55:02	105	Flat	DXC4B2P
2025-01-02 23:57:55	94	SingleDown	DXC4B2P
2025-01-03 00:00:48	101	SingleUp	DXC4B2P
2025-01-03 00:03:41	97	SingleDown	DXC4B2P
2025-01-03 00:06:35	77	SingleDown	DXC4B2P
2025-01-03 00:09:28	94	SingleUp	DXC4B2P
2025-01-03 00:12:21	102	SingleUp	DXC4B2P
2025-01-03 00:15:14	92	SingleDown	DXC4B2P
2025-01-03 00:18:07	83	SingleDown	DXC4B2P
2025-01-03 00:21:00	88	SingleUp	DXC4B2P
2025-01-03 00:23:54	93	SingleUp	DXC4B2P
2025-01-03 00:26:47	92	Flat	DXC4B2P
2025-01-03 00:29:40	84	SingleDown	DXC4B2P
2025-01-03 00:32:33	99	SingleUp	DXC4B2P
2025-01-03 00:35:26	96	SingleDown	DXC4B2P
2025-01-03 00:38:20	76	SingleDown	DXC4B2P
2025-01-03 00:41:13	94	SingleUp	DXC4B2P
2025-01-03 00:44:06	103	SingleUp	DXC4B2P
2025-01-03 00:46:59	80	SingleDown	DXC4B2P
2025-01-03 00:49:52	95	SingleUp	DXC4B2P
2025-01-03 00:52:46	98	SingleUp	DXC4B2P
2025-01-03 00:55:39	84	SingleDown	DXC4B2P
2025-01-03 00:58:32	102	SingleUp	DXC4B2P
2025-01-03 01:01:25	98	SingleDown	DXC4B2P
2025-01-03 01:04:18	76	SingleDown	DXC4B2P
2025-01-03 01:07:12	78	FortyFiveUp	DXC4B2P
2025-01-03 01:10:05	86	SingleUp	DXC4B2P
2025-01-03 01:12:58	95	SingleUp	DXC4B2P
2025-01-03 01:15:51	100	SingleUp	DXC4B2P
2025-01-03 01:18:44	73	SingleDown	DXC4B2P
2025-01-03 01:21:38	75	FortyFiveUp	DXC4B2P
2025-01-03 01:24:31	99	SingleUp	DXC4B2P
2025-01-03 01:27:24	74	SingleDown	DXC4B2P
2025-01-03 01:30:17	94	SingleUp	DXC4B2P
2025-01-03 01:33:10	100	SingleUp	DXC4B2P
2025-01-03 01:36:04	93	SingleDown	DXC4B2P
2025-01-03 01:38:57	79	SingleDown	DXC4B2P
2025-01-03 01:41:50	91	SingleUp	DXC4B2P
2025-01-03 01:44:43	90	Flat	DXC4B2P
2025-01-03 01:47:36	81	SingleDown	DXC4B2P
2025-01-03 01:50:30	83	FortyFiveUp	DXC4B2P
2025-01-03 01:53:23	92	SingleUp	DXC4B2P
2025-01-03 01:56:16	82	SingleDown	DXC4B2P
2025-01-03 01:59:09	81	Flat	DXC4B2P
2025-01-03 02:02:02	81	Flat	DXC4B2P
2025-01-03 02:04:55	79	FortyFiveDown	DXC4B2P
2025-01-03 02:07:49	89	SingleUp	DXC4B2P
2025-01-03 02:10:42	81	SingleDown	DXC4B2P
2025-01-03 02:13:35	66	SingleDown	DXC4B2P
2025-01-03 02:16:28	76	SingleUp	DXC4B2P
2025-01-03 02:19:21	68	SingleDown	DXC4B2P
2025-01-03 02:22:15	76	SingleUp	DXC4B2P
2025-01-03 02:25:08	78	FortyFiveUp	DXC4B2P
2025-01-03 02:28:01	80	FortyFiveUp	DXC4B2P
2025-01-03 02:30:54	66	SingleDown	DXC4B2P
2025-01-03 02:33:47	75	SingleUp	DXC4B2P
2025-01-03 02:36:41	75	Flat	DXC4B2P
2025-01-03 02:39:34	95	SingleUp	DXC4B2P
2025-01-03 02:42:27	89	SingleDown	DXC4B2P
2025-01-03 02:45:20	71	SingleDown	DXC4B2P
2025-01-03 02:48:13	84	SingleUp	DXC4B2P
2025-01-03 02:51:07	68	SingleDown	DXC4B2P
2025-01-03 02:54:00	82	SingleUp	DXC4B2P
2025-01-03 02:56:53	79	SingleDown	DXC4B2P
2025-01-03 02:59:46	82	SingleUp	DXC4B2P
2025-01-03 03:02:39	110	SingleUp	DXC4B2P
2025-01-03 03:05:33	109	Flat	DXC4B2P
2025-01-03 03:08:26	120	SingleUp	DXC4B2P
2025-01-03 03:11:19	123	SingleUp	DXC4B2P
2025-01-03 03:14:12	118	SingleDown	DXC4B2P
2025-01-03 03:17:05	119	Flat	DXC4B2P
2025-01-03 03:19:59	103	SingleDown	DXC4B2P
2025-01-03 03:22:52	107	SingleUp	DXC4B2P
2025-01-03 03:25:45	105	FortyFiveDown	DXC4B2P
2025-01-03 03:28:38	114	SingleUp	DXC4B2P
2025-01-03 03:31:31	121	SingleUp	DXC4B2P
2025-01-03 03:34:25	121	Flat	DXC4B2P
2025-01-03 03:37:18	95	SingleDown	DXC4B2P
2025-01-03 03:40:11	122	SingleUp	DXC4B2P
2025-01-03 03:43:04	108	SingleDown	DXC4B2P
2025-01-03 03:45:57	121	SingleUp	DXC4B2P
2025-01-03 03:48:51	124	SingleUp	DXC4B2P
2025-01-03 03:51:44	109	SingleDown	DXC4B2P
2025-01-03 03:54:37	96	SingleDown	DXC4B2P
2025-01-03 03:57:30	122	SingleUp	DXC4B2P
2025-01-03 04:00:23	116	SingleDown	DXC4B2P
2025-01-03 04:03:16	109	SingleDown	DXC4B2P
2025-01-03 04:06:10	127	SingleUp	DXC4B2P
2025-01-03 04:09:03	109	SingleDown	DXC4B2P
2025-01-03 04:11:56	102	SingleDown	DXC4B2P
2025-01-03 04:14:49	130	SingleUp	DXC4B2P
2025-01-03 04:17:42	101	SingleDown	DXC4B2P
2025-01-03 04:20:36	123	SingleUp	DXC4B2P
2025-01-03 04:23:29	116	SingleDown	DXC4B2P
2025-01-03 04:26:22	100	SingleDown	DXC4B2P
2025-01-03 04:29:15	118	SingleUp	DXC4B2P
2025-01-03 04:32:08	102	SingleDown	DXC4B2P
2025-01-03 04:35:02	111	SingleUp	DXC4B2P
2025-01-03 04:37:55	110	Flat	DXC4B2P
2025-01-03 04:40:48	107	SingleDown	DXC4B2P
2025-01-03 04:43:41	124	SingleUp	DXC4B2P
2025-01-03 04:46:34	125	Flat	DXC4B2P
2025-01-03 04:49:28	111	SingleDown	DXC4B2P
2025-01-03 04:52:21	115	SingleUp	DXC4B2P
2025-01-03 04:55:14	107	SingleDown	DXC4B2P
2025-01-03 04:58:07	119	SingleUp	DXC4B2P
2025-01-03 05:01:00	111	SingleDown	DXC4B2P
2025-01-03 05:03:54	115	SingleUp	DXC4B2P
2025-01-03 05:06:47	113	FortyFiveDown	DXC4B2P
2025-01-03 05:09:40	122	SingleUp	DXC4B2P
2025-01-03 05:12:33	110	SingleDown	DXC4B2P
2025-01-03 05:15:26	124	SingleUp	DXC4B2P
2025-01-03 05:18:20	108	SingleDown	DXC4B2P
2025-01-03 05:21:13	118	SingleUp	DXC4B2P
2025-01-03 05:24:06	126	SingleUp	DXC4B2P
2025-01-03 05:26:59	110	SingleDown	DXC4B2P
2025-01-03 05:29:52	118	SingleUp	DXC4B2P
2025-01-03 05:32:46	117	Flat	DXC4B2P
2025-01-03 05:35:39	123	SingleUp	DXC4B2P
2025-01-03 05:38:32	107	SingleDown	DXC4B2P
2025-01-03 05:41:25	130	SingleUp	DXC4B2P
2025-01-03 05:44:18	117	SingleDown	DXC4B2P
2025-01-03 05:47:12	119	FortyFiveUp	DXC4B2P
2025-01-03 05:50:05	129	SingleUp	DXC4B2P
2025-01-03 05:52:58	125	SingleDown	DXC4B2P
2025-01-03 05:55:51	128	SingleUp	DXC4B2P
2025-01-03 05:58:44	121	SingleDown	DXC4B2P
2025-01-03 06:01:37	131	SingleUp	DXC4B2P
2025-01-03 06:04:31	139	SingleUp	DXC4B2P
2025-01-03 06:07:24	122	SingleDown	DXC4B2P
2025-01-03 06:10:17	122	Flat	DXC4B2P
2025-01-03 06:13:10	119	SingleDown	DXC4B2P
2025-01-03 06:16:03	131	SingleUp	DXC4B2P
2025-01-03 06:18:57	128	SingleDown	DXC4B2P
2025-01-03 06:21:50	134	SingleUp	DXC4B2P
2025-01-03 06:24:43	120	SingleDown	DXC4B2P
2025-01-03 06:27:36	125	SingleUp	DXC4B2P
2025-01-03 06:30:29	137	SingleUp	DXC4B2P
2025-01-03 06:33:23	113	SingleDown	DXC4B2P
2025-01-03 06:36:16	131	SingleUp	DXC4B2P
2025-01-03 06:39:09	136	SingleUp	DXC4B2P
2025-01-03 06:42:02	137	Flat	DXC4B2P
2025-01-03 06:44:55	129	SingleDown	DXC4B2P
2025-01-03 06:47:49	135	SingleUp	DXC4B2P
2025-01-03 06:50:42	112	SingleDown	DXC4B2P
2025-01-03 06:53:35	139	SingleUp	DXC4B2P
2025-01-03 06:56:28	129	SingleDown	DXC4B2P
2025-01-03 06:59:21	133	SingleUp	DXC4B2P
2025-01-03 07:02:15	131	FortyFiveDown	DXC4B2P
2025-01-03 07:05:08	128	SingleDown	DXC4B2P
2025-01-03 07:08:01	120	SingleDown	DXC4B2P
2025-01-03 07:10:54	136	SingleUp	DXC4B2P
2025-01-03 07:13:47	121	SingleDown	DXC4B2P
2025-01-03 07:16:41	135	SingleUp	DXC4B2P
2025-01-03 07:19:34	141	SingleUp	DXC4B2P
2025-01-03 07:22:27	142	Flat	DXC4B2P
2025-01-03 07:25:20	132	SingleDown	DXC4B2P
2025-01-03 07:28:13	132	Flat	DXC4B2P
2025-01-03 07:31:07	132	Flat	DXC4B2P
2025-01-03 07:34:00	140	SingleUp	DXC4B2P
2025-01-03 07:36:53	130	SingleDown	DXC4B2P
2025-01-03 07:39:46	132	FortyFiveUp	DXC4B2P
2025-01-03 07:42:39	138	SingleUp	DXC4B2P
2025-01-03 07:45:33	133	SingleDown	DXC4B2P
2025-01-03 07:48:26	140	SingleUp	DXC4B2P
2025-01-03 07:51:19	140	Flat	DXC4B2P
2025-01-03 07:54:12	115	SingleDown	DXC4B2P
2025-01-03 07:57:05	142	SingleUp	DXC4B2P
2025-01-03 07:59:58	121	SingleDown	DXC4B2P
2025-01-03 08:02:52	128	SingleUp	DXC4B2P
2025-01-03 08:05:45	109	SingleDown	DXC4B2P
2025-01-03 08:08:38	109	Flat	DXC4B2P
2025-01-03 08:11:31	123	SingleUp	DXC4B2P
2025-01-03 08:14:24	109	SingleDown	DXC4B2P
2025-01-03 08:17:18	106	SingleDown	DXC4B2P
2025-01-03 08:20:11	115	SingleUp	DXC4B2P
2025-01-03 08:23:04	129	SingleUp	DXC4B2P
2025-01-03 08:25:57	117	SingleDown	DXC4B2P
2025-01-03 08:28:50	126	SingleUp	DXC4B2P
2025-01-03 08:31:44	134	SingleUp	DXC4B2P
2025-01-03 08:34:37	116	SingleDown	DXC4B2P
2025-01-03 08:37:30	121	SingleUp	DXC4B2P
2025-01-03 08:40:23	134	SingleUp	DXC4B2P
2025-01-03 08:43:16	108	SingleDown	DXC4B2P
2025-01-03 08:46:10	114	SingleUp	DXC4B2P
2025-01-03 08:49:03	130	SingleUp	DXC4B2P
2025-01-03 08:51:56	127	SingleDown	DXC4B2P
2025-01-03 08:54:49	119	SingleDown	DXC4B2P
2025-01-03 08:57:42	107	SingleDown	DXC4B2P
2025-01-03 09:00:36	163	SingleUp	DXC4B2P
2025-01-03 09:03:29	136	SingleDown	DXC4B2P
2025-01-03 09:06:22	144	SingleUp	DXC4B2P
2025-01-03 09:09:15	160	SingleUp	DXC4B2P
2025-01-03 09:12:08	153	SingleDown	DXC4B2P
2025-01-03 09:15:02	139	SingleDown	DXC4B2P
2025-01-03 09:17:55	143	SingleUp	DXC4B2P
2025-01-03 09:20:48	154	SingleUp	DXC4B2P
2025-01-03 09:23:41	136	SingleDown	DXC4B2P
2025-01-03 09:26:34	158	SingleUp	DXC4B2P
2025-01-03 09:29:28	156	FortyFiveDown	DXC4B2P
2025-01-03 09:32:21	137	SingleDown	DXC4B2P
2025-01-03 09:35:14	143	SingleUp	DXC4B2P
2025-01-03 09:38:07	134	SingleDown	DXC4B2P
2025-01-03 09:41:00	143	SingleUp	DXC4B2P
2025-01-03 09:43:54	144	Flat	DXC4B2P
2025-01-03 09:46:47	139	SingleDown	DXC4B2P
2025-01-03 09:49:40	156	SingleUp	DXC4B2P
2025-01-03 09:52:33	137	SingleDown	DXC4B2P
2025-01-03 09:55:26	153	SingleUp	DXC4B2P
2025-01-03 09:58:19	159	SingleUp	DXC4B2P
2025-01-03 10:01:13	151	SingleDown	DXC4B2P
2025-01-03 10:04:06	157	SingleUp	DXC4B2P
2025-01-03 10:06:59	149	SingleDown	DXC4B2P
2025-01-03 10:09:52	154	SingleUp	DXC4B2P
2025-01-03 10:12:45	148	SingleDown	DXC4B2P
2025-01-03 10:15:39	174	SingleUp	DXC4B2P
2025-01-03 10:18:32	157	SingleDown	DXC4B2P
2025-01-03 10:21:25	153	SingleDown	DXC4B2P
2025-01-03 10:24:18	156	SingleUp	DXC4B2P
2025-01-03 10:27:11	154	FortyFiveDown	DXC4B2P
2025-01-03 10:30:05	173	SingleUp	DXC4B2P
2025-01-03 10:32:58	154	SingleDown	DXC4B2P
2025-01-03 10:35:51	161	SingleUp	DXC4B2P
2025-01-03 10:38:44	170	SingleUp	DXC4B2P
2025-01-03 10:41:37	173	SingleUp	DXC4B2P
2025-01-03 10:44:31	156	SingleDown	DXC4B2P
2025-01-03 10:47:24	156	Flat	DXC4B2P
2025-01-03 10:50:17	172	SingleUp	DXC4B2P
2025-01-03 10:53:10	164	SingleDown	DXC4B2P
2025-01-03 10:56:03	168	SingleUp	DXC4B2P
2025-01-03 10:58:57	163	SingleDown	DXC4B2P
2025-01-03 11:01:50	135	SingleDown	DXC4B2P
2025-01-03 11:04:43	158	SingleUp	DXC4B2P
2025-01-03 11:07:36	134	SingleDown	DXC4B2P
2025-01-03 11:10:29	154	SingleUp	DXC4B2P
2025-01-03 11:13:23	140	SingleDown	DXC4B2P
2025-01-03 11:16:16	148	SingleUp	DXC4B2P
2025-01-03 11:19:09	154	SingleUp	DXC4B2P
2025-01-03 11:22:02	146	SingleDown	DXC4B2P
2025-01-03 11:24:55	142	SingleDown	DXC4B2P
2025-01-03 11:27:49	133	SingleDown	DXC4B2P
2025-01-03 11:30:42	139	SingleUp	DXC4B2P
2025-01-03 11:33:35	159	SingleUp	DXC4B2P
2025-01-03 11:36:28	156	SingleDown	DXC4B2P
2025-01-03 11:39:21	145	SingleDown	DXC4B2P
2025-01-03 11:42:14	148	SingleUp	DXC4B2P
2025-01-03 11:45:08	151	SingleUp	DXC4B2P
2025-01-03 11:48:01	156	SingleUp	DXC4B2P
2025-01-03 11:50:54	137	SingleDown	DXC4B2P
2025-01-03 11:53:47	143	SingleUp	DXC4B2P
2025-01-03 11:56:40	161	SingleUp	DXC4B2P
2025-01-03 11:59:34	134	SingleDown	DXC4B2P
2025-01-03 12:02:27	142	SingleUp	DXC4B2P
2025-01-03 12:05:20	132	SingleDown	DXC4B2P
2025-01-03 12:08:13	133	Flat	DXC4B2P
2025-01-03 12:11:06	125	SingleDown	DXC4B2P
2025-01-03 12:14:00	134	SingleUp	DXC4B2P
2025-01-03 12:16:53	137	SingleUp	DXC4B2P
2025-01-03 12:19:46	119	SingleDown	DXC4B2P
2025-01-03 12:22:39	118	Flat	DXC4B2P
2025-01-03 12:25:32	137	SingleUp	DXC4B2P
2025-01-03 12:28:26	133	SingleDown	DXC4B2P
2025-01-03 12:31:19	129	SingleDown	DXC4B2P
2025-01-03 12:34:12	116	SingleDown	DXC4B2P
2025-01-03 12:37:05	132	SingleUp	DXC4B2P
2025-01-03 12:39:58	137	SingleUp	DXC4B2P
2025-01-03 12:42:52	141	SingleUp	DXC4B2P
2025-01-03 12:45:45	141	Flat	DXC4B2P
2025-01-03 12:48:38	136	SingleDown	DXC4B2P
2025-01-03 12:51:31	142	SingleUp	DXC4B2P
2025-01-03 12:54:24	135	SingleDown	DXC4B2P
2025-01-03 12:57:18	122	SingleDown	DXC4B2P
2025-01-03 13:00:11	174	SingleUp	DXC4B2P
2025-01-03 13:03:04	164	SingleDown	DXC4B2P
2025-01-03 13:05:57	148	SingleDown	DXC4B2P
2025-01-03 13:08:50	161	SingleUp	DXC4B2P
2025-01-03 13:11:44	150	SingleDown	DXC4B2P
2025-01-03 13:14:37	150	Flat	DXC4B2P
2025-01-03 13:17:30	148	FortyFiveDown	DXC4B2P
2025-01-03 13:20:23	152	SingleUp	DXC4B2P
2025-01-03 13:23:16	156	SingleUp	DXC4B2P
2025-01-03 13:26:10	168	SingleUp	DXC4B2P
2025-01-03 13:29:03	165	SingleDown	DXC4B2P
2025-01-03 13:31:56	168	SingleUp	DXC4B2P
2025-01-03 13:34:49	172	SingleUp	DXC4B2P
2025-01-03 13:37:42	149	SingleDown	DXC4B2P
2025-01-03 13:40:35	155	SingleUp	DXC4B2P
2025-01-03 13:43:29	174	SingleUp	DXC4B2P
2025-01-03 13:46:22	151	SingleDown	DXC4B2P
2025-01-03 13:49:15	160	SingleUp	DXC4B2P
2025-01-03 13:52:08	148	SingleDown	DXC4B2P
2025-01-03 13:55:01	172	SingleUp	DXC4B2P
2025-01-03 13:57:55	152	SingleDown	DXC4B2P
2025-01-03 14:00:48	169	SingleUp	DXC4B2P
2025-01-03 14:03:41	153	SingleDown	DXC4B2P
2025-01-03 14:06:34	163	SingleUp	DXC4B2P
2025-01-03 14:09:27	154	SingleDown	DXC4B2P
2025-01-03 14:12:21	172	SingleUp	DXC4B2P
2025-01-03 14:15:14	168	SingleDown	DXC4B2P
2025-01-03 14:18:07	159	SingleDown	DXC4B2P
2025-01-03 14:21:00	152	SingleDown	DXC4B2P
2025-01-03 14:23:53	161	SingleUp	DXC4B2P
2025-01-03 14:26:47	163	FortyFiveUp	DXC4B2P
2025-01-03 14:29:40	173	SingleUp	DXC4B2P
2025-01-03 14:32:33	147	SingleDown	DXC4B2P
2025-01-03 14:35:26	152	SingleUp	DXC4B2P
2025-01-03 14:38:19	147	SingleDown	DXC4B2P
2025-01-03 14:41:13	161	SingleUp	DXC4B2P
2025-01-03 14:44:06	155	SingleDown	DXC4B2P
2025-01-03 14:46:59	175	SingleUp	DXC4B2P
2025-01-03 14:49:52	156	SingleDown	DXC4B2P
2025-01-03 14:52:45	159	SingleUp	DXC4B2P
2025-01-03 14:55:39	149	SingleDown	DXC4B2P
2025-01-03 14:58:32	165	SingleUp	DXC4B2P
2025-01-03 15:01:25	124	SingleDown	DXC4B2P
2025-01-03 15:04:18	101	SingleDown	DXC4B2P
2025-01-03 15:07:11	120	SingleUp	DXC4B2P
2025-01-03 15:10:05	103	SingleDown	DXC4B2P
2025-01-03 15:12:58	124	SingleUp	DXC4B2P
2025-01-03 15:15:51	128	SingleUp	DXC4B2P
2025-01-03 15:18:44	108	SingleDown	DXC4B2P
2025-01-03 15:21:37	109	Flat	DXC4B2P
2025-01-03 15:24:31	113	SingleUp	DXC4B2P
2025-01-03 15:27:24	108	SingleDown	DXC4B2P
2025-01-03 15:30:17	105	SingleDown	DXC4B2P
2025-01-03 15:33:10	114	SingleUp	DXC4B2P
2025-01-03 15:36:03	112	FortyFiveDown	DXC4B2P
2025-01-03 15:38:56	122	SingleUp	DXC4B2P
2025-01-03 15:41:50	121	Flat	DXC4B2P
2025-01-03 15:44:43	105	SingleDown	DXC4B2P
2025-01-03 15:47:36	103	FortyFiveDown	DXC4B2P
2025-01-03 15:50:29	119	SingleUp	DXC4B2P
2025-01-03 15:53:22	122	SingleUp	DXC4B2P
2025-01-03 15:56:16	130	SingleUp	DXC4B2P
2025-01-03 15:59:09	105	SingleDown	DXC4B2P
2025-01-03 16:02:02	101	SingleDown	DXC4B2P
2025-01-03 16:04:55	115	SingleUp	DXC4B2P
2025-01-03 16:07:48	110	SingleDown	DXC4B2P
2025-01-03 16:10:42	123	SingleUp	DXC4B2P
2025-01-03 16:13:35	120	SingleDown	DXC4B2P
2025-01-03 16:16:28	112	SingleDown	DXC4B2P
2025-01-03 16:19:21	113	Flat	DXC4B2P
2025-01-03 16:22:14	106	SingleDown	DXC4B2P
2025-01-03 16:25:08	118	SingleUp	DXC4B2P
2025-01-03 16:28:01	120	FortyFiveUp	DXC4B2P
2025-01-03 16:30:54	103	SingleDown	DXC4B2P
2025-01-03 16:33:47	105	FortyFiveUp	DXC4B2P
2025-01-03 16:36:40	112	SingleUp	DXC4B2P
2025-01-03 16:39:34	124	SingleUp	DXC4B2P
2025-01-03 16:42:27	119	SingleDown	DXC4B2P
2025-01-03 16:45:20	119	Flat	DXC4B2P
2025-01-03 16:48:13	107	SingleDown	DXC4B2P
2025-01-03 16:51:06	100	SingleDown	DXC4B2P
2025-01-03 16:54:00	126	SingleUp	DXC4B2P
2025-01-03 16:56:53	101	SingleDown	DXC4B2P
2025-01-03 16:59:46	119	SingleUp	DXC4B2P
2025-01-03 17:02:39	102	SingleDown	DXC4B2P
2025-01-03 17:05:32	113	SingleUp	DXC4B2P
2025-01-03 17:08:26	107	SingleDown	DXC4B2P
2025-01-03 17:11:19	110	SingleUp	DXC4B2P
2025-01-03 17:14:12	108	FortyFiveDown	DXC4B2P
2025-01-03 17:17:05	108	Flat	DXC4B2P
2025-01-03 17:19:58	114	SingleUp	DXC4B2P
2025-01-03 17:22:52	119	SingleUp	DXC4B2P
2025-01-03 17:25:45	118	Flat	DXC4B2P
2025-01-03 17:28:38	109	SingleDown	DXC4B2P
2025-01-03 17:31:31	115	SingleUp	DXC4B2P
2025-01-03 17:34:24	108	SingleDown	DXC4B2P
2025-01-03 17:37:17	100	SingleDown	DXC4B2P
2025-01-03 17:40:11	113	SingleUp	DXC4B2P
2025-01-03 17:43:04	104	SingleDown	DXC4B2P
2025-01-03 17:45:57	106	FortyFiveUp	DXC4B2P
2025-01-03 17:48:50	120	SingleUp	DXC4B2P
2025-01-03 17:51:43	120	Flat	DXC4B2P
2025-01-03 17:54:37	106	SingleDown	DXC4B2P
2025-01-03 17:57:30	110	SingleUp	DXC4B2P
2025-01-03 18:00:23	129	SingleUp	DXC4B2P
2025-01-03 18:03:16	101	SingleDown	DXC4B2P
2025-01-03 18:06:09	128	SingleUp	DXC4B2P
2025-01-03 18:09:03	118	SingleDown	DXC4B2P
2025-01-03 18:11:56	120	FortyFiveUp	DXC4B2P
2025-01-03 18:14:49	104	SingleDown	DXC4B2P
2025-01-03 18:17:42	108	SingleUp	DXC4B2P
2025-01-03 18:20:35	109	Flat	DXC4B2P
2025-01-03 18:23:29	109	Flat	DXC4B2P
2025-01-03 18:26:22	101	SingleDown	DXC4B2P
2025-01-03 18:29:15	119	SingleUp	DXC4B2P
2025-01-03 18:32:08	128	SingleUp	DXC4B2P
2025-01-03 18:35:01	116	SingleDown	DXC4B2P
2025-01-03 18:37:55	130	SingleUp	DXC4B2P
2025-01-03 18:40:48	104	SingleDown	DXC4B2P
2025-01-03 18:43:41	119	SingleUp	DXC4B2P
2025-01-03 18:46:34	122	SingleUp	DXC4B2P
2025-01-03 18:49:27	122	Flat	DXC4B2P
2025-01-03 18:52:21	117	SingleDown	DXC4B2P
2025-01-03 18:55:14	123	SingleUp	DXC4B2P
2025-01-03 18:58:07	111	SingleDown	DXC4B2P
2025-01-03 19:01:00	129	SingleUp	DXC4B2P
2025-01-03 19:03:53	139	SingleUp	DXC4B2P
2025-01-03 19:06:47	131	SingleDown	DXC4B2P
2025-01-03 19:09:40	135	SingleUp	DXC4B2P
2025-01-03 19:12:33	115	SingleDown	DXC4B2P
2025-01-03 19:15:26	115	Flat	DXC4B2P
2025-01-03 19:18:19	127	SingleUp	DXC4B2P
2025-01-03 19:21:13	127	Flat	DXC4B2P
2025-01-03 19:24:06	123	SingleDown	DXC4B2P
2025-01-03 19:26:59	114	SingleDown	DXC4B2P
2025-01-03 19:29:52	133	SingleUp	DXC4B2P
2025-01-03 19:32:45	118	SingleDown	DXC4B2P
2025-01-03 19:35:38	115	SingleDown	DXC4B2P
2025-01-03 19:38:32	127	SingleUp	DXC4B2P
2025-01-03 19:41:25	127	Flat	DXC4B2P
2025-01-03 19:44:18	122	SingleDown	DXC4B2P
2025-01-03 19:47:11	123	Flat	DXC4B2P
2025-01-03 19:50:04	112	SingleDown	DXC4B2P
2025-01-03 19:52:58	116	SingleUp	DXC4B2P
2025-01-03 19:55:51	118	FortyFiveUp	DXC4B2P
2025-01-03 19:58:44	137	SingleUp	DXC4B2P
2025-01-03 20:01:37	160	SingleUp	DXC4B2P
2025-01-03 20:04:30	155	SingleDown	DXC4B2P
2025-01-03 20:07:24	166	SingleUp	DXC4B2P
2025-01-03 20:10:17	141	SingleDown	DXC4B2P
2025-01-03 20:13:10	159	SingleUp	DXC4B2P
2025-01-03 20:16:03	137	SingleDown	DXC4B2P
2025-01-03 20:18:56	161	SingleUp	DXC4B2P
2025-01-03 20:21:50	148	SingleDown	DXC4B2P
2025-01-03 20:24:43	152	SingleUp	DXC4B2P
2025-01-03 20:27:36	140	SingleDown	DXC4B2P
2025-01-03 20:30:29	139	Flat	DXC4B2P
2025-01-03 20:33:22	160	SingleUp	DXC4B2P
2025-01-03 20:36:16	164	SingleUp	DXC4B2P
2025-01-03 20:39:09	164	Flat	DXC4B2P
2025-01-03 20:42:02	153	SingleDown	DXC4B2P
2025-01-03 20:44:55	138	SingleDown	DXC4B2P
2025-01-03 20:47:48	149	SingleUp	DXC4B2P
2025-01-03 20:50:42	154	SingleUp	DXC4B2P
2025-01-03 20:53:35	156	FortyFiveUp	DXC4B2P
2025-01-03 20:56:28	166	SingleUp	DXC4B2P
2025-01-03 20:59:21	146	SingleDown	DXC4B2P
2025-01-03 21:02:14	155	SingleUp	DXC4B2P
2025-01-03 21:05:08	139	SingleDown	DXC4B2P
2025-01-03 21:08:01	161	SingleUp	DXC4B2P
2025-01-03 21:10:54	141	SingleDown	DXC4B2P
2025-01-03 21:13:47	151	SingleUp	DXC4B2P
2025-01-03 21:16:40	139	SingleDown	DXC4B2P
2025-01-03 21:19:33	163	SingleUp	DXC4B2P
2025-01-03 21:22:27	139	SingleDown	DXC4B2P
2025-01-03 21:25:20	159	SingleUp	DXC4B2P
2025-01-03 21:28:13	163	SingleUp	DXC4B2P
2025-01-03 21:31:06	166	SingleUp	DXC4B2P
2025-01-03 21:33:59	140	SingleDown	DXC4B2P
2025-01-03 21:36:53	137	SingleDown	DXC4B2P
2025-01-03 21:39:46	144	SingleUp	DXC4B2P
2025-01-03 21:42:39	166	SingleUp	DXC4B2P
2025-01-03 21:45:32	158	SingleDown	DXC4B2P
2025-01-03 21:48:25	154	SingleDown	DXC4B2P
2025-01-03 21:51:19	163	SingleUp	DXC4B2P
2025-01-03 21:54:12	158	SingleDown	DXC4B2P
2025-01-03 21:57:05	144	SingleDown	DXC4B2P
2025-01-03 21:59:58	150	SingleUp	DXC4B2P
2025-01-03 22:02:51	111	SingleDown	DXC4B2P
2025-01-03 22:05:45	113	FortyFiveUp	DXC4B2P
2025-01-03 22:08:38	96	SingleDown	DXC4B2P
2025-01-03 22:11:31	99	SingleUp	DXC4B2P
2025-01-03 22:14:24	96	SingleDown	DXC4B2P
2025-01-03 22:17:17	106	SingleUp	DXC4B2P
2025-01-03 22:20:11	114	SingleUp	DXC4B2P
2025-01-03 22:23:04	112	FortyFiveDown	DXC4B2P
2025-01-03 22:25:57	93	SingleDown	DXC4B2P
2025-01-03 22:28:50	96	SingleUp	DXC4B2P
2025-01-03 22:31:43	109	SingleUp	DXC4B2P
2025-01-03 22:34:37	89	SingleDown	DXC4B2P
2025-01-03 22:37:30	95	SingleUp	DXC4B2P
2025-01-03 22:40:23	100	SingleUp	DXC4B2P
2025-01-03 22:43:16	102	FortyFiveUp	DXC4B2P
2025-01-03 22:46:09	96	SingleDown	DXC4B2P
2025-01-03 22:49:03	106	SingleUp	DXC4B2P
2025-01-03 22:51:56	95	SingleDown	DXC4B2P
2025-01-03 22:54:49	96	Flat	DXC4B2P
2025-01-03 22:57:42	102	SingleUp	DXC4B2P
2025-01-03 23:00:35	108	SingleUp	DXC4B2P
2025-01-03 23:03:29	104	SingleDown	DXC4B2P
2025-01-03 23:06:22	82	SingleDown	DXC4B2P
2025-01-03 23:09:15	101	SingleUp	DXC4B2P
2025-01-03 23:12:08	101	Flat	DXC4B2P
2025-01-03 23:15:01	110	SingleUp	DXC4B2P
2025-01-03 23:17:54	96	SingleDown	DXC4B2P
2025-01-03 23:20:48	84	SingleDown	DXC4B2P
2025-01-03 23:23:41	107	SingleUp	DXC4B2P
2025-01-03 23:26:34	105	FortyFiveDown	DXC4B2P
2025-01-03 23:29:27	108	SingleUp	DXC4B2P
2025-01-03 23:32:20	89	SingleDown	DXC4B2P
2025-01-03 23:35:14	107	SingleUp	DXC4B2P
2025-01-03 23:38:07	102	SingleDown	DXC4B2P
2025-01-03 23:41:00	85	SingleDown	DXC4B2P
2025-01-03 23:43:53	90	SingleUp	DXC4B2P
2025-01-03 23:46:46	96	SingleUp	DXC4B2P
2025-01-03 23:49:40	105	SingleUp	DXC4B2P
2025-01-03 23:52:33	99	SingleDown	DXC4B2P
2025-01-03 23:55:26	85	SingleDown	DXC4B2P
2025-01-03 23:58:19	95	SingleUp	DXC4B2P
2025-01-04 00:01:12	94	Flat	DXC4B2P
2025-01-04 00:04:06	92	FortyFiveDown	DXC4B2P
2025-01-04 00:06:59	103	SingleUp	DXC4B2P
2025-01-04 00:09:52	76	SingleDown	DXC4B2P
2025-01-04 00:12:45	94	SingleUp	DXC4B2P
2025-01-04 00:15:38	98	SingleUp	DXC4B2P
2025-01-04 00:18:32	90	SingleDown	DXC4B2P
2025-01-04 00:21:25	99	SingleUp	DXC4B2P
2025-01-04 00:24:18	88	SingleDown	DXC4B2P
2025-01-04 00:27:11	102	SingleUp	DXC4B2P
2025-01-04 00:30:04	96	SingleDown	DXC4B2P
2025-01-04 00:32:58	81	SingleDown	DXC4B2P
2025-01-04 00:35:51	79	FortyFiveDown	DXC4B2P
2025-01-04 00:38:44	89	SingleUp	DXC4B2P
2025-01-04 00:41:37	92	SingleUp	DXC4B2P
2025-01-04 00:44:30	93	Flat	DXC4B2P
2025-01-04 00:47:24	91	FortyFiveDown	DXC4B2P
2025-01-04 00:50:17	76	SingleDown	DXC4B2P
2025-01-04 00:53:10	85	SingleUp	DXC4B2P
2025-01-04 00:56:03	94	SingleUp	DXC4B2P
2025-01-04 00:58:56	79	SingleDown	DXC4B2P
2025-01-04 01:01:50	94	SingleUp	DXC4B2P
2025-01-04 01:04:43	78	SingleDown	DXC4B2P
2025-01-04 01:07:36	95	SingleUp	DXC4B2P
2025-01-04 01:10:29	88	SingleDown	DXC4B2P
2025-01-04 01:13:22	72	SingleDown	DXC4B2P
2025-01-04 01:16:15	87	SingleUp	DXC4B2P
2025-01-04 01:19:09	93	SingleUp	DXC4B2P
2025-01-04 01:22:02	85	SingleDown	DXC4B2P
2025-01-04 01:24:55	74	SingleDown	DXC4B2P
2025-01-04 01:27:48	99	SingleUp	DXC4B2P
2025-01-04 01:30:41	97	FortyFiveDown	DXC4B2P
2025-01-04 01:33:35	93	SingleDown	DXC4B2P
2025-01-04 01:36:28	71	SingleDown	DXC4B2P
2025-01-04 01:39:21	98	SingleUp	DXC4B2P
2025-01-04 01:42:14	77	SingleDown	DXC4B2P
2025-01-04 01:45:07	94	SingleUp	DXC4B2P
2025-01-04 01:48:01	73	SingleDown	DXC4B2P
2025-01-04 01:50:54	84	SingleUp	DXC4B2P
2025-01-04 01:53:47	88	SingleUp	DXC4B2P
2025-01-04 01:56:40	77	SingleDown	DXC4B2P
2025-01-04 01:59:33	87	SingleUp	DXC4B2P
2025-01-04 02:02:27	73	SingleDown	DXC4B2P
2025-01-04 02:05:20	74	Flat	DXC4B2P
2025-01-04 02:08:13	72	FortyFiveDown	DXC4B2P
2025-01-04 02:11:06	70	FortyFiveDown	DXC4B2P
2025-01-04 02:13:59	72	FortyFiveUp	DXC4B2P
2025-01-04 02:16:53	74	FortyFiveUp	DXC4B2P
2025-01-04 02:19:46	87	SingleUp	DXC4B2P
2025-01-04 02:22:39	95	SingleUp	DXC4B2P
2025-01-04 02:25:32	81	SingleDown	DXC4B2P
2025-01-04 02:28:25	79	FortyFiveDown	DXC4B2P
2025-01-04 02:31:19	83	SingleUp	DXC4B2P
2025-01-04 02:34:12	69	SingleDown	DXC4B2P
2025-01-04 02:37:05	81	SingleUp	DXC4B2P
2025-01-04 02:39:58	79	FortyFiveDown	DXC4B2P
2025-01-04 02:42:51	85	SingleUp	DXC4B2P
2025-01-04 02:45:45	82	SingleDown	DXC4B2P
2025-01-04 02:48:38	78	SingleDown	DXC4B2P
2025-01-04 02:51:31	65	SingleDown	DXC4B2P
2025-01-04 02:54:24	84	SingleUp	DXC4B2P
2025-01-04 02:57:17	68	SingleDown	DXC4B2P
2025-01-04 03:00:11	111	SingleUp	DXC4B2P
2025-01-04 03:03:04	106	SingleDown	DXC4B2P
2025-01-04 03:05:57	102	SingleDown	DXC4B2P
2025-01-04 03:08:50	104	FortyFiveUp	DXC4B2P
2025-01-04 03:11:43	100	SingleDown	DXC4B2P
2025-01-04 03:14:36	121	SingleUp	DXC4B2P
2025-01-04 03:17:30	123	FortyFiveUp	DXC4B2P
2025-01-04 03:20:23	110	SingleDown	DXC4B2P
2025-01-04 03:23:16	99	SingleDown	DXC4B2P
2025-01-04 03:26:09	115	SingleUp	DXC4B2P
2025-01-04 03:29:02	101	SingleDown	DXC4B2P
2025-01-04 03:31:56	109	SingleUp	DXC4B2P
2025-01-04 03:34:49	101	SingleDown	DXC4B2P
2025-01-04 03:37:42	107	SingleUp	DXC4B2P
2025-01-04 03:40:35	115	SingleUp	DXC4B2P
2025-01-04 03:43:28	119	SingleUp	DXC4B2P
2025-01-04 03:46:22	107	SingleDown	DXC4B2P
2025-01-04 03:49:15	99	SingleDown	DXC4B2P
2025-01-04 03:52:08	109	SingleUp	DXC4B2P
2025-01-04 03:55:01	96	SingleDown	DXC4B2P
2025-01-04 03:57:54	98	FortyFiveUp	DXC4B2P
2025-01-04 04:00:48	104	SingleUp	DXC4B2P
2025-01-04 04:03:41	113	SingleUp	DXC4B2P
2025-01-04 04:06:34	115	FortyFiveUp	DXC4B2P
2025-01-04 04:09:27	107	SingleDown	DXC4B2P
2025-01-04 04:12:20	124	SingleUp	DXC4B2P
2025-01-04 04:15:14	111	SingleDown	DXC4B2P
2025-01-04 04:18:07	120	SingleUp	DXC4B2P
2025-01-04 04:21:00	116	SingleDown	DXC4B2P
2025-01-04 04:23:53	118	FortyFiveUp	DXC4B2P
2025-01-04 04:26:46	111	SingleDown	DXC4B2P
2025-01-04 04:29:40	123	SingleUp	DXC4B2P
2025-01-04 04:32:33	111	SingleDown	DXC4B2P
2025-01-04 04:35:26	126	SingleUp	DXC4B2P
2025-01-04 04:38:19	126	Flat	DXC4B2P
2025-01-04 04:41:12	123	SingleDown	DXC4B2P
2025-01-04 04:44:06	111	SingleDown	DXC4B2P
2025-01-04 04:46:59	101	SingleDown	DXC4B2P
2025-01-04 04:49:52	102	Flat	DXC4B2P
2025-01-04 04:52:45	110	SingleUp	DXC4B2P
2025-01-04 04:55:38	129	SingleUp	DXC4B2P
2025-01-04 04:58:32	121	SingleDown	DXC4B2P
2025-01-04 05:01:25	113	SingleDown	DXC4B2P
2025-01-04 05:04:18	125	SingleUp	DXC4B2P
2025-01-04 05:07:11	113	SingleDown	DXC4B2P
2025-01-04 05:10:04	117	SingleUp	DXC4B2P
2025-01-04 05:12:57	112	SingleDown	DXC4B2P
2025-01-04 05:15:51	126	SingleUp	DXC4B2P
2025-01-04 05:18:44	134	SingleUp	DXC4B2P
2025-01-04 05:21:37	131	SingleDown	DXC4B2P
2025-01-04 05:24:30	116	SingleDown	DXC4B2P
2025-01-04 05:27:23	105	SingleDown	DXC4B2P
2025-01-04 05:30:17	112	SingleUp	DXC4B2P
2025-01-04 05:33:10	107	SingleDown	DXC4B2P
2025-01-04 05:36:03	128	SingleUp	DXC4B2P
2025-01-04 05:38:56	116	SingleDown	DXC4B2P
2025-01-04 05:41:49	125	SingleUp	DXC4B2P
2025-01-04 05:44:43	116	SingleDown	DXC4B2P
2025-01-04 05:47:36	134	SingleUp	DXC4B2P
2025-01-04 05:50:29	113	SingleDown	DXC4B2P
2025-01-04 05:53:22	122	SingleUp	DXC4B2P
2025-01-04 05:56:15	134	SingleUp	DXC4B2P
2025-01-04 05:59:09	134	Flat	DXC4B2P
2025-01-04 06:02:02	119	SingleDown	DXC4B2P
2025-01-04 06:04:55	128	SingleUp	DXC4B2P
2025-01-04 06:07:48	112	SingleDown	DXC4B2P
2025-01-04 06:10:41	136	SingleUp	DXC4B2P
2025-01-04 06:13:35	123	SingleDown	DXC4B2P
2025-01-04 06:16:28	121	FortyFiveDown	DXC4B2P
2025-01-04 06:19:21	126	SingleUp	DXC4B2P
2025-01-04 06:22:14	126	Flat	DXC4B2P
2025-01-04 06:25:07	129	SingleUp	DXC4B2P
2025-01-04 06:28:01	117	SingleDown	DXC4B2P
2025-01-04 06:30:54	118	Flat	DXC4B2P
2025-01-04 06:33:47	138	SingleUp	DXC4B2P
2025-01-04 06:36:40	120	SingleDown	DXC4B2P
2025-01-04 06:39:33	140	SingleUp	DXC4B2P
2025-01-04 06:42:27	120	SingleDown	DXC4B2P
2025-01-04 06:45:20	126	SingleUp	DXC4B2P
2025-01-04 06:48:13	118	SingleDown	DXC4B2P
2025-01-04 06:51:06	138	SingleUp	DXC4B2P
2025-01-04 06:53:59	137	Flat	DXC4B2P
2025-01-04 06:56:52	132	SingleDown	DXC4B2P
2025-01-04 06:59:46	118	SingleDown	DXC4B2P
2025-01-04 07:02:39	144	SingleUp	DXC4B2P
2025-01-04 07:05:32	138	SingleDown	DXC4B2P
2025-01-04 07:08:25	136	FortyFiveDown	DXC4B2P
2025-01-04 07:11:18	125	SingleDown	DXC4B2P
2025-01-04 07:14:12	117	SingleDown	DXC4B2P
2025-01-04 07:17:05	142	SingleUp	DXC4B2P
2025-01-04 07:19:58	128	SingleDown	DXC4B2P
2025-01-04 07:22:51	124	SingleDown	DXC4B2P
2025-01-04 07:25:44	116	SingleDown	DXC4B2P
2025-01-04 07:28:38	143	SingleUp	DXC4B2P
2025-01-04 07:31:31	138	SingleDown	DXC4B2P
2025-01-04 07:34:24	143	SingleUp	DXC4B2P
2025-01-04 07:37:17	127	SingleDown	DXC4B2P
2025-01-04 07:40:10	117	SingleDown	DXC4B2P
2025-01-04 07:43:04	128	SingleUp	DXC4B2P
2025-01-04 07:45:57	121	SingleDown	DXC4B2P
2025-01-04 07:48:50	121	Flat	DXC4B2P
2025-01-04 07:51:43	131	SingleUp	DXC4B2P
2025-01-04 07:54:36	142	SingleUp	DXC4B2P
2025-01-04 07:57:30	142	Flat	DXC4B2P
2025-01-04 08:00:23	122	SingleDown	DXC4B2P
2025-01-04 08:03:16	120	FortyFiveDown	DXC4B2P
2025-01-04 08:06:09	111	SingleDown	DXC4B2P
2025-01-04 08:09:02	123	SingleUp	DXC4B2P
2025-01-04 08:11:56	107	SingleDown	DXC4B2P
2025-01-04 08:14:49	110	SingleUp	DXC4B2P
2025-01-04 08:17:42	135	SingleUp	DXC4B2P
2025-01-04 08:20:35	124	SingleDown	DXC4B2P
2025-01-04 08:23:28	111	SingleDown	DXC4B2P
2025-01-04 08:26:22	134	SingleUp	DXC4B2P
2025-01-04 08:29:15	119	SingleDown	DXC4B2P
2025-01-04 08:32:08	117	FortyFiveDown	DXC4B2P
2025-01-04 08:35:01	124	SingleUp	DXC4B2P
2025-01-04 08:37:54	128	SingleUp	DXC4B2P
2025-01-04 08:40:48	106	SingleDown	DXC4B2P
2025-01-04 08:43:41	111	SingleUp	DXC4B2P
2025-01-04 08:46:34	110	Flat	DXC4B2P
2025-01-04 08:49:27	110	Flat	DXC4B2P
2025-01-04 08:52:20	134	SingleUp	DXC4B2P
2025-01-04 08:55:13	132	FortyFiveDown	DXC4B2P
2025-01-04 08:58:07	118	SingleDown	DXC4B2P
2025-01-04 09:01:00	154	SingleUp	DXC4B2P
2025-01-04 09:03:53	154	Flat	DXC4B2P
2025-01-04 09:06:46	151	SingleDown	DXC4B2P
2025-01-04 09:09:39	149	FortyFiveDown	DXC4B2P
2025-01-04 09:12:33	154	SingleUp	DXC4B2P
2025-01-04 09:15:26	153	Flat	DXC4B2P
2025-01-04 09:18:19	152	Flat	DXC4B2P
2025-01-04 09:21:12	151	Flat	DXC4B2P
2025-01-04 09:24:05	150	Flat	DXC4B2P
2025-01-04 09:26:59	135	SingleDown	DXC4B2P
2025-01-04 09:29:52	136	Flat	DXC4B2P
2025-01-04 09:32:45	135	Flat	DXC4B2P
2025-01-04 09:35:38	154	SingleUp	DXC4B2P
2025-01-04 09:38:31	141	SingleDown	DXC4B2P
2025-01-04 09:41:25	157	SingleUp	DXC4B2P
2025-01-04 09:44:18	151	SingleDown	DXC4B2P
2025-01-04 09:47:11	140	SingleDown	DXC4B2P
2025-01-04 09:50:04	154	SingleUp	DXC4B2P
2025-01-04 09:52:57	150	SingleDown	DXC4B2P
2025-01-04 09:55:51	139	SingleDown	DXC4B2P
2025-01-04 09:58:44	160	SingleUp	DXC4B2P
2025-01-04 10:01:37	148	SingleDown	DXC4B2P
2025-01-04 10:04:30	150	FortyFiveUp	DXC4B2P
2025-01-04 10:07:23	152	FortyFiveUp	DXC4B2P
2025-01-04 10:10:17	160	SingleUp	DXC4B2P
2025-01-04 10:13:10	172	SingleUp	DXC4B2P
2025-01-04 10:16:03	155	SingleDown	DXC4B2P
2025-01-04 10:18:56	145	SingleDown	DXC4B2P
2025-01-04 10:21:49	151	SingleUp	DXC4B2P
2025-01-04 10:24:43	165	SingleUp	DXC4B2P
2025-01-04 10:27:36	152	SingleDown	DXC4B2P
2025-01-04 10:30:29	171	SingleUp	DXC4B2P
2025-01-04 10:33:22	168	SingleDown	DXC4B2P
2025-01-04 10:36:15	152	SingleDown	DXC4B2P
2025-01-04 10:39:09	168	SingleUp	DXC4B2P
2025-01-04 10:42:02	157	SingleDown	DXC4B2P
2025-01-04 10:44:55	173	SingleUp	DXC4B2P
2025-01-04 10:47:48	161	SingleDown	DXC4B2P
2025-01-04 10:50:41	162	Flat	DXC4B2P
2025-01-04 10:53:34	173	SingleUp	DXC4B2P
2025-01-04 10:56:28	159	SingleDown	DXC4B2P
2025-01-04 10:59:21	151	SingleDown	DXC4B2P
2025-01-04 11:02:14	154	SingleUp	DXC4B2P
2025-01-04 11:05:07	148	SingleDown	DXC4B2P
2025-01-04 11:08:00	161	SingleUp	DXC4B2P
2025-01-04 11:10:54	146	SingleDown	DXC4B2P
2025-01-04 11:13:47	152	SingleUp	DXC4B2P
2025-01-04 11:16:40	147	SingleDown	DXC4B2P
2025-01-04 11:19:33	149	FortyFiveUp	DXC4B2P
2025-01-04 11:22:26	148	Flat	DXC4B2P
2025-01-04 11:25:20	160	SingleUp	DXC4B2P
2025-01-04 11:28:13	159	Flat	DXC4B2P
2025-01-04 11:31:06	162	SingleUp	DXC4B2P
2025-01-04 11:33:59	158	SingleDown	DXC4B2P
2025-01-04 11:36:52	142	SingleDown	DXC4B2P
2025-01-04 11:39:46	142	Flat	DXC4B2P
2025-01-04 11:42:39	135	SingleDown	DXC4B2P
2025-01-04 11:45:32	146	SingleUp	DXC4B2P
2025-01-04 11:48:25	149	SingleUp	DXC4B2P
2025-01-04 11:51:18	135	SingleDown	DXC4B2P
2025-01-04 11:54:12	144	SingleUp	DXC4B2P
2025-01-04 11:57:05	160	SingleUp	DXC4B2P
2025-01-04 11:59:58	148	SingleDown	DXC4B2P
2025-01-04 12:02:51	141	SingleDown	DXC4B2P
2025-01-04 12:05:44	139	FortyFiveDown	DXC4B2P
2025-01-04 12:08:38	144	SingleUp	DXC4B2P
2025-01-04 12:11:31	139	SingleDown	DXC4B2P
2025-01-04 12:14:24	142	SingleUp	DXC4B2P
2025-01-04 12:17:17	132	SingleDown	DXC4B2P
2025-01-04 12:20:10	135	SingleUp	DXC4B2P
2025-01-04 12:23:04	145	SingleUp	DXC4B2P
2025-01-04 12:25:57	138	SingleDown	DXC4B2P
2025-01-04 12:28:50	127	SingleDown	DXC4B2P
2025-01-04 12:31:43	125	FortyFiveDown	DXC4B2P
2025-01-04 12:34:36	131	SingleUp	DXC4B2P
2025-01-04 12:37:30	119	SingleDown	DXC4B2P
2025-01-04 12:40:23	134	SingleUp	DXC4B2P
2025-01-04 12:43:16	125	SingleDown	DXC4B2P
2025-01-04 12:46:09	128	SingleUp	DXC4B2P
2025-01-04 12:49:02	119	SingleDown	DXC4B2P
2025-01-04 12:51:55	141	SingleUp	DXC4B2P
2025-01-04 12:54:49	117	SingleDown	DXC4B2P
2025-01-04 12:57:42	132	SingleUp	DXC4B2P
2025-01-04 13:00:35	169	SingleUp	DXC4B2P
2025-01-04 13:03:28	146	SingleDown	DXC4B2P
2025-01-04 13:06:21	161	SingleUp	DXC4B2P
2025-01-04 13:09:15	156	SingleDown	DXC4B2P
2025-01-04 13:12:08	159	SingleUp	DXC4B2P
2025-01-04 13:15:01	152	SingleDown	DXC4B2P
2025-01-04 13:17:54	165	SingleUp	DXC4B2P
2025-01-04 13:20:47	152	SingleDown	DXC4B2P
2025-01-04 13:23:41	171	SingleUp	DXC4B2P
2025-01-04 13:26:34	171	Flat	DXC4B2P
2025-01-04 13:29:27	162	SingleDown	DXC4B2P
2025-01-04 13:32:20	151	SingleDown	DXC4B2P
2025-01-04 13:35:13	158	SingleUp	DXC4B2P
2025-01-04 13:38:07	146	SingleDown	DXC4B2P
2025-01-04 13:41:00	164	SingleUp	DXC4B2P
2025-01-04 13:43:53	175	SingleUp	DXC4B2P
2025-01-04 13:46:46	161	SingleDown	DXC4B2P
2025-01-04 13:49:39	174	SingleUp	DXC4B2P
2025-01-04 13:52:33	173	Flat	DXC4B2P
2025-01-04 13:55:26	152	SingleDown	DXC4B2P
2025-01-04 13:58:19	171	SingleUp	DXC4B2P
2025-01-04 14:01:12	157	SingleDown	DXC4B2P
2025-01-04 14:04:05	147	SingleDown	DXC4B2P
2025-01-04 14:06:59	157	SingleUp	DXC4B2P
2025-01-04 14:09:52	167	SingleUp	DXC4B2P
2025-01-04 14:12:45	156	SingleDown	DXC4B2P
2025-01-04 14:15:38	166	SingleUp	DXC4B2P
2025-01-04 14:18:31	171	SingleUp	DXC4B2P
2025-01-04 14:21:25	150	SingleDown	DXC4B2P
2025-01-04 14:24:18	165	SingleUp	DXC4B2P
2025-01-04 14:27:11	167	FortyFiveUp	DXC4B2P
2025-01-04 14:30:04	155	SingleDown	DXC4B2P
2025-01-04 14:32:57	161	SingleUp	DXC4B2P
2025-01-04 14:35:51	148	SingleDown	DXC4B2P
2025-01-04 14:38:44	165	SingleUp	DXC4B2P
2025-01-04 14:41:37	151	SingleDown	DXC4B2P
2025-01-04 14:44:30	170	SingleUp	DXC4B2P
2025-01-04 14:47:23	166	SingleDown	DXC4B2P
2025-01-04 14:50:16	159	SingleDown	DXC4B2P
2025-01-04 14:53:10	166	SingleUp	DXC4B2P
2025-01-04 14:56:03	167	Flat	DXC4B2P
2025-01-04 14:58:56	167	Flat	DXC4B2P
2025-01-04 15:01:49	101	SingleDown	DXC4B2P
2025-01-04 15:04:42	107	SingleUp	DXC4B2P
2025-01-04 15:07:36	112	SingleUp	DXC4B2P
2025-01-04 15:10:29	114	FortyFiveUp	DXC4B2P
2025-01-04 15:13:22	127	SingleUp	DXC4B2P
2025-01-04 15:16:15	119	SingleDown	DXC4B2P
2025-01-04 15:19:08	119	Flat	DXC4B2P
2025-01-04 15:22:02	118	Flat	DXC4B2P
2025-01-04 15:24:55	126	SingleUp	DXC4B2P
2025-01-04 15:27:48	101	SingleDown	DXC4B2P
2025-01-04 15:30:41	110	SingleUp	DXC4B2P
2025-01-04 15:33:34	118	SingleUp	DXC4B2P
2025-01-04 15:36:28	111	SingleDown	DXC4B2P
2025-01-04 15:39:21	120	SingleUp	DXC4B2P
2025-01-04 15:42:14	121	Flat	DXC4B2P
2025-01-04 15:45:07	108	SingleDown	DXC4B2P
2025-01-04 15:48:00	125	SingleUp	DXC4B2P
2025-01-04 15:50:54	116	SingleDown	DXC4B2P
2025-01-04 15:53:47	102	SingleDown	DXC4B2P
2025-01-04 15:56:40	120	SingleUp	DXC4B2P
2025-01-04 15:59:33	130	SingleUp	DXC4B2P
2025-01-04 16:02:26	108	SingleDown	DXC4B2P
2025-01-04 16:05:20	117	SingleUp	DXC4B2P
2025-01-04 16:08:13	117	Flat	DXC4B2P
2025-01-04 16:11:06	106	SingleDown	DXC4B2P
2025-01-04 16:13:59	114	SingleUp	DXC4B2P
2025-01-04 16:16:52	129	SingleUp	DXC4B2P
2025-01-04 16:19:46	102	SingleDown	DXC4B2P
2025-01-04 16:22:39	101	Flat	DXC4B2P
2025-01-04 16:25:32	108	SingleUp	DXC4B2P
2025-01-04 16:28:25	109	Flat	DXC4B2P
2025-01-04 16:31:18	117	SingleUp	DXC4B2P
2025-01-04 16:34:11	115	FortyFiveDown	DXC4B2P
2025-01-04 16:37:05	115	Flat	DXC4B2P
2025-01-04 16:39:58	120	SingleUp	DXC4B2P
2025-01-04 16:42:51	104	SingleDown	DXC4B2P
2025-01-04 16:45:44	120	SingleUp	DXC4B2P
2025-01-04 16:48:37	113	SingleDown	DXC4B2P
2025-01-04 16:51:31	124	SingleUp	DXC4B2P
2025-01-04 16:54:24	110	SingleDown	DXC4B2P
2025-01-04 16:57:17	104	SingleDown	DXC4B2P
2025-01-04 17:00:10	128	SingleUp	DXC4B2P
2025-01-04 17:03:03	130	FortyFiveUp	DXC4B2P
2025-01-04 17:05:57	128	FortyFiveDown	DXC4B2P
2025-01-04 17:08:50	101	SingleDown	DXC4B2P
2025-01-04 17:11:43	121	SingleUp	DXC4B2P
2025-01-04 17:14:36	120	Flat	DXC4B2P
2025-01-04 17:17:29	120	Flat	DXC4B2P
2025-01-04 17:20:23	123	SingleUp	DXC4B2P
2025-01-04 17:23:16	113	SingleDown	DXC4B2P
2025-01-04 17:26:09	115	FortyFiveUp	DXC4B2P
2025-01-04 17:29:02	112	SingleDown	DXC4B2P
2025-01-04 17:31:55	128	SingleUp	DXC4B2P
2025-01-04 17:34:49	120	SingleDown	DXC4B2P
2025-01-04 17:37:42	119	Flat	DXC4B2P
2025-01-04 17:40:35	103	SingleDown	DXC4B2P
2025-01-04 17:43:28	122	SingleUp	DXC4B2P
2025-01-04 17:46:21	105	SingleDown	DXC4B2P
2025-01-04 17:49:15	106	Flat	DXC4B2P
2025-01-04 17:52:08	106	Flat	DXC4B2P
2025-01-04 17:55:01	119	SingleUp	DXC4B2P
2025-01-04 17:57:54	113	SingleDown	DXC4B2P
2025-01-04 18:00:47	124	SingleUp	DXC4B2P
2025-01-04 18:03:41	102	SingleDown	DXC4B2P
2025-01-04 18:06:34	107	SingleUp	DXC4B2P
2025-01-04 18:09:27	104	SingleDown	DXC4B2P
2025-01-04 18:12:20	104	Flat	DXC4B2P
2025-01-04 18:15:13	116	SingleUp	DXC4B2P
2025-01-04 18:18:07	118	FortyFiveUp	DXC4B2P
2025-01-04 18:21:00	101	SingleDown	DXC4B2P
2025-01-04 18:23:53	104	SingleUp	DXC4B2P
2025-01-04 18:26:46	123	SingleUp	DXC4B2P
2025-01-04 18:29:39	121	FortyFiveDown	DXC4B2P
2025-01-04 18:32:32	111	SingleDown	DXC4B2P
2025-01-04 18:35:26	106	SingleDown	DXC4B2P
2025-01-04 18:38:19	129	SingleUp	DXC4B2P
2025-01-04 18:41:12	110	SingleDown	DXC4B2P
2025-01-04 18:44:05	126	SingleUp	DXC4B2P
2025-01-04 18:46:58	129	SingleUp	DXC4B2P
2025-01-04 18:49:52	119	SingleDown	DXC4B2P
2025-01-04 18:52:45	127	SingleUp	DXC4B2P
2025-01-04 18:55:38	125	FortyFiveDown	DXC4B2P
2025-01-04 18:58:31	129	SingleUp	DXC4B2P
2025-01-04 19:01:24	130	Flat	DXC4B2P
2025-01-04 19:04:18	112	SingleDown	DXC4B2P
2025-01-04 19:07:11	132	SingleUp	DXC4B2P
2025-01-04 19:10:04	115	SingleDown	DXC4B2P
2025-01-04 19:12:57	123	SingleUp	DXC4B2P
2025-01-04 19:15:50	125	FortyFiveUp	DXC4B2P
2025-01-04 19:18:44	121	SingleDown	DXC4B2P
2025-01-04 19:21:37	127	SingleUp	DXC4B2P
2025-01-04 19:24:30	112	SingleDown	DXC4B2P
2025-01-04 19:27:23	123	SingleUp	DXC4B2P
2025-01-04 19:30:16	135	SingleUp	DXC4B2P
2025-01-04 19:33:10	124	SingleDown	DXC4B2P
2025-01-04 19:36:03	117	SingleDown	DXC4B2P
2025-01-04 19:38:56	125	SingleUp	DXC4B2P
2025-01-04 19:41:49	121	SingleDown	DXC4B2P
2025-01-04 19:44:42	133	SingleUp	DXC4B2P
2025-01-04 19:47:36	124	SingleDown	DXC4B2P
2025-01-04 19:50:29	136	SingleUp	DXC4B2P
2025-01-04 19:53:22	136	Flat	DXC4B2P
2025-01-04 19:56:15	122	SingleDown	DXC4B2P
2025-01-04 19:59:08	138	SingleUp	DXC4B2P
2025-01-04 20:02:02	153	SingleUp	DXC4B2P
2025-01-04 20:04:55	141	SingleDown	DXC4B2P
2025-01-04 20:07:48	156	SingleUp	DXC4B2P
2025-01-04 20:10:41	150	SingleDown	DXC4B2P
2025-01-04 20:13:34	157	SingleUp	DXC4B2P
2025-01-04 20:16:28	161	SingleUp	DXC4B2P
2025-01-04 20:19:21	157	SingleDown	DXC4B2P
2025-01-04 20:22:14	166	SingleUp	DXC4B2P
2025-01-04 20:25:07	146	SingleDown	DXC4B2P
2025-01-04 20:28:00	143	SingleDown	DXC4B2P
2025-01-04 20:30:53	159	SingleUp	DXC4B2P
2025-01-04 20:33:47	146	SingleDown	DXC4B2P
2025-01-04 20:36:40	163	SingleUp	DXC4B2P
2025-01-04 20:39:33	159	SingleDown	DXC4B2P
2025-01-04 20:42:26	163	SingleUp	DXC4B2P
2025-01-04 20:45:19	165	FortyFiveUp	DXC4B2P
2025-01-04 20:48:13	159	SingleDown	DXC4B2P
2025-01-04 20:51:06	152	SingleDown	DXC4B2P
2025-01-04 20:53:59	143	SingleDown	DXC4B2P
2025-01-04 20:56:52	138	SingleDown	DXC4B2P
2025-01-04 20:59:45	145	SingleUp	DXC4B2P
2025-01-04 21:02:39	155	SingleUp	DXC4B2P
2025-01-04 21:05:32	156	Flat	DXC4B2P
2025-01-04 21:08:25	146	SingleDown	DXC4B2P
2025-01-04 21:11:18	145	Flat	DXC4B2P
2025-01-04 21:14:11	162	SingleUp	DXC4B2P
2025-01-04 21:17:05	155	SingleDown	DXC4B2P
2025-01-04 21:19:58	150	SingleDown	DXC4B2P
2025-01-04 21:22:51	142	SingleDown	DXC4B2P
2025-01-04 21:25:44	155	SingleUp	DXC4B2P
2025-01-04 21:28:37	150	SingleDown	DXC4B2P
2025-01-04 21:31:31	147	SingleDown	DXC4B2P
2025-01-04 21:34:24	158	SingleUp	DXC4B2P
2025-01-04 21:37:17	149	SingleDown	DXC4B2P
2025-01-04 21:40:10	140	SingleDown	DXC4B2P
2025-01-04 21:43:03	150	SingleUp	DXC4B2P
2025-01-04 21:45:57	165	SingleUp	DXC4B2P
2025-01-04 21:48:50	157	SingleDown	DXC4B2P
2025-01-04 21:51:43	165	SingleUp	DXC4B2P
2025-01-04 21:54:36	152	SingleDown	DXC4B2P
2025-01-04 21:57:29	143	SingleDown	DXC4B2P
2025-01-04 22:00:23	105	SingleDown	DXC4B2P
2025-01-04 22:03:16	96	SingleDown	DXC4B2P
2025-01-04 22:06:09	110	SingleUp	DXC4B2P
2025-01-04 22:09:02	93	SingleDown	DXC4B2P
2025-01-04 22:11:55	95	FortyFiveUp	DXC4B2P
2025-01-04 22:14:49	114	SingleUp	DXC4B2P
2025-01-04 22:17:42	113	Flat	DXC4B2P
2025-01-04 22:20:35	96	SingleDown	DXC4B2P
2025-01-04 22:23:28	97	Flat	DXC4B2P
2025-01-04 22:26:21	108	SingleUp	DXC4B2P
2025-01-04 22:29:14	102	SingleDown	DXC4B2P
2025-01-04 22:32:08	110	SingleUp	DXC4B2P
2025-01-04 22:35:01	86	SingleDown	DXC4B2P
2025-01-04 22:37:54	105	SingleUp	DXC4B2P
2025-01-04 22:40:47	90	SingleDown	DXC4B2P
2025-01-04 22:43:40	101	SingleUp	DXC4B2P
2025-01-04 22:46:34	99	FortyFiveDown	DXC4B2P
2025-01-04 22:49:27	103	SingleUp	DXC4B2P
2025-01-04 22:52:20	98	SingleDown	DXC4B2P
2025-01-04 22:55:13	109	SingleUp	DXC4B2P
2025-01-04 22:58:06	94	SingleDown	DXC4B2P
2025-01-04 23:01:00	86	SingleDown	DXC4B2P
2025-01-04 23:03:53	90	SingleUp	DXC4B2P
2025-01-04 23:06:46	84	SingleDown	DXC4B2P
2025-01-04 23:09:39	84	Flat	DXC4B2P
2025-01-04 23:12:32	93	SingleUp	DXC4B2P
2025-01-04 23:15:26	88	SingleDown	DXC4B2P
2025-01-04 23:18:19	86	FortyFiveDown	DXC4B2P
2025-01-04 23:21:12	81	SingleDown	DXC4B2P
2025-01-04 23:24:05	103	SingleUp	DXC4B2P
2025-01-04 23:26:58	84	SingleDown	DXC4B2P
2025-01-04 23:29:52	81	SingleDown	DXC4B2P
2025-01-04 23:32:45	91	SingleUp	DXC4B2P
2025-01-04 23:35:38	95	SingleUp	DXC4B2P
2025-01-04 23:38:31	92	SingleDown	DXC4B2P
2025-01-04 23:41:24	96	SingleUp	DXC4B2P
2025-01-04 23:44:18	106	SingleUp	DXC4B2P
2025-01-04 23:47:11	95	SingleDown	DXC4B2P
2025-01-04 23:50:04	85	SingleDown	DXC4B2P
2025-01-04 23:52:57	87	FortyFiveUp	DXC4B2P
2025-01-04 23:55:50	98	SingleUp	DXC4B2P
2025-01-04 23:58:44	87	SingleDown	DXC4B2P
2025-01-05 00:01:37	103	SingleUp	DXC4B2P
2025-01-05 00:04:30	82	SingleDown	DXC4B2P
2025-01-05 00:07:23	92	SingleUp	DXC4B2P
2025-01-05 00:10:16	93	Flat	DXC4B2P
2025-01-05 00:13:10	90	SingleDown	DXC4B2P
2025-01-05 00:16:03	94	SingleUp	DXC4B2P
2025-01-05 00:18:56	96	FortyFiveUp	DXC4B2P
2025-01-05 00:21:49	82	SingleDown	DXC4B2P
2025-01-05 00:24:42	85	SingleUp	DXC4B2P
2025-01-05 00:27:35	99	SingleUp	DXC4B2P
2025-01-05 00:30:29	84	SingleDown	DXC4B2P
2025-01-05 00:33:22	82	FortyFiveDown	DXC4B2P
2025-01-05 00:36:15	104	SingleUp	DXC4B2P
2025-01-05 00:39:08	98	SingleDown	DXC4B2P
2025-01-05 00:42:01	100	FortyFiveUp	DXC4B2P
2025-01-05 00:44:55	96	SingleDown	DXC4B2P
2025-01-05 00:47:48	89	SingleDown	DXC4B2P
2025-01-05 00:50:41	103	SingleUp	DXC4B2P
2025-01-05 00:53:34	99	SingleDown	DXC4B2P
2025-01-05 00:56:27	82	SingleDown	DXC4B2P
2025-01-05 00:59:21	101	SingleUp	DXC4B2P
2025-01-05 01:02:14	87	SingleDown	DXC4B2P
2025-01-05 01:05:07	95	SingleUp	DXC4B2P
2025-01-05 01:08:00	89	SingleDown	DXC4B2P
2025-01-05 01:10:53	73	SingleDown	DXC4B2P
2025-01-05 01:13:47	80	SingleUp	DXC4B2P
2025-01-05 01:16:40	89	SingleUp	DXC4B2P
2025-01-05 01:19:33	91	FortyFiveUp	DXC4B2P
2025-01-05 01:22:26	72	SingleDown	DXC4B2P
2025-01-05 01:25:19	90	SingleUp	DXC4B2P
2025-01-05 01:28:13	78	SingleDown	DXC4B2P
2025-01-05 01:31:06	80	FortyFiveUp	DXC4B2P
2025-01-05 01:33:59	91	SingleUp	DXC4B2P
2025-01-05 01:36:52	72	SingleDown	DXC4B2P
2025-01-05 01:39:45	79	SingleUp	DXC4B2P
2025-01-05 01:42:39	100	SingleUp	DXC4B2P
2025-01-05 01:45:32	92	SingleDown	DXC4B2P
2025-01-05 01:48:25	96	SingleUp	DXC4B2P
2025-01-05 01:51:18	88	SingleDown	DXC4B2P
2025-01-05 01:54:11	100	SingleUp	DXC4B2P
2025-01-05 01:57:05	78	SingleDown	DXC4B2P
2025-01-05 01:59:58	95	SingleUp	DXC4B2P
2025-01-05 02:02:51	84	SingleDown	DXC4B2P
2025-01-05 02:05:44	67	SingleDown	DXC4B2P
2025-01-05 02:08:37	79	SingleUp	DXC4B2P
2025-01-05 02:11:30	79	Flat	DXC4B2P
2025-01-05 02:14:24	80	Flat	DXC4B2P
2025-01-05 02:17:17	90	SingleUp	DXC4B2P
2025-01-05 02:20:10	74	SingleDown	DXC4B2P
2025-01-05 02:23:03	79	SingleUp	DXC4B2P
2025-01-05 02:25:56	81	FortyFiveUp	DXC4B2P
2025-01-05 02:28:50	65	SingleDown	DXC4B2P
2025-01-05 02:31:43	86	SingleUp	DXC4B2P
2025-01-05 02:34:36	84	FortyFiveDown	DXC4B2P
2025-01-05 02:37:29	66	SingleDown	DXC4B2P
2025-01-05 02:40:22	79	SingleUp	DXC4B2P
2025-01-05 02:43:16	68	SingleDown	DXC4B2P
2025-01-05 02:46:09	80	SingleUp	DXC4B2P
2025-01-05 02:49:02	68	SingleDown	DXC4B2P
2025-01-05 02:51:55	74	SingleUp	DXC4B2P
2025-01-05 02:54:48	88	SingleUp	DXC4B2P
2025-01-05 02:57:42	85	SingleDown	DXC4B2P
2025-01-05 03:00:35	101	SingleUp	DXC4B2P
2025-01-05 03:03:28	106	SingleUp	DXC4B2P
2025-01-05 03:06:21	115	SingleUp	DXC4B2P
2025-01-05 03:09:14	99	SingleDown	DXC4B2P
2025-01-05 03:12:08	114	SingleUp	DXC4B2P
2025-01-05 03:15:01	95	SingleDown	DXC4B2P
2025-01-05 03:17:54	107	SingleUp	DXC4B2P
2025-01-05 03:20:47	98	SingleDown	DXC4B2P
2025-01-05 03:23:40	111	SingleUp	DXC4B2P
2025-01-05 03:26:34	104	SingleDown	DXC4B2P
2025-01-05 03:29:27	112	SingleUp	DXC4B2P
2025-01-05 03:32:20	118	SingleUp	DXC4B2P
2025-01-05 03:35:13	96	SingleDown	DXC4B2P
2025-01-05 03:38:06	96	Flat	DXC4B2P
2025-01-05 03:41:00	122	SingleUp	DXC4B2P
2025-01-05 03:43:53	95	SingleDown	DXC4B2P
2025-01-05 03:46:46	109	SingleUp	DXC4B2P
2025-01-05 03:49:39	98	SingleDown	DXC4B2P
2025-01-05 03:52:32	111	SingleUp	DXC4B2P
2025-01-05 03:55:26	115	SingleUp	DXC4B2P
2025-01-05 03:58:19	123	SingleUp	DXC4B2P
2025-01-05 04:01:12	124	Flat	DXC4B2P
2025-01-05 04:04:05	114	SingleDown	DXC4B2P
2025-01-05 04:06:58	108	SingleDown	DXC4B2P
2025-01-05 04:09:51	121	SingleUp	DXC4B2P
2025-01-05 04:12:45	101	SingleDown	DXC4B2P
2025-01-05 04:15:38	100	Flat	DXC4B2P
2025-01-05 04:18:31	122	SingleUp	DXC4B2P
2025-01-05 04:21:24	123	Flat	DXC4B2P
2025-01-05 04:24:17	124	Flat	DXC4B2P
2025-01-05 04:27:11	124	Flat	DXC4B2P
2025-01-05 04:30:04	104	SingleDown	DXC4B2P
2025-01-05 04:32:57	107	SingleUp	DXC4B2P
2025-01-05 04:35:50	116	SingleUp	DXC4B2P
2025-01-05 04:38:43	124	SingleUp	DXC4B2P
2025-01-05 04:41:37	105	SingleDown	DXC4B2P
2025-01-05 04:44:30	119	SingleUp	DXC4B2P
2025-01-05 04:47:23	123	SingleUp	DXC4B2P
2025-01-05 04:50:16	113	SingleDown	DXC4B2P
2025-01-05 04:53:09	101	SingleDown	DXC4B2P
2025-01-05 04:56:03	111	SingleUp	DXC4B2P
2025-01-05 04:58:56	106	SingleDown	DXC4B2P
2025-01-05 05:01:49	134	SingleUp	DXC4B2P
2025-01-05 05:04:42	132	FortyFiveDown	DXC4B2P
2025-01-05 05:07:35	111	SingleDown	DXC4B2P
2025-01-05 05:10:29	133	SingleUp	DXC4B2P
2025-01-05 05:13:22	128	SingleDown	DXC4B2P
2025-01-05 05:16:15	117	SingleDown	DXC4B2P
2025-01-05 05:19:08	116	Flat	DXC4B2P
2025-01-05 05:22:01	115	Flat	DXC4B2P
2025-01-05 05:24:55	107	SingleDown	DXC4B2P
2025-01-05 05:27:48	119	SingleUp	DXC4B2P
2025-01-05 05:30:41	114	SingleDown	DXC4B2P
2025-01-05 05:33:34	114	Flat	DXC4B2P
2025-01-05 05:36:27	110	SingleDown	DXC4B2P
2025-01-05 05:39:21	128	SingleUp	DXC4B2P
2025-01-05 05:42:14	106	SingleDown	DXC4B2P
2025-01-05 05:45:07	110	SingleUp	DXC4B2P
2025-01-05 05:48:00	128	SingleUp	DXC4B2P
2025-01-05 05:50:53	116	SingleDown	DXC4B2P
2025-01-05 05:53:47	119	SingleUp	DXC4B2P
2025-01-05 05:56:40	114	SingleDown	DXC4B2P
2025-01-05 05:59:33	133	SingleUp	DXC4B2P
2025-01-05 06:02:26	121	SingleDown	DXC4B2P
2025-01-05 06:05:19	112	SingleDown	DXC4B2P
2025-01-05 06:08:12	138	SingleUp	DXC4B2P
2025-01-05 06:11:06	113	SingleDown	DXC4B2P
2025-01-05 06:13:59	138	SingleUp	DXC4B2P
2025-01-05 06:16:52	113	SingleDown	DXC4B2P
2025-01-05 06:19:45	128	SingleUp	DXC4B2P
2025-01-05 06:22:38	130	FortyFiveUp	DXC4B2P
2025-01-05 06:25:32	137	SingleUp	DXC4B2P
2025-01-05 06:28:25	125	SingleDown	DXC4B2P
2025-01-05 06:31:18	112	SingleDown	DXC4B2P
2025-01-05 06:34:11	140	SingleUp	DXC4B2P
2025-01-05 06:37:04	129	SingleDown	DXC4B2P
2025-01-05 06:39:58	116	SingleDown	DXC4B2P
2025-01-05 06:42:51	112	SingleDown	DXC4B2P
2025-01-05 06:45:44	137	SingleUp	DXC4B2P
2025-01-05 06:48:37	139	FortyFiveUp	DXC4B2P
2025-01-05 06:51:30	123	SingleDown	DXC4B2P
2025-01-05 06:54:24	127	SingleUp	DXC4B2P
2025-01-05 06:57:17	122	SingleDown	DXC4B2P
2025-01-05 07:00:10	125	SingleUp	DXC4B2P
2025-01-05 07:03:03	126	Flat	DXC4B2P
2025-01-05 07:05:56	127	Flat	DXC4B2P
2025-01-05 07:08:50	133	SingleUp	DXC4B2P
2025-01-05 07:11:43	129	SingleDown	DXC4B2P
2025-01-05 07:14:36	128	Flat	DXC4B2P
2025-01-05 07:17:29	118	SingleDown	DXC4B2P
2025-01-05 07:20:22	130	SingleUp	DXC4B2P
2025-01-05 07:23:16	122	SingleDown	DXC4B2P
2025-01-05 07:26:09	129	SingleUp	DXC4B2P
2025-01-05 07:29:02	124	SingleDown	DXC4B2P
2025-01-05 07:31:55	123	Flat	DXC4B2P
2025-01-05 07:34:48	120	SingleDown	DXC4B2P
2025-01-05 07:37:42	119	Flat	DXC4B2P
2025-01-05 07:40:35	120	Flat	DXC4B2P
2025-01-05 07:43:28	121	Flat	DXC4B2P
2025-01-05 07:46:21	124	SingleUp	DXC4B2P
2025-01-05 07:49:14	128	SingleUp	DXC4B2P
2025-01-05 07:52:08	141	SingleUp	DXC4B2P
2025-01-05 07:55:01	137	SingleDown	DXC4B2P
2025-01-05 07:57:54	118	SingleDown	DXC4B2P
2025-01-05 08:00:47	120	FortyFiveUp	DXC4B2P
2025-01-05 08:03:40	115	SingleDown	DXC4B2P
2025-01-05 08:06:33	124	SingleUp	DXC4B2P
2025-01-05 08:09:27	112	SingleDown	DXC4B2P
2025-01-05 08:12:20	115	SingleUp	DXC4B2P
2025-01-05 08:15:13	133	SingleUp	DXC4B2P
2025-01-05 08:18:06	120	SingleDown	DXC4B2P
2025-01-05 08:20:59	122	FortyFiveUp	DXC4B2P
2025-01-05 08:23:53	112	SingleDown	DXC4B2P
2025-01-05 08:26:46	121	SingleUp	DXC4B2P
2025-01-05 08:29:39	128	SingleUp	DXC4B2P
2025-01-05 08:32:32	129	Flat	DXC4B2P
2025-01-05 08:35:25	117	SingleDown	DXC4B2P
2025-01-05 08:38:19	129	SingleUp	DXC4B2P
2025-01-05 08:41:12	127	FortyFiveDown	DXC4B2P
2025-01-05 08:44:05	130	SingleUp	DXC4B2P
2025-01-05 08:46:58	110	SingleDown	DXC4B2P
2025-01-05 08:49:51	107	SingleDown	DXC4B2P
2025-01-05 08:52:45	116	SingleUp	DXC4B2P
2025-01-05 08:55:38	128	SingleUp	DXC4B2P
2025-01-05 08:58:31	117	SingleDown	DXC4B2P
2025-01-05 09:01:24	138	SingleUp	DXC4B2P
2025-01-05 09:04:17	145	SingleUp	DXC4B2P
2025-01-05 09:07:11	139	SingleDown	DXC4B2P
2025-01-05 09:10:04	141	FortyFiveUp	DXC4B2P
2025-01-05 09:12:57	149	SingleUp	DXC4B2P
2025-01-05 09:15:50	139	SingleDown	DXC4B2P
2025-01-05 09:18:43	160	SingleUp	DXC4B2P
2025-01-05 09:21:37	134	SingleDown	DXC4B2P
2025-01-05 09:24:30	145	SingleUp	DXC4B2P
2025-01-05 09:27:23	139	SingleDown	DXC4B2P
2025-01-05 09:30:16	163	SingleUp	DXC4B2P
2025-01-05 09:33:09	141	SingleDown	DXC4B2P
2025-01-05 09:36:03	135	SingleDown	DXC4B2P
2025-01-05 09:38:56	163	SingleUp	DXC4B2P
2025-01-05 09:41:49	142	SingleDown	DXC4B2P
2025-01-05 09:44:42	152	SingleUp	DXC4B2P
2025-01-05 09:47:35	147	SingleDown	DXC4B2P
2025-01-05 09:50:29	137	SingleDown	DXC4B2P
2025-01-05 09:53:22	148	SingleUp	DXC4B2P
2025-01-05 09:56:15	145	SingleDown	DXC4B2P
2025-01-05 09:59:08	150	SingleUp	DXC4B2P
2025-01-05 10:02:01	150	Flat	DXC4B2P
2025-01-05 10:04:54	161	SingleUp	DXC4B2P
2025-01-05 10:07:48	147	SingleDown	DXC4B2P
2025-01-05 10:10:41	172	SingleUp	DXC4B2P
2025-01-05 10:13:34	154	SingleDown	DXC4B2P
2025-01-05 10:16:27	171	SingleUp	DXC4B2P
2025-01-05 10:19:20	152	SingleDown	DXC4B2P
2025-01-05 10:22:14	159	SingleUp	DXC4B2P
2025-01-05 10:25:07	151	SingleDown	DXC4B2P
2025-01-05 10:28:00	165	SingleUp	DXC4B2P
2025-01-05 10:30:53	159	SingleDown	DXC4B2P
2025-01-05 10:33:46	158	Flat	DXC4B2P
2025-01-05 10:36:40	166	SingleUp	DXC4B2P
2025-01-05 10:39:33	173	SingleUp	DXC4B2P
2025-01-05 10:42:26	156	SingleDown	DXC4B2P
2025-01-05 10:45:19	164	SingleUp	DXC4B2P
2025-01-05 10:48:12	174	SingleUp	DXC4B2P
2025-01-05 10:51:06	169	SingleDown	DXC4B2P
2025-01-05 10:53:59	159	SingleDown	DXC4B2P
2025-01-05 10:56:52	151	SingleDown	DXC4B2P
2025-01-05 10:59:45	159	SingleUp	DXC4B2P
2025-01-05 11:02:38	137	SingleDown	DXC4B2P
2025-01-05 11:05:32	159	SingleUp	DXC4B2P
2025-01-05 11:08:25	151	SingleDown	DXC4B2P
2025-01-05 11:11:18	141	SingleDown	DXC4B2P
2025-01-05 11:14:11	137	SingleDown	DXC4B2P
2025-01-05 11:17:04	156	SingleUp	DXC4B2P
2025-01-05 11:19:58	137	SingleDown	DXC4B2P
2025-01-05 11:22:51	158	SingleUp	DXC4B2P
2025-01-05 11:25:44	136	SingleDown	DXC4B2P
2025-01-05 11:28:37	138	FortyFiveUp	DXC4B2P
2025-01-05 11:31:30	155	SingleUp	DXC4B2P
2025-01-05 11:34:24	143	SingleDown	DXC4B2P
2025-01-05 11:37:17	149	SingleUp	DXC4B2P
2025-01-05 11:40:10	149	Flat	DXC4B2P
2025-01-05 11:43:03	148	Flat	DXC4B2P
2025-01-05 11:45:56	160	SingleUp	DXC4B2P
2025-01-05 11:48:49	151	SingleDown	DXC4B2P
2025-01-05 11:51:43	143	SingleDown	DXC4B2P
2025-01-05 11:54:36	146	SingleUp	DXC4B2P
2025-01-05 11:57:29	149	SingleUp	DXC4B2P
2025-01-05 12:00:22	126	SingleDown	DXC4B2P
2025-01-05 12:03:15	135	SingleUp	DXC4B2P
2025-01-05 12:06:09	145	SingleUp	DXC4B2P
2025-01-05 12:09:02	133	SingleDown	DXC4B2P
2025-01-05 12:11:55	129	SingleDown	DXC4B2P
2025-01-05 12:14:48	128	Flat	DXC4B2P
2025-01-05 12:17:41	143	SingleUp	DXC4B2P
2025-01-05 12:20:35	136	SingleDown	DXC4B2P
2025-01-05 12:23:28	144	SingleUp	DXC4B2P
2025-01-05 12:26:21	116	SingleDown	DXC4B2P
2025-01-05 12:29:14	132	SingleUp	DXC4B2P
2025-01-05 12:32:07	121	SingleDown	DXC4B2P
2025-01-05 12:35:01	118	SingleDown	DXC4B2P
2025-01-05 12:37:54	123	SingleUp	DXC4B2P
2025-01-05 12:40:47	135	SingleUp	DXC4B2P
2025-01-05 12:43:40	126	SingleDown	DXC4B2P
2025-01-05 12:46:33	143	SingleUp	DXC4B2P
2025-01-05 12:49:27	132	SingleDown	DXC4B2P
2025-01-05 12:52:20	131	Flat	DXC4B2P
2025-01-05 12:55:13	124	SingleDown	DXC4B2P
2025-01-05 12:58:06	117	SingleDown	DXC4B2P
2025-01-05 13:00:59	168	SingleUp	DXC4B2P
2025-01-05 13:03:53	153	SingleDown	DXC4B2P
2025-01-05 13:06:46	154	Flat	DXC4B2P
2025-01-05 13:09:39	147	SingleDown	DXC4B2P
2025-01-05 13:12:32	152	SingleUp	DXC4B2P
2025-01-05 13:15:25	170	SingleUp	DXC4B2P
2025-01-05 13:18:19	174	SingleUp	DXC4B2P
2025-01-05 13:21:12	151	SingleDown	DXC4B2P
2025-01-05 13:24:05	164	SingleUp	DXC4B2P
2025-01-05 13:26:58	155	SingleDown	DXC4B2P
2025-01-05 13:29:51	160	SingleUp	DXC4B2P
2025-01-05 13:32:45	151	SingleDown	DXC4B2P
2025-01-05 13:35:38	168	SingleUp	DXC4B2P
2025-01-05 13:38:31	167	Flat	DXC4B2P
2025-01-05 13:41:24	165	FortyFiveDown	DXC4B2P
2025-01-05 13:44:17	172	SingleUp	DXC4B2P
2025-01-05 13:47:10	148	SingleDown	DXC4B2P
2025-01-05 13:50:04	169	SingleUp	DXC4B2P
2025-01-05 13:52:57	173	SingleUp	DXC4B2P
2025-01-05 13:55:50	153	SingleDown	DXC4B2P
2025-01-05 13:58:43	151	FortyFiveDown	DXC4B2P
2025-01-05 14:01:36	156	SingleUp	DXC4B2P
2025-01-05 14:04:30	175	SingleUp	DXC4B2P
2025-01-05 14:07:23	154	SingleDown	DXC4B2P
2025-01-05 14:10:16	166	SingleUp	DXC4B2P
2025-01-05 14:13:09	159	SingleDown	DXC4B2P
2025-01-05 14:16:02	160	Flat	DXC4B2P
2025-01-05 14:18:56	171	SingleUp	DXC4B2P
2025-01-05 14:21:49	165	SingleDown	DXC4B2P
2025-01-05 14:24:42	174	SingleUp	DXC4B2P
2025-01-05 14:27:35	160	SingleDown	DXC4B2P
2025-01-05 14:30:28	147	SingleDown	DXC4B2P
2025-01-05 14:33:22	163	SingleUp	DXC4B2P
2025-01-05 14:36:15	164	Flat	DXC4B2P
2025-01-05 14:39:08	151	SingleDown	DXC4B2P
2025-01-05 14:42:01	174	SingleUp	DXC4B2P
2025-01-05 14:44:54	169	SingleDown	DXC4B2P
2025-01-05 14:47:48	158	SingleDown	DXC4B2P
2025-01-05 14:50:41	174	SingleUp	DXC4B2P
2025-01-05 14:53:34	160	SingleDown	DXC4B2P
2025-01-05 14:56:27	160	Flat	DXC4B2P
2025-01-05 14:59:20	171	SingleUp	DXC4B2P
2025-01-05 15:02:14	118	SingleDown	DXC4B2P
2025-01-05 15:05:07	106	SingleDown	DXC4B2P
2025-01-05 15:08:00	103	SingleDown	DXC4B2P
2025-01-05 15:10:53	107	SingleUp	DXC4B2P
2025-01-05 15:13:46	119	SingleUp	DXC4B2P
2025-01-05 15:16:40	104	SingleDown	DXC4B2P
2025-01-05 15:19:33	125	SingleUp	DXC4B2P
2025-01-05 15:22:26	107	SingleDown	DXC4B2P
2025-01-05 15:25:19	112	SingleUp	DXC4B2P
2025-01-05 15:28:12	124	SingleUp	DXC4B2P
2025-01-05 15:31:06	126	FortyFiveUp	DXC4B2P
2025-01-05 15:33:59	127	Flat	DXC4B2P
2025-01-05 15:36:52	106	SingleDown	DXC4B2P
2025-01-05 15:39:45	122	SingleUp	DXC4B2P
2025-01-05 15:42:38	110	SingleDown	DXC4B2P
2025-01-05 15:45:31	115	SingleUp	DXC4B2P
2025-01-05 15:48:25	115	Flat	DXC4B2P
2025-01-05 15:51:18	113	FortyFiveDown	DXC4B2P
2025-01-05 15:54:11	104	SingleDown	DXC4B2P
2025-01-05 15:57:04	108	SingleUp	DXC4B2P