Name:John Doe	Date Range:2025-01-01 - 2025-01-14
Timestamp	Glucose Value (mmol/L)	Trend Arrow	Transmitter ID
2025-01-01 00:00:00	7.4	Flat	DXC4B2P
2025-01-01 00:08:00	8.6	DoubleUp	DXC4B2P
2025-01-01 00:15:00	8.1	DoubleDown	DXC4B2P
2025-01-01 00:24:00	16	DoubleUp	DXC4B2P
2025-01-01 00:31:00	12.1	DoubleDown	DXC4B2P
2025-01-01 00:38:00	4.1	DoubleDown	DXC4B2P
2025-01-01 00:48:00	8.8	DoubleUp	DXC4B2P
2025-01-01 00:55:00	11.2	DoubleUp	DXC4B2P
2025-01-01 01:04:00	6.3	DoubleDown	DXC4B2P
2025-01-01 01:13:00	6.4	Flat	DXC4B2P
2025-01-01 01:23:00	9	DoubleUp	DXC4B2P
2025-01-01 01:33:00	6	DoubleDown	DXC4B2P
2025-01-01 01:42:00	12.3	DoubleUp	DXC4B2P
2025-01-01 01:49:00	9.6	DoubleDown	DXC4B2P
2025-01-01 01:56:00	8.4	DoubleDown	DXC4B2P
2025-01-01 02:05:00	7.2	DoubleDown	DXC4B2P
2025-01-01 02:14:00	5.6	DoubleDown	DXC4B2P
2025-01-01 02:22:00	12.6	DoubleUp	DXC4B2P
2025-01-01 02:30:00	11.8	DoubleDown	DXC4B2P
2025-01-01 02:39:00	10.7	DoubleDown	DXC4B2P
2025-01-01 02:48:00	9.3	DoubleDown	DXC4B2P
2025-01-01 02:55:00	4.9	DoubleDown	DXC4B2P
2025-01-01 03:04:00	9.4	DoubleUp	DXC4B2P
2025-01-01 03:12:00	6.5	DoubleDown	DXC4B2P
2025-01-01 03:19:00	7	DoubleUp	DXC4B2P
2025-01-01 03:27:00	7.5	DoubleUp	DXC4B2P
2025-01-01 03:37:00	8.8	DoubleUp	DXC4B2P
2025-01-01 03:46:00	9.2	DoubleUp	DXC4B2P
2025-01-01 03:55:00	9.7	DoubleUp	DXC4B2P
2025-01-01 04:05:00	12.5	DoubleUp	DXC4B2P
2025-01-01 04:12:00	15.6	DoubleUp	DXC4B2P
2025-01-01 04:20:00	9.3	DoubleDown	DXC4B2P
2025-01-01 04:28:00	8.3	DoubleDown	DXC4B2P
2025-01-01 04:38:00	8	DoubleDown	DXC4B2P
2025-01-01 04:47:00	9.5	DoubleUp	DXC4B2P
2025-01-01 04:55:00	9.6	Flat	DXC4B2P
2025-01-01 05:03:00	6.6	DoubleDown	DXC4B2P
2025-01-01 05:12:00	6.1	DoubleDown	DXC4B2P
2025-01-01 05:19:00	5.6	DoubleDown	DXC4B2P
2025-01-01 05:26:00	16.3	DoubleUp	DXC4B2P
2025-01-01 05:33:00	14.7	DoubleDown	DXC4B2P
2025-01-01 05:40:00	4.8	DoubleDown	DXC4B2P
2025-01-01 05:49:00	12.7	DoubleUp	DXC4B2P
2025-01-01 05:58:00	9.7	DoubleDown	DXC4B2P
2025-01-01 06:07:00	13	DoubleUp	DXC4B2P
2025-01-01 06:14:00	9	DoubleDown	DXC4B2P
2025-01-01 06:22:00	14.8	DoubleUp	DXC4B2P
2025-01-01 06:32:00	8.1	DoubleDown	DXC4B2P
2025-01-01 06:39:00	4	DoubleDown	DXC4B2P
2025-01-01 06:49:00	5.7	DoubleUp	DXC4B2P
2025-01-01 06:59:00	12.6	DoubleUp	DXC4B2P
2025-01-01 07:09:00	9.9	DoubleDown	DXC4B2P
2025-01-01 07:17:00	15.3	DoubleUp	DXC4B2P
2025-01-01 07:24:00	13.1	DoubleDown	DXC4B2P
2025-01-01 07:32:00	9.9	DoubleDown	DXC4B2P
2025-01-01 07:42:00	6.7	DoubleDown	DXC4B2P
2025-01-01 07:50:00	7.5	DoubleUp	DXC4B2P
2025-01-01 07:58:00	10.2	DoubleUp	DXC4B2P
2025-01-01 08:06:00	8.8	DoubleDown	DXC4B2P
2025-01-01 08:15:00	7	DoubleDown	DXC4B2P
2025-01-01 08:22:00	5.4	DoubleDown	DXC4B2P
2025-01-01 08:32:00	12.8	DoubleUp	DXC4B2P
2025-01-01 08:40:00	9.9	DoubleDown	DXC4B2P
2025-01-01 08:48:00	13.8	DoubleUp	DXC4B2P
2025-01-01 08:57:00	8.8	DoubleDown	DXC4B2P
2025-01-01 09:04:00	11.3	DoubleUp	DXC4B2P
2025-01-01 09:13:00	6.2	DoubleDown	DXC4B2P
2025-01-01 09:22:00	4.9	DoubleDown	DXC4B2P
2025-01-01 09:29:00	6.6	DoubleUp	DXC4B2P
2025-01-01 09:37:00	5	DoubleDown	DXC4B2P
2025-01-01 09:44:00	12.2	DoubleUp	DXC4B2P
2025-01-01 09:54:00	4	DoubleDown	DXC4B2P
2025-01-01 10:02:00	10	DoubleUp	DXC4B2P
2025-01-01 10:12:00	6.3	DoubleDown	DXC4B2P
2025-01-01 10:22:00	6	DoubleDown	DXC4B2P
2025-01-01 10:30:00	9	DoubleUp	DXC4B2P
2025-01-01 10:37:00	5.5	DoubleDown	DXC4B2P
2025-01-01 10:45:00	13.4	DoubleUp	DXC4B2P
2025-01-01 10:52:00	9.3	DoubleDown	DXC4B2P
2025-01-01 11:01:00	13.1	DoubleUp	DXC4B2P
2025-01-01 11:08:00	9.7	DoubleDown	DXC4B2P
2025-01-01 11:16:00	5.3	DoubleDown	DXC4B2P
2025-01-01 11:26:00	8.8	DoubleUp	DXC4B2P
2025-01-01 11:33:00	13.4	DoubleUp	DXC4B2P
2025-01-01 11:42:00	9.4	DoubleDown	DXC4B2P
2025-01-01 11:51:00	5.3	DoubleDown	DXC4B2P
2025-01-01 11:58:00	5.1	SingleDown	DXC4B2P
2025-01-01 12:06:00	4.7	DoubleDown	DXC4B2P
2025-01-01 12:16:00	7.9	DoubleUp	DXC4B2P
2025-01-01 12:24:00	7.8	Flat	DXC4B2P
2025-01-01 12:33:00	4.3	DoubleDown	DXC4B2P
2025-01-01 12:42:00	9.5	DoubleUp	DXC4B2P
2025-01-01 12:49:00	12.2	DoubleUp	DXC4B2P
2025-01-01 12:57:00	12.3	Flat	DXC4B2P
2025-01-01 13:05:00	8.1	DoubleDown	DXC4B2P
2025-01-01 13:13:00	8.7	DoubleUp	DXC4B2P
2025-01-01 13:23:00	7	DoubleDown	DXC4B2P
2025-01-01 13:31:00	4.7	DoubleDown	DXC4B2P
2025-01-01 13:38:00	6	DoubleUp	DXC4B2P
2025-01-01 13:45:00	4.7	DoubleDown	DXC4B2P
2025-01-01 13:54:00	4.8	Flat	DXC4B2P
2025-01-01 14:03:00	13.2	DoubleUp	DXC4B2P
2025-01-01 14:13:00	4.9	DoubleDown	DXC4B2P
2025-01-01 14:20:00	10.3	DoubleUp	DXC4B2P
2025-01-01 14:29:00	9.5	DoubleDown	DXC4B2P
2025-01-01 14:39:00	6.1	DoubleDown	DXC4B2P
2025-01-01 14:48:00	5.9	SingleDown	DXC4B2P
2025-01-01 14:58:00	5.2	DoubleDown	DXC4B2P
2025-01-01 15:06:00	8.4	DoubleUp	DXC4B2P
2025-01-01 15:13:00	5.6	DoubleDown	DXC4B2P
2025-01-01 15:23:00	9.1	DoubleUp	DXC4B2P
2025-01-01 15:33:00	4.8	DoubleDown	DXC4B2P
2025-01-01 15:42:00	7	DoubleUp	DXC4B2P
2025-01-01 15:49:00	8.6	DoubleUp	DXC4B2P
2025-01-01 15:57:00	5.9	DoubleDown	DXC4B2P
2025-01-01 16:05:00	7.3	DoubleUp	DXC4B2P
2025-01-01 16:14:00	8.1	DoubleUp	DXC4B2P
2025-01-01 16:24:00	13.1	DoubleUp	DXC4B2P
2025-01-01 16:33:00	8.9	DoubleDown	DXC4B2P
2025-01-01 16:41:00	11.5	DoubleUp	DXC4B2P
2025-01-01 16:49:00	6.2	DoubleDown	DXC4B2P
2025-01-01 16:58:00	13	DoubleUp	DXC4B2P
2025-01-01 17:06:00	5.2	DoubleDown	DXC4B2P
2025-01-01 17:16:00	8	DoubleUp	DXC4B2P
2025-01-01 17:25:00	6.2	DoubleDown	DXC4B2P
2025-01-01 17:33:00	4.8	DoubleDown	DXC4B2P
2025-01-01 17:40:00	6	DoubleUp	DXC4B2P
2025-01-01 17:47:00	15.4	DoubleUp	DXC4B2P
2025-01-01 17:55:00	7.7	DoubleDown	DXC4B2P
2025-01-01 18:05:00	9	DoubleUp	DXC4B2P
2025-01-01 18:12:00	8.7	DoubleDown	DXC4B2P
2025-01-01 18:22:00	9.8	DoubleUp	DXC4B2P
2025-01-01 18:31:00	8.4	DoubleDown	DXC4B2P
2025-01-01 18:40:00	4.3	DoubleDown	DXC4B2P
2025-01-01 18:47:00	7.3	DoubleUp	DXC4B2P
2025-01-01 18:55:00	11.1	DoubleUp	DXC4B2P
2025-01-01 19:03:00	12.2	DoubleUp	DXC4B2P
2025-01-01 19:11:00	11.1	DoubleDown	DXC4B2P
2025-01-01 19:19:00	4.4	DoubleDown	DXC4B2P
2025-01-01 19:28:00	12.4	DoubleUp	DXC4B2P
2025-01-01 19:38:00	8.5	DoubleDown	DXC4B2P
2025-01-01 19:48:00	9	DoubleUp	DXC4B2P
2025-01-01 19:57:00	11.3	DoubleUp	DXC4B2P
2025-01-01 20:06:00	9.6	DoubleDown	DXC4B2P
2025-01-01 20:15:00	15.3	DoubleUp	DXC4B2P
2025-01-01 20:24:00	6.3	DoubleDown	DXC4B2P
2025-01-01 20:31:00	10.1	DoubleUp	DXC4B2P
2025-01-01 20:41:00	15.1	DoubleUp	DXC4B2P
2025-01-01 20:51:00	12.5	DoubleDown	DXC4B2P
2025-01-01 21:01:00	4.9	DoubleDown	DXC4B2P
2025-01-01 21:10:00	15.8	DoubleUp	DXC4B2P
2025-01-01 21:18:00	9.4	DoubleDown	DXC4B2P
2025-01-01 21:28:00	6	DoubleDown	DXC4B2P
2025-01-01 21:36:00	7	DoubleUp	DXC4B2P
2025-01-01 21:45:00	11.7	DoubleUp	DXC4B2P
2025-01-01 21:52:00	6.5	DoubleDown	DXC4B2P
2025-01-01 22:02:00	6.7	SingleUp	DXC4B2P
2025-01-01 22:09:00	4.6	DoubleDown	DXC4B2P
2025-01-01 22:17:00	3.9	DoubleDown	DXC4B2P
2025-01-01 22:27:00	9.4	DoubleUp	DXC4B2P
2025-01-01 22:36:00	9.1	DoubleDown	DXC4B2P
2025-01-01 22:43:00	11.7	DoubleUp	DXC4B2P
2025-01-01 22:53:00	8.2	DoubleDown	DXC4B2P
2025-01-01 23:01:00	6.3	DoubleDown	DXC4B2P
2025-01-01 23:11:00	6	DoubleDown	DXC4B2P
2025-01-01 23:19:00	6.7	DoubleUp	DXC4B2P
2025-01-01 23:26:00	7.4	DoubleUp	DXC4B2P
2025-01-01 23:33:00	9.9	DoubleUp	DXC4B2P
2025-01-01 23:40:00	9.4	DoubleDown	DXC4B2P
2025-01-01 23:48:00	16.1	DoubleUp	DXC4B2P
2025-01-01 23:57:00	6.1	DoubleDown	DXC4B2P
2025-01-02 00:06:00	7.6	DoubleUp	DXC4B2P
2025-01-02 00:13:00	9.4	DoubleUp	DXC4B2P
2025-01-02 00:21:00	9.6	SingleUp	DXC4B2P
2025-01-02 00:28:00	9.8	SingleUp	DXC4B2P
2025-01-02 00:36:00	6.4	DoubleDown	DXC4B2P
2025-01-02 00:46:00	15.7	DoubleUp	DXC4B2P
2025-01-02 00:54:00	5.6	DoubleDown	DXC4B2P
2025-01-02 01:02:00	5.8	SingleUp	DXC4B2P
2025-01-02 01:10:00	15.4	DoubleUp	DXC4B2P
2025-01-02 01:18:00	5.5	DoubleDown	DXC4B2P
2025-01-02 01:28:00	8.6	DoubleUp	DXC4B2P
2025-01-02 01:38:00	13.6	DoubleUp	DXC4B2P
2025-01-02 01:46:00	7.7	DoubleDown	DXC4B2P
2025-01-02 01:53:00	13.2	DoubleUp	DXC4B2P
2025-01-02 02:02:00	8.8	DoubleDown	DXC4B2P
2025-01-02 02:10:00	10.2	DoubleUp	DXC4B2P
2025-01-02 02:19:00	13	DoubleUp	DXC4B2P
2025-01-02 02:29:00	3.3	DoubleDown	DXC4B2P
2025-01-02 02:39:00	13.7	DoubleUp	DXC4B2P
2025-01-02 02:49:00	4.7	DoubleDown	DXC4B2P
2025-01-02 02:59:00	8.8	DoubleUp	DXC4B2P
2025-01-02 03:08:00	8.9	Flat	DXC4B2P
2025-01-02 03:17:00	4	DoubleDown	DXC4B2P
2025-01-02 03:27:00	8.2	DoubleUp	DXC4B2P
2025-01-02 03:35:00	13.3	DoubleUp	DXC4B2P
2025-01-02 03:43:00	12	DoubleDown	DXC4B2P
2025-01-02 03:53:00	6.7	DoubleDown	DXC4B2P
2025-01-02 04:00:00	15.4	DoubleUp	DXC4B2P
2025-01-02 04:09:00	9	DoubleDown	DXC4B2P
2025-01-02 04:17:00	5.7	DoubleDown	DXC4B2P
2025-01-02 04:25:00	7	DoubleUp	DXC4B2P
2025-01-02 04:35:00	8.3	DoubleUp	DXC4B2P
2025-01-02 04:42:00	6.9	DoubleDown	DXC4B2P
2025-01-02 04:52:00	8.8	DoubleUp	DXC4B2P
2025-01-02 05:02:00	10.7	DoubleUp	DXC4B2P
2025-01-02 05:12:00	5.6	DoubleDown	DXC4B2P
2025-01-02 05:22:00	5.4	SingleDown	DXC4B2P
2025-01-02 05:32:00	6.8	DoubleUp	DXC4B2P
2025-01-02 05:41:00	8.8	DoubleUp	DXC4B2P
2025-01-02 05:49:00	4.3	DoubleDown	DXC4B2P
2025-01-02 05:59:00	6.7	DoubleUp	DXC4B2P
2025-01-02 06:06:00	7.2	DoubleUp	DXC4B2P
2025-01-02 06:16:00	4.9	DoubleDown	DXC4B2P
2025-01-02 06:26:00	8.2	DoubleUp	DXC4B2P
2025-01-02 06:34:00	7.1	DoubleDown	DXC4B2P
2025-01-02 06:43:00	7	Flat	DXC4B2P
2025-01-02 06:52:00	12.1	DoubleUp	DXC4B2P
2025-01-02 07:01:00	6.6	DoubleDown	DXC4B2P
2025-01-02 07:09:00	8.2	DoubleUp	DXC4B2P
2025-01-02 07:17:00	3.9	DoubleDown	DXC4B2P
2025-01-02 07:25:00	10.8	DoubleUp	DXC4B2P
2025-01-02 07:35:00	13.4	DoubleUp	DXC4B2P
2025-01-02 07:42:00	11.6	DoubleDown	DXC4B2P
2025-01-02 07:50:00	10.4	DoubleDown	DXC4B2P
2025-01-02 07:58:00	13	DoubleUp	DXC4B2P
2025-01-02 08:07:00	4	DoubleDown	DXC4B2P
2025-01-02 08:15:00	12.4	DoubleUp	DXC4B2P
2025-01-02 08:24:00	6.4	DoubleDown	DXC4B2P
2025-01-02 08:31:00	15.9	DoubleUp	DXC4B2P
2025-01-02 08:41:00	10.1	DoubleDown	DXC4B2P
2025-01-02 08:49:00	11.9	DoubleUp	DXC4B2P
2025-01-02 08:59:00	7	DoubleDown	DXC4B2P
2025-01-02 09:09:00	6.1	DoubleDown	DXC4B2P
2025-01-02 09:17:00	7.4	DoubleUp	DXC4B2P
2025-01-02 09:26:00	4.5	DoubleDown	DXC4B2P
2025-01-02 09:36:00	6.1	DoubleUp	DXC4B2P
2025-01-02 09:44:00	11.2	DoubleUp	DXC4B2P
2025-01-02 09:52:00	6.4	DoubleDown	DXC4B2P
2025-01-02 10:01:00	4.5	DoubleDown	DXC4B2P
2025-01-02 10:10:00	6.8	DoubleUp	DXC4B2P
2025-01-02 10:19:00	8.4	DoubleUp	DXC4B2P
2025-01-02 10:26:00	7.3	DoubleDown	DXC4B2P
2025-01-02 10:33:00	8.2	DoubleUp	DXC4B2P
2025-01-02 10:42:00	5.8	DoubleDown	DXC4B2P
2025-01-02 10:49:00	7.9	DoubleUp	DXC4B2P
2025-01-02 10:59:00	16.1	DoubleUp	DXC4B2P
2025-01-02 11:09:00	6.3	DoubleDown	DXC4B2P
2025-01-02 11:16:00	5.3	DoubleDown	DXC4B2P
2025-01-02 11:26:00	3.7	DoubleDown	DXC4B2P
2025-01-02 11:35:00	7.7	DoubleUp	DXC4B2P
2025-01-02 11:45:00	13.1	DoubleUp	DXC4B2P
2025-01-02 11:55:00	4.8	DoubleDown	DXC4B2P
2025-01-02 12:03:00	5.7	DoubleUp	DXC4B2P
2025-01-02 12:10:00	7.6	DoubleUp	DXC4B2P
2025-01-02 12:19:00	11.1	DoubleUp	DXC4B2P
2025-01-02 12:27:00	11.1	Flat	DXC4B2P
2025-01-02 12:36:00	8.2	DoubleDown	DXC4B2P
2025-01-02 12:45:00	4.2	DoubleDown	DXC4B2P
2025-01-02 12:54:00	4	SingleDown	DXC4B2P
2025-01-02 13:04:00	12.4	DoubleUp	DXC4B2P
2025-01-02 13:13:00	8.2	DoubleDown	DXC4B2P
2025-01-02 13:21:00	10.6	DoubleUp	DXC4B2P
2025-01-02 13:30:00	7.6	DoubleDown	DXC4B2P
2025-01-02 13:39:00	5.3	DoubleDown	DXC4B2P
2025-01-02 13:48:00	5.9	DoubleUp	DXC4B2P
2025-01-02 13:55:00	7.1	DoubleUp	DXC4B2P
2025-01-02 14:02:00	4.3	DoubleDown	DXC4B2P
2025-01-02 14:12:00	9	DoubleUp	DXC4B2P
2025-01-02 14:22:00	9.1	Flat	DXC4B2P
2025-01-02 14:32:00	8.2	DoubleDown	DXC4B2P
2025-01-02 14:42:00	6.7	DoubleDown	DXC4B2P
2025-01-02 14:52:00	11.2	DoubleUp	DXC4B2P
2025-01-02 15:02:00	15.3	DoubleUp	DXC4B2P
2025-01-02 15:12:00	7.2	DoubleDown	DXC4B2P
2025-01-02 15:20:00	5.8	DoubleDown	DXC4B2P
2025-01-02 15:30:00	13.7	DoubleUp	DXC4B2P
2025-01-02 15:40:00	9	DoubleDown	DXC4B2P
2025-01-02 15:47:00	4	DoubleDown	DXC4B2P
2025-01-02 15:55:00	5.7	DoubleUp	DXC4B2P
2025-01-02 16:04:00	8.6	DoubleUp	DXC4B2P
2025-01-02 16:14:00	7.8	DoubleDown	DXC4B2P
2025-01-02 16:22:00	6.1	DoubleDown	DXC4B2P
2025-01-02 16:31:00	7	DoubleUp	DXC4B2P
2025-01-02 16:38:00	6.3	DoubleDown	DXC4B2P
2025-01-02 16:48:00	12.6	DoubleUp	DXC4B2P
2025-01-02 16:57:00	4.6	DoubleDown	DXC4B2P
2025-01-02 17:05:00	4.3	DoubleDown	DXC4B2P
2025-01-02 17:14:00	3.8	DoubleDown	DXC4B2P
2025-01-02 17:21:00	7.9	DoubleUp	DXC4B2P
2025-01-02 17:28:00	3.3	DoubleDown	DXC4B2P
2025-01-02 17:36:00	13.5	DoubleUp	DXC4B2P
2025-01-02 17:43:00	13.5	Flat	DXC4B2P
2025-01-02 17:50:00	4.5	DoubleDown	DXC4B2P
2025-01-02 17:59:00	13.8	DoubleUp	DXC4B2P
2025-01-02 18:07:00	11.6	DoubleDown	DXC4B2P
2025-01-02 18:14:00	14.9	DoubleUp	DXC4B2P
2025-01-02 18:21:00	7.6	DoubleDown	DXC4B2P
2025-01-02 18:29:00	8.3	DoubleUp	DXC4B2P
2025-01-02 18:39:00	16.3	DoubleUp	DXC4B2P
2025-01-02 18:47:00	11.2	DoubleDown	DXC4B2P
2025-01-02 18:54:00	5.9	DoubleDown	DXC4B2P
2025-01-02 19:02:00	7.9	DoubleUp	DXC4B2P
2025-01-02 19:09:00	4.9	DoubleDown	DXC4B2P
2025-01-02 19:16:00	5.7	DoubleUp	DXC4B2P
2025-01-02 19:24:00	8.2	DoubleUp	DXC4B2P
2025-01-02 19:34:00	7.2	DoubleDown	DXC4B2P
2025-01-02 19:42:00	6.7	DoubleDown	DXC4B2P
2025-01-02 19:52:00	5	DoubleDown	DXC4B2P
2025-01-02 20:02:00	13.1	DoubleUp	DXC4B2P
2025-01-02 20:11:00	8	DoubleDown	DXC4B2P
2025-01-02 20:19:00	11	DoubleUp	DXC4B2P
2025-01-02 20:29:00	8.7	DoubleDown	DXC4B2P
2025-01-02 20:39:00	2.6	DoubleDown	DXC4B2P
2025-01-02 20:47:00	5.1	DoubleUp	DXC4B2P
2025-01-02 20:56:00	8.6	DoubleUp	DXC4B2P
2025-01-02 21:06:00	15.9	DoubleUp	DXC4B2P
2025-01-02 21:16:00	8.7	DoubleDown	DXC4B2P
2025-01-02 21:24:00	11.2	DoubleUp	DXC4B2P
2025-01-02 21:32:00	9.3	DoubleDown	DXC4B2P
2025-01-02 21:40:00	9.7	DoubleUp	DXC4B2P
2025-01-02 21:47:00	6.8	DoubleDown	DXC4B2P
2025-01-02 21:56:00	6.3	DoubleDown	DXC4B2P
2025-01-02 22:03:00	6.6	DoubleUp	DXC4B2P
2025-01-02 22:11:00	9.4	DoubleUp	DXC4B2P
2025-01-02 22:19:00	4	DoubleDown	DXC4B2P
2025-01-02 22:29:00	9.1	DoubleUp	DXC4B2P
2025-01-02 22:38:00	11.2	DoubleUp	DXC4B2P
2025-01-02 22:48:00	12.1	DoubleUp	DXC4B2P
2025-01-02 22:55:00	4.1	DoubleDown	DXC4B2P
2025-01-02 23:03:00	4.4	DoubleUp	DXC4B2P
2025-01-02 23:13:00	11.6	DoubleUp	DXC4B2P
2025-01-02 23:23:00	6.9	DoubleDown	DXC4B2P
2025-01-02 23:32:00	12.7	DoubleUp	DXC4B2P
2025-01-02 23:40:00	9.7	DoubleDown	DXC4B2P
2025-01-02 23:47:00	7.9	DoubleDown	DXC4B2P
2025-01-02 23:57:00	4.1	DoubleDown	DXC4B2P
2025-01-03 00:05:00	6.7	DoubleUp	DXC4B2P
2025-01-03 00:15:00	4.3	DoubleDown	DXC4B2P
2025-01-03 00:24:00	6.3	DoubleUp	DXC4B2P
2025-01-03 00:31:00	11.8	DoubleUp	DXC4B2P
2025-01-03 00:41:00	9.7	DoubleDown	DXC4B2P
2025-01-03 00:48:00	8.9	DoubleDown	DXC4B2P
2025-01-03 00:55:00	5.9	DoubleDown	DXC4B2P
2025-01-03 01:03:00	4.9	DoubleDown	DXC4B2P
2025-01-03 01:12:00	8.2	DoubleUp	DXC4B2P
2025-01-03 01:21:00	6.6	DoubleDown	DXC4B2P
2025-01-03 01:28:00	10.8	DoubleUp	DXC4B2P
2025-01-03 01:37:00	6.4	DoubleDown	DXC4B2P
2025-01-03 01:47:00	6.4	Flat	DXC4B2P
2025-01-03 01:57:00	4.9	DoubleDown	DXC4B2P
2025-01-03 02:04:00	13.8	DoubleUp	DXC4B2P
2025-01-03 02:14:00	9.8	DoubleDown	DXC4B2P
2025-01-03 02:22:00	9.4	DoubleDown	DXC4B2P
2025-01-03 02:31:00	11	DoubleUp	DXC4B2P
2025-01-03 02:39:00	5.1	DoubleDown	DXC4B2P
2025-01-03 02:49:00	9.3	DoubleUp	DXC4B2P
2025-01-03 02:59:00	4	DoubleDown	DXC4B2P
2025-01-03 03:09:00	7.3	DoubleUp	DXC4B2P
2025-01-03 03:19:00	5.1	DoubleDown	DXC4B2P
2025-01-03 03:28:00	12.3	DoubleUp	DXC4B2P
2025-01-03 03:36:00	6.3	DoubleDown	DXC4B2P
2025-01-03 03:44:00	7.9	DoubleUp	DXC4B2P
2025-01-03 03:53:00	5.5	DoubleDown	DXC4B2P
2025-01-03 04:02:00	6.9	DoubleUp	DXC4B2P
2025-01-03 04:12:00	4.7	DoubleDown	DXC4B2P
2025-01-03 04:22:00	6.2	DoubleUp	DXC4B2P
2025-01-03 04:32:00	12.6	DoubleUp	DXC4B2P
2025-01-03 04:40:00	8.8	DoubleDown	DXC4B2P
2025-01-03 04:47:00	16.1	DoubleUp	DXC4B2P
2025-01-03 04:57:00	7	DoubleDown	DXC4B2P
2025-01-03 05:07:00	4	DoubleDown	DXC4B2P
2025-01-03 05:17:00	5.7	DoubleUp	DXC4B2P
2025-01-03 05:24:00	11.7	DoubleUp	DXC4B2P
2025-01-03 05:34:00	8.6	DoubleDown	DXC4B2P
2025-01-03 05:44:00	7.9	DoubleDown	DXC4B2P
2025-01-03 05:54:00	8.5	DoubleUp	DXC4B2P
2025-01-03 06:03:00	7.4	DoubleDown	DXC4B2P
2025-01-03 06:12:00	13.2	DoubleUp	DXC4B2P
2025-01-03 06:21:00	6.3	DoubleDown	DXC4B2P
2025-01-03 06:30:00	7.6	DoubleUp	DXC4B2P
2025-01-03 06:40:00	13.5	DoubleUp	DXC4B2P
2025-01-03 06:50:00	3.2	DoubleDown	DXC4B2P
2025-01-03 07:00:00	2.6	DoubleDown	DXC4B2P
2025-01-03 07:07:00	8.2	DoubleUp	DXC4B2P
2025-01-03 07:15:00	4.5	DoubleDown	DXC4B2P
2025-01-03 07:25:00	9.9	DoubleUp	DXC4B2P
2025-01-03 07:32:00	7.5	DoubleDown	DXC4B2P
2025-01-03 07:42:00	9.9	DoubleUp	DXC4B2P
2025-01-03 07:50:00	7.7	DoubleDown	DXC4B2P
2025-01-03 07:58:00	8.4	DoubleUp	DXC4B2P
2025-01-03 08:06:00	12	DoubleUp	DXC4B2P
2025-01-03 08:14:00	4.8	DoubleDown	DXC4B2P
2025-01-03 08:23:00	5.2	DoubleUp	DXC4B2P
2025-01-03 08:33:00	7	DoubleUp	DXC4B2P
2025-01-03 08:40:00	9.1	DoubleUp	DXC4B2P
2025-01-03 08:49:00	5.2	DoubleDown	DXC4B2P
2025-01-03 08:58:00	4.4	DoubleDown	DXC4B2P
2025-01-03 09:06:00	9	DoubleUp	DXC4B2P
2025-01-03 09:14:00	9.6	DoubleUp	DXC4B2P
2025-01-03 09:22:00	8.8	DoubleDown	DXC4B2P
2025-01-03 09:32:00	3.3	DoubleDown	DXC4B2P
2025-01-03 09:40:00	3.9	DoubleUp	DXC4B2P
2025-01-03 09:47:00	14.3	DoubleUp	DXC4B2P
2025-01-03 09:57:00	5.6	DoubleDown	DXC4B2P
2025-01-03 10:06:00	5.4	SingleDown	DXC4B2P
2025-01-03 10:15:00	6.7	DoubleUp	DXC4B2P
2025-01-03 10:25:00	2.4	DoubleDown	DXC4B2P
2025-01-03 10:32:00	6.1	DoubleUp	DXC4B2P
2025-01-03 10:40:00	9	DoubleUp	DXC4B2P
2025-01-03 10:48:00	8.3	DoubleDown	DXC4B2P
2025-01-03 10:55:00	10.9	DoubleUp	DXC4B2P
2025-01-03 11:05:00	6.4	DoubleDown	DXC4B2P
2025-01-03 11:15:00	5.5	DoubleDown	DXC4B2P
2025-01-03 11:22:00	6.7	DoubleUp	DXC4B2P
2025-01-03 11:31:00	4.4	DoubleDown	DXC4B2P
2025-01-03 11:40:00	8.9	DoubleUp	DXC4B2P
2025-01-03 11:48:00	8.3	DoubleDown	DXC4B2P
2025-01-03 11:55:00	7	DoubleDown	DXC4B2P
2025-01-03 12:03:00	9.7	DoubleUp	DXC4B2P
2025-01-03 12:13:00	7.8	DoubleDown	DXC4B2P
2025-01-03 12:22:00	15.9	DoubleUp	DXC4B2P
2025-01-03 12:30:00	9.9	DoubleDown	DXC4B2P
2025-01-03 12:39:00	10.6	DoubleUp	DXC4B2P
2025-01-03 12:46:00	15.2	DoubleUp	DXC4B2P
2025-01-03 12:54:00	4.1	DoubleDown	DXC4B2P
2025-01-03 13:02:00	9.1	DoubleUp	DXC4B2P
2025-01-03 13:12:00	4.4	DoubleDown	DXC4B2P
2025-01-03 13:19:00	5.4	DoubleUp	DXC4B2P
2025-01-03 13:29:00	5.7	DoubleUp	DXC4B2P
2025-01-03 13:38:00	6.9	DoubleUp	DXC4B2P
2025-01-03 13:45:00	10.4	DoubleUp	DXC4B2P
2025-01-03 13:52:00	7.4	DoubleDown	DXC4B2P
2025-01-03 14:00:00	6.9	DoubleDown	DXC4B2P
2025-01-03 14:10:00	8.3	DoubleUp	DXC4B2P
2025-01-03 14:17:00	5.5	DoubleDown	DXC4B2P
2025-01-03 14:24:00	14.7	DoubleUp	DXC4B2P
2025-01-03 14:31:00	8.5	DoubleDown	DXC4B2P
2025-01-03 14:38:00	11.6	DoubleUp	DXC4B2P
2025-01-03 14:48:00	3.9	DoubleDown	DXC4B2P
2025-01-03 14:56:00	6	DoubleUp	DXC4B2P
2025-01-03 15:05:00	9.3	DoubleUp	DXC4B2P
2025-01-03 15:15:00	5.5	DoubleDown	DXC4B2P
2025-01-03 15:24:00	12.1	DoubleUp	DXC4B2P
2025-01-03 15:34:00	3.1	DoubleDown	DXC4B2P
2025-01-03 15:42:00	16.4	DoubleUp	DXC4B2P
2025-01-03 15:49:00	9.6	DoubleDown	DXC4B2P
2025-01-03 15:58:00	9.3	DoubleDown	DXC4B2P
2025-01-03 16:07:00	8.3	DoubleDown	DXC4B2P
2025-01-03 16:17:00	11.3	DoubleUp	DXC4B2P
2025-01-03 16:25:00	11.3	Flat	DXC4B2P
2025-01-03 16:32:00	15.8	DoubleUp	DXC4B2P
2025-01-03 16:41:00	15.9	Flat	DXC4B2P
2025-01-03 16:49:00	4.5	DoubleDown	DXC4B2P
2025-01-03 16:56:00	5	DoubleUp	DXC4B2P
2025-01-03 17:04:00	13.7	DoubleUp	DXC4B2P
2025-01-03 17:13:00	4.9	DoubleDown	DXC4B2P
2025-01-03 17:21:00	4.1	DoubleDown	DXC4B2P
2025-01-03 17:31:00	4.7	DoubleUp	DXC4B2P
2025-01-03 17:39:00	9.9	DoubleUp	DXC4B2P
2025-01-03 17:48:00	4.3	DoubleDown	DXC4B2P
2025-01-03 17:56:00	5.5	DoubleUp	DXC4B2P
2025-01-03 18:06:00	7.1	DoubleUp	DXC4B2P
2025-01-03 18:14:00	6	DoubleDown	DXC4B2P
2025-01-03 18:21:00	9.3	DoubleUp	DXC4B2P
2025-01-03 18:31:00	3.3	DoubleDown	DXC4B2P
2025-01-03 18:39:00	6.8	DoubleUp	DXC4B2P
2025-01-03 18:49:00	5.2	DoubleDown	DXC4B2P
2025-01-03 18:59:00	10.7	DoubleUp	DXC4B2P
2025-01-03 19:06:00	9.7	DoubleDown	DXC4B2P
2025-01-03 19:15:00	5.6	DoubleDown	DXC4B2P
2025-01-03 19:22:00	7	DoubleUp	DXC4B2P
2025-01-03 19:32:00	15.2	DoubleUp	DXC4B2P
2025-01-03 19:39:00	15.7	DoubleUp	DXC4B2P
2025-01-03 19:48:00	7.8	DoubleDown	DXC4B2P
2025-01-03 19:55:00	8.1	DoubleUp	DXC4B2P
2025-01-03 20:02:00	6.9	DoubleDown	DXC4B2P
2025-01-03 20:11:00	13	DoubleUp	DXC4B2P
2025-01-03 20:20:00	9.3	DoubleDown	DXC4B2P
2025-01-03 20:27:00	11.6	DoubleUp	DXC4B2P
2025-01-03 20:34:00	11.5	Flat	DXC4B2P
2025-01-03 20:43:00	13.1	DoubleUp	DXC4B2P
2025-01-03 20:53:00	8.2	DoubleDown	DXC4B2P
2025-01-03 21:03:00	4.4	DoubleDown	DXC4B2P
2025-01-03 21:11:00	12	DoubleUp	DXC4B2P
2025-01-03 21:21:00	5	DoubleDown	DXC4B2P
2025-01-03 21:31:00	9.9	DoubleUp	DXC4B2P
2025-01-03 21:38:00	3.5	DoubleDown	DXC4B2P
2025-01-03 21:45:00	15.1	DoubleUp	DXC4B2P
2025-01-03 21:53:00	7.1	DoubleDown	DXC4B2P
2025-01-03 22:01:00	6.9	SingleDown	DXC4B2P
2025-01-03 22:09:00	6	DoubleDown	DXC4B2P
2025-01-03 22:18:00	7.6	DoubleUp	DXC4B2P
2025-01-03 22:28:00	4.7	DoubleDown	DXC4B2P
2025-01-03 22:37:00	16.4	DoubleUp	DXC4B2P
2025-01-03 22:46:00	6.9	DoubleDown	DXC4B2P
2025-01-03 22:53:00	4.4	DoubleDown	DXC4B2P
2025-01-03 23:01:00	12.7	DoubleUp	DXC4B2P
2025-01-03 23:10:00	5.7	DoubleDown	DXC4B2P
2025-01-03 23:19:00	8.1	DoubleUp	DXC4B2P
2025-01-03 23:26:00	7.9	SingleDown	DXC4B2P
2025-01-03 23:35:00	8.7	DoubleUp	DXC4B2P
2025-01-03 23:42:00	15.5	DoubleUp	DXC4B2P
2025-01-03 23:51:00	4.3	DoubleDown	DXC4B2P
2025-01-04 00:00:00	4.2	Flat	DXC4B2P
2025-01-04 00:08:00	6	DoubleUp	DXC4B2P
2025-01-04 00:18:00	9.3	DoubleUp	DXC4B2P
2025-01-04 00:28:00	10.8	DoubleUp	DXC4B2P
2025-01-04 00:36:00	13.5	DoubleUp	DXC4B2P
2025-01-04 00:46:00	13.8	DoubleUp	DXC4B2P
2025-01-04 00:54:00	10.4	DoubleDown	DXC4B2P
2025-01-04 01:02:00	11.9	DoubleUp	DXC4B2P
2025-01-04 01:09:00	5.9	DoubleDown	DXC4B2P
2025-01-04 01:19:00	15.2	DoubleUp	DXC4B2P
2025-01-04 01:28:00	13.8	DoubleDown	DXC4B2P
2025-01-04 01:38:00	7.3	DoubleDown	DXC4B2P
2025-01-04 01:48:00	8	DoubleUp	DXC4B2P
2025-01-04 01:58:00	7.6	DoubleDown	DXC4B2P
2025-01-04 02:06:00	6.9	DoubleDown	DXC4B2P
2025-01-04 02:16:00	2.8	DoubleDown	DXC4B2P
2025-01-04 02:25:00	11.8	DoubleUp	DXC4B2P
2025-01-04 02:33:00	6.6	DoubleDown	DXC4B2P
2025-01-04 02:42:00	16.3	DoubleUp	DXC4B2P
2025-01-04 02:49:00	8.4	DoubleDown	DXC4B2P
2025-01-04 02:56:00	4.8	DoubleDown	DXC4B2P
2025-01-04 03:03:00	6.6	DoubleUp	DXC4B2P
2025-01-04 03:10:00	8.1	DoubleUp	DXC4B2P
2025-01-04 03:17:00	3.1	DoubleDown	DXC4B2P
2025-01-04 03:25:00	4.3	DoubleUp	DXC4B2P
2025-01-04 03:33:00	3.4	DoubleDown	DXC4B2P
2025-01-04 03:42:00	7.9	DoubleUp	DXC4B2P
2025-01-04 03:51:00	4.4	DoubleDown	DXC4B2P
2025-01-04 04:01:00	14.7	DoubleUp	DXC4B2P
2025-01-04 04:11:00	12.4	DoubleDown	DXC4B2P
2025-01-04 04:19:00	8.7	DoubleDown	DXC4B2P
2025-01-04 04:29:00	9.4	DoubleUp	DXC4B2P
2025-01-04 04:37:00	11.3	DoubleUp	DXC4B2P
2025-01-04 04:46:00	6.3	DoubleDown	DXC4B2P
2025-01-04 04:56:00	6.9	DoubleUp	DXC4B2P
2025-01-04 05:06:00	6.3	DoubleDown	DXC4B2P
2025-01-04 05:15:00	4	DoubleDown	DXC4B2P
2025-01-04 05:24:00	7.6	DoubleUp	DXC4B2P
2025-01-04 05:31:00	8	DoubleUp	DXC4B2P
2025-01-04 05:39:00	7	DoubleDown	DXC4B2P
2025-01-04 05:49:00	13.7	DoubleUp	DXC4B2P
2025-01-04 05:57:00	10.7	DoubleDown	DXC4B2P
2025-01-04 06:07:00	4.2	DoubleDown	DXC4B2P
2025-01-04 06:17:00	6.2	DoubleUp	DXC4B2P
2025-01-04 06:24:00	6.4	SingleUp	DXC4B2P
2025-01-04 06:33:00	13.9	DoubleUp	DXC4B2P
2025-01-04 06:40:00	8.7	DoubleDown	DXC4B2P
2025-01-04 06:47:00	5.9	DoubleDown	DXC4B2P
2025-01-04 06:55:00	5.1	DoubleDown	DXC4B2P
2025-01-04 07:05:00	8.2	DoubleUp	DXC4B2P
2025-01-04 07:12:00	5.5	DoubleDown	DXC4B2P
2025-01-04 07:22:00	7.5	DoubleUp	DXC4B2P
2025-01-04 07:30:00	4.8	DoubleDown	DXC4B2P
2025-01-04 07:40:00	6.9	DoubleUp	DXC4B2P
2025-01-04 07:49:00	12.1	DoubleUp	DXC4B2P
2025-01-04 07:57:00	6.8	DoubleDown	DXC4B2P
2025-01-04 08:07:00	5.7	DoubleDown	DXC4B2P
2025-01-04 08:16:00	6.1	DoubleUp	DXC4B2P
2025-01-04 08:23:00	15.3	DoubleUp	DXC4B2P
2025-01-04 08:33:00	6.3	DoubleDown	DXC4B2P
2025-01-04 08:42:00	8.2	DoubleUp	DXC4B2P
2025-01-04 08:52:00	6.2	DoubleDown	DXC4B2P
2025-01-04 09:01:00	6.3	Flat	DXC4B2P
2025-01-04 09:10:00	8.7	DoubleUp	DXC4B2P
2025-01-04 09:19:00	15.8	DoubleUp	DXC4B2P
2025-01-04 09:27:00	9.3	DoubleDown	DXC4B2P
2025-01-04 09:37:00	6	DoubleDown	DXC4B2P
2025-01-04 09:45:00	8.4	DoubleUp	DXC4B2P
2025-01-04 09:53:00	5.9	DoubleDown	DXC4B2P
2025-01-04 10:01:00	8.3	DoubleUp	DXC4B2P
2025-01-04 10:11:00	5.1	DoubleDown	DXC4B2P
2025-01-04 10:19:00	13.2	DoubleUp	DXC4B2P
2025-01-04 10:28:00	5	DoubleDown	DXC4B2P
2025-01-04 10:38:00	4.2	DoubleDown	DXC4B2P
2025-01-04 10:47:00	9.1	DoubleUp	DXC4B2P
2025-01-04 10:56:00	5.1	DoubleDown	DXC4B2P
2025-01-04 11:06:00	5.1	Flat	DXC4B2P
2025-01-04 11:13:00	11	DoubleUp	DXC4B2P
2025-01-04 11:20:00	9	DoubleDown	DXC4B2P
2025-01-04 11:28:00	6.1	DoubleDown	DXC4B2P
2025-01-04 11:36:00	9.1	DoubleUp	DXC4B2P
2025-01-04 11:45:00	4	DoubleDown	DXC4B2P
2025-01-04 11:55:00	3.5	DoubleDown	DXC4B2P
2025-01-04 12:02:00	10.9	DoubleUp	DXC4B2P
2025-01-04 12:11:00	5.2	DoubleDown	DXC4B2P
2025-01-04 12:19:00	8.4	DoubleUp	DXC4B2P
2025-01-04 12:28:00	11.8	DoubleUp	DXC4B2P
2025-01-04 12:35:00	11.5	DoubleDown	DXC4B2P
2025-01-04 12:43:00	5.2	DoubleDown	DXC4B2P
2025-01-04 12:51:00	14.4	DoubleUp	DXC4B2P
2025-01-04 13:01:00	6.3	DoubleDown	DXC4B2P
2025-01-04 13:08:00	7.9	DoubleUp	DXC4B2P
2025-01-04 13:16:00	10.4	DoubleUp	DXC4B2P
2025-01-04 13:26:00	12.8	DoubleUp	DXC4B2P
2025-01-04 13:36:00	9.1	DoubleDown	DXC4B2P
2025-01-04 13:46:00	4.7	DoubleDown	DXC4B2P
2025-01-04 13:56:00	10.3	DoubleUp	DXC4B2P
2025-01-04 14:05:00	6.1	DoubleDown	DXC4B2P
2025-01-04 14:15:00	5.9	SingleDown	DXC4B2P
2025-01-04 14:24:00	6.8	DoubleUp	DXC4B2P
2025-01-04 14:31:00	13.1	DoubleUp	DXC4B2P
2025-01-04 14:38:00	11.3	DoubleDown	DXC4B2P
2025-01-04 14:45:00	5.2	DoubleDown	DXC4B2P
2025-01-04 14:54:00	4.6	DoubleDown	DXC4B2P
2025-01-04 15:02:00	14.7	DoubleUp	DXC4B2P
2025-01-04 15:12:00	7.6	DoubleDown	DXC4B2P
2025-01-04 15:21:00	9.5	DoubleUp	DXC4B2P
2025-01-04 15:28:00	10.4	DoubleUp	DXC4B2P
2025-01-04 15:38:00	15.7	DoubleUp	DXC4B2P
2025-01-04 15:45:00	8.2	DoubleDown	DXC4B2P
2025-01-04 15:55:00	7.1	DoubleDown	DXC4B2P
2025-01-04 16:04:00	9.9	DoubleUp	DXC4B2P
2025-01-04 16:12:00	11.3	DoubleUp	DXC4B2P
2025-01-04 16:21:00	9.2	DoubleDown	DXC4B2P
2025-01-04 16:31:00	12.8	DoubleUp	DXC4B2P
2025-01-04 16:41:00	7.2	DoubleDown	DXC4B2P
2025-01-04 16:49:00	15	DoubleUp	DXC4B2P
2025-01-04 16:58:00	9.2	DoubleDown	DXC4B2P
2025-01-04 17:08:00	6.5	DoubleDown	DXC4B2P
2025-01-04 17:18:00	11.4	DoubleUp	DXC4B2P
2025-01-04 17:28:00	7.9	DoubleDown	DXC4B2P
2025-01-04 17:37:00	6.3	DoubleDown	DXC4B2P
2025-01-04 17:47:00	9.4	DoubleUp	DXC4B2P
2025-01-04 17:54:00	8.2	DoubleDown	DXC4B2P
2025-01-04 18:01:00	4.7	DoubleDown	DXC4B2P
2025-01-04 18:09:00	8.4	DoubleUp	DXC4B2P
2025-01-04 18:16:00	6.9	DoubleDown	DXC4B2P
2025-01-04 18:25:00	5.7	DoubleDown	DXC4B2P
2025-01-04 18:32:00	6.3	DoubleUp	DXC4B2P
2025-01-04 18:39:00	4.4	DoubleDown	DXC4B2P
2025-01-04 18:47:00	14.8	DoubleUp	DXC4B2P
2025-01-04 18:56:00	4.5	DoubleDown	DXC4B2P
2025-01-04 19:04:00	6.6	DoubleUp	DXC4B2P
2025-01-04 19:12:00	14.6	DoubleUp	DXC4B2P
2025-01-04 19:22:00	3.7	DoubleDown	DXC4B2P
2025-01-04 19:30:00	2.6	DoubleDown	DXC4B2P
2025-01-04 19:38:00	8.4	DoubleUp	DXC4B2P
2025-01-04 19:48:00	6.5	DoubleDown	DXC4B2P
2025-01-04 19:56:00	10.1	DoubleUp	DXC4B2P
2025-01-04 20:04:00	13.6	DoubleUp	DXC4B2P
2025-01-04 20:12:00	9	DoubleDown	DXC4B2P
2025-01-04 20:22:00	4.8	DoubleDown	DXC4B2P
2025-01-04 20:29:00	16.5	DoubleUp	DXC4B2P
2025-01-04 20:36:00	6.6	DoubleDown	DXC4B2P
2025-01-04 20:43:00	11.3	DoubleUp	DXC4B2P
2025-01-04 20:52:00	9.6	DoubleDown	DXC4B2P
2025-01-04 21:01:00	6.2	DoubleDown	DXC4B2P
2025-01-04 21:09:00	10.6	DoubleUp	DXC4B2P
2025-01-04 21:17:00	8.7	DoubleDown	DXC4B2P
2025-01-04 21:25:00	7.1	DoubleDown	DXC4B2P
2025-01-04 21:33:00	5.7	DoubleDown	DXC4B2P
2025-01-04 21:40:00	11	DoubleUp	DXC4B2P
2025-01-04 21:48:00	10.2	DoubleDown	DXC4B2P
2025-01-04 21:58:00	6.7	DoubleDown	DXC4B2P
2025-01-04 22:07:00	7.5	DoubleUp	DXC4B2P
2025-01-04 22:17:00	8.1	DoubleUp	DXC4B2P
2025-01-04 22:24:00	5	DoubleDown	DXC4B2P
2025-01-04 22:31:00	5.2	SingleUp	DXC4B2P
2025-01-04 22:38:00	4.7	DoubleDown	DXC4B2P
2025-01-04 22:48:00	4.7	Flat	DXC4B2P
2025-01-04 22:58:00	11	DoubleUp	DXC4B2P
2025-01-04 23:06:00	10	DoubleDown	DXC4B2P
2025-01-04 23:14:00	5.6	DoubleDown	DXC4B2P
2025-01-04 23:22:00	5.1	DoubleDown	DXC4B2P
2025-01-04 23:30:00	5.3	SingleUp	DXC4B2P
2025-01-04 23:37:00	6.7	DoubleUp	DXC4B2P
2025-01-04 23:44:00	6.2	DoubleDown	DXC4B2P
2025-01-04 23:51:00	9.6	DoubleUp	DXC4B2P
2025-01-04 23:58:00	4.2	DoubleDown	DXC4B2P
2025-01-05 00:08:00	5.8	DoubleUp	DXC4B2P
2025-01-05 00:18:00	14.3	DoubleUp	DXC4B2P
2025-01-05 00:26:00	5.1	DoubleDown	DXC4B2P
2025-01-05 00:36:00	6.8	DoubleUp	DXC4B2P
2025-01-05 00:45:00	4.1	DoubleDown	DXC4B2P
2025-01-05 00:52:00	11.6	DoubleUp	DXC4B2P
2025-01-05 01:02:00	7.3	DoubleDown	DXC4B2P
2025-01-05 01:10:00	6.2	DoubleDown	DXC4B2P
2025-01-05 01:20:00	9.9	DoubleUp	DXC4B2P
2025-01-05 01:30:00	13.3	DoubleUp	DXC4B2P
2025-01-05 01:37:00	8.8	DoubleDown	DXC4B2P
2025-01-05 01:44:00	6.7	DoubleDown	DXC4B2P
2025-01-05 01:53:00	8.3	DoubleUp	DXC4B2P
2025-01-05 02:03:00	14.3	DoubleUp	DXC4B2P
2025-01-05 02:12:00	4	DoubleDown	DXC4B2P
2025-01-05 02:21:00	9.2	DoubleUp	DXC4B2P
2025-01-05 02:28:00	15.4	DoubleUp	DXC4B2P
2025-01-05 02:35:00	5.5	DoubleDown	DXC4B2P
2025-01-05 02:43:00	7.7	DoubleUp	DXC4B2P
2025-01-05 02:52:00	8.6	DoubleUp	DXC4B2P
2025-01-05 02:59:00	2.6	DoubleDown	DXC4B2P
2025-01-05 03:08:00	5.1	DoubleUp	DXC4B2P
2025-01-05 03:18:00	9.2	DoubleUp	DXC4B2P
2025-01-05 03:27:00	9.8	DoubleUp	DXC4B2P
2025-01-05 03:36:00	5.3	DoubleDown	DXC4B2P
2025-01-05 03:46:00	7.7	DoubleUp	DXC4B2P
2025-01-05 03:55:00	15	DoubleUp	DXC4B2P
2025-01-05 04:02:00	4.4	DoubleDown	DXC4B2P
2025-01-05 04:10:00	7.6	DoubleUp	DXC4B2P
2025-01-05 04:18:00	12.6	DoubleUp	DXC4B2P
2025-01-05 04:25:00	8.4	DoubleDown	DXC4B2P
2025-01-05 04:35:00	6.1	DoubleDown	DXC4B2P
2025-01-05 04:45:00	12	DoubleUp	DXC4B2P
2025-01-05 04:52:00	8.3	DoubleDown	DXC4B2P
2025-01-05 05:01:00	7	DoubleDown	DXC4B2P
2025-01-05 05:10:00	9.4	DoubleUp	DXC4B2P
2025-01-05 05:17:00	5.5	DoubleDown	DXC4B2P
2025-01-05 05:24:00	6	DoubleUp	DXC4B2P
2025-01-05 05:32:00	13	DoubleUp	DXC4B2P
2025-01-05 05:41:00	4.1	DoubleDown	DXC4B2P
2025-01-05 05:50:00	7.1	DoubleUp	DXC4B2P
2025-01-05 05:57:00	7.5	DoubleUp	DXC4B2P
2025-01-05 06:07:00	5.3	DoubleDown	DXC4B2P
2025-01-05 06:17:00	9.4	DoubleUp	DXC4B2P
2025-01-05 06:26:00	5.3	DoubleDown	DXC4B2P
2025-01-05 06:33:00	4.4	DoubleDown	DXC4B2P
2025-01-05 06:41:00	5.8	DoubleUp	DXC4B2P
2025-01-05 06:48:00	5.1	DoubleDown	DXC4B2P
2025-01-05 06:55:00	6.6	DoubleUp	DXC4B2P
2025-01-05 07:03:00	4.1	DoubleDown	DXC4B2P
2025-01-05 07:13:00	5.1	DoubleUp	DXC4B2P
2025-01-05 07:20:00	7.4	DoubleUp	DXC4B2P
2025-01-05 07:29:00	8	DoubleUp	DXC4B2P
2025-01-05 07:36:00	12.4	DoubleUp	DXC4B2P
2025-01-05 07:44:00	12.3	Flat	DXC4B2P
2025-01-05 07:51:00	6.9	DoubleDown	DXC4B2P
2025-01-05 07:59:00	11.4	DoubleUp	DXC4B2P
2025-01-05 08:06:00	4.5	DoubleDown	DXC4B2P
2025-01-05 08:13:00	4.2	DoubleDown	DXC4B2P
2025-01-05 08:20:00	6.5	DoubleUp	DXC4B2P
2025-01-05 08:29:00	5.6	DoubleDown	DXC4B2P
2025-01-05 08:36:00	3.9	DoubleDown	DXC4B2P
2025-01-05 08:45:00	6.6	DoubleUp	DXC4B2P
2025-01-05 08:55:00	8.2	DoubleUp	DXC4B2P
2025-01-05 09:05:00	11.5	DoubleUp	DXC4B2P
2025-01-05 09:15:00	5.4	DoubleDown	DXC4B2P
2025-01-05 09:24:00	9.6	DoubleUp	DXC4B2P
2025-01-05 09:33:00	7.6	DoubleDown	DXC4B2P
2025-01-05 09:43:00	15.2	DoubleUp	DXC4B2P
2025-01-05 09:50:00	5.7	DoubleDown	DXC4B2P
2025-01-05 09:59:00	5.9	SingleUp	DXC4B2P
2025-01-05 10:09:00	10.4	DoubleUp	DXC4B2P
2025-01-05 10:18:00	7.5	DoubleDown	DXC4B2P
2025-01-05 10:25:00	4	DoubleDown	DXC4B2P
2025-01-05 10:34:00	9.1	DoubleUp	DXC4B2P
2025-01-05 10:41:00	9.7	DoubleUp	DXC4B2P
2025-01-05 10:50:00	6.8	DoubleDown	DXC4B2P
2025-01-05 11:00:00	6.2	DoubleDown	DXC4B2P
2025-01-05 11:10:00	13.4	DoubleUp	DXC4B2P
2025-01-05 11:20:00	4.2	DoubleDown	DXC4B2P
2025-01-05 11:29:00	5.3	DoubleUp	DXC4B2P
2025-01-05 11:36:00	6.2	DoubleUp	DXC4B2P
2025-01-05 11:46:00	11.4	DoubleUp	DXC4B2P
2025-01-05 11:53:00	7.1	DoubleDown	DXC4B2P
2025-01-05 12:00:00	11.8	DoubleUp	DXC4B2P
2025-01-05 12:07:00	5.3	DoubleDown	DXC4B2P
2025-01-05 12:14:00	10.5	DoubleUp	DXC4B2P
2025-01-05 12:22:00	14.2	DoubleUp	DXC4B2P
2025-01-05 12:29:00	5.1	DoubleDown	DXC4B2P
2025-01-05 12:37:00	13	DoubleUp	DXC4B2P
2025-01-05 12:45:00	5.3	DoubleDown	DXC4B2P
2025-01-05 12:52:00	9.1	DoubleUp	DXC4B2P
2025-01-05 13:00:00	9	Flat	DXC4B2P
2025-01-05 13:08:00	7.3	DoubleDown	DXC4B2P
2025-01-05 13:17:00	6.9	DoubleDown	DXC4B2P
2025-01-05 13:27:00	5.1	DoubleDown	DXC4B2P
2025-01-05 13:37:00	6.4	DoubleUp	DXC4B2P
2025-01-05 13:45:00	8	DoubleUp	DXC4B2P
2025-01-05 13:55:00	7.6	DoubleDown	DXC4B2P
2025-01-05 14:04:00	7.3	DoubleDown	DXC4B2P
2025-01-05 14:11:00	12.8	DoubleUp	DXC4B2P
2025-01-05 14:20:00	6.4	DoubleDown	DXC4B2P
2025-01-05 14:27:00	9.6	DoubleUp	DXC4B2P
2025-01-05 14:36:00	6.2	DoubleDown	DXC4B2P
2025-01-05 14:44:00	4.3	DoubleDown	DXC4B2P
2025-01-05 14:54:00	3.9	DoubleDown	DXC4B2P
2025-01-05 15:04:00	4.2	DoubleUp	DXC4B2P
2025-01-05 15:13:00	4.5	DoubleUp	DXC4B2P
2025-01-05 15:23:00	8.1	DoubleUp	DXC4B2P
2025-01-05 15:30:00	4	DoubleDown	DXC4B2P
2025-01-05 15:37:00	11.1	DoubleUp	DXC4B2P
2025-01-05 15:45:00	3.5	DoubleDown	DXC4B2P
2025-01-05 15:52:00	3.4	Flat	DXC4B2P
2025-01-05 16:00:00	6.2	DoubleUp	DXC4B2P
2025-01-05 16:07:00	5.3	DoubleDown	DXC4B2P
2025-01-05 16:14:00	4.9	DoubleDown	DXC4B2P
2025-01-05 16:24:00	10.7	DoubleUp	DXC4B2P
2025-01-05 16:33:00	5.4	DoubleDown	DXC4B2P
2025-01-05 16:43:00	14.7	DoubleUp	DXC4B2P
2025-01-05 16:52:00	3.7	DoubleDown	DXC4B2P
2025-01-05 17:01:00	15.1	DoubleUp	DXC4B2P
2025-01-05 17:10:00	9.7	DoubleDown	DXC4B2P
2025-01-05 17:19:00	8.4	DoubleDown	DXC4B2P
2025-01-05 17:27:00	3.3	DoubleDown	DXC4B2P
2025-01-05 17:35:00	4.1	DoubleUp	DXC4B2P
2025-01-05 17:43:00	5.1	DoubleUp	DXC4B2P
2025-01-05 17:53:00	7.6	DoubleUp	DXC4B2P
2025-01-05 18:01:00	5.2	DoubleDown	DXC4B2P
2025-01-05 18:10:00	7.5	DoubleUp	DXC4B2P
2025-01-05 18:20:00	7.9	DoubleUp	DXC4B2P
2025-01-05 18:28:00	8.1	SingleUp	DXC4B2P
2025-01-05 18:37:00	9.2	DoubleUp	DXC4B2P
2025-01-05 18:46:00	13.6	DoubleUp	DXC4B2P
2025-01-05 18:56:00	13.8	SingleUp	DXC4B2P
2025-01-05 19:04:00	9.6	DoubleDown	DXC4B2P
2025-01-05 19:12:00	4.8	DoubleDown	DXC4B2P
2025-01-05 19:21:00	6.8	DoubleUp	DXC4B2P
2025-01-05 19:28:00	4.3	DoubleDown	DXC4B2P
2025-01-05 19:37:00	6.1	DoubleUp	DXC4B2P
2025-01-05 19:46:00	10.8	DoubleUp	DXC4B2P
2025-01-05 19:56:00	16.2	DoubleUp	DXC4B2P
2025-01-05 20:03:00	6.7	DoubleDown	DXC4B2P
2025-01-05 20:11:00	9.1	DoubleUp	DXC4B2P
2025-01-05 20:18:00	14.6	DoubleUp	DXC4B2P
2025-01-05 20:26:00	8.1	DoubleDown	DXC4B2P
2025-01-05 20:35:00	4.8	DoubleDown	DXC4B2P
2025-01-05 20:42:00	4.9	Flat	DXC4B2P
2025-01-05 20:49:00	6.9	DoubleUp	DXC4B2P
2025-01-05 20:59:00	8.4	DoubleUp	DXC4B2P
2025-01-05 21:06:00	9.4	DoubleUp	DXC4B2P
2025-01-05 21:14:00	5.1	DoubleDown	DXC4B2P
2025-01-05 21:22:00	3.1	DoubleDown	DXC4B2P
2025-01-05 21:31:00	7.4	DoubleUp	DXC4B2P
2025-01-05 21:41:00	5.1	DoubleDown	DXC4B2P
2025-01-05 21:51:00	5.8	DoubleUp	DXC4B2P
2025-01-05 21:59:00	15.3	DoubleUp	DXC4B2P
2025-01-05 22:06:00	15.9	DoubleUp	DXC4B2P
2025-01-05 22:14:00	7.5	DoubleDown	DXC4B2P
2025-01-05 22:22:00	7.7	SingleUp	DXC4B2P
2025-01-05 22:30:00	10.3	DoubleUp	DXC4B2P
2025-01-05 22:37:00	7.6	DoubleDown	DXC4B2P
2025-01-05 22:46:00	9.9	DoubleUp	DXC4B2P
2025-01-05 22:55:00	8.4	DoubleDown	DXC4B2P
2025-01-05 23:03:00	11.1	DoubleUp	DXC4B2P
2025-01-05 23:11:00	9.5	DoubleDown	DXC4B2P
2025-01-05 23:21:00	12	DoubleUp	DXC4B2P
2025-01-05 23:30:00	5.5	DoubleDown	DXC4B2P
2025-01-05 23:37:00	11.9	DoubleUp	DXC4B2P
2025-01-05 23:44:00	15.1	DoubleUp	DXC4B2P
2025-01-05 23:54:00	9.1	DoubleDown	DXC4B2P
2025-01-06 00:01:00	7.1	DoubleDown	DXC4B2P
2025-01-06 00:08:00	13.6	DoubleUp	DXC4B2P
2025-01-06 00:15:00	8.1	DoubleDown	DXC4B2P
2025-01-06 00:25:00	4.5	DoubleDown	DXC4B2P
2025-01-06 00:35:00	7.4	DoubleUp	DXC4B2P
2025-01-06 00:45:00	12.3	DoubleUp	DXC4B2P
2025-01-06 00:52:00	6.9	DoubleDown	DXC4B2P
2025-01-06 00:59:00	9.5	DoubleUp	DXC4B2P
2025-01-06 01:07:00	11.2	DoubleUp	DXC4B2P
2025-01-06 01:17:00	3.1	DoubleDown	DXC4B2P
2025-01-06 01:26:00	3.2	Flat	DXC4B2P
2025-01-06 01:36:00	7.2	DoubleUp	DXC4B2P
2025-01-06 01:46:00	8.7	DoubleUp	DXC4B2P
2025-01-06 01:56:00	7	DoubleDown	DXC4B2P
2025-01-06 02:05:00	14.2	DoubleUp	DXC4B2P
2025-01-06 02:12:00	13.7	DoubleDown	DXC4B2P
2025-01-06 02:20:00	12	DoubleDown	DXC4B2P
2025-01-06 02:28:00	4.6	DoubleDown	DXC4B2P
2025-01-06 02:38:00	8.1	DoubleUp	DXC4B2P
2025-01-06 02:46:00	4.5	DoubleDown	DXC4B2P
2025-01-06 02:55:00	6	DoubleUp	DXC4B2P
2025-01-06 03:05:00	8.8	DoubleUp	DXC4B2P
2025-01-06 03:14:00	11.5	DoubleUp	DXC4B2P
2025-01-06 03:23:00	7.9	DoubleDown	DXC4B2P
2025-01-06 03:33:00	7.8	Flat	DXC4B2P
2025-01-06 03:43:00	10.9	DoubleUp	DXC4B2P
2025-01-06 03:51:00	7.5	DoubleDown	DXC4B2P
2025-01-06 04:01:00	7.9	DoubleUp	DXC4B2P
2025-01-06 04:08:00	9.4	DoubleUp	DXC4B2P
2025-01-06 04:16:00	5.7	DoubleDown	DXC4B2P
2025-01-06 04:24:00	15.7	DoubleUp	DXC4B2P
2025-01-06 04:32:00	9.3	DoubleDown	DXC4B2P
2025-01-06 04:42:00	5.7	DoubleDown	DXC4B2P
2025-01-06 04:49:00	4.1	DoubleDown	DXC4B2P
2025-01-06 04:57:00	4	Flat	DXC4B2P
2025-01-06 05:06:00	4.1	Flat	DXC4B2P
2025-01-06 05:14:00	16.3	DoubleUp	DXC4B2P
2025-01-06 05:24:00	4.3	DoubleDown	DXC4B2P
2025-01-06 05:33:00	4.3	Flat	DXC4B2P
2025-01-06 05:40:00	13.1	DoubleUp	DXC4B2P
2025-01-06 05:48:00	8	DoubleDown	DXC4B2P
2025-01-06 05:58:00	6.1	DoubleDown	DXC4B2P
2025-01-06 06:08:00	5	DoubleDown	DXC4B2P
2025-01-06 06:15:00	7.8	DoubleUp	DXC4B2P
2025-01-06 06:22:00	3.7	DoubleDown	DXC4B2P
2025-01-06 06:30:00	7.2	DoubleUp	DXC4B2P
2025-01-06 06:39:00	13.5	DoubleUp	DXC4B2P
2025-01-06 06:48:00	4.7	DoubleDown	DXC4B2P
2025-01-06 06:58:00	7.9	DoubleUp	DXC4B2P
2025-01-06 07:05:00	5.9	DoubleDown	DXC4B2P
2025-01-06 07:12:00	5.3	DoubleDown	DXC4B2P
2025-01-06 07:20:00	6.3	DoubleUp	DXC4B2P
2025-01-06 07:29:00	9	DoubleUp	DXC4B2P
2025-01-06 07:37:00	11	DoubleUp	DXC4B2P
2025-01-06 07:44:00	4.1	DoubleDown	DXC4B2P
2025-01-06 07:54:00	8.5	DoubleUp	DXC4B2P
2025-01-06 08:01:00	5.6	DoubleDown	DXC4B2P
2025-01-06 08:10:00	6.5	DoubleUp	DXC4B2P
2025-01-06 08:17:00	6.6	Flat	DXC4B2P
2025-01-06 08:27:00	8.2	DoubleUp	DXC4B2P
2025-01-06 08:37:00	8.8	DoubleUp	DXC4B2P
2025-01-06 08:45:00	8.4	DoubleDown	DXC4B2P
2025-01-06 08:54:00	5.2	DoubleDown	DXC4B2P
2025-01-06 09:03:00	12	DoubleUp	DXC4B2P
2025-01-06 09:12:00	10.1	DoubleDown	DXC4B2P
2025-01-06 09:19:00	6.7	DoubleDown	DXC4B2P
2025-01-06 09:27:00	6.2	DoubleDown	DXC4B2P
2025-01-06 09:35:00	8.3	DoubleUp	DXC4B2P
2025-01-06 09:43:00	6.6	DoubleDown	DXC4B2P
2025-01-06 09:53:00	10.2	DoubleUp	DXC4B2P
2025-01-06 10:00:00	16.3	DoubleUp	DXC4B2P
2025-01-06 10:10:00	9.3	DoubleDown	DXC4B2P
2025-01-06 10:20:00	4.4	DoubleDown	DXC4B2P
2025-01-06 10:27:00	7.9	DoubleUp	DXC4B2P
2025-01-06 10:35:00	3.9	DoubleDown	DXC4B2P
2025-01-06 10:44:00	9.2	DoubleUp	DXC4B2P
2025-01-06 10:51:00	9.5	DoubleUp	DXC4B2P
2025-01-06 11:00:00	5.2	DoubleDown	DXC4B2P
2025-01-06 11:09:00	9.3	DoubleUp	DXC4B2P
2025-01-06 11:17:00	6.8	DoubleDown	DXC4B2P
2025-01-06 11:27:00	9.3	DoubleUp	DXC4B2P
2025-01-06 11:36:00	9.6	DoubleUp	DXC4B2P
2025-01-06 11:45:00	13.8	DoubleUp	DXC4B2P
2025-01-06 11:55:00	5.1	DoubleDown	DXC4B2P
2025-01-06 12:05:00	12.7	DoubleUp	DXC4B2P
2025-01-06 12:12:00	9.5	DoubleDown	DXC4B2P
2025-01-06 12:20:00	15.7	DoubleUp	DXC4B2P
2025-01-06 12:29:00	4.1	DoubleDown	DXC4B2P
2025-01-06 12:39:00	6.1	DoubleUp	DXC4B2P
2025-01-06 12:49:00	16.5	DoubleUp	DXC4B2P
2025-01-06 12:56:00	8.2	DoubleDown	DXC4B2P
2025-01-06 13:06:00	4.9	DoubleDown	DXC4B2P
2025-01-06 13:13:00	6.1	DoubleUp	DXC4B2P
2025-01-06 13:21:00	3.1	DoubleDown	DXC4B2P
2025-01-06 13:29:00	4	DoubleUp	DXC4B2P
2025-01-06 13:39:00	8.2	DoubleUp	DXC4B2P
2025-01-06 13:48:00	5.8	DoubleDown	DXC4B2P
2025-01-06 13:57:00	5.2	DoubleDown	DXC4B2P
2025-01-06 14:04:00	9	DoubleUp	DXC4B2P
2025-01-06 14:11:00	4.9	DoubleDown	DXC4B2P
2025-01-06 14:20:00	5.6	DoubleUp	DXC4B2P
2025-01-06 14:28:00	8.7	DoubleUp	DXC4B2P
2025-01-06 14:37:00	8.4	DoubleDown	DXC4B2P
2025-01-06 14:47:00	8.7	DoubleUp	DXC4B2P
2025-01-06 14:54:00	5.6	DoubleDown	DXC4B2P
2025-01-06 15:04:00	6.3	DoubleUp	DXC4B2P
2025-01-06 15:14:00	16.1	DoubleUp	DXC4B2P
2025-01-06 15:23:00	11.2	DoubleDown	DXC4B2P
2025-01-06 15:31:00	12.6	DoubleUp	DXC4B2P
2025-01-06 15:38:00	6.5	DoubleDown	DXC4B2P
2025-01-06 15:45:00	16.5	DoubleUp	DXC4B2P
2025-01-06 15:53:00	7.2	DoubleDown	DXC4B2P
2025-01-06 16:03:00	5.2	DoubleDown	DXC4B2P
2025-01-06 16:12:00	14.6	DoubleUp	DXC4B2P
2025-01-06 16:22:00	6	DoubleDown	DXC4B2P
2025-01-06 16:31:00	14.7	DoubleUp	DXC4B2P
2025-01-06 16:39:00	6	DoubleDown	DXC4B2P
2025-01-06 16:49:00	7.3	DoubleUp	DXC4B2P
2025-01-06 16:59:00	6.8	DoubleDown	DXC4B2P
2025-01-06 17:06:00	5.9	DoubleDown	DXC4B2P
2025-01-06 17:15:00	13.5	DoubleUp	DXC4B2P
2025-01-06 17:25:00	7.7	DoubleDown	DXC4B2P
2025-01-06 17:32:00	6.9	DoubleDown	DXC4B2P
2025-01-06 17:40:00	2.5	DoubleDown	DXC4B2P
2025-01-06 17:48:00	7.4	DoubleUp	DXC4B2P
2025-01-06 17:57:00	12.6	DoubleUp	DXC4B2P
2025-01-06 18:05:00	6.9	DoubleDown	DXC4B2P
2025-01-06 18:12:00	8.4	DoubleUp	DXC4B2P
2025-01-06 18:21:00	7.4	DoubleDown	DXC4B2P
2025-01-06 18:28:00	4.9	DoubleDown	DXC4B2P
2025-01-06 18:36:00	8.2	DoubleUp	DXC4B2P
2025-01-06 18:45:00	14.1	DoubleUp	DXC4B2P
2025-01-06 18:53:00	9.2	DoubleDown	DXC4B2P
2025-01-06 19:03:00	12.2	DoubleUp	DXC4B2P
2025-01-06 19:10:00	7	DoubleDown	DXC4B2P
2025-01-06 19:18:00	12	DoubleUp	DXC4B2P
2025-01-06 19:27:00	8.9	DoubleDown	DXC4B2P
2025-01-06 19:36:00	4.6	DoubleDown	DXC4B2P
2025-01-06 19:45:00	4.1	DoubleDown	DXC4B2P
2025-01-06 19:53:00	16.2	DoubleUp	DXC4B2P
2025-01-06 20:01:00	9.9	DoubleDown	DXC4B2P
2025-01-06 20:08:00	11.8	DoubleUp	DXC4B2P
2025-01-06 20:15:00	10.9	DoubleDown	DXC4B2P
2025-01-06 20:22:00	9	DoubleDown	DXC4B2P
2025-01-06 20:30:00	8.6	DoubleDown	DXC4B2P
2025-01-06 20:37:00	8.9	DoubleUp	DXC4B2P
2025-01-06 20:46:00	6.5	DoubleDown	DXC4B2P
2025-01-06 20:56:00	9.7	DoubleUp	DXC4B2P
2025-01-06 21:03:00	8.1	DoubleDown	DXC4B2P
2025-01-06 21:13:00	13.6	DoubleUp	DXC4B2P
2025-01-06 21:23:00	8.1	DoubleDown	DXC4B2P
2025-01-06 21:31:00	11.5	DoubleUp	DXC4B2P
2025-01-06 21:39:00	9.8	DoubleDown	DXC4B2P
2025-01-06 21:49:00	5	DoubleDown	DXC4B2P
2025-01-06 21:59:00	7.2	DoubleUp	DXC4B2P
2025-01-06 22:07:00	15.5	DoubleUp	DXC4B2P
2025-01-06 22:15:00	6.7	DoubleDown	DXC4B2P
2025-01-06 22:23:00	8.9	DoubleUp	DXC4B2P
2025-01-06 22:33:00	6.8	DoubleDown	DXC4B2P
2025-01-06 22:40:00	9.6	DoubleUp	DXC4B2P
2025-01-06 22:47:00	13.4	DoubleUp	DXC4B2P
2025-01-06 22:55:00	9.5	DoubleDown	DXC4B2P
2025-01-06 23:02:00	10	DoubleUp	DXC4B2P
2025-01-06 23:09:00	5.6	DoubleDown	DXC4B2P
2025-01-06 23:16:00	8.2	DoubleUp	DXC4B2P
2025-01-06 23:23:00	4	DoubleDown	DXC4B2P
2025-01-06 23:33:00	11.4	DoubleUp	DXC4B2P
2025-01-06 23:42:00	10.9	DoubleDown	DXC4B2P
2025-01-06 23:52:00	7.3	DoubleDown	DXC4B2P
2025-01-07 00:02:00	11.6	DoubleUp	DXC4B2P
2025-01-07 00:09:00	14.3	DoubleUp	DXC4B2P
2025-01-07 00:18:00	3.7	DoubleDown	DXC4B2P
2025-01-07 00:25:00	9.5	DoubleUp	DXC4B2P
2025-01-07 00:33:00	9.8	DoubleUp	DXC4B2P
2025-01-07 00:43:00	4.7	DoubleDown	DXC4B2P
2025-01-07 00:52:00	16.5	DoubleUp	DXC4B2P
2025-01-07 01:01:00	3.4	DoubleDown	DXC4B2P
2025-01-07 01:10:00	7.5	DoubleUp	DXC4B2P
2025-01-07 01:18:00	6.9	DoubleDown	DXC4B2P
2025-01-07 01:26:00	10.9	DoubleUp	DXC4B2P
2025-01-07 01:33:00	7.7	DoubleDown	DXC4B2P
2025-01-07 01:41:00	4.6	DoubleDown	DXC4B2P
2025-01-07 01:49:00	4.3	DoubleDown	DXC4B2P
2025-01-07 01:59:00	11.8	DoubleUp	DXC4B2P
2025-01-07 02:06:00	7.3	DoubleDown	DXC4B2P
2025-01-07 02:15:00	5.5	DoubleDown	DXC4B2P
2025-01-07 02:24:00	12.8	DoubleUp	DXC4B2P
2025-01-07 02:31:00	11.9	DoubleDown	DXC4B2P
2025-01-07 02:38:00	5.1	DoubleDown	DXC4B2P
2025-01-07 02:45:00	5.7	DoubleUp	DXC4B2P
2025-01-07 02:54:00	5.7	Flat	DXC4B2P
2025-01-07 03:02:00	15.7	DoubleUp	DXC4B2P
2025-01-07 03:10:00	15.3	DoubleDown	DXC4B2P
2025-01-07 03:19:00	8.7	DoubleDown	DXC4B2P
2025-01-07 03:26:00	9.3	DoubleUp	DXC4B2P
2025-01-07 03:36:00	4.6	DoubleDown	DXC4B2P
2025-01-07 03:46:00	5.7	DoubleUp	DXC4B2P
2025-01-07 03:54:00	15	DoubleUp	DXC4B2P
2025-01-07 04:01:00	14.2	DoubleDown	DXC4B2P
2025-01-07 04:10:00	5.7	DoubleDown	DXC4B2P
2025-01-07 04:18:00	12.1	DoubleUp	DXC4B2P
2025-01-07 04:25:00	7	DoubleDown	DXC4B2P
2025-01-07 04:33:00	12.4	DoubleUp	DXC4B2P
2025-01-07 04:41:00	11	DoubleDown	DXC4B2P
2025-01-07 04:49:00	11.7	DoubleUp	DXC4B2P
2025-01-07 04:57:00	8.8	DoubleDown	DXC4B2P
2025-01-07 05:05:00	8	DoubleDown	DXC4B2P
2025-01-07 05:12:00	6.4	DoubleDown	DXC4B2P
2025-01-07 05:19:00	6.7	DoubleUp	DXC4B2P
2025-01-07 05:28:00	9.2	DoubleUp	DXC4B2P
2025-01-07 05:37:00	7.3	DoubleDown	DXC4B2P
2025-01-07 05:46:00	5.6	DoubleDown	DXC4B2P
2025-01-07 05:53:00	4.3	DoubleDown	DXC4B2P
2025-01-07 06:02:00	12.3	DoubleUp	DXC4B2P
2025-01-07 06:10:00	5.5	DoubleDown	DXC4B2P
2025-01-07 06:18:00	9.7	DoubleUp	DXC4B2P
2025-01-07 06:26:00	7.2	DoubleDown	DXC4B2P
2025-01-07 06:33:00	4.1	DoubleDown	DXC4B2P
2025-01-07 06:43:00	7.7	DoubleUp	DXC4B2P
2025-01-07 06:51:00	9.1	DoubleUp	DXC4B2P
2025-01-07 07:00:00	9.9	DoubleUp	DXC4B2P
2025-01-07 07:08:00	15.1	DoubleUp	DXC4B2P
2025-01-07 07:15:00	7.7	DoubleDown	DXC4B2P
2025-01-07 07:22:00	4.3	DoubleDown	DXC4B2P
2025-01-07 07:29:00	3	DoubleDown	DXC4B2P
2025-01-07 07:39:00	7.4	DoubleUp	DXC4B2P
2025-01-07 07:48:00	7	DoubleDown	DXC4B2P
2025-01-07 07:58:00	6.8	SingleDown	DXC4B2P
2025-01-07 08:07:00	9.9	DoubleUp	DXC4B2P
2025-01-07 08:15:00	11.8	DoubleUp	DXC4B2P
2025-01-07 08:24:00	6.3	DoubleDown	DXC4B2P
2025-01-07 08:31:00	8.2	DoubleUp	DXC4B2P
2025-01-07 08:39:00	5.1	DoubleDown	DXC4B2P
2025-01-07 08:48:00	8.9	DoubleUp	DXC4B2P
2025-01-07 08:58:00	13.7	DoubleUp	DXC4B2P
2025-01-07 09:07:00	8.3	DoubleDown	DXC4B2P
2025-01-07 09:15:00	8.6	DoubleUp	DXC4B2P
2025-01-07 09:25:00	4	DoubleDown	DXC4B2P
2025-01-07 09:35:00	6	DoubleUp	DXC4B2P
2025-01-07 09:42:00	4.7	DoubleDown	DXC4B2P
2025-01-07 09:49:00	9.9	DoubleUp	DXC4B2P
2025-01-07 09:59:00	7.4	DoubleDown	DXC4B2P
2025-01-07 10:09:00	10.2	DoubleUp	DXC4B2P
2025-01-07 10:18:00	6.2	DoubleDown	DXC4B2P
2025-01-07 10:26:00	10.2	DoubleUp	DXC4B2P
2025-01-07 10:35:00	9.3	DoubleDown	DXC4B2P
2025-01-07 10:44:00	8.2	DoubleDown	DXC4B2P
2025-01-07 10:54:00	5.9	DoubleDown	DXC4B2P
2025-01-07 11:01:00	5.4	DoubleDown	DXC4B2P
2025-01-07 11:08:00	5	DoubleDown	DXC4B2P
2025-01-07 11:17:00	7.8	DoubleUp	DXC4B2P
2025-01-07 11:26:00	12.4	DoubleUp	DXC4B2P
2025-01-07 11:35:00	8.1	DoubleDown	DXC4B2P
2025-01-07 11:44:00	5.3	DoubleDown	DXC4B2P
2025-01-07 11:53:00	10.3	DoubleUp	DXC4B2P
2025-01-07 12:03:00	6	DoubleDown	DXC4B2P
2025-01-07 12:10:00	6.9	DoubleUp	DXC4B2P
2025-01-07 12:19:00	7.5	DoubleUp	DXC4B2P
2025-01-07 12:28:00	6.4	DoubleDown	DXC4B2P
2025-01-07 12:37:00	9.2	DoubleUp	DXC4B2P
2025-01-07 12:47:00	5.8	DoubleDown	DXC4B2P
2025-01-07 12:54:00	9.8	DoubleUp	DXC4B2P
2025-01-07 13:03:00	9	DoubleDown	DXC4B2P
2025-01-07 13:12:00	7.6	DoubleDown	DXC4B2P
2025-01-07 13:20:00	8.8	DoubleUp	DXC4B2P
2025-01-07 13:30:00	8.2	DoubleDown	DXC4B2P
2025-01-07 13:39:00	5.7	DoubleDown	DXC4B2P
2025-01-07 13:47:00	10.3	DoubleUp	DXC4B2P
2025-01-07 13:54:00	13.1	DoubleUp	DXC4B2P
2025-01-07 14:02:00	8.6	DoubleDown	DXC4B2P
2025-01-07 14:12:00	9.3	DoubleUp	DXC4B2P
2025-01-07 14:21:00	5	DoubleDown	DXC4B2P
2025-01-07 14:30:00	5.5	DoubleUp	DXC4B2P
2025-01-07 14:39:00	15.8	DoubleUp	DXC4B2P
2025-01-07 14:46:00	15.8	Flat	DXC4B2P
2025-01-07 14:53:00	6.3	DoubleDown	DXC4B2P
2025-01-07 15:02:00	12.4	DoubleUp	DXC4B2P
2025-01-07 15:10:00	6.9	DoubleDown	DXC4B2P
2025-01-07 15:17:00	13.3	DoubleUp	DXC4B2P
2025-01-07 15:27:00	6.9	DoubleDown	DXC4B2P
2025-01-07 15:37:00	2.2	DoubleDown	DXC4B2P
2025-01-07 15:44:00	7.5	DoubleUp	DXC4B2P
2025-01-07 15:51:00	8.9	DoubleUp	DXC4B2P
2025-01-07 15:58:00	4.5	DoubleDown	DXC4B2P
2025-01-07 16:06:00	8.3	DoubleUp	DXC4B2P
2025-01-07 16:16:00	10.5	DoubleUp	DXC4B2P
2025-01-07 16:26:00	5	DoubleDown	DXC4B2P
2025-01-07 16:35:00	6.9	DoubleUp	DXC4B2P
2025-01-07 16:42:00	13.3	DoubleUp	DXC4B2P
2025-01-07 16:50:00	7.6	DoubleDown	DXC4B2P
2025-01-07 16:58:00	5	DoubleDown	DXC4B2P
2025-01-07 17:06:00	5.8	DoubleUp	DXC4B2P
2025-01-07 17:13:00	5.9	Flat	DXC4B2P
2025-01-07 17:20:00	8	DoubleUp	DXC4B2P
2025-01-07 17:29:00	4.8	DoubleDown	DXC4B2P
2025-01-07 17:39:00	6.5	DoubleUp	DXC4B2P
2025-01-07 17:47:00	5	DoubleDown	DXC4B2P
2025-01-07 17:54:00	9	DoubleUp	DXC4B2P
2025-01-07 18:04:00	10.8	DoubleUp	DXC4B2P
2025-01-07 18:11:00	4.3	DoubleDown	DXC4B2P
2025-01-07 18:21:00	8	DoubleUp	DXC4B2P
2025-01-07 18:29:00	4.3	DoubleDown	DXC4B2P
2025-01-07 18:36:00	5.9	DoubleUp	DXC4B2P
2025-01-07 18:44:00	7.5	DoubleUp	DXC4B2P
2025-01-07 18:53:00	9.3	DoubleUp	DXC4B2P
2025-01-07 19:03:00	6.1	DoubleDown	DXC4B2P
2025-01-07 19:13:00	4.8	DoubleDown	DXC4B2P
2025-01-07 19:21:00	12	DoubleUp	DXC4B2P
2025-01-07 19:28:00	10.1	DoubleDown	DXC4B2P
2025-01-07 19:38:00	5	DoubleDown	DXC4B2P
2025-01-07 19:47:00	6.2	DoubleUp	DXC4B2P
2025-01-07 19:57:00	9.4	DoubleUp	DXC4B2P
2025-01-07 20:04:00	8.4	DoubleDown	DXC4B2P
2025-01-07 20:11:00	13.5	DoubleUp	DXC4B2P
2025-01-07 20:18:00	5.3	DoubleDown	DXC4B2P
2025-01-07 20:28:00	5.4	Flat	DXC4B2P
2025-01-07 20:35:00	4.2	DoubleDown	DXC4B2P
2025-01-07 20:43:00	4.8	DoubleUp	DXC4B2P
2025-01-07 20:50:00	8.7	DoubleUp	DXC4B2P
2025-01-07 21:00:00	6.4	DoubleDown	DXC4B2P
2025-01-07 21:07:00	8	DoubleUp	DXC4B2P
2025-01-07 21:14:00	9	DoubleUp	DXC4B2P
2025-01-07 21:23:00	6.7	DoubleDown	DXC4B2P
2025-01-07 21:30:00	6.3	DoubleDown	DXC4B2P
2025-01-07 21:39:00	5.1	DoubleDown	DXC4B2P
2025-01-07 21:47:00	13.4	DoubleUp	DXC4B2P
2025-01-07 21:54:00	5.3	DoubleDown	DXC4B2P
2025-01-07 22:03:00	5.3	Flat	DXC4B2P
2025-01-07 22:13:00	5.1	SingleDown	DXC4B2P
2025-01-07 22:21:00	11.6	DoubleUp	DXC4B2P
2025-01-07 22:30:00	7.7	DoubleDown	DXC4B2P
2025-01-07 22:38:00	5.2	DoubleDown	DXC4B2P
2025-01-07 22:47:00	4.7	DoubleDown	DXC4B2P
2025-01-07 22:57:00	11.2	DoubleUp	DXC4B2P
2025-01-07 23:07:00	8.2	DoubleDown	DXC4B2P
2025-01-07 23:16:00	8.3	Flat	DXC4B2P
2025-01-07 23:25:00	13.3	DoubleUp	DXC4B2P
2025-01-07 23:33:00	12.3	DoubleDown	DXC4B2P
2025-01-07 23:43:00	7.9	DoubleDown	DXC4B2P
2025-01-07 23:51:00	8.8	DoubleUp	DXC4B2P
2025-01-07 23:59:00	11.1	DoubleUp	DXC4B2P
2025-01-08 00:06:00	11.4	DoubleUp	DXC4B2P
2025-01-08 00:13:00	4.9	DoubleDown	DXC4B2P
2025-01-08 00:22:00	8.7	DoubleUp	DXC4B2P
2025-01-08 00:29:00	9.9	DoubleUp	DXC4B2P
2025-01-08 00:38:00	6.7	DoubleDown	DXC4B2P
2025-01-08 00:45:00	10	DoubleUp	DXC4B2P
2025-01-08 00:54:00	10.8	DoubleUp	DXC4B2P
2025-01-08 01:02:00	8.6	DoubleDown	DXC4B2P
2025-01-08 01:11:00	5.1	DoubleDown	DXC4B2P
2025-01-08 01:20:00	7.9	DoubleUp	DXC4B2P
2025-01-08 01:29:00	13.1	DoubleUp	DXC4B2P
2025-01-08 01:39:00	6.7	DoubleDown	DXC4B2P
2025-01-08 01:49:00	15	DoubleUp	DXC4B2P
2025-01-08 01:58:00	11.3	DoubleDown	DXC4B2P
2025-01-08 02:05:00	5.9	DoubleDown	DXC4B2P
2025-01-08 02:13:00	7.9	DoubleUp	DXC4B2P
2025-01-08 02:23:00	5.7	DoubleDown	DXC4B2P
2025-01-08 02:32:00	4.5	DoubleDown	DXC4B2P
2025-01-08 02:39:00	13.3	DoubleUp	DXC4B2P
2025-01-08 02:46:00	8.5	DoubleDown	DXC4B2P
2025-01-08 02:55:00	14.8	DoubleUp	DXC4B2P
2025-01-08 03:03:00	6.1	DoubleDown	DXC4B2P
2025-01-08 03:12:00	4.6	DoubleDown	DXC4B2P
2025-01-08 03:20:00	5.9	DoubleUp	DXC4B2P
2025-01-08 03:29:00	5.4	DoubleDown	DXC4B2P
2025-01-08 03:36:00	8.1	DoubleUp	DXC4B2P
2025-01-08 03:46:00	8	Flat	DXC4B2P
2025-01-08 03:54:00	11.8	DoubleUp	DXC4B2P
2025-01-08 04:02:00	6	DoubleDown	DXC4B2P
2025-01-08 04:12:00	8.1	DoubleUp	DXC4B2P
2025-01-08 04:20:00	4.6	DoubleDown	DXC4B2P
2025-01-08 04:30:00	4.5	Flat	DXC4B2P
2025-01-08 04:40:00	6.3	DoubleUp	DXC4B2P
2025-01-08 04:49:00	4.3	DoubleDown	DXC4B2P
2025-01-08 04:56:00	9.9	DoubleUp	DXC4B2P
2025-01-08 05:06:00	11.9	DoubleUp	DXC4B2P
2025-01-08 05:16:00	12.8	DoubleUp	DXC4B2P
2025-01-08 05:26:00	6.4	DoubleDown	DXC4B2P
2025-01-08 05:36:00	7.5	DoubleUp	DXC4B2P
2025-01-08 05:45:00	4.9	DoubleDown	DXC4B2P
2025-01-08 05:52:00	4.9	Flat	DXC4B2P
2025-01-08 06:01:00	4.6	DoubleDown	DXC4B2P
2025-01-08 06:10:00	11.4	DoubleUp	DXC4B2P
2025-01-08 06:18:00	11.4	Flat	DXC4B2P
2025-01-08 06:27:00	5.1	DoubleDown	DXC4B2P
2025-01-08 06:36:00	12.9	DoubleUp	DXC4B2P
2025-01-08 06:43:00	14.2	DoubleUp	DXC4B2P
2025-01-08 06:50:00	4	DoubleDown	DXC4B2P
2025-01-08 06:57:00	7.1	DoubleUp	DXC4B2P
2025-01-08 07:06:00	5.3	DoubleDown	DXC4B2P
2025-01-08 07:14:00	9	DoubleUp	DXC4B2P
2025-01-08 07:21:00	12.9	DoubleUp	DXC4B2P
2025-01-08 07:29:00	4.3	DoubleDown	DXC4B2P
2025-01-08 07:36:00	5.8	DoubleUp	DXC4B2P
2025-01-08 07:44:00	8.5	DoubleUp	DXC4B2P
2025-01-08 07:53:00	12.9	DoubleUp	DXC4B2P
2025-01-08 08:01:00	4.6	DoubleDown	DXC4B2P
2025-01-08 08:09:00	5.5	DoubleUp	DXC4B2P
2025-01-08 08:19:00	13.9	DoubleUp	DXC4B2P
2025-01-08 08:26:00	9.7	DoubleDown	DXC4B2P
2025-01-08 08:34:00	9.2	DoubleDown	DXC4B2P
2025-01-08 08:41:00	9.3	Flat	DXC4B2P
2025-01-08 08:48:00	9	DoubleDown	DXC4B2P
2025-01-08 08:55:00	9.5	DoubleUp	DXC4B2P
2025-01-08 09:02:00	6.5	DoubleDown	DXC4B2P
2025-01-08 09:11:00	11.9	DoubleUp	DXC4B2P
2025-01-08 09:21:00	9.7	DoubleDown	DXC4B2P
2025-01-08 09:31:00	12.8	DoubleUp	DXC4B2P
2025-01-08 09:38:00	8.8	DoubleDown	DXC4B2P
2025-01-08 09:47:00	11.2	DoubleUp	DXC4B2P
2025-01-08 09:56:00	12.6	DoubleUp	DXC4B2P
2025-01-08 10:05:00	6.7	DoubleDown	DXC4B2P
2025-01-08 10:14:00	9.7	DoubleUp	DXC4B2P
2025-01-08 10:22:00	5.3	DoubleDown	DXC4B2P
2025-01-08 10:29:00	2.2	DoubleDown	DXC4B2P
2025-01-08 10:39:00	8.3	DoubleUp	DXC4B2P
2025-01-08 10:46:00	10.9	DoubleUp	DXC4B2P
2025-01-08 10:53:00	8.7	DoubleDown	DXC4B2P
2025-01-08 11:00:00	6.2	DoubleDown	DXC4B2P
2025-01-08 11:10:00	3.5	DoubleDown	DXC4B2P
2025-01-08 11:17:00	8.2	DoubleUp	DXC4B2P
2025-01-08 11:27:00	5.7	DoubleDown	DXC4B2P
2025-01-08 11:34:00	15.2	DoubleUp	DXC4B2P
2025-01-08 11:44:00	11.1	DoubleDown	DXC4B2P
2025-01-08 11:51:00	5.6	DoubleDown	DXC4B2P
2025-01-08 11:58:00	8.9	DoubleUp	DXC4B2P
2025-01-08 12:06:00	7	DoubleDown	DXC4B2P
2025-01-08 12:13:00	4.8	DoubleDown	DXC4B2P
2025-01-08 12:23:00	10.3	DoubleUp	DXC4B2P
2025-01-08 12:30:00	5	DoubleDown	DXC4B2P
2025-01-08 12:37:00	14.7	DoubleUp	DXC4B2P
2025-01-08 12:45:00	13.1	DoubleDown	DXC4B2P
2025-01-08 12:53:00	13.5	DoubleUp	DXC4B2P
2025-01-08 13:02:00	10	DoubleDown	DXC4B2P
2025-01-08 13:09:00	6.6	DoubleDown	DXC4B2P
2025-01-08 13:17:00	13.7	DoubleUp	DXC4B2P
2025-01-08 13:27:00	9	DoubleDown	DXC4B2P
2025-01-08 13:36:00	7.9	DoubleDown	DXC4B2P
2025-01-08 13:44:00	4.3	DoubleDown	DXC4B2P
2025-01-08 13:52:00	7.5	DoubleUp	DXC4B2P
2025-01-08 14:01:00	8.2	DoubleUp	DXC4B2P
2025-01-08 14:11:00	6.6	DoubleDown	DXC4B2P
2025-01-08 14:20:00	9.3	DoubleUp	DXC4B2P
2025-01-08 14:29:00	6.3	DoubleDown	DXC4B2P
2025-01-08 14:37:00	7.9	DoubleUp	DXC4B2P
2025-01-08 14:46:00	15	DoubleUp	DXC4B2P
2025-01-08 14:54:00	15.4	DoubleUp	DXC4B2P
2025-01-08 15:04:00	15.6	SingleUp	DXC4B2P
2025-01-08 15:12:00	8.8	DoubleDown	DXC4B2P
2025-01-08 15:21:00	6.7	DoubleDown	DXC4B2P
2025-01-08 15:30:00	5.1	DoubleDown	DXC4B2P
2025-01-08 15:38:00	6.2	DoubleUp	DXC4B2P
2025-01-08 15:45:00	9.2	DoubleUp	DXC4B2P
2025-01-08 15:53:00	12.4	DoubleUp	DXC4B2P
2025-01-08 16:00:00	9.1	DoubleDown	DXC4B2P
2025-01-08 16:07:00	9.4	DoubleUp	DXC4B2P
2025-01-08 16:17:00	12	DoubleUp	DXC4B2P
2025-01-08 16:27:00	5.4	DoubleDown	DXC4B2P
2025-01-08 16:34:00	9.8	DoubleUp	DXC4B2P
2025-01-08 16:44:00	3.7	DoubleDown	DXC4B2P
2025-01-08 16:52:00	5.2	DoubleUp	DXC4B2P
2025-01-08 17:02:00	9.6	DoubleUp	DXC4B2P
2025-01-08 17:12:00	15	DoubleUp	DXC4B2P
2025-01-08 17:22:00	11.7	DoubleDown	DXC4B2P
2025-01-08 17:31:00	6.7	DoubleDown	DXC4B2P
2025-01-08 17:38:00	11.9	DoubleUp	DXC4B2P
2025-01-08 17:48:00	10.7	DoubleDown	DXC4B2P
2025-01-08 17:57:00	13.7	DoubleUp	DXC4B2P
2025-01-08 18:04:00	8.3	DoubleDown	DXC4B2P
2025-01-08 18:14:00	14.8	DoubleUp	DXC4B2P
2025-01-08 18:24:00	9.2	DoubleDown	DXC4B2P
2025-01-08 18:34:00	3.2	DoubleDown	DXC4B2P
2025-01-08 18:42:00	8	DoubleUp	DXC4B2P
2025-01-08 18:52:00	4.3	DoubleDown	DXC4B2P
2025-01-08 19:01:00	15.8	DoubleUp	DXC4B2P
2025-01-08 19:08:00	4.9	DoubleDown	DXC4B2P
2025-01-08 19:18:00	6.7	DoubleUp	DXC4B2P
2025-01-08 19:25:00	9.9	DoubleUp	DXC4B2P
2025-01-08 19:33:00	8.3	DoubleDown	DXC4B2P
2025-01-08 19:42:00	9.5	DoubleUp	DXC4B2P
2025-01-08 19:51:00	5.1	DoubleDown	DXC4B2P
2025-01-08 20:01:00	10.9	DoubleUp	DXC4B2P
2025-01-08 20:10:00	5.7	DoubleDown	DXC4B2P
2025-01-08 20:20:00	8.6	DoubleUp	DXC4B2P
2025-01-08 20:27:00	12.9	DoubleUp	DXC4B2P
2025-01-08 20:37:00	5.2	DoubleDown	DXC4B2P
2025-01-08 20:46:00	9.4	DoubleUp	DXC4B2P
2025-01-08 20:56:00	14.8	DoubleUp	DXC4B2P
2025-01-08 21:05:00	10.1	DoubleDown	DXC4B2P
2025-01-08 21:15:00	4.8	DoubleDown	DXC4B2P
2025-01-08 21:24:00	7	DoubleUp	DXC4B2P
2025-01-08 21:31:00	6.8	SingleDown	DXC4B2P
2025-01-08 21:38:00	14.1	DoubleUp	DXC4B2P
2025-01-08 21:48:00	8.4	DoubleDown	DXC4B2P
2025-01-08 21:57:00	3.5	DoubleDown	DXC4B2P
2025-01-08 22:07:00	13.1	DoubleUp	DXC4B2P
2025-01-08 22:16:00	15.4	DoubleUp	DXC4B2P
2025-01-08 22:23:00	8.8	DoubleDown	DXC4B2P
2025-01-08 22:32:00	12.2	DoubleUp	DXC4B2P
2025-01-08 22:40:00	6.3	DoubleDown	DXC4B2P
2025-01-08 22:50:00	15.4	DoubleUp	DXC4B2P
2025-01-08 22:59:00	2.9	DoubleDown	DXC4B2P
2025-01-08 23:06:00	4.7	DoubleUp	DXC4B2P
2025-01-08 23:14:00	11	DoubleUp	DXC4B2P
2025-01-08 23:21:00	5.8	DoubleDown	DXC4B2P
2025-01-08 23:29:00	15.1	DoubleUp	DXC4B2P
2025-01-08 23:39:00	6.6	DoubleDown	DXC4B2P
2025-01-08 23:46:00	9.7	DoubleUp	DXC4B2P
2025-01-08 23:53:00	8.6	DoubleDown	DXC4B2P
2025-01-09 00:03:00	6.4	DoubleDown	DXC4B2P
2025-01-09 00:11:00	4.2	DoubleDown	DXC4B2P
2025-01-09 00:20:00	8	DoubleUp	DXC4B2P
2025-01-09 00:27:00	10.9	DoubleUp	DXC4B2P
2025-01-09 00:36:00	6.4	DoubleDown	DXC4B2P
2025-01-09 00:43:00	7.4	DoubleUp	DXC4B2P
2025-01-09 00:52:00	7.3	Flat	DXC4B2P
2025-01-09 01:01:00	15.3	DoubleUp	DXC4B2P
2025-01-09 01:08:00	2.9	DoubleDown	DXC4B2P
2025-01-09 01:15:00	4.2	DoubleUp	DXC4B2P
2025-01-09 01:22:00	15.2	DoubleUp	DXC4B2P
2025-01-09 01:30:00	8.7	DoubleDown	DXC4B2P
2025-01-09 01:39:00	8.7	Flat	DXC4B2P
2025-01-09 01:46:00	11.7	DoubleUp	DXC4B2P
2025-01-09 01:54:00	4.7	DoubleDown	DXC4B2P
2025-01-09 02:03:00	8.4	DoubleUp	DXC4B2P
2025-01-09 02:10:00	6.1	DoubleDown	DXC4B2P
2025-01-09 02:19:00	4.9	DoubleDown	DXC4B2P
2025-01-09 02:26:00	7.9	DoubleUp	DXC4B2P
2025-01-09 02:36:00	11.6	DoubleUp	DXC4B2P
2025-01-09 02:46:00	7.1	DoubleDown	DXC4B2P
2025-01-09 02:53:00	5.8	DoubleDown	DXC4B2P
2025-01-09 03:03:00	11.8	DoubleUp	DXC4B2P
2025-01-09 03:10:00	4.4	DoubleDown	DXC4B2P
2025-01-09 03:19:00	5.7	DoubleUp	DXC4B2P
2025-01-09 03:29:00	11.7	DoubleUp	DXC4B2P
2025-01-09 03:36:00	5.5	DoubleDown	DXC4B2P
2025-01-09 03:44:00	7.2	DoubleUp	DXC4B2P
2025-01-09 03:53:00	12.5	DoubleUp	DXC4B2P
2025-01-09 04:00:00	5	DoubleDown	DXC4B2P
2025-01-09 04:07:00	16.4	DoubleUp	DXC4B2P
2025-01-09 04:14:00	5.6	DoubleDown	DXC4B2P
2025-01-09 04:22:00	4.8	DoubleDown	DXC4B2P
2025-01-09 04:29:00	5.7	DoubleUp	DXC4B2P
2025-01-09 04:39:00	12.8	DoubleUp	DXC4B2P
2025-01-09 04:47:00	15.2	DoubleUp	DXC4B2P
2025-01-09 04:56:00	6.6	DoubleDown	DXC4B2P
2025-01-09 05:04:00	8.9	DoubleUp	DXC4B2P
2025-01-09 05:11:00	14.2	DoubleUp	DXC4B2P
2025-01-09 05:18:00	9.1	DoubleDown	DXC4B2P
2025-01-09 05:28:00	3.6	DoubleDown	DXC4B2P
2025-01-09 05:36:00	8.2	DoubleUp	DXC4B2P
2025-01-09 05:46:00	8.3	Flat	DXC4B2P
2025-01-09 05:53:00	9.4	DoubleUp	DXC4B2P
2025-01-09 06:00:00	12.7	DoubleUp	DXC4B2P
2025-01-09 06:10:00	15	DoubleUp	DXC4B2P
2025-01-09 06:17:00	15.2	SingleUp	DXC4B2P
2025-01-09 06:26:00	4.1	DoubleDown	DXC4B2P
2025-01-09 06:33:00	7.6	DoubleUp	DXC4B2P
2025-01-09 06:40:00	5.3	DoubleDown	DXC4B2P
2025-01-09 06:50:00	8.3	DoubleUp	DXC4B2P
2025-01-09 06:58:00	4.7	DoubleDown	DXC4B2P
2025-01-09 07:05:00	6.9	DoubleUp	DXC4B2P
2025-01-09 07:13:00	9	DoubleUp	DXC4B2P
2025-01-09 07:22:00	6.4	DoubleDown	DXC4B2P
2025-01-09 07:30:00	13.1	DoubleUp	DXC4B2P
2025-01-09 07:37:00	10.5	DoubleDown	DXC4B2P
2025-01-09 07:47:00	8.2	DoubleDown	DXC4B2P
2025-01-09 07:57:00	6.6	DoubleDown	DXC4B2P
2025-01-09 08:05:00	5.5	DoubleDown	DXC4B2P
2025-01-09 08:12:00	8.5	DoubleUp	DXC4B2P
2025-01-09 08:21:00	4.2	DoubleDown	DXC4B2P
2025-01-09 08:28:00	15.7	DoubleUp	DXC4B2P
2025-01-09 08:37:00	9.4	DoubleDown	DXC4B2P
2025-01-09 08:47:00	4.9	DoubleDown	DXC4B2P
2025-01-09 08:57:00	5.6	DoubleUp	DXC4B2P
2025-01-09 09:07:00	4.1	DoubleDown	DXC4B2P
2025-01-09 09:16:00	4.3	SingleUp	DXC4B2P
2025-01-09 09:25:00	6	DoubleUp	DXC4B2P
2025-01-09 09:33:00	3.2	DoubleDown	DXC4B2P
2025-01-09 09:41:00	12.1	DoubleUp	DXC4B2P
2025-01-09 09:48:00	16.1	DoubleUp	DXC4B2P
2025-01-09 09:55:00	12.6	DoubleDown	DXC4B2P
2025-01-09 10:04:00	6	DoubleDown	DXC4B2P
2025-01-09 10:14:00	7.9	DoubleUp	DXC4B2P
2025-01-09 10:22:00	10.6	DoubleUp	DXC4B2P
2025-01-09 10:30:00	7.9	DoubleDown	DXC4B2P
2025-01-09 10:38:00	7.4	DoubleDown	DXC4B2P
2025-01-09 10:45:00	5.4	DoubleDown	DXC4B2P
2025-01-09 10:55:00	4.6	DoubleDown	DXC4B2P
2025-01-09 11:02:00	7.4	DoubleUp	DXC4B2P
2025-01-09 11:09:00	7.3	Flat	DXC4B2P
2025-01-09 11:17:00	9.9	DoubleUp	DXC4B2P
2025-01-09 11:25:00	5.7	DoubleDown	DXC4B2P
2025-01-09 11:34:00	4.6	DoubleDown	DXC4B2P
2025-01-09 11:42:00	7.9	DoubleUp	DXC4B2P
2025-01-09 11:50:00	5.8	DoubleDown	DXC4B2P
2025-01-09 11:58:00	10.6	DoubleUp	DXC4B2P
2025-01-09 12:06:00	6.8	DoubleDown	DXC4B2P
2025-01-09 12:16:00	10.7	DoubleUp	DXC4B2P
2025-01-09 12:24:00	5.3	DoubleDown	DXC4B2P
2025-01-09 12:33:00	13.3	DoubleUp	DXC4B2P
2025-01-09 12:43:00	6.9	DoubleDown	DXC4B2P
2025-01-09 12:50:00	9.2	DoubleUp	DXC4B2P
2025-01-09 13:00:00	11.4	DoubleUp	DXC4B2P
2025-01-09 13:07:00	15.1	DoubleUp	DXC4B2P
2025-01-09 13:16:00	8.7	DoubleDown	DXC4B2P
2025-01-09 13:25:00	13	DoubleUp	DXC4B2P
2025-01-09 13:33:00	13.6	DoubleUp	DXC4B2P
2025-01-09 13:40:00	7.5	DoubleDown	DXC4B2P
2025-01-09 13:48:00	6.7	DoubleDown	DXC4B2P
2025-01-09 13:58:00	7.5	DoubleUp	DXC4B2P
2025-01-09 14:05:00	11.4	DoubleUp	DXC4B2P
2025-01-09 14:15:00	3.9	DoubleDown	DXC4B2P
2025-01-09 14:25:00	12.7	DoubleUp	DXC4B2P
2025-01-09 14:34:00	7.7	DoubleDown	DXC4B2P
2025-01-09 14:42:00	11.5	DoubleUp	DXC4B2P
2025-01-09 14:50:00	4.4	DoubleDown	DXC4B2P
2025-01-09 14:59:00	10.7	DoubleUp	DXC4B2P
2025-01-09 15:07:00	14.2	DoubleUp	DXC4B2P
2025-01-09 15:15:00	9.5	DoubleDown	DXC4B2P
2025-01-09 15:25:00	12.8	DoubleUp	DXC4B2P
2025-01-09 15:32:00	4.6	DoubleDown	DXC4B2P
2025-01-09 15:40:00	6	DoubleUp	DXC4B2P
2025-01-09 15:50:00	9.6	DoubleUp	DXC4B2P
2025-01-09 16:00:00	3.9	DoubleDown	DXC4B2P
2025-01-09 16:07:00	11.6	DoubleUp	DXC4B2P
2025-01-09 16:16:00	4.7	DoubleDown	DXC4B2P
2025-01-09 16:25:00	14	DoubleUp	DXC4B2P
2025-01-09 16:34:00	9.4	DoubleDown	DXC4B2P
2025-01-09 16:43:00	11.4	DoubleUp	DXC4B2P
2025-01-09 16:51:00	11.9	DoubleUp	DXC4B2P
2025-01-09 16:59:00	2.5	DoubleDown	DXC4B2P
2025-01-09 17:07:00	8.4	DoubleUp	DXC4B2P
2025-01-09 17:15:00	7.3	DoubleDown	DXC4B2P
2025-01-09 17:24:00	9.5	DoubleUp	DXC4B2P
2025-01-09 17:34:00	4.6	DoubleDown	DXC4B2P
2025-01-09 17:43:00	4.2	DoubleDown	DXC4B2P
2025-01-09 17:50:00	7.1	DoubleUp	DXC4B2P
2025-01-09 17:58:00	4.9	DoubleDown	DXC4B2P
2025-01-09 18:08:00	12	DoubleUp	DXC4B2P
2025-01-09 18:16:00	11.3	DoubleDown	DXC4B2P
2025-01-09 18:25:00	5.7	DoubleDown	DXC4B2P
2025-01-09 18:33:00	3.6	DoubleDown	DXC4B2P
2025-01-09 18:40:00	8.9	DoubleUp	DXC4B2P
2025-01-09 18:50:00	2.6	DoubleDown	DXC4B2P
2025-01-09 18:58:00	6.9	DoubleUp	DXC4B2P
2025-01-09 19:07:00	12.7	DoubleUp	DXC4B2P
2025-01-09 19:17:00	8.7	DoubleDown	DXC4B2P
2025-01-09 19:24:00	5.7	DoubleDown	DXC4B2P
2025-01-09 19:33:00	7.2	DoubleUp	DXC4B2P
2025-01-09 19:40:00	7.3	Flat	DXC4B2P
2025-01-09 19:48:00	4.1	DoubleDown	DXC4B2P
2025-01-09 19:56:00	10.4	DoubleUp	DXC4B2P
2025-01-09 20:04:00	9.3	DoubleDown	DXC4B2P
2025-01-09 20:11:00	5.7	DoubleDown	DXC4B2P
2025-01-09 20:18:00	5.5	SingleDown	DXC4B2P
2025-01-09 20:26:00	6.7	DoubleUp	DXC4B2P
2025-01-09 20:33:00	5.3	DoubleDown	DXC4B2P
2025-01-09 20:43:00	4.3	DoubleDown	DXC4B2P
2025-01-09 20:52:00	12.2	DoubleUp	DXC4B2P
2025-01-09 21:01:00	8.7	DoubleDown	DXC4B2P
2025-01-09 21:09:00	7.9	DoubleDown	DXC4B2P
2025-01-09 21:16:00	7.3	DoubleDown	DXC4B2P
2025-01-09 21:24:00	8.6	DoubleUp	DXC4B2P
2025-01-09 21:34:00	7.7	DoubleDown	DXC4B2P
2025-01-09 21:44:00	4.5	DoubleDown	DXC4B2P
2025-01-09 21:51:00	5.3	DoubleUp	DXC4B2P
2025-01-09 21:59:00	3.1	DoubleDown	DXC4B2P
2025-01-09 22:09:00	5.9	DoubleUp	DXC4B2P
2025-01-09 22:18:00	6.5	DoubleUp	DXC4B2P
2025-01-09 22:26:00	11.1	DoubleUp	DXC4B2P
2025-01-09 22:35:00	11.1	Flat	DXC4B2P
2025-01-09 22:45:00	14.4	DoubleUp	DXC4B2P
2025-01-09 22:54:00	7.6	DoubleDown	DXC4B2P
2025-01-09 23:04:00	6.9	DoubleDown	DXC4B2P
2025-01-09 23:14:00	7.8	DoubleUp	DXC4B2P
2025-01-09 23:21:00	10.4	DoubleUp	DXC4B2P
2025-01-09 23:31:00	9.9	DoubleDown	DXC4B2P
2025-01-09 23:41:00	11.1	DoubleUp	DXC4B2P
2025-01-09 23:51:00	11.7	DoubleUp	DXC4B2P
2025-01-10 00:00:00	4.5	DoubleDown	DXC4B2P
2025-01-10 00:09:00	10.2	DoubleUp	DXC4B2P
2025-01-10 00:19:00	9.4	DoubleDown	DXC4B2P
2025-01-10 00:29:00	8.3	DoubleDown	DXC4B2P
2025-01-10 00:36:00	6.4	DoubleDown	DXC4B2P
2025-01-10 00:46:00	5.5	DoubleDown	DXC4B2P
2025-01-10 00:54:00	8.7	DoubleUp	DXC4B2P
2025-01-10 01:03:00	9.7	DoubleUp	DXC4B2P
2025-01-10 01:13:00	9	DoubleDown	DXC4B2P
2025-01-10 01:20:00	7	DoubleDown	DXC4B2P
2025-01-10 01:27:00	8.7	DoubleUp	DXC4B2P
2025-01-10 01:35:00	13.8	DoubleUp	DXC4B2P
2025-01-10 01:43:00	7.2	DoubleDown	DXC4B2P
2025-01-10 01:51:00	10.8	DoubleUp	DXC4B2P
2025-01-10 02:00:00	9.2	DoubleDown	DXC4B2P
2025-01-10 02:08:00	7.6	DoubleDown	DXC4B2P
2025-01-10 02:17:00	8.2	DoubleUp	DXC4B2P
2025-01-10 02:27:00	11.3	DoubleUp	DXC4B2P
2025-01-10 02:37:00	7.5	DoubleDown	DXC4B2P
2025-01-10 02:45:00	11.5	DoubleUp	DXC4B2P
2025-01-10 02:52:00	6.7	DoubleDown	DXC4B2P
2025-01-10 03:02:00	8.1	DoubleUp	DXC4B2P
2025-01-10 03:12:00	7.8	DoubleDown	DXC4B2P
2025-01-10 03:21:00	4.4	DoubleDown	DXC4B2P
2025-01-10 03:28:00	9.9	DoubleUp	DXC4B2P
2025-01-10 03:36:00	12.6	DoubleUp	DXC4B2P
2025-01-10 03:44:00	8.7	DoubleDown	DXC4B2P
2025-01-10 03:53:00	7.6	DoubleDown	DXC4B2P
2025-01-10 04:03:00	12.1	DoubleUp	DXC4B2P
2025-01-10 04:12:00	10	DoubleDown	DXC4B2P
2025-01-10 04:19:00	5.4	DoubleDown	DXC4B2P
2025-01-10 04:28:00	12.9	DoubleUp	DXC4B2P
2025-01-10 04:37:00	6.9	DoubleDown	DXC4B2P
2025-01-10 04:46:00	8.1	DoubleUp	DXC4B2P
2025-01-10 04:55:00	4.8	DoubleDown	DXC4B2P
2025-01-10 05:02:00	7.6	DoubleUp	DXC4B2P
2025-01-10 05:10:00	4.2	DoubleDown	DXC4B2P
2025-01-10 05:20:00	10.6	DoubleUp	DXC4B2P
2025-01-10 05:29:00	8.5	DoubleDown	DXC4B2P
2025-01-10 05:36:00	7.4	DoubleDown	DXC4B2P
2025-01-10 05:46:00	7.5	Flat	DXC4B2P
2025-01-10 05:54:00	5	DoubleDown	DXC4B2P
2025-01-10 06:01:00	16.1	DoubleUp	DXC4B2P
2025-01-10 06:11:00	13.5	DoubleDown	DXC4B2P
2025-01-10 06:19:00	7.1	DoubleDown	DXC4B2P
2025-01-10 06:29:00	6.5	DoubleDown	DXC4B2P
2025-01-10 06:39:00	4	DoubleDown	DXC4B2P
2025-01-10 06:46:00	4.7	DoubleUp	DXC4B2P
2025-01-10 06:55:00	5.7	DoubleUp	DXC4B2P
2025-01-10 07:04:00	8.9	DoubleUp	DXC4B2P
2025-01-10 07:12:00	4.5	DoubleDown	DXC4B2P
2025-01-10 07:20:00	6.6	DoubleUp	DXC4B2P
2025-01-10 07:29:00	8.6	DoubleUp	DXC4B2P
2025-01-10 07:37:00	9.8	DoubleUp	DXC4B2P
2025-01-10 07:46:00	4.8	DoubleDown	DXC4B2P
2025-01-10 07:53:00	5.3	DoubleUp	DXC4B2P
2025-01-10 08:01:00	9.6	DoubleUp	DXC4B2P
2025-01-10 08:11:00	8.1	DoubleDown	DXC4B2P
2025-01-10 08:21:00	14.9	DoubleUp	DXC4B2P
2025-01-10 08:29:00	14.1	DoubleDown	DXC4B2P
2025-01-10 08:38:00	8.5	DoubleDown	DXC4B2P
2025-01-10 08:47:00	9.9	DoubleUp	DXC4B2P
2025-01-10 08:55:00	5	DoubleDown	DXC4B2P
2025-01-10 09:04:00	7.9	DoubleUp	DXC4B2P
2025-01-10 09:12:00	4.3	DoubleDown	DXC4B2P
2025-01-10 09:19:00	6.8	DoubleUp	DXC4B2P
2025-01-10 09:27:00	12.6	DoubleUp	DXC4B2P
2025-01-10 09:37:00	9.5	DoubleDown	DXC4B2P
2025-01-10 09:44:00	2.3	DoubleDown	DXC4B2P
2025-01-10 09:53:00	8	DoubleUp	DXC4B2P
2025-01-10 10:00:00	13.3	DoubleUp	DXC4B2P
2025-01-10 10:10:00	9.3	DoubleDown	DXC4B2P
2025-01-10 10:18:00	6.6	DoubleDown	DXC4B2P
2025-01-10 10:28:00	4.3	DoubleDown	DXC4B2P
2025-01-10 10:35:00	6.9	DoubleUp	DXC4B2P
2025-01-10 10:44:00	6.8	Flat	DXC4B2P
2025-01-10 10:53:00	8.3	DoubleUp	DXC4B2P
2025-01-10 11:00:00	10.4	DoubleUp	DXC4B2P
2025-01-10 11:08:00	8.4	DoubleDown	DXC4B2P
2025-01-10 11:15:00	5.8	DoubleDown	DXC4B2P
2025-01-10 11:25:00	6.2	DoubleUp	DXC4B2P
2025-01-10 11:33:00	5	DoubleDown	DXC4B2P
2025-01-10 11:40:00	15.7	DoubleUp	DXC4B2P
2025-01-10 11:50:00	4.3	DoubleDown	DXC4B2P
2025-01-10 12:00:00	5.8	DoubleUp	DXC4B2P
2025-01-10 12:09:00	2.8	DoubleDown	DXC4B2P
2025-01-10 12:16:00	6.5	DoubleUp	DXC4B2P
2025-01-10 12:24:00	4	DoubleDown	DXC4B2P
2025-01-10 12:31:00	6.2	DoubleUp	DXC4B2P
2025-01-10 12:41:00	4.9	DoubleDown	DXC4B2P
2025-01-10 12:49:00	5.5	DoubleUp	DXC4B2P
2025-01-10 12:58:00	15.7	DoubleUp	DXC4B2P
2025-01-10 13:06:00	16.1	DoubleUp	DXC4B2P
2025-01-10 13:16:00	15.1	DoubleDown	DXC4B2P
2025-01-10 13:26:00	16.3	DoubleUp	DXC4B2P
2025-01-10 13:36:00	11.7	DoubleDown	DXC4B2P
2025-01-10 13:46:00	5.6	DoubleDown	DXC4B2P
2025-01-10 13:54:00	11.9	DoubleUp	DXC4B2P
2025-01-10 14:01:00	6.2	DoubleDown	DXC4B2P
2025-01-10 14:09:00	11.5	DoubleUp	DXC4B2P
2025-01-10 14:16:00	7.7	DoubleDown	DXC4B2P
2025-01-10 14:26:00	9.6	DoubleUp	DXC4B2P
2025-01-10 14:36:00	11.9	DoubleUp	DXC4B2P
2025-01-10 14:46:00	9.5	DoubleDown	DXC4B2P
2025-01-10 14:53:00	7	DoubleDown	DXC4B2P
2025-01-10 15:03:00	7.5	DoubleUp	DXC4B2P
2025-01-10 15:10:00	8.5	DoubleUp	DXC4B2P
2025-01-10 15:19:00	15.1	DoubleUp	DXC4B2P
2025-01-10 15:29:00	11.7	DoubleDown	DXC4B2P
2025-01-10 15:36:00	7.6	DoubleDown	DXC4B2P
2025-01-10 15:43:00	4	DoubleDown	DXC4B2P
2025-01-10 15:51:00	11.6	DoubleUp	DXC4B2P
2025-01-10 15:58:00	5.8	DoubleDown	DXC4B2P
2025-01-10 16:06:00	12.8	DoubleUp	DXC4B2P
2025-01-10 16:16:00	7.3	DoubleDown	DXC4B2P
2025-01-10 16:26:00	8.2	DoubleUp	DXC4B2P
2025-01-10 16:35:00	15.3	DoubleUp	DXC4B2P
2025-01-10 16:45:00	5.7	DoubleDown	DXC4B2P
2025-01-10 16:55:00	7.1	DoubleUp	DXC4B2P
2025-01-10 17:02:00	9.5	DoubleUp	DXC4B2P
2025-01-10 17:11:00	5.2	DoubleDown	DXC4B2P
2025-01-10 17:18:00	5.2	Flat	DXC4B2P
2025-01-10 17:28:00	4.6	DoubleDown	DXC4B2P
2025-01-10 17:37:00	16.4	DoubleUp	DXC4B2P
2025-01-10 17:44:00	5.4	DoubleDown	DXC4B2P
2025-01-10 17:52:00	6	DoubleUp	DXC4B2P
2025-01-10 17:59:00	3.4	DoubleDown	DXC4B2P
2025-01-10 18:09:00	10	DoubleUp	DXC4B2P
2025-01-10 18:19:00	8.5	DoubleDown	DXC4B2P
2025-01-10 18:26:00	4.2	DoubleDown	DXC4B2P
2025-01-10 18:33:00	5.2	DoubleUp	DXC4B2P
2025-01-10 18:43:00	4.2	DoubleDown	DXC4B2P
2025-01-10 18:53:00	4.9	DoubleUp	DXC4B2P
2025-01-10 19:01:00	7.7	DoubleUp	DXC4B2P
2025-01-10 19:08:00	7.9	SingleUp	DXC4B2P
2025-01-10 19:17:00	3.9	DoubleDown	DXC4B2P
2025-01-10 19:24:00	5.8	DoubleUp	DXC4B2P
2025-01-10 19:32:00	5.4	DoubleDown	DXC4B2P
2025-01-10 19:40:00	3.1	DoubleDown	DXC4B2P
2025-01-10 19:48:00	2.3	DoubleDown	DXC4B2P
2025-01-10 19:57:00	9.9	DoubleUp	DXC4B2P
2025-01-10 20:06:00	13.4	DoubleUp	DXC4B2P
2025-01-10 20:13:00	5.4	DoubleDown	DXC4B2P
2025-01-10 20:21:00	14.7	DoubleUp	DXC4B2P
2025-01-10 20:31:00	7.1	DoubleDown	DXC4B2P
2025-01-10 20:40:00	13.7	DoubleUp	DXC4B2P
2025-01-10 20:50:00	5.2	DoubleDown	DXC4B2P
2025-01-10 20:57:00	8.5	DoubleUp	DXC4B2P
2025-01-10 21:05:00	9.6	DoubleUp	DXC4B2P
2025-01-10 21:15:00	12.5	DoubleUp	DXC4B2P
2025-01-10 21:24:00	8.5	DoubleDown	DXC4B2P
2025-01-10 21:33:00	9.7	DoubleUp	DXC4B2P
2025-01-10 21:40:00	6.6	DoubleDown	DXC4B2P
2025-01-10 21:50:00	7.1	DoubleUp	DXC4B2P
2025-01-10 21:57:00	4.2	DoubleDown	DXC4B2P
2025-01-10 22:05:00	5.3	DoubleUp	DXC4B2P
2025-01-10 22:13:00	5.2	Flat	DXC4B2P
2025-01-10 22:22:00	8.2	DoubleUp	DXC4B2P
2025-01-10 22:31:00	11.7	DoubleUp	DXC4B2P
2025-01-10 22:39:00	6.1	DoubleDown	DXC4B2P
2025-01-10 22:46:00	14.6	DoubleUp	DXC4B2P
2025-01-10 22:56:00	12.2	DoubleDown	DXC4B2P
2025-01-10 23:04:00	6.3	DoubleDown	DXC4B2P
2025-01-10 23:12:00	9.3	DoubleUp	DXC4B2P
2025-01-10 23:22:00	3.7	DoubleDown	DXC4B2P
2025-01-10 23:30:00	13.4	DoubleUp	DXC4B2P
2025-01-10 23:40:00	8.7	DoubleDown	DXC4B2P
2025-01-10 23:47:00	15.3	DoubleUp	DXC4B2P
2025-01-10 23:56:00	5.2	DoubleDown	DXC4B2P
2025-01-11 00:04:00	7.8	DoubleUp	DXC4B2P
2025-01-11 00:14:00	9	DoubleUp	DXC4B2P
2025-01-11 00:22:00	6.9	DoubleDown	DXC4B2P
2025-01-11 00:31:00	15.8	DoubleUp	DXC4B2P
2025-01-11 00:38:00	5.1	DoubleDown	DXC4B2P
2025-01-11 00:48:00	8.5	DoubleUp	DXC4B2P
2025-01-11 00:57:00	4.9	DoubleDown	DXC4B2P
2025-01-11 01:05:00	7.1	DoubleUp	DXC4B2P
2025-01-11 01:14:00	6.5	DoubleDown	DXC4B2P
2025-01-11 01:24:00	11.1	DoubleUp	DXC4B2P
2025-01-11 01:34:00	4	DoubleDown	DXC4B2P
2025-01-11 01:43:00	11.8	DoubleUp	DXC4B2P
2025-01-11 01:53:00	8.4	DoubleDown	DXC4B2P
2025-01-11 02:03:00	4.3	DoubleDown	DXC4B2P
2025-01-11 02:10:00	4.5	SingleUp	DXC4B2P
2025-01-11 02:18:00	7.2	DoubleUp	DXC4B2P
2025-01-11 02:28:00	12.3	DoubleUp	DXC4B2P
2025-01-11 02:36:00	3.9	DoubleDown	DXC4B2P
2025-01-11 02:44:00	13.8	DoubleUp	DXC4B2P
2025-01-11 02:52:00	4.5	DoubleDown	DXC4B2P
2025-01-11 03:00:00	3.9	DoubleDown	DXC4B2P
2025-01-11 03:10:00	11.9	DoubleUp	DXC4B2P
2025-01-11 03:18:00	4.2	DoubleDown	DXC4B2P
2025-01-11 03:26:00	9.2	DoubleUp	DXC4B2P
2025-01-11 03:35:00	7.7	DoubleDown	DXC4B2P
2025-01-11 03:42:00	14	DoubleUp	DXC4B2P
2025-01-11 03:50:00	6	DoubleDown	DXC4B2P
2025-01-11 03:57:00	9.9	DoubleUp	DXC4B2P
2025-01-11 04:07:00	5.5	DoubleDown	DXC4B2P
2025-01-11 04:16:00	9.8	DoubleUp	DXC4B2P
2025-01-11 04:23:00	4.6	DoubleDown	DXC4B2P
2025-01-11 04:30:00	12.6	DoubleUp	DXC4B2P
2025-01-11 04:38:00	4.5	DoubleDown	DXC4B2P
2025-01-11 04:46:00	8.4	DoubleUp	DXC4B2P
2025-01-11 04:54:00	3.3	DoubleDown	DXC4B2P
2025-01-11 05:02:00	7.5	DoubleUp	DXC4B2P
2025-01-11 05:09:00	8.1	DoubleUp	DXC4B2P
2025-01-11 05:18:00	7.7	DoubleDown	DXC4B2P
2025-01-11 05:25:00	11.9	DoubleUp	DXC4B2P
2025-01-11 05:32:00	6.2	DoubleDown	DXC4B2P
2025-01-11 05:41:00	5.9	DoubleDown	DXC4B2P
2025-01-11 05:50:00	4.3	DoubleDown	DXC4B2P
2025-01-11 06:00:00	5.5	DoubleUp	DXC4B2P
2025-01-11 06:09:00	6.2	DoubleUp	DXC4B2P
2025-01-11 06:16:00	5.3	DoubleDown	DXC4B2P
2025-01-11 06:23:00	4.2	DoubleDown	DXC4B2P
2025-01-11 06:32:00	13.7	DoubleUp	DXC4B2P
2025-01-11 06:41:00	11.4	DoubleDown	DXC4B2P
2025-01-11 06:51:00	4.4	DoubleDown	DXC4B2P
2025-01-11 07:01:00	13.6	DoubleUp	DXC4B2P
2025-01-11 07:09:00	5.2	DoubleDown	DXC4B2P
2025-01-11 07:18:00	7	DoubleUp	DXC4B2P
2025-01-11 07:28:00	6.1	DoubleDown	DXC4B2P
2025-01-11 07:38:00	7.3	DoubleUp	DXC4B2P
2025-01-11 07:45:00	11.5	DoubleUp	DXC4B2P
2025-01-11 07:55:00	7.4	DoubleDown	DXC4B2P
2025-01-11 08:02:00	6.9	DoubleDown	DXC4B2P
2025-01-11 08:12:00	9.9	DoubleUp	DXC4B2P
2025-01-11 08:20:00	10	Flat	DXC4B2P
2025-01-11 08:30:00	10.9	DoubleUp	DXC4B2P
2025-01-11 08:37:00	12.8	DoubleUp	DXC4B2P
2025-01-11 08:46:00	10.3	DoubleDown	DXC4B2P
2025-01-11 08:56:00	14.3	DoubleUp	DXC4B2P
2025-01-11 09:03:00	10.8	DoubleDown	DXC4B2P
2025-01-11 09:13:00	7.8	DoubleDown	DXC4B2P
2025-01-11 09:20:00	9.1	DoubleUp	DXC4B2P
2025-01-11 09:27:00	15.2	DoubleUp	DXC4B2P
2025-01-11 09:35:00	8.2	DoubleDown	DXC4B2P
2025-01-11 09:42:00	5.9	DoubleDown	DXC4B2P
2025-01-11 09:49:00	6.8	DoubleUp	DXC4B2P
2025-01-11 09:58:00	10.5	DoubleUp	DXC4B2P
2025-01-11 10:07:00	9.4	DoubleDown	DXC4B2P
2025-01-11 10:14:00	11.7	DoubleUp	DXC4B2P
2025-01-11 10:21:00	13.3	DoubleUp	DXC4B2P
2025-01-11 10:31:00	9.7	DoubleDown	DXC4B2P
2025-01-11 10:41:00	4.4	DoubleDown	DXC4B2P
2025-01-11 10:49:00	5.9	DoubleUp	DXC4B2P
2025-01-11 10:56:00	14.4	DoubleUp	DXC4B2P
2025-01-11 11:05:00	9.3	DoubleDown	DXC4B2P
2025-01-11 11:14:00	4.9	DoubleDown	DXC4B2P
2025-01-11 11:21:00	11.3	DoubleUp	DXC4B2P
2025-01-11 11:31:00	5.4	DoubleDown	DXC4B2P
2025-01-11 11:40:00	6.3	DoubleUp	DXC4B2P
2025-01-11 11:48:00	10.1	DoubleUp	DXC4B2P
2025-01-11 11:55:00	4.5	DoubleDown	DXC4B2P
2025-01-11 12:03:00	13.4	DoubleUp	DXC4B2P
2025-01-11 12:11:00	12.4	DoubleDown	DXC4B2P
2025-01-11 12:18:00	4.9	DoubleDown	DXC4B2P
2025-01-11 12:26:00	8.8	DoubleUp	DXC4B2P
2025-01-11 12:33:00	8	DoubleDown	DXC4B2P
2025-01-11 12:42:00	6.6	DoubleDown	DXC4B2P
2025-01-11 12:50:00	5.2	DoubleDown	DXC4B2P
2025-01-11 12:59:00	2.5	DoubleDown	DXC4B2P
2025-01-11 13:07:00	16.5	DoubleUp	DXC4B2P
2025-01-11 13:17:00	4.2	DoubleDown	DXC4B2P
2025-01-11 13:26:00	5.7	DoubleUp	DXC4B2P
2025-01-11 13:34:00	4.1	DoubleDown	DXC4B2P
2025-01-11 13:43:00	5.4	DoubleUp	DXC4B2P
2025-01-11 13:53:00	4	DoubleDown	DXC4B2P
2025-01-11 14:00:00	6.7	DoubleUp	DXC4B2P
2025-01-11 14:08:00	8	DoubleUp	DXC4B2P
2025-01-11 14:15:00	5.8	DoubleDown	DXC4B2P
2025-01-11 14:24:00	10.5	DoubleUp	DXC4B2P
2025-01-11 14:34:00	15.8	DoubleUp	DXC4B2P
2025-01-11 14:43:00	15	DoubleDown	DXC4B2P
2025-01-11 14:53:00	8	DoubleDown	DXC4B2P
2025-01-11 15:01:00	6.8	DoubleDown	DXC4B2P
2025-01-11 15:09:00	5.3	DoubleDown	DXC4B2P
2025-01-11 15:19:00	4.8	DoubleDown	DXC4B2P
2025-01-11 15:26:00	8.6	DoubleUp	DXC4B2P
2025-01-11 15:33:00	15.3	DoubleUp	DXC4B2P
2025-01-11 15:43:00	13.2	DoubleDown	DXC4B2P
2025-01-11 15:50:00	15.7	DoubleUp	DXC4B2P
2025-01-11 15:58:00	5.4	DoubleDown	DXC4B2P
2025-01-11 16:08:00	13.1	DoubleUp	DXC4B2P
2025-01-11 16:15:00	12.5	DoubleDown	DXC4B2P
2025-01-11 16:23:00	7.8	DoubleDown	DXC4B2P
2025-01-11 16:31:00	7.9	Flat	DXC4B2P
2025-01-11 16:41:00	13.1	DoubleUp	DXC4B2P
2025-01-11 16:50:00	10.2	DoubleDown	DXC4B2P
2025-01-11 16:59:00	4.4	DoubleDown	DXC4B2P
2025-01-11 17:07:00	8.6	DoubleUp	DXC4B2P
2025-01-11 17:17:00	9.3	DoubleUp	DXC4B2P
2025-01-11 17:25:00	7.4	DoubleDown	DXC4B2P
2025-01-11 17:33:00	8.1	DoubleUp	DXC4B2P
2025-01-11 17:42:00	7	DoubleDown	DXC4B2P
2025-01-11 17:50:00	5.8	DoubleDown	DXC4B2P
2025-01-11 17:58:00	7.9	DoubleUp	DXC4B2P
2025-01-11 18:07:00	9.5	DoubleUp	DXC4B2P
2025-01-11 18:17:00	5.7	DoubleDown	DXC4B2P
2025-01-11 18:27:00	4.7	DoubleDown	DXC4B2P
2025-01-11 18:37:00	14.3	DoubleUp	DXC4B2P
2025-01-11 18:47:00	4.5	DoubleDown	DXC4B2P
2025-01-11 18:54:00	5.8	DoubleUp	DXC4B2P
2025-01-11 19:04:00	4	DoubleDown	DXC4B2P
2025-01-11 19:11:00	8	DoubleUp	DXC4B2P
2025-01-11 19:18:00	7.8	SingleDown	DXC4B2P
2025-01-11 19:26:00	7.2	DoubleDown	DXC4B2P
2025-01-11 19:36:00	7.3	Flat	DXC4B2P
2025-01-11 19:46:00	7.6	DoubleUp	DXC4B2P
2025-01-11 19:55:00	7.4	SingleDown	DXC4B2P
2025-01-11 20:02:00	7	DoubleDown	DXC4B2P
2025-01-11 20:12:00	6.9	Flat	DXC4B2P
2025-01-11 20:20:00	7.7	DoubleUp	DXC4B2P
2025-01-11 20:30:00	12	DoubleUp	DXC4B2P
2025-01-11 20:38:00	10.2	DoubleDown	DXC4B2P
2025-01-11 20:48:00	8.7	DoubleDown	DXC4B2P
2025-01-11 20:55:00	6.7	DoubleDown	DXC4B2P
2025-01-11 21:04:00	4.5	DoubleDown	DXC4B2P
2025-01-11 21:11:00	5.2	DoubleUp	DXC4B2P
2025-01-11 21:21:00	9.5	DoubleUp	DXC4B2P
2025-01-11 21:28:00	16.1	DoubleUp	DXC4B2P
2025-01-11 21:37:00	13.5	DoubleDown	DXC4B2P
2025-01-11 21:44:00	6	DoubleDown	DXC4B2P
2025-01-11 21:52:00	7.6	DoubleUp	DXC4B2P
2025-01-11 22:02:00	5.7	DoubleDown	DXC4B2P
2025-01-11 22:12:00	5.9	SingleUp	DXC4B2P
2025-01-11 22:21:00	9.6	DoubleUp	DXC4B2P
2025-01-11 22:28:00	7.7	DoubleDown	DXC4B2P
2025-01-11 22:38:00	4.1	DoubleDown	DXC4B2P
2025-01-11 22:46:00	7.7	DoubleUp	DXC4B2P
2025-01-11 22:56:00	3.2	DoubleDown	DXC4B2P
2025-01-11 23:06:00	6.8	DoubleUp	DXC4B2P
2025-01-11 23:13:00	4.8	DoubleDown	DXC4B2P
2025-01-11 23:22:00	10.9	DoubleUp	DXC4B2P
2025-01-11 23:31:00	3.9	DoubleDown	DXC4B2P
2025-01-11 23:41:00	4.8	DoubleUp	DXC4B2P
2025-01-11 23:49:00	12.8	DoubleUp	DXC4B2P
2025-01-11 23:58:00	8.7	DoubleDown	DXC4B2P
2025-01-12 00:06:00	6.8	DoubleDown	DXC4B2P
2025-01-12 00:13:00	12.2	DoubleUp	DXC4B2P
2025-01-12 00:23:00	5.6	DoubleDown	DXC4B2P
2025-01-12 00:30:00	4.4	DoubleDown	DXC4B2P
2025-01-12 00:39:00	5.4	DoubleUp	DXC4B2P
2025-01-12 00:48:00	5	DoubleDown	DXC4B2P
2025-01-12 00:55:00	6	DoubleUp	DXC4B2P
2025-01-12 01:05:00	7.8	DoubleUp	DXC4B2P
2025-01-12 01:13:00	6.8	DoubleDown	DXC4B2P
2025-01-12 01:20:00	8.3	DoubleUp	DXC4B2P
2025-01-12 01:28:00	10.9	DoubleUp	DXC4B2P
2025-01-12 01:36:00	12.6	DoubleUp	DXC4B2P
2025-01-12 01:44:00	4.7	DoubleDown	DXC4B2P
2025-01-12 01:52:00	7.6	DoubleUp	DXC4B2P
2025-01-12 01:59:00	4.7	DoubleDown	DXC4B2P
2025-01-12 02:07:00	9.2	DoubleUp	DXC4B2P
2025-01-12 02:14:00	7.4	DoubleDown	DXC4B2P
2025-01-12 02:24:00	13.3	DoubleUp	DXC4B2P
2025-01-12 02:33:00	10.9	DoubleDown	DXC4B2P
2025-01-12 02:42:00	14.8	DoubleUp	DXC4B2P
2025-01-12 02:52:00	5.2	DoubleDown	DXC4B2P
2025-01-12 03:02:00	5.4	SingleUp	DXC4B2P
2025-01-12 03:12:00	13.9	DoubleUp	DXC4B2P
2025-01-12 03:19:00	8.5	DoubleDown	DXC4B2P
2025-01-12 03:28:00	7	DoubleDown	DXC4B2P
2025-01-12 03:38:00	10.5	DoubleUp	DXC4B2P
2025-01-12 03:48:00	12.3	DoubleUp	DXC4B2P
2025-01-12 03:55:00	11.7	DoubleDown	DXC4B2P
2025-01-12 04:05:00	6.6	DoubleDown	DXC4B2P
2025-01-12 04:15:00	12.5	DoubleUp	DXC4B2P
2025-01-12 04:25:00	4.7	DoubleDown	DXC4B2P
2025-01-12 04:35:00	10.9	DoubleUp	DXC4B2P
2025-01-12 04:45:00	4.6	DoubleDown	DXC4B2P
2025-01-12 04:55:00	13.1	DoubleUp	DXC4B2P
2025-01-12 05:02:00	3.9	DoubleDown	DXC4B2P
2025-01-12 05:12:00	8.2	DoubleUp	DXC4B2P
2025-01-12 05:22:00	15.1	DoubleUp	DXC4B2P
2025-01-12 05:30:00	15.2	Flat	DXC4B2P
2025-01-12 05:40:00	9	DoubleDown	DXC4B2P
2025-01-12 05:50:00	7.5	DoubleDown	DXC4B2P
2025-01-12 06:00:00	7.7	SingleUp	DXC4B2P
2025-01-12 06:08:00	10.8	DoubleUp	DXC4B2P
2025-01-12 06:17:00	9.1	DoubleDown	DXC4B2P
2025-01-12 06:25:00	8	DoubleDown	DXC4B2P
2025-01-12 06:35:00	7.5	DoubleDown	DXC4B2P
2025-01-12 06:42:00	13.2	DoubleUp	DXC4B2P
2025-01-12 06:49:00	13.4	SingleUp	DXC4B2P
2025-01-12 06:56:00	8.4	DoubleDown	DXC4B2P
2025-01-12 07:05:00	4.7	DoubleDown	DXC4B2P
2025-01-12 07:14:00	7.6	DoubleUp	DXC4B2P
2025-01-12 07:23:00	11	DoubleUp	DXC4B2P
2025-01-12 07:33:00	9.2	DoubleDown	DXC4B2P
2025-01-12 07:42:00	7.1	DoubleDown	DXC4B2P
2025-01-12 07:51:00	12.5	DoubleUp	DXC4B2P
2025-01-12 08:01:00	7.9	DoubleDown	DXC4B2P
2025-01-12 08:10:00	10.8	DoubleUp	DXC4B2P
2025-01-12 08:19:00	9.1	DoubleDown	DXC4B2P
2025-01-12 08:29:00	12.1	DoubleUp	DXC4B2P
2025-01-12 08:39:00	7.2	DoubleDown	DXC4B2P
2025-01-12 08:47:00	9.8	DoubleUp	DXC4B2P
2025-01-12 08:55:00	4.4	DoubleDown	DXC4B2P
2025-01-12 09:05:00	7	DoubleUp	DXC4B2P
2025-01-12 09:12:00	10.5	DoubleUp	DXC4B2P
2025-01-12 09:20:00	7.1	DoubleDown	DXC4B2P
2025-01-12 09:30:00	5.9	DoubleDown	DXC4B2P
2025-01-12 09:38:00	4.9	DoubleDown	DXC4B2P
2025-01-12 09:46:00	6.6	DoubleUp	DXC4B2P
2025-01-12 09:54:00	8.3	DoubleUp	DXC4B2P
2025-01-12 10:01:00	6.3	DoubleDown	DXC4B2P
2025-01-12 10:08:00	6.6	DoubleUp	DXC4B2P
2025-01-12 10:18:00	9.3	DoubleUp	DXC4B2P
2025-01-12 10:26:00	11	DoubleUp	DXC4B2P
2025-01-12 10:34:00	8.8	DoubleDown	DXC4B2P
2025-01-12 10:44:00	6.3	DoubleDown	DXC4B2P
2025-01-12 10:53:00	4.5	DoubleDown	DXC4B2P
2025-01-12 11:00:00	5.3	DoubleUp	DXC4B2P
2025-01-12 11:07:00	16.4	DoubleUp	DXC4B2P
2025-01-12 11:17:00	5	DoubleDown	DXC4B2P
2025-01-12 11:27:00	15.6	DoubleUp	DXC4B2P
2025-01-12 11:36:00	6.7	DoubleDown	DXC4B2P
2025-01-12 11:43:00	9.5	DoubleUp	DXC4B2P
2025-01-12 11:53:00	3.2	DoubleDown	DXC4B2P
2025-01-12 12:01:00	11.6	DoubleUp	DXC4B2P
2025-01-12 12:09:00	5	DoubleDown	DXC4B2P
2025-01-12 12:16:00	5.7	DoubleUp	DXC4B2P
2025-01-12 12:23:00	4.8	DoubleDown	DXC4B2P
2025-01-12 12:31:00	7.8	DoubleUp	DXC4B2P
2025-01-12 12:41:00	11.1	DoubleUp	DXC4B2P
2025-01-12 12:51:00	7	DoubleDown	DXC4B2P
2025-01-12 13:01:00	7.7	DoubleUp	DXC4B2P
2025-01-12 13:09:00	6.4	DoubleDown	DXC4B2P
2025-01-12 13:16:00	9.9	DoubleUp	DXC4B2P
2025-01-12 13:24:00	13.9	DoubleUp	DXC4B2P
2025-01-12 13:33:00	8.5	DoubleDown	DXC4B2P
2025-01-12 13:41:00	10.7	DoubleUp	DXC4B2P
2025-01-12 13:48:00	7.2	DoubleDown	DXC4B2P
2025-01-12 13:56:00	4.9	DoubleDown	DXC4B2P
2025-01-12 14:05:00	9.9	DoubleUp	DXC4B2P
2025-01-12 14:13:00	5	DoubleDown	DXC4B2P
2025-01-12 14:21:00	7.2	DoubleUp	DXC4B2P
2025-01-12 14:30:00	5.7	DoubleDown	DXC4B2P
2025-01-12 14:39:00	9.5	DoubleUp	DXC4B2P
2025-01-12 14:48:00	6.2	DoubleDown	DXC4B2P
2025-01-12 14:57:00	5.5	DoubleDown	DXC4B2P
2025-01-12 15:06:00	6.3	DoubleUp	DXC4B2P
2025-01-12 15:16:00	9	DoubleUp	DXC4B2P
2025-01-12 15:26:00	5.9	DoubleDown	DXC4B2P
2025-01-12 15:34:00	8.4	DoubleUp	DXC4B2P
2025-01-12 15:42:00	4.9	DoubleDown	DXC4B2P
2025-01-12 15:50:00	14.2	DoubleUp	DXC4B2P
2025-01-12 15:57:00	4.2	DoubleDown	DXC4B2P
2025-01-12 16:07:00	13.7	DoubleUp	DXC4B2P
2025-01-12 16:16:00	6.2	DoubleDown	DXC4B2P
2025-01-12 16:25:00	7.5	DoubleUp	DXC4B2P
2025-01-12 16:34:00	5.3	DoubleDown	DXC4B2P
2025-01-12 16:41:00	9.5	DoubleUp	DXC4B2P
2025-01-12 16:50:00	8.5	DoubleDown	DXC4B2P
2025-01-12 16:59:00	7.8	DoubleDown	DXC4B2P
2025-01-12 17:06:00	4.2	DoubleDown	DXC4B2P
2025-01-12 17:14:00	3.7	DoubleDown	DXC4B2P
2025-01-12 17:22:00	5	DoubleUp	DXC4B2P
2025-01-12 17:30:00	9	DoubleUp	DXC4B2P
2025-01-12 17:39:00	8.9	Flat	DXC4B2P
2025-01-12 17:47:00	5.1	DoubleDown	DXC4B2P
2025-01-12 17:57:00	13.1	DoubleUp	DXC4B2P
2025-01-12 18:04:00	9.8	DoubleDown	DXC4B2P
2025-01-12 18:14:00	7.6	DoubleDown	DXC4B2P
2025-01-12 18:21:00	4.3	DoubleDown	DXC4B2P
2025-01-12 18:30:00	10.7	DoubleUp	DXC4B2P
2025-01-12 18:38:00	13.4	DoubleUp	DXC4B2P
2025-01-12 18:46:00	10.3	DoubleDown	DXC4B2P
2025-01-12 18:54:00	5.5	DoubleDown	DXC4B2P
2025-01-12 19:01:00	8	DoubleUp	DXC4B2P
2025-01-12 19:10:00	4.2	DoubleDown	DXC4B2P
2025-01-12 19:20:00	6.1	DoubleUp	DXC4B2P
2025-01-12 19:29:00	7.2	DoubleUp	DXC4B2P
2025-01-12 19:39:00	16.4	DoubleUp	DXC4B2P
2025-01-12 19:47:00	5.1	DoubleDown	DXC4B2P
2025-01-12 19:56:00	10.5	DoubleUp	DXC4B2P
2025-01-12 20:06:00	4.9	DoubleDown	DXC4B2P
2025-01-12 20:16:00	16.2	DoubleUp	DXC4B2P
2025-01-12 20:24:00	15.7	DoubleDown	DXC4B2P
2025-01-12 20:31:00	6.7	DoubleDown	DXC4B2P
2025-01-12 20:41:00	6.1	DoubleDown	DXC4B2P
2025-01-12 20:49:00	9.7	DoubleUp	DXC4B2P
2025-01-12 20:57:00	9.5	SingleDown	DXC4B2P
2025-01-12 21:07:00	8.7	DoubleDown	DXC4B2P
2025-01-12 21:15:00	6.7	DoubleDown	DXC4B2P
2025-01-12 21:24:00	14	DoubleUp	DXC4B2P
2025-01-12 21:31:00	4.3	DoubleDown	DXC4B2P
2025-01-12 21:41:00	10.9	DoubleUp	DXC4B2P
2025-01-12 21:51:00	12.7	DoubleUp	DXC4B2P
2025-01-12 22:01:00	7.1	DoubleDown	DXC4B2P
2025-01-12 22:09:00	5	DoubleDown	DXC4B2P
2025-01-12 22:18:00	9.8	DoubleUp	DXC4B2P
2025-01-12 22:28:00	5.3	DoubleDown	DXC4B2P
2025-01-12 22:35:00	8.7	DoubleUp	DXC4B2P
2025-01-12 22:43:00	9.9	DoubleUp	DXC4B2P
2025-01-12 22:52:00	7.3	DoubleDown	DXC4B2P
2025-01-12 23:00:00	16.3	DoubleUp	DXC4B2P
2025-01-12 23:08:00	4.9	DoubleDown	DXC4B2P
2025-01-12 23:15:00	9.6	DoubleUp	DXC4B2P
2025-01-12 23:24:00	11.3	DoubleUp	DXC4B2P
2025-01-12 23:31:00	7.4	DoubleDown	DXC4B2P
2025-01-12 23:38:00	6.7	DoubleDown	DXC4B2P
2025-01-12 23:45:00	6.8	Flat	DXC4B2P
2025-01-12 23:53:00	7.9	DoubleUp	DXC4B2P
2025-01-13 00:01:00	6.3	DoubleDown	DXC4B2P
2025-01-13 00:11:00	5.8	DoubleDown	DXC4B2P
2025-01-13 00:18:00	7.1	DoubleUp	DXC4B2P
2025-01-13 00:25:00	7.1	Flat	DXC4B2P
2025-01-13 00:32:00	8.2	DoubleUp	DXC4B2P
2025-01-13 00:41:00	8.1	Flat	DXC4B2P
2025-01-13 00:51:00	13.5	DoubleUp	DXC4B2P
2025-01-13 01:01:00	3.9	DoubleDown	DXC4B2P
2025-01-13 01:08:00	5.2	DoubleUp	DXC4B2P
2025-01-13 01:17:00	5.9	DoubleUp	DXC4B2P
2025-01-13 01:24:00	7.4	DoubleUp	DXC4B2P
2025-01-13 01:32:00	5.4	DoubleDown	DXC4B2P
2025-01-13 01:42:00	7.5	DoubleUp	DXC4B2P
2025-01-13 01:52:00	4.2	DoubleDown	DXC4B2P
2025-01-13 02:00:00	13	DoubleUp	DXC4B2P
2025-01-13 02:07:00	4.1	DoubleDown	DXC4B2P
2025-01-13 02:14:00	9.1	DoubleUp	DXC4B2P
2025-01-13 02:23:00	6.4	DoubleDown	DXC4B2P
2025-01-13 02:32:00	13.7	DoubleUp	DXC4B2P
2025-01-13 02:40:00	7.4	DoubleDown	DXC4B2P
2025-01-13 02:47:00	4.5	DoubleDown	DXC4B2P
2025-01-13 02:54:00	6.7	DoubleUp	DXC4B2P
2025-01-13 03:04:00	7.1	DoubleUp	DXC4B2P
2025-01-13 03:12:00	7.8	DoubleUp	DXC4B2P
2025-01-13 03:19:00	11.7	DoubleUp	DXC4B2P
2025-01-13 03:27:00	7.1	DoubleDown	DXC4B2P
2025-01-13 03:35:00	3.2	DoubleDown	DXC4B2P
2025-01-13 03:45:00	5.9	DoubleUp	DXC4B2P
2025-01-13 03:53:00	14.7	DoubleUp	DXC4B2P
2025-01-13 04:00:00	8.2	DoubleDown	DXC4B2P
2025-01-13 04:07:00	11.4	DoubleUp	DXC4B2P
2025-01-13 04:16:00	4.5	DoubleDown	DXC4B2P
2025-01-13 04:23:00	4.5	Flat	DXC4B2P
2025-01-13 04:31:00	13.2	DoubleUp	DXC4B2P
2025-01-13 04:38:00	10.2	DoubleDown	DXC4B2P
2025-01-13 04:47:00	4.5	DoubleDown	DXC4B2P
2025-01-13 04:54:00	4.9	DoubleUp	DXC4B2P
2025-01-13 05:04:00	5.8	DoubleUp	DXC4B2P
2025-01-13 05:14:00	8.3	DoubleUp	DXC4B2P
2025-01-13 05:22:00	8.1	SingleDown	DXC4B2P
2025-01-13 05:31:00	5.6	DoubleDown	DXC4B2P
2025-01-13 05:40:00	4.4	DoubleDown	DXC4B2P
2025-01-13 05:47:00	11.5	DoubleUp	DXC4B2P
2025-01-13 05:56:00	11.4	Flat	DXC4B2P
2025-01-13 06:06:00	6.1	DoubleDown	DXC4B2P
2025-01-13 06:16:00	6.6	DoubleUp	DXC4B2P
2025-01-13 06:23:00	8.2	DoubleUp	DXC4B2P
2025-01-13 06:32:00	2.3	DoubleDown	DXC4B2P
2025-01-13 06:40:00	8.5	DoubleUp	DXC4B2P
2025-01-13 06:50:00	8.3	SingleDown	DXC4B2P
2025-01-13 06:59:00	3.1	DoubleDown	DXC4B2P
2025-01-13 07:09:00	11	DoubleUp	DXC4B2P
2025-01-13 07:19:00	4.8	DoubleDown	DXC4B2P
2025-01-13 07:28:00	7	DoubleUp	DXC4B2P
2025-01-13 07:35:00	16.2	DoubleUp	DXC4B2P
2025-01-13 07:43:00	8.6	DoubleDown	DXC4B2P
2025-01-13 07:51:00	14.3	DoubleUp	DXC4B2P
2025-01-13 08:00:00	5.6	DoubleDown	DXC4B2P
2025-01-13 08:09:00	9.4	DoubleUp	DXC4B2P
2025-01-13 08:17:00	5.8	DoubleDown	DXC4B2P
2025-01-13 08:24:00	9.9	DoubleUp	DXC4B2P
2025-01-13 08:33:00	8.4	DoubleDown	DXC4B2P
2025-01-13 08:42:00	5.3	DoubleDown	DXC4B2P
2025-01-13 08:49:00	9.7	DoubleUp	DXC4B2P
2025-01-13 08:57:00	4.3	DoubleDown	DXC4B2P
2025-01-13 09:06:00	5.2	DoubleUp	DXC4B2P
2025-01-13 09:16:00	8.4	DoubleUp	DXC4B2P
2025-01-13 09:25:00	2.7	DoubleDown	DXC4B2P
2025-01-13 09:34:00	9.8	DoubleUp	DXC4B2P
2025-01-13 09:44:00	4.7	DoubleDown	DXC4B2P
2025-01-13 09:54:00	6.4	DoubleUp	DXC4B2P
2025-01-13 10:04:00	8.9	DoubleUp	DXC4B2P
2025-01-13 10:14:00	11.7	DoubleUp	DXC4B2P
2025-01-13 10:22:00	8.4	DoubleDown	DXC4B2P
2025-01-13 10:31:00	4.6	DoubleDown	DXC4B2P
2025-01-13 10:39:00	5.7	DoubleUp	DXC4B2P
2025-01-13 10:46:00	6.4	DoubleUp	DXC4B2P
2025-01-13 10:55:00	12.6	DoubleUp	DXC4B2P
2025-01-13 11:05:00	11.7	DoubleDown	DXC4B2P
2025-01-13 11:12:00	6.9	DoubleDown	DXC4B2P
2025-01-13 11:21:00	4.2	DoubleDown	DXC4B2P
2025-01-13 11:29:00	6.7	DoubleUp	DXC4B2P
2025-01-13 11:36:00	11.4	DoubleUp	DXC4B2P
2025-01-13 11:44:00	12.1	DoubleUp	DXC4B2P
2025-01-13 11:51:00	6.3	DoubleDown	DXC4B2P
2025-01-13 11:58:00	5.3	DoubleDown	DXC4B2P
2025-01-13 12:05:00	9.6	DoubleUp	DXC4B2P
2025-01-13 12:13:00	16.1	DoubleUp	DXC4B2P
2025-01-13 12:22:00	4.8	DoubleDown	DXC4B2P
2025-01-13 12:29:00	8.8	DoubleUp	DXC4B2P
2025-01-13 12:39:00	10.7	DoubleUp	DXC4B2P
2025-01-13 12:48:00	6.3	DoubleDown	DXC4B2P
2025-01-13 12:58:00	15.1	DoubleUp	DXC4B2P
2025-01-13 13:07:00	5.1	DoubleDown	DXC4B2P
2025-01-13 13:15:00	12.3	DoubleUp	DXC4B2P
2025-01-13 13:23:00	8.7	DoubleDown	DXC4B2P
2025-01-13 13:31:00	9.3	DoubleUp	DXC4B2P
2025-01-13 13:38:00	7.3	DoubleDown	DXC4B2P
2025-01-13 13:45:00	2.3	DoubleDown	DXC4B2P
2025-01-13 13:53:00	13.7	DoubleUp	DXC4B2P
2025-01-13 14:02:00	11.4	DoubleDown	DXC4B2P
2025-01-13 14:09:00	15.1	DoubleUp	DXC4B2P
2025-01-13 14:19:00	10.1	DoubleDown	DXC4B2P
2025-01-13 14:29:00	5.8	DoubleDown	DXC4B2P
2025-01-13 14:39:00	6.7	DoubleUp	DXC4B2P
2025-01-13 14:49:00	6.1	DoubleDown	DXC4B2P
2025-01-13 14:56:00	4.2	DoubleDown	DXC4B2P
2025-01-13 15:05:00	6.6	DoubleUp	DXC4B2P
2025-01-13 15:13:00	13.4	DoubleUp	DXC4B2P
2025-01-13 15:22:00	14.1	DoubleUp	DXC4B2P
2025-01-13 15:29:00	4.4	DoubleDown	DXC4B2P
2025-01-13 15:37:00	6.7	DoubleUp	DXC4B2P
2025-01-13 15:47:00	8.4	DoubleUp	DXC4B2P
2025-01-13 15:55:00	4.1	DoubleDown	DXC4B2P
2025-01-13 16:05:00	7.4	DoubleUp	DXC4B2P
2025-01-13 16:15:00	14.9	DoubleUp	DXC4B2P
2025-01-13 16:23:00	9.4	DoubleDown	DXC4B2P
2025-01-13 16:33:00	4.2	DoubleDown	DXC4B2P
2025-01-13 16:40:00	2.5	DoubleDown	DXC4B2P
2025-01-13 16:48:00	9.2	DoubleUp	DXC4B2P
2025-01-13 16:57:00	7.3	DoubleDown	DXC4B2P
2025-01-13 17:07:00	15.8	DoubleUp	DXC4B2P
2025-01-13 17:14:00	9.3	DoubleDown	DXC4B2P
2025-01-13 17:22:00	14.6	DoubleUp	DXC4B2P
2025-01-13 17:30:00	6.6	DoubleDown	DXC4B2P
2025-01-13 17:39:00	11.2	DoubleUp	DXC4B2P
2025-01-13 17:46:00	5.4	DoubleDown	DXC4B2P
2025-01-13 17:56:00	5.5	Flat	DXC4B2P
2025-01-13 18:05:00	8.6	DoubleUp	DXC4B2P
2025-01-13 18:14:00	5.2	DoubleDown	DXC4B2P
2025-01-13 18:21:00	4.8	DoubleDown	DXC4B2P
2025-01-13 18:29:00	8.4	DoubleUp	DXC4B2P
2025-01-13 18:39:00	7.8	DoubleDown	DXC4B2P
2025-01-13 18:48:00	13	DoubleUp	DXC4B2P
2025-01-13 18:55:00	13.6	DoubleUp	DXC4B2P
2025-01-13 19:02:00	6.8	DoubleDown	DXC4B2P
2025-01-13 19:09:00	4.1	DoubleDown	DXC4B2P
2025-01-13 19:17:00	8.3	DoubleUp	DXC4B2P
2025-01-13 19:27:00	8.1	SingleDown	DXC4B2P
2025-01-13 19:36:00	9.3	DoubleUp	DXC4B2P
2025-01-13 19:43:00	4.5	DoubleDown	DXC4B2P
2025-01-13 19:51:00	4.7	SingleUp	DXC4B2P
2025-01-13 19:58:00	6	DoubleUp	DXC4B2P
2025-01-13 20:05:00	9.4	DoubleUp	DXC4B2P
2025-01-13 20:15:00	10.3	DoubleUp	DXC4B2P
2025-01-13 20:25:00	6	DoubleDown	DXC4B2P
2025-01-13 20:33:00	7.8	DoubleUp	DXC4B2P
2025-01-13 20:40:00	7.5	DoubleDown	DXC4B2P
2025-01-13 20:49:00	5	DoubleDown	DXC4B2P
2025-01-13 20:58:00	5.9	DoubleUp	DXC4B2P
2025-01-13 21:08:00	12.3	DoubleUp	DXC4B2P
2025-01-13 21:16:00	13.7	DoubleUp	DXC4B2P
2025-01-13 21:25:00	13.9	SingleUp	DXC4B2P
2025-01-13 21:33:00	9.4	DoubleDown	DXC4B2P
2025-01-13 21:42:00	13.6	DoubleUp	DXC4B2P
2025-01-13 21:52:00	10.5	DoubleDown	DXC4B2P
2025-01-13 22:00:00	9.8	DoubleDown	DXC4B2P
2025-01-13 22:09:00	4.2	DoubleDown	DXC4B2P
2025-01-13 22:17:00	7.4	DoubleUp	DXC4B2P
2025-01-13 22:27:00	9.7	DoubleUp	DXC4B2P
2025-01-13 22:36:00	4.9	DoubleDown	DXC4B2P
2025-01-13 22:44:00	5.2	DoubleUp	DXC4B2P
2025-01-13 22:53:00	9.7	DoubleUp	DXC4B2P
2025-01-13 23:02:00	5.3	DoubleDown	DXC4B2P
2025-01-13 23:10:00	13.6	DoubleUp	DXC4B2P
2025-01-13 23:20:00	8.6	DoubleDown	DXC4B2P
2025-01-13 23:28:00	5	DoubleDown	DXC4B2P
2025-01-13 23:37:00	8.4	DoubleUp	DXC4B2P
2025-01-13 23:47:00	9.8	DoubleUp	DXC4B2P
2025-01-13 23:57:00	10.5	DoubleUp	DXC4B2P
2025-01-14 00:04:00	4	DoubleDown	DXC4B2P
2025-01-14 00:13:00	8.2	DoubleUp	DXC4B2P
2025-01-14 00:21:00	6.8	DoubleDown	DXC4B2P
2025-01-14 00:29:00	13.2	DoubleUp	DXC4B2P
2025-01-14 00:39:00	5.1	DoubleDown	DXC4B2P
2025-01-14 00:47:00	4.9	SingleDown	DXC4B2P
2025-01-14 00:55:00	11.9	DoubleUp	DXC4B2P
2025-01-14 01:05:00	16	DoubleUp	DXC4B2P
2025-01-14 01:14:00	12.5	DoubleDown	DXC4B2P
2025-01-14 01:23:00	7.3	DoubleDown	DXC4B2P
2025-01-14 01:32:00	9.7	DoubleUp	DXC4B2P
2025-01-14 01:40:00	7.6	DoubleDown	DXC4B2P
2025-01-14 01:48:00	8.6	DoubleUp	DXC4B2P
2025-01-14 01:58:00	6.8	DoubleDown	DXC4B2P
2025-01-14 02:05:00	14.5	DoubleUp	DXC4B2P
2025-01-14 02:13:00	4.3	DoubleDown	DXC4B2P
2025-01-14 02:22:00	8.6	DoubleUp	DXC4B2P
2025-01-14 02:32:00	7.3	DoubleDown	DXC4B2P
2025-01-14 02:40:00	11.6	DoubleUp	DXC4B2P
2025-01-14 02:47:00	7.1	DoubleDown	DXC4B2P
2025-01-14 02:57:00	6.1	DoubleDown	DXC4B2P
2025-01-14 03:05:00	6.3	SingleUp	DXC4B2P
2025-01-14 03:14:00	9.5	DoubleUp	DXC4B2P
2025-01-14 03:23:00	10.6	DoubleUp	DXC4B2P
2025-01-14 03:31:00	6.6	DoubleDown	DXC4B2P
2025-01-14 03:41:00	10.1	DoubleUp	DXC4B2P
2025-01-14 03:49:00	10.9	DoubleUp	DXC4B2P
2025-01-14 03:58:00	8.4	DoubleDown	DXC4B2P
2025-01-14 04:06:00	13.5	DoubleUp	DXC4B2P
2025-01-14 04:14:00	6.4	DoubleDown	DXC4B2P
2025-01-14 04:24:00	9.7	DoubleUp	DXC4B2P
2025-01-14 04:34:00	9.7	Flat	DXC4B2P
2025-01-14 04:43:00	9.3	DoubleDown	DXC4B2P
2025-01-14 04:53:00	5	DoubleDown	DXC4B2P
2025-01-14 05:01:00	6.3	DoubleUp	DXC4B2P
2025-01-14 05:09:00	8.1	DoubleUp	DXC4B2P
2025-01-14 05:18:00	3.6	DoubleDown	DXC4B2P
2025-01-14 05:25:00	7.6	DoubleUp	DXC4B2P
2025-01-14 05:33:00	5.9	DoubleDown	DXC4B2P
2025-01-14 05:40:00	13.5	DoubleUp	DXC4B2P
2025-01-14 05:48:00	9.5	DoubleDown	DXC4B2P
2025-01-14 05:56:00	6.1	DoubleDown	DXC4B2P
2025-01-14 06:04:00	13.5	DoubleUp	DXC4B2P
2025-01-14 06:11:00	9.8	DoubleDown	DXC4B2P
2025-01-14 06:20:00	5.1	DoubleDown	DXC4B2P
2025-01-14 06:27:00	4.3	DoubleDown	DXC4B2P
2025-01-14 06:34:00	13	DoubleUp	DXC4B2P
2025-01-14 06:42:00	3.7	DoubleDown	DXC4B2P
2025-01-14 06:50:00	7.5	DoubleUp	DXC4B2P
2025-01-14 07:00:00	9.7	DoubleUp	DXC4B2P
2025-01-14 07:09:00	8.7	DoubleDown	DXC4B2P
2025-01-14 07:16:00	4.8	DoubleDown	DXC4B2P
2025-01-14 07:24:00	7.4	DoubleUp	DXC4B2P
2025-01-14 07:31:00	16.2	DoubleUp	DXC4B2P
2025-01-14 07:40:00	10.8	DoubleDown	DXC4B2P
2025-01-14 07:47:00	11.9	DoubleUp	DXC4B2P
2025-01-14 07:55:00	15	DoubleUp	DXC4B2P
2025-01-14 08:03:00	5.2	DoubleDown	DXC4B2P
2025-01-14 08:12:00	5	SingleDown	DXC4B2P
2025-01-14 08:20:00	9.9	DoubleUp	DXC4B2P
2025-01-14 08:30:00	9.9	Flat	DXC4B2P
2025-01-14 08:38:00	7.7	DoubleDown	DXC4B2P
2025-01-14 08:48:00	8	DoubleUp	DXC4B2P
2025-01-14 08:58:00	7.2	DoubleDown	DXC4B2P
2025-01-14 09:06:00	14.8	DoubleUp	DXC4B2P
2025-01-14 09:14:00	9.2	DoubleDown	DXC4B2P
2025-01-14 09:24:00	4.9	DoubleDown	DXC4B2P
2025-01-14 09:33:00	8.5	DoubleUp	DXC4B2P
2025-01-14 09:43:00	14.4	DoubleUp	DXC4B2P
2025-01-14 09:51:00	8.4	DoubleDown	DXC4B2P
2025-01-14 10:01:00	12.8	DoubleUp	DXC4B2P
2025-01-14 10:11:00	8.6	DoubleDown	DXC4B2P
2025-01-14 10:18:00	6	DoubleDown	DXC4B2P
2025-01-14 10:28:00	3.9	DoubleDown	DXC4B2P
2025-01-14 10:38:00	6	DoubleUp	DXC4B2P
2025-01-14 10:48:00	7.6	DoubleUp	DXC4B2P
2025-01-14 10:58:00	11.6	DoubleUp	DXC4B2P
2025-01-14 11:07:00	8	DoubleDown	DXC4B2P
2025-01-14 11:14:00	10.7	DoubleUp	DXC4B2P
2025-01-14 11:23:00	3.9	DoubleDown	DXC4B2P
2025-01-14 11:31:00	4.1	SingleUp	DXC4B2P
2025-01-14 11:41:00	13.4	DoubleUp	DXC4B2P
2025-01-14 11:51:00	6.6	DoubleDown	DXC4B2P
2025-01-14 12:00:00	7.4	DoubleUp	DXC4B2P
2025-01-14 12:07:00	4.8	DoubleDown	DXC4B2P
2025-01-14 12:14:00	7.3	DoubleUp	DXC4B2P
2025-01-14 12:23:00	6.9	DoubleDown	DXC4B2P
2025-01-14 12:31:00	3.3	DoubleDown	DXC4B2P
2025-01-14 12:40:00	5.8	DoubleUp	DXC4B2P
2025-01-14 12:49:00	10.3	DoubleUp	DXC4B2P
2025-01-14 12:58:00	5.4	DoubleDown	DXC4B2P
2025-01-14 13:08:00	5.3	Flat	DXC4B2P
2025-01-14 13:18:00	6.9	DoubleUp	DXC4B2P
2025-01-14 13:26:00	9.9	DoubleUp	DXC4B2P
2025-01-14 13:34:00	2.7	DoubleDown	DXC4B2P
2025-01-14 13:44:00	11.9	DoubleUp	DXC4B2P
2025-01-14 13:52:00	6.3	DoubleDown	DXC4B2P
2025-01-14 14:01:00	9	DoubleUp	DXC4B2P
2025-01-14 14:09:00	6.2	DoubleDown	DXC4B2P
2025-01-14 14:18:00	13.8	DoubleUp	DXC4B2P
2025-01-14 14:27:00	9.5	DoubleDown	DXC4B2P
2025-01-14 14:35:00	7.3	DoubleDown	DXC4B2P
2025-01-14 14:42:00	12.2	DoubleUp	DXC4B2P
2025-01-14 14:50:00	13.3	DoubleUp	DXC4B2P
2025-01-14 14:57:00	9.5	DoubleDown	DXC4B2P
2025-01-14 15:07:00	12.4	DoubleUp	DXC4B2P
2025-01-14 15:14:00	10.1	DoubleDown	DXC4B2P
2025-01-14 15:24:00	6.8	DoubleDown	DXC4B2P
2025-01-14 15:33:00	5.2	DoubleDown	DXC4B2P
2025-01-14 15:42:00	6.4	DoubleUp	DXC4B2P
2025-01-14 15:52:00	3.5	DoubleDown	DXC4B2P
2025-01-14 15:59:00	10.4	DoubleUp	DXC4B2P
2025-01-14 16:08:00	9	DoubleDown	DXC4B2P
2025-01-14 16:16:00	12.3	DoubleUp	DXC4B2P
2025-01-14 16:25:00	2.6	DoubleDown	DXC4B2P
2025-01-14 16:35:00	7.6	DoubleUp	DXC4B2P
2025-01-14 16:44:00	5.8	DoubleDown	DXC4B2P
2025-01-14 16:51:00	14.8	DoubleUp	DXC4B2P
2025-01-14 17:00:00	4.4	DoubleDown	DXC4B2P
2025-01-14 17:08:00	5.4	DoubleUp	DXC4B2P
2025-01-14 17:16:00	6.6	DoubleUp	DXC4B2P
2025-01-14 17:23:00	11.2	DoubleUp	DXC4B2P
2025-01-14 17:32:00	8.1	DoubleDown	DXC4B2P
2025-01-14 17:39:00	7.5	DoubleDown	DXC4B2P
2025-01-14 17:46:00	3.9	DoubleDown	DXC4B2P