Name:John Doe	Date Range:2025-01-01 - 2025-01-14
Timestamp	Glucose Value (mg/dL)	Trend Arrow	Transmitter ID
2025-01-01 00:00:00	195	Flat	DXC4B2P
2025-01-01 00:10:00	84	DoubleDown	DXC4B2P
2025-01-01 00:19:00	71	DoubleDown	DXC4B2P
2025-01-01 00:27:00	269	DoubleUp	DXC4B2P
2025-01-01 00:35:00	105	DoubleDown	DXC4B2P
2025-01-01 00:45:00	88	DoubleDown	DXC4B2P
2025-01-01 00:52:00	146	DoubleUp	DXC4B2P
2025-01-01 01:02:00	84	DoubleDown	DXC4B2P
2025-01-01 01:11:00	75	DoubleDown	DXC4B2P
2025-01-01 01:19:00	133	DoubleUp	DXC4B2P
2025-01-01 01:28:00	160	DoubleUp	DXC4B2P
2025-01-01 01:37:00	82	DoubleDown	DXC4B2P
2025-01-01 01:45:00	177	DoubleUp	DXC4B2P
2025-01-01 01:54:00	221	DoubleUp	DXC4B2P
2025-01-01 02:02:00	119	DoubleDown	DXC4B2P
2025-01-01 02:10:00	105	DoubleDown	DXC4B2P
2025-01-01 02:17:00	193	DoubleUp	DXC4B2P
2025-01-01 02:24:00	78	DoubleDown	DXC4B2P
2025-01-01 02:32:00	153	DoubleUp	DXC4B2P
2025-01-01 02:42:00	183	DoubleUp	DXC4B2P
2025-01-01 02:49:00	169	DoubleDown	DXC4B2P
2025-01-01 02:56:00	240	DoubleUp	DXC4B2P
2025-01-01 03:04:00	98	DoubleDown	DXC4B2P
2025-01-01 03:11:00	159	DoubleUp	DXC4B2P
2025-01-01 03:19:00	88	DoubleDown	DXC4B2P
2025-01-01 03:29:00	155	DoubleUp	DXC4B2P
2025-01-01 03:37:00	159	DoubleUp	DXC4B2P
2025-01-01 03:45:00	238	DoubleUp	DXC4B2P
2025-01-01 03:54:00	289	DoubleUp	DXC4B2P
2025-01-01 04:03:00	177	DoubleDown	DXC4B2P
2025-01-01 04:13:00	193	DoubleUp	DXC4B2P
2025-01-01 04:21:00	166	DoubleDown	DXC4B2P
2025-01-01 04:31:00	110	DoubleDown	DXC4B2P
2025-01-01 04:39:00	187	DoubleUp	DXC4B2P
2025-01-01 04:47:00	215	DoubleUp	DXC4B2P
2025-01-01 04:57:00	91	DoubleDown	DXC4B2P
2025-01-01 05:06:00	212	DoubleUp	DXC4B2P
2025-01-01 05:15:00	206	DoubleDown	DXC4B2P
2025-01-01 05:24:00	183	DoubleDown	DXC4B2P
2025-01-01 05:34:00	103	DoubleDown	DXC4B2P
2025-01-01 05:41:00	103	Flat	DXC4B2P
2025-01-01 05:49:00	180	DoubleUp	DXC4B2P
2025-01-01 05:57:00	234	DoubleUp	DXC4B2P
2025-01-01 06:05:00	85	DoubleDown	DXC4B2P
2025-01-01 06:15:00	114	DoubleUp	DXC4B2P
2025-01-01 06:23:00	191	DoubleUp	DXC4B2P
2025-01-01 06:31:00	237	DoubleUp	DXC4B2P
2025-01-01 06:41:00	231	DoubleDown	DXC4B2P
2025-01-01 06:50:00	117	DoubleDown	DXC4B2P
2025-01-01 06:57:00	190	DoubleUp	DXC4B2P
2025-01-01 07:06:00	92	DoubleDown	DXC4B2P
2025-01-01 07:15:00	125	DoubleUp	DXC4B2P
2025-01-01 07:23:00	96	DoubleDown	DXC4B2P
2025-01-01 07:33:00	92	DoubleDown	DXC4B2P
2025-01-01 07:40:00	117	DoubleUp	DXC4B2P
2025-01-01 07:47:00	276	DoubleUp	DXC4B2P
2025-01-01 07:57:00	75	DoubleDown	DXC4B2P
2025-01-01 08:05:00	166	DoubleUp	DXC4B2P
2025-01-01 08:15:00	71	DoubleDown	DXC4B2P
2025-01-01 08:24:00	80	DoubleUp	DXC4B2P
2025-01-01 08:33:00	165	DoubleUp	DXC4B2P
2025-01-01 08:40:00	70	DoubleDown	DXC4B2P
2025-01-01 08:48:00	49	DoubleDown	DXC4B2P
2025-01-01 08:57:00	114	DoubleUp	DXC4B2P
2025-01-01 09:04:00	98	DoubleDown	DXC4B2P
2025-01-01 09:11:00	148	DoubleUp	DXC4B2P
2025-01-01 09:18:00	147	Flat	DXC4B2P
2025-01-01 09:28:00	271	DoubleUp	DXC4B2P
2025-01-01 09:36:00	176	DoubleDown	DXC4B2P
2025-01-01 09:45:00	219	DoubleUp	DXC4B2P
2025-01-01 09:54:00	115	DoubleDown	DXC4B2P
2025-01-01 10:01:00	47	DoubleDown	DXC4B2P
2025-01-01 10:09:00	126	DoubleUp	DXC4B2P
2025-01-01 10:17:00	81	DoubleDown	DXC4B2P
2025-01-01 10:25:00	71	DoubleDown	DXC4B2P
2025-01-01 10:34:00	148	DoubleUp	DXC4B2P
2025-01-01 10:44:00	162	DoubleUp	DXC4B2P
2025-01-01 10:54:00	144	DoubleDown	DXC4B2P
2025-01-01 11:03:00	80	DoubleDown	DXC4B2P
2025-01-01 11:10:00	99	DoubleUp	DXC4B2P
2025-01-01 11:20:00	124	DoubleUp	DXC4B2P
2025-01-01 11:27:00	134	DoubleUp	DXC4B2P
2025-01-01 11:37:00	176	DoubleUp	DXC4B2P
2025-01-01 11:44:00	194	DoubleUp	DXC4B2P
2025-01-01 11:54:00	258	DoubleUp	DXC4B2P
2025-01-01 12:02:00	242	DoubleDown	DXC4B2P
2025-01-01 12:11:00	183	DoubleDown	DXC4B2P
2025-01-01 12:20:00	93	DoubleDown	DXC4B2P
2025-01-01 12:29:00	91	SingleDown	DXC4B2P
2025-01-01 12:37:00	180	DoubleUp	DXC4B2P
2025-01-01 12:46:00	168	DoubleDown	DXC4B2P
2025-01-01 12:56:00	162	DoubleDown	DXC4B2P
2025-01-01 13:03:00	197	DoubleUp	DXC4B2P
2025-01-01 13:10:00	93	DoubleDown	DXC4B2P
2025-01-01 13:19:00	231	DoubleUp	DXC4B2P
2025-01-01 13:28:00	152	DoubleDown	DXC4B2P
2025-01-01 13:36:00	255	DoubleUp	DXC4B2P
2025-01-01 13:46:00	74	DoubleDown	DXC4B2P
2025-01-01 13:56:00	125	DoubleUp	DXC4B2P
2025-01-01 14:03:00	224	DoubleUp	DXC4B2P
2025-01-01 14:10:00	58	DoubleDown	DXC4B2P
2025-01-01 14:19:00	281	DoubleUp	DXC4B2P
2025-01-01 14:27:00	187	DoubleDown	DXC4B2P
2025-01-01 14:36:00	70	DoubleDown	DXC4B2P
2025-01-01 14:44:00	87	DoubleUp	DXC4B2P
2025-01-01 14:51:00	165	DoubleUp	DXC4B2P
2025-01-01 15:00:00	133	DoubleDown	DXC4B2P
2025-01-01 15:08:00	129	DoubleDown	DXC4B2P
2025-01-01 15:16:00	151	DoubleUp	DXC4B2P
2025-01-01 15:26:00	87	DoubleDown	DXC4B2P
2025-01-01 15:36:00	108	DoubleUp	DXC4B2P
2025-01-01 15:43:00	269	DoubleUp	DXC4B2P
2025-01-01 15:51:00	177	DoubleDown	DXC4B2P
2025-01-01 15:59:00	79	DoubleDown	DXC4B2P
2025-01-01 16:09:00	183	DoubleUp	DXC4B2P
2025-01-01 16:18:00	84	DoubleDown	DXC4B2P
2025-01-01 16:26:00	73	DoubleDown	DXC4B2P
2025-01-01 16:36:00	248	DoubleUp	DXC4B2P
2025-01-01 16:45:00	207	DoubleDown	DXC4B2P
2025-01-01 16:54:00	212	DoubleUp	DXC4B2P
2025-01-01 17:01:00	120	DoubleDown	DXC4B2P
2025-01-01 17:10:00	182	DoubleUp	DXC4B2P
2025-01-01 17:18:00	94	DoubleDown	DXC4B2P
2025-01-01 17:27:00	248	DoubleUp	DXC4B2P
2025-01-01 17:35:00	207	DoubleDown	DXC4B2P
2025-01-01 17:43:00	164	DoubleDown	DXC4B2P
2025-01-01 17:51:00	120	DoubleDown	DXC4B2P
2025-01-01 17:58:00	145	DoubleUp	DXC4B2P
2025-01-01 18:07:00	95	DoubleDown	DXC4B2P
2025-01-01 18:14:00	229	DoubleUp	DXC4B2P
2025-01-01 18:21:00	160	DoubleDown	DXC4B2P
2025-01-01 18:30:00	151	DoubleDown	DXC4B2P
2025-01-01 18:37:00	129	DoubleDown	DXC4B2P
2025-01-01 18:47:00	79	DoubleDown	DXC4B2P
2025-01-01 18:56:00	55	DoubleDown	DXC4B2P
2025-01-01 19:06:00	105	DoubleUp	DXC4B2P
2025-01-01 19:16:00	120	DoubleUp	DXC4B2P
2025-01-01 19:24:00	211	DoubleUp	DXC4B2P
2025-01-01 19:31:00	78	DoubleDown	DXC4B2P
2025-01-01 19:41:00	129	DoubleUp	DXC4B2P
2025-01-01 19:49:00	151	DoubleUp	DXC4B2P
2025-01-01 19:56:00	137	DoubleDown	DXC4B2P
2025-01-01 20:06:00	215	DoubleUp	DXC4B2P
2025-01-01 20:16:00	212	SingleDown	DXC4B2P
2025-01-01 20:24:00	151	DoubleDown	DXC4B2P
2025-01-01 20:33:00	127	DoubleDown	DXC4B2P
2025-01-01 20:43:00	269	DoubleUp	DXC4B2P
2025-01-01 20:50:00	129	DoubleDown	DXC4B2P
2025-01-01 20:57:00	220	DoubleUp	DXC4B2P
2025-01-01 21:04:00	161	DoubleDown	DXC4B2P
2025-01-01 21:13:00	216	DoubleUp	DXC4B2P
2025-01-01 21:20:00	147	DoubleDown	DXC4B2P
2025-01-01 21:28:00	207	DoubleUp	DXC4B2P
2025-01-01 21:36:00	250	DoubleUp	DXC4B2P
2025-01-01 21:44:00	152	DoubleDown	DXC4B2P
2025-01-01 21:51:00	204	DoubleUp	DXC4B2P
2025-01-01 21:58:00	178	DoubleDown	DXC4B2P
2025-01-01 22:07:00	76	DoubleDown	DXC4B2P
2025-01-01 22:15:00	87	DoubleUp	DXC4B2P
2025-01-01 22:25:00	224	DoubleUp	DXC4B2P
2025-01-01 22:33:00	164	DoubleDown	DXC4B2P
2025-01-01 22:41:00	146	DoubleDown	DXC4B2P
2025-01-01 22:51:00	155	DoubleUp	DXC4B2P
2025-01-01 22:58:00	209	DoubleUp	DXC4B2P
2025-01-01 23:05:00	81	DoubleDown	DXC4B2P
2025-01-01 23:13:00	159	DoubleUp	DXC4B2P
2025-01-01 23:22:00	156	SingleDown	DXC4B2P
2025-01-01 23:31:00	135	DoubleDown	DXC4B2P
2025-01-01 23:40:00	220	DoubleUp	DXC4B2P
2025-01-01 23:49:00	239	DoubleUp	DXC4B2P
2025-01-01 23:59:00	71	DoubleDown	DXC4B2P
2025-01-02 00:07:00	104	DoubleUp	DXC4B2P
2025-01-02 00:15:00	173	DoubleUp	DXC4B2P
2025-01-02 00:24:00	177	DoubleUp	DXC4B2P
2025-01-02 00:32:00	129	DoubleDown	DXC4B2P
2025-01-02 00:41:00	124	DoubleDown	DXC4B2P
2025-01-02 00:51:00	217	DoubleUp	DXC4B2P
2025-01-02 00:58:00	124	DoubleDown	DXC4B2P
2025-01-02 01:05:00	96	DoubleDown	DXC4B2P
2025-01-02 01:14:00	64	DoubleDown	DXC4B2P
2025-01-02 01:22:00	178	DoubleUp	DXC4B2P
2025-01-02 01:32:00	97	DoubleDown	DXC4B2P
2025-01-02 01:41:00	131	DoubleUp	DXC4B2P
2025-01-02 01:50:00	117	DoubleDown	DXC4B2P
2025-01-02 01:57:00	265	DoubleUp	DXC4B2P
2025-01-02 02:06:00	174	DoubleDown	DXC4B2P
2025-01-02 02:16:00	65	DoubleDown	DXC4B2P
2025-01-02 02:24:00	189	DoubleUp	DXC4B2P
2025-01-02 02:32:00	73	DoubleDown	DXC4B2P
2025-01-02 02:42:00	135	DoubleUp	DXC4B2P
2025-01-02 02:50:00	73	DoubleDown	DXC4B2P
2025-01-02 02:58:00	138	DoubleUp	DXC4B2P
2025-01-02 03:05:00	265	DoubleUp	DXC4B2P
2025-01-02 03:12:00	215	DoubleDown	DXC4B2P
2025-01-02 03:21:00	236	DoubleUp	DXC4B2P
2025-01-02 03:28:00	96	DoubleDown	DXC4B2P
2025-01-02 03:35:00	94	SingleDown	DXC4B2P
2025-01-02 03:43:00	142	DoubleUp	DXC4B2P
2025-01-02 03:53:00	146	DoubleUp	DXC4B2P
2025-01-02 04:00:00	108	DoubleDown	DXC4B2P
2025-01-02 04:09:00	222	DoubleUp	DXC4B2P
2025-01-02 04:17:00	132	DoubleDown	DXC4B2P
2025-01-02 04:26:00	188	DoubleUp	DXC4B2P
2025-01-02 04:34:00	147	DoubleDown	DXC4B2P
2025-01-02 04:43:00	209	DoubleUp	DXC4B2P
2025-01-02 04:50:00	116	DoubleDown	DXC4B2P
2025-01-02 04:59:00	139	DoubleUp	DXC4B2P
2025-01-02 05:08:00	76	DoubleDown	DXC4B2P
2025-01-02 05:15:00	123	DoubleUp	DXC4B2P
2025-01-02 05:22:00	175	DoubleUp	DXC4B2P
2025-01-02 05:30:00	276	DoubleUp	DXC4B2P
2025-01-02 05:40:00	90	DoubleDown	DXC4B2P
2025-01-02 05:49:00	294	DoubleUp	DXC4B2P
2025-01-02 05:56:00	100	DoubleDown	DXC4B2P
2025-01-02 06:06:00	125	DoubleUp	DXC4B2P
2025-01-02 06:16:00	68	DoubleDown	DXC4B2P
2025-01-02 06:26:00	222	DoubleUp	DXC4B2P
2025-01-02 06:34:00	134	DoubleDown	DXC4B2P
2025-01-02 06:43:00	125	DoubleDown	DXC4B2P
2025-01-02 06:51:00	136	DoubleUp	DXC4B2P
2025-01-02 07:01:00	118	DoubleDown	DXC4B2P
2025-01-02 07:11:00	136	DoubleUp	DXC4B2P
2025-01-02 07:20:00	65	DoubleDown	DXC4B2P
2025-01-02 07:30:00	168	DoubleUp	DXC4B2P
2025-01-02 07:37:00	172	DoubleUp	DXC4B2P
2025-01-02 07:44:00	147	DoubleDown	DXC4B2P
2025-01-02 07:53:00	273	DoubleUp	DXC4B2P
2025-01-02 08:03:00	86	DoubleDown	DXC4B2P
2025-01-02 08:10:00	88	SingleUp	DXC4B2P
2025-01-02 08:18:00	156	DoubleUp	DXC4B2P
2025-01-02 08:27:00	188	DoubleUp	DXC4B2P
2025-01-02 08:35:00	167	DoubleDown	DXC4B2P
2025-01-02 08:44:00	290	DoubleUp	DXC4B2P
2025-01-02 08:52:00	82	DoubleDown	DXC4B2P
2025-01-02 09:02:00	139	DoubleUp	DXC4B2P
2025-01-02 09:10:00	118	DoubleDown	DXC4B2P
2025-01-02 09:20:00	144	DoubleUp	DXC4B2P
2025-01-02 09:29:00	118	DoubleDown	DXC4B2P
2025-01-02 09:36:00	229	DoubleUp	DXC4B2P
2025-01-02 09:44:00	103	DoubleDown	DXC4B2P
2025-01-02 09:54:00	73	DoubleDown	DXC4B2P
2025-01-02 10:01:00	99	DoubleUp	DXC4B2P
2025-01-02 10:08:00	156	DoubleUp	DXC4B2P
2025-01-02 10:16:00	70	DoubleDown	DXC4B2P
2025-01-02 10:24:00	76	DoubleUp	DXC4B2P
2025-01-02 10:33:00	146	DoubleUp	DXC4B2P
2025-01-02 10:43:00	154	DoubleUp	DXC4B2P
2025-01-02 10:50:00	122	DoubleDown	DXC4B2P
2025-01-02 10:59:00	229	DoubleUp	DXC4B2P
2025-01-02 11:09:00	217	DoubleDown	DXC4B2P
2025-01-02 11:18:00	103	DoubleDown	DXC4B2P
2025-01-02 11:28:00	218	DoubleUp	DXC4B2P
2025-01-02 11:36:00	84	DoubleDown	DXC4B2P
2025-01-02 11:43:00	159	DoubleUp	DXC4B2P
2025-01-02 11:52:00	192	DoubleUp	DXC4B2P
2025-01-02 12:02:00	124	DoubleDown	DXC4B2P
2025-01-02 12:09:00	78	DoubleDown	DXC4B2P
2025-01-02 12:17:00	235	DoubleUp	DXC4B2P
2025-01-02 12:24:00	117	DoubleDown	DXC4B2P
2025-01-02 12:34:00	187	DoubleUp	DXC4B2P
2025-01-02 12:44:00	149	DoubleDown	DXC4B2P
2025-01-02 12:52:00	165	DoubleUp	DXC4B2P
2025-01-02 12:59:00	177	DoubleUp	DXC4B2P
2025-01-02 13:06:00	199	DoubleUp	DXC4B2P
2025-01-02 13:16:00	163	DoubleDown	DXC4B2P
2025-01-02 13:24:00	85	DoubleDown	DXC4B2P
2025-01-02 13:33:00	100	DoubleUp	DXC4B2P
2025-01-02 13:43:00	215	DoubleUp	DXC4B2P
2025-01-02 13:51:00	106	DoubleDown	DXC4B2P
2025-01-02 13:59:00	175	DoubleUp	DXC4B2P
2025-01-02 14:08:00	123	DoubleDown	DXC4B2P
2025-01-02 14:16:00	274	DoubleUp	DXC4B2P
2025-01-02 14:25:00	78	DoubleDown	DXC4B2P
2025-01-02 14:34:00	207	DoubleUp	DXC4B2P
2025-01-02 14:44:00	221	DoubleUp	DXC4B2P
2025-01-02 14:53:00	208	DoubleDown	DXC4B2P
2025-01-02 15:00:00	120	DoubleDown	DXC4B2P
2025-01-02 15:08:00	118	SingleDown	DXC4B2P
2025-01-02 15:17:00	132	DoubleUp	DXC4B2P
2025-01-02 15:26:00	143	DoubleUp	DXC4B2P
2025-01-02 15:34:00	189	DoubleUp	DXC4B2P
2025-01-02 15:42:00	197	DoubleUp	DXC4B2P
2025-01-02 15:50:00	57	DoubleDown	DXC4B2P
2025-01-02 15:59:00	177	DoubleUp	DXC4B2P
2025-01-02 16:07:00	109	DoubleDown	DXC4B2P
2025-01-02 16:14:00	134	DoubleUp	DXC4B2P
2025-01-02 16:23:00	94	DoubleDown	DXC4B2P
2025-01-02 16:33:00	183	DoubleUp	DXC4B2P
2025-01-02 16:41:00	60	DoubleDown	DXC4B2P
2025-01-02 16:49:00	106	DoubleUp	DXC4B2P
2025-01-02 16:57:00	72	DoubleDown	DXC4B2P
2025-01-02 17:04:00	176	DoubleUp	DXC4B2P
2025-01-02 17:12:00	140	DoubleDown	DXC4B2P
2025-01-02 17:19:00	141	Flat	DXC4B2P
2025-01-02 17:28:00	239	DoubleUp	DXC4B2P
2025-01-02 17:36:00	80	DoubleDown	DXC4B2P
2025-01-02 17:46:00	150	DoubleUp	DXC4B2P
2025-01-02 17:54:00	114	DoubleDown	DXC4B2P
2025-01-02 18:04:00	148	DoubleUp	DXC4B2P
2025-01-02 18:13:00	124	DoubleDown	DXC4B2P
2025-01-02 18:23:00	152	DoubleUp	DXC4B2P
2025-01-02 18:33:00	107	DoubleDown	DXC4B2P
2025-01-02 18:41:00	138	DoubleUp	DXC4B2P
2025-01-02 18:49:00	105	DoubleDown	DXC4B2P
2025-01-02 18:56:00	174	DoubleUp	DXC4B2P
2025-01-02 19:06:00	141	DoubleDown	DXC4B2P
2025-01-02 19:15:00	115	DoubleDown	DXC4B2P
2025-01-02 19:25:00	202	DoubleUp	DXC4B2P
2025-01-02 19:34:00	160	DoubleDown	DXC4B2P
2025-01-02 19:41:00	144	DoubleDown	DXC4B2P
2025-01-02 19:50:00	131	DoubleDown	DXC4B2P
2025-01-02 19:57:00	175	DoubleUp	DXC4B2P
2025-01-02 20:07:00	110	DoubleDown	DXC4B2P
2025-01-02 20:14:00	134	DoubleUp	DXC4B2P
2025-01-02 20:22:00	76	DoubleDown	DXC4B2P
2025-01-02 20:31:00	105	DoubleUp	DXC4B2P
2025-01-02 20:39:00	102	SingleDown	DXC4B2P
2025-01-02 20:46:00	164	DoubleUp	DXC4B2P
2025-01-02 20:54:00	140	DoubleDown	DXC4B2P
2025-01-02 21:01:00	70	DoubleDown	DXC4B2P
2025-01-02 21:08:00	164	DoubleUp	DXC4B2P
2025-01-02 21:17:00	197	DoubleUp	DXC4B2P
2025-01-02 21:25:00	90	DoubleDown	DXC4B2P
2025-01-02 21:32:00	173	DoubleUp	DXC4B2P
2025-01-02 21:41:00	80	DoubleDown	DXC4B2P
2025-01-02 21:50:00	111	DoubleUp	DXC4B2P
2025-01-02 21:57:00	290	DoubleUp	DXC4B2P
2025-01-02 22:05:00	137	DoubleDown	DXC4B2P
2025-01-02 22:12:00	42	DoubleDown	DXC4B2P
2025-01-02 22:20:00	260	DoubleUp	DXC4B2P
2025-01-02 22:29:00	176	DoubleDown	DXC4B2P
2025-01-02 22:36:00	89	DoubleDown	DXC4B2P
2025-01-02 22:45:00	102	DoubleUp	DXC4B2P
2025-01-02 22:54:00	203	DoubleUp	DXC4B2P
2025-01-02 23:01:00	153	DoubleDown	DXC4B2P
2025-01-02 23:08:00	271	DoubleUp	DXC4B2P
2025-01-02 23:15:00	147	DoubleDown	DXC4B2P
2025-01-02 23:25:00	178	DoubleUp	DXC4B2P
2025-01-02 23:33:00	234	DoubleUp	DXC4B2P
2025-01-02 23:41:00	168	DoubleDown	DXC4B2P
2025-01-02 23:49:00	131	DoubleDown	DXC4B2P
2025-01-02 23:56:00	78	DoubleDown	DXC4B2P
2025-01-03 00:05:00	159	DoubleUp	DXC4B2P
2025-01-03 00:14:00	82	DoubleDown	DXC4B2P
2025-01-03 00:22:00	114	DoubleUp	DXC4B2P
2025-01-03 00:32:00	206	DoubleUp	DXC4B2P
2025-01-03 00:41:00	147	DoubleDown	DXC4B2P
2025-01-03 00:51:00	163	DoubleUp	DXC4B2P
2025-01-03 00:58:00	223	DoubleUp	DXC4B2P
2025-01-03 01:06:00	236	DoubleUp	DXC4B2P
2025-01-03 01:14:00	135	DoubleDown	DXC4B2P
2025-01-03 01:23:00	90	DoubleDown	DXC4B2P
2025-01-03 01:32:00	215	DoubleUp	DXC4B2P
2025-01-03 01:40:00	143	DoubleDown	DXC4B2P
2025-01-03 01:49:00	174	DoubleUp	DXC4B2P
2025-01-03 01:59:00	179	DoubleUp	DXC4B2P
2025-01-03 02:09:00	137	DoubleDown	DXC4B2P
2025-01-03 02:18:00	79	DoubleDown	DXC4B2P
2025-01-03 02:28:00	67	DoubleDown	DXC4B2P
2025-01-03 02:37:00	266	DoubleUp	DXC4B2P
2025-01-03 02:45:00	138	DoubleDown	DXC4B2P
2025-01-03 02:52:00	222	DoubleUp	DXC4B2P
2025-01-03 02:59:00	115	DoubleDown	DXC4B2P
2025-01-03 03:07:00	187	DoubleUp	DXC4B2P
2025-01-03 03:17:00	80	DoubleDown	DXC4B2P
2025-01-03 03:27:00	145	DoubleUp	DXC4B2P
2025-01-03 03:36:00	106	DoubleDown	DXC4B2P
2025-01-03 03:44:00	159	DoubleUp	DXC4B2P
2025-01-03 03:52:00	111	DoubleDown	DXC4B2P
2025-01-03 04:02:00	93	DoubleDown	DXC4B2P
2025-01-03 04:12:00	206	DoubleUp	DXC4B2P
2025-01-03 04:19:00	99	DoubleDown	DXC4B2P
2025-01-03 04:26:00	105	DoubleUp	DXC4B2P
2025-01-03 04:33:00	157	DoubleUp	DXC4B2P
2025-01-03 04:41:00	120	DoubleDown	DXC4B2P
2025-01-03 04:50:00	221	DoubleUp	DXC4B2P
2025-01-03 04:58:00	104	DoubleDown	DXC4B2P
2025-01-03 05:05:00	88	DoubleDown	DXC4B2P
2025-01-03 05:15:00	75	DoubleDown	DXC4B2P
2025-01-03 05:25:00	97	DoubleUp	DXC4B2P
2025-01-03 05:34:00	253	DoubleUp	DXC4B2P
2025-01-03 05:42:00	146	DoubleDown	DXC4B2P
2025-01-03 05:49:00	172	DoubleUp	DXC4B2P
2025-01-03 05:58:00	198	DoubleUp	DXC4B2P
2025-01-03 06:05:00	171	DoubleDown	DXC4B2P
2025-01-03 06:15:00	104	DoubleDown	DXC4B2P
2025-01-03 06:22:00	67	DoubleDown	DXC4B2P
2025-01-03 06:30:00	146	DoubleUp	DXC4B2P
2025-01-03 06:38:00	191	DoubleUp	DXC4B2P
2025-01-03 06:48:00	82	DoubleDown	DXC4B2P
2025-01-03 06:55:00	156	DoubleUp	DXC4B2P
2025-01-03 07:02:00	127	DoubleDown	DXC4B2P
2025-01-03 07:10:00	127	Flat	DXC4B2P
2025-01-03 07:18:00	292	DoubleUp	DXC4B2P
2025-01-03 07:25:00	146	DoubleDown	DXC4B2P
2025-01-03 07:33:00	149	SingleUp	DXC4B2P
2025-01-03 07:42:00	266	DoubleUp	DXC4B2P
2025-01-03 07:52:00	82	DoubleDown	DXC4B2P
2025-01-03 08:01:00	209	DoubleUp	DXC4B2P
2025-01-03 08:11:00	241	DoubleUp	DXC4B2P
2025-01-03 08:21:00	157	DoubleDown	DXC4B2P
2025-01-03 08:31:00	206	DoubleUp	DXC4B2P
2025-01-03 08:38:00	109	DoubleDown	DXC4B2P
2025-01-03 08:45:00	109	Flat	DXC4B2P
2025-01-03 08:53:00	171	DoubleUp	DXC4B2P
2025-01-03 09:02:00	132	DoubleDown	DXC4B2P
2025-01-03 09:12:00	220	DoubleUp	DXC4B2P
2025-01-03 09:21:00	210	DoubleDown	DXC4B2P
2025-01-03 09:28:00	105	DoubleDown	DXC4B2P
2025-01-03 09:36:00	146	DoubleUp	DXC4B2P
2025-01-03 09:43:00	104	DoubleDown	DXC4B2P
2025-01-03 09:51:00	272	DoubleUp	DXC4B2P
2025-01-03 10:01:00	289	DoubleUp	DXC4B2P
2025-01-03 10:10:00	208	DoubleDown	DXC4B2P
2025-01-03 10:20:00	285	DoubleUp	DXC4B2P
2025-01-03 10:30:00	130	DoubleDown	DXC4B2P
2025-01-03 10:39:00	247	DoubleUp	DXC4B2P
2025-01-03 10:48:00	154	DoubleDown	DXC4B2P
2025-01-03 10:55:00	80	DoubleDown	DXC4B2P
2025-01-03 11:05:00	110	DoubleUp	DXC4B2P
2025-01-03 11:14:00	89	DoubleDown	DXC4B2P
2025-01-03 11:24:00	292	DoubleUp	DXC4B2P
2025-01-03 11:32:00	133	DoubleDown	DXC4B2P
2025-01-03 11:39:00	168	DoubleUp	DXC4B2P
2025-01-03 11:49:00	134	DoubleDown	DXC4B2P
2025-01-03 11:59:00	68	DoubleDown	DXC4B2P
2025-01-03 12:07:00	79	DoubleUp	DXC4B2P
2025-01-03 12:15:00	56	DoubleDown	DXC4B2P
2025-01-03 12:25:00	156	DoubleUp	DXC4B2P
2025-01-03 12:33:00	96	DoubleDown	DXC4B2P
2025-01-03 12:43:00	82	DoubleDown	DXC4B2P
2025-01-03 12:52:00	179	DoubleUp	DXC4B2P
2025-01-03 13:01:00	209	DoubleUp	DXC4B2P
2025-01-03 13:11:00	98	DoubleDown	DXC4B2P
2025-01-03 13:21:00	248	DoubleUp	DXC4B2P
2025-01-03 13:30:00	183	DoubleDown	DXC4B2P
2025-01-03 13:39:00	205	DoubleUp	DXC4B2P
2025-01-03 13:47:00	135	DoubleDown	DXC4B2P
2025-01-03 13:55:00	177	DoubleUp	DXC4B2P
2025-01-03 14:02:00	205	DoubleUp	DXC4B2P
2025-01-03 14:09:00	111	DoubleDown	DXC4B2P
2025-01-03 14:18:00	130	DoubleUp	DXC4B2P
2025-01-03 14:28:00	119	DoubleDown	DXC4B2P
2025-01-03 14:37:00	296	DoubleUp	DXC4B2P
2025-01-03 14:44:00	151	DoubleDown	DXC4B2P
2025-01-03 14:53:00	179	DoubleUp	DXC4B2P
2025-01-03 15:02:00	79	DoubleDown	DXC4B2P
2025-01-03 15:12:00	47	DoubleDown	DXC4B2P
2025-01-03 15:22:00	106	DoubleUp	DXC4B2P
2025-01-03 15:32:00	109	SingleUp	DXC4B2P
2025-01-03 15:40:00	178	DoubleUp	DXC4B2P
2025-01-03 15:50:00	152	DoubleDown	DXC4B2P
2025-01-03 15:59:00	104	DoubleDown	DXC4B2P
2025-01-03 16:09:00	73	DoubleDown	DXC4B2P
2025-01-03 16:16:00	140	DoubleUp	DXC4B2P
2025-01-03 16:25:00	190	DoubleUp	DXC4B2P
2025-01-03 16:35:00	76	DoubleDown	DXC4B2P
2025-01-03 16:44:00	111	DoubleUp	DXC4B2P
2025-01-03 16:51:00	280	DoubleUp	DXC4B2P
2025-01-03 17:00:00	263	DoubleDown	DXC4B2P
2025-01-03 17:10:00	256	DoubleDown	DXC4B2P
2025-01-03 17:20:00	192	DoubleDown	DXC4B2P
2025-01-03 17:27:00	175	DoubleDown	DXC4B2P
2025-01-03 17:36:00	173	SingleDown	DXC4B2P
2025-01-03 17:45:00	126	DoubleDown	DXC4B2P
2025-01-03 17:55:00	118	DoubleDown	DXC4B2P
2025-01-03 18:02:00	176	DoubleUp	DXC4B2P
2025-01-03 18:11:00	119	DoubleDown	DXC4B2P
2025-01-03 18:19:00	109	DoubleDown	DXC4B2P
2025-01-03 18:26:00	116	DoubleUp	DXC4B2P
2025-01-03 18:36:00	126	DoubleUp	DXC4B2P
2025-01-03 18:46:00	86	DoubleDown	DXC4B2P
2025-01-03 18:53:00	138	DoubleUp	DXC4B2P
2025-01-03 19:01:00	275	DoubleUp	DXC4B2P
2025-01-03 19:11:00	110	DoubleDown	DXC4B2P
2025-01-03 19:21:00	102	DoubleDown	DXC4B2P
2025-01-03 19:29:00	134	DoubleUp	DXC4B2P
2025-01-03 19:38:00	120	DoubleDown	DXC4B2P
2025-01-03 19:48:00	218	DoubleUp	DXC4B2P
2025-01-03 19:55:00	89	DoubleDown	DXC4B2P
2025-01-03 20:05:00	135	DoubleUp	DXC4B2P
2025-01-03 20:12:00	87	DoubleDown	DXC4B2P
2025-01-03 20:19:00	166	DoubleUp	DXC4B2P
2025-01-03 20:29:00	132	DoubleDown	DXC4B2P
2025-01-03 20:39:00	110	DoubleDown	DXC4B2P
2025-01-03 20:48:00	99	DoubleDown	DXC4B2P
2025-01-03 20:56:00	247	DoubleUp	DXC4B2P
2025-01-03 21:06:00	94	DoubleDown	DXC4B2P
2025-01-03 21:13:00	215	DoubleUp	DXC4B2P
2025-01-03 21:22:00	96	DoubleDown	DXC4B2P
2025-01-03 21:31:00	83	DoubleDown	DXC4B2P
2025-01-03 21:41:00	126	DoubleUp	DXC4B2P
2025-01-03 21:48:00	145	DoubleUp	DXC4B2P
2025-01-03 21:57:00	150	DoubleUp	DXC4B2P
2025-01-03 22:06:00	111	DoubleDown	DXC4B2P
2025-01-03 22:15:00	105	DoubleDown	DXC4B2P
2025-01-03 22:23:00	130	DoubleUp	DXC4B2P
2025-01-03 22:31:00	227	DoubleUp	DXC4B2P
2025-01-03 22:39:00	175	DoubleDown	DXC4B2P
2025-01-03 22:46:00	258	DoubleUp	DXC4B2P
2025-01-03 22:56:00	186	DoubleDown	DXC4B2P
2025-01-03 23:05:00	190	DoubleUp	DXC4B2P
2025-01-03 23:12:00	79	DoubleDown	DXC4B2P
2025-01-03 23:22:00	180	DoubleUp	DXC4B2P
2025-01-03 23:30:00	169	DoubleDown	DXC4B2P
2025-01-03 23:39:00	110	DoubleDown	DXC4B2P
2025-01-03 23:49:00	94	DoubleDown	DXC4B2P
2025-01-03 23:56:00	149	DoubleUp	DXC4B2P
2025-01-04 00:06:00	172	DoubleUp	DXC4B2P
2025-01-04 00:16:00	144	DoubleDown	DXC4B2P
2025-01-04 00:23:00	152	DoubleUp	DXC4B2P
2025-01-04 00:31:00	132	DoubleDown	DXC4B2P
2025-01-04 00:38:00	167	DoubleUp	DXC4B2P
2025-01-04 00:46:00	156	DoubleDown	DXC4B2P
2025-01-04 00:53:00	164	DoubleUp	DXC4B2P
2025-01-04 01:00:00	148	DoubleDown	DXC4B2P
2025-01-04 01:08:00	179	DoubleUp	DXC4B2P
2025-01-04 01:15:00	156	DoubleDown	DXC4B2P
2025-01-04 01:24:00	188	DoubleUp	DXC4B2P
2025-01-04 01:33:00	95	DoubleDown	DXC4B2P
2025-01-04 01:42:00	258	DoubleUp	DXC4B2P
2025-01-04 01:50:00	149	DoubleDown	DXC4B2P
2025-01-04 02:00:00	108	DoubleDown	DXC4B2P
2025-01-04 02:08:00	86	DoubleDown	DXC4B2P
2025-01-04 02:16:00	118	DoubleUp	DXC4B2P
2025-01-04 02:24:00	103	DoubleDown	DXC4B2P
2025-01-04 02:31:00	124	DoubleUp	DXC4B2P
2025-01-04 02:38:00	271	DoubleUp	DXC4B2P
2025-01-04 02:45:00	154	DoubleDown	DXC4B2P
2025-01-04 02:52:00	279	DoubleUp	DXC4B2P
2025-01-04 03:00:00	144	DoubleDown	DXC4B2P
2025-01-04 03:07:00	53	DoubleDown	DXC4B2P
2025-01-04 03:15:00	111	DoubleUp	DXC4B2P
2025-01-04 03:24:00	155	DoubleUp	DXC4B2P
2025-01-04 03:31:00	103	DoubleDown	DXC4B2P
2025-01-04 03:41:00	162	DoubleUp	DXC4B2P
2025-01-04 03:50:00	241	DoubleUp	DXC4B2P
2025-01-04 04:00:00	134	DoubleDown	DXC4B2P
2025-01-04 04:09:00	278	DoubleUp	DXC4B2P
2025-01-04 04:19:00	151	DoubleDown	DXC4B2P
2025-01-04 04:29:00	78	DoubleDown	DXC4B2P
2025-01-04 04:36:00	107	DoubleUp	DXC4B2P
2025-01-04 04:45:00	143	DoubleUp	DXC4B2P
2025-01-04 04:53:00	200	DoubleUp	DXC4B2P
2025-01-04 05:01:00	158	DoubleDown	DXC4B2P
2025-01-04 05:10:00	240	DoubleUp	DXC4B2P
2025-01-04 05:17:00	231	DoubleDown	DXC4B2P
2025-01-04 05:24:00	118	DoubleDown	DXC4B2P
2025-01-04 05:31:00	112	DoubleDown	DXC4B2P
2025-01-04 05:40:00	151	DoubleUp	DXC4B2P
2025-01-04 05:49:00	220	DoubleUp	DXC4B2P
2025-01-04 05:58:00	73	DoubleDown	DXC4B2P
2025-01-04 06:06:00	125	DoubleUp	DXC4B2P
2025-01-04 06:15:00	126	Flat	DXC4B2P
2025-01-04 06:23:00	166	DoubleUp	DXC4B2P
2025-01-04 06:30:00	109	DoubleDown	DXC4B2P
2025-01-04 06:37:00	158	DoubleUp	DXC4B2P
2025-01-04 06:46:00	168	DoubleUp	DXC4B2P
2025-01-04 06:54:00	130	DoubleDown	DXC4B2P
2025-01-04 07:02:00	151	DoubleUp	DXC4B2P
2025-01-04 07:10:00	198	DoubleUp	DXC4B2P
2025-01-04 07:19:00	117	DoubleDown	DXC4B2P
2025-01-04 07:29:00	137	DoubleUp	DXC4B2P
2025-01-04 07:36:00	76	DoubleDown	DXC4B2P
2025-01-04 07:44:00	151	DoubleUp	DXC4B2P
2025-01-04 07:51:00	98	DoubleDown	DXC4B2P
2025-01-04 07:59:00	68	DoubleDown	DXC4B2P
2025-01-04 08:07:00	281	DoubleUp	DXC4B2P
2025-01-04 08:15:00	113	DoubleDown	DXC4B2P
2025-01-04 08:22:00	84	DoubleDown	DXC4B2P
2025-01-04 08:29:00	163	DoubleUp	DXC4B2P
2025-01-04 08:39:00	129	DoubleDown	DXC4B2P
2025-01-04 08:46:00	43	DoubleDown	DXC4B2P
2025-01-04 08:54:00	159	DoubleUp	DXC4B2P
2025-01-04 09:03:00	100	DoubleDown	DXC4B2P
2025-01-04 09:10:00	284	DoubleUp	DXC4B2P
2025-01-04 09:18:00	124	DoubleDown	DXC4B2P
2025-01-04 09:27:00	247	DoubleUp	DXC4B2P
2025-01-04 09:34:00	114	DoubleDown	DXC4B2P
2025-01-04 09:42:00	156	DoubleUp	DXC4B2P
2025-01-04 09:52:00	164	DoubleUp	DXC4B2P
2025-01-04 09:59:00	266	DoubleUp	DXC4B2P
2025-01-04 10:08:00	116	DoubleDown	DXC4B2P
2025-01-04 10:17:00	89	DoubleDown	DXC4B2P
2025-01-04 10:24:00	231	DoubleUp	DXC4B2P
2025-01-04 10:33:00	203	DoubleDown	DXC4B2P
2025-01-04 10:43:00	133	DoubleDown	DXC4B2P
2025-01-04 10:53:00	71	DoubleDown	DXC4B2P
2025-01-04 11:02:00	200	DoubleUp	DXC4B2P
2025-01-04 11:12:00	89	DoubleDown	DXC4B2P
2025-01-04 11:19:00	139	DoubleUp	DXC4B2P
2025-01-04 11:28:00	82	DoubleDown	DXC4B2P
2025-01-04 11:38:00	221	DoubleUp	DXC4B2P
2025-01-04 11:47:00	211	DoubleDown	DXC4B2P
2025-01-04 11:55:00	87	DoubleDown	DXC4B2P
2025-01-04 12:03:00	276	DoubleUp	DXC4B2P
2025-01-04 12:11:00	168	DoubleDown	DXC4B2P
2025-01-04 12:20:00	87	DoubleDown	DXC4B2P
2025-01-04 12:27:00	123	DoubleUp	DXC4B2P
2025-01-04 12:34:00	183	DoubleUp	DXC4B2P
2025-01-04 12:44:00	183	Flat	DXC4B2P
2025-01-04 12:53:00	206	DoubleUp	DXC4B2P
2025-01-04 13:01:00	222	DoubleUp	DXC4B2P
2025-01-04 13:08:00	79	DoubleDown	DXC4B2P
2025-01-04 13:17:00	155	DoubleUp	DXC4B2P
2025-01-04 13:27:00	119	DoubleDown	DXC4B2P
2025-01-04 13:34:00	108	DoubleDown	DXC4B2P
2025-01-04 13:41:00	296	DoubleUp	DXC4B2P
2025-01-04 13:49:00	102	DoubleDown	DXC4B2P
2025-01-04 13:58:00	272	DoubleUp	DXC4B2P
2025-01-04 14:07:00	115	DoubleDown	DXC4B2P
2025-01-04 14:17:00	178	DoubleUp	DXC4B2P
2025-01-04 14:24:00	287	DoubleUp	DXC4B2P
2025-01-04 14:33:00	127	DoubleDown	DXC4B2P
2025-01-04 14:43:00	133	DoubleUp	DXC4B2P
2025-01-04 14:50:00	126	DoubleDown	DXC4B2P
2025-01-04 14:58:00	214	DoubleUp	DXC4B2P
2025-01-04 15:06:00	179	DoubleDown	DXC4B2P
2025-01-04 15:16:00	132	DoubleDown	DXC4B2P
2025-01-04 15:25:00	120	DoubleDown	DXC4B2P
2025-01-04 15:32:00	119	Flat	DXC4B2P
2025-01-04 15:41:00	155	DoubleUp	DXC4B2P
2025-01-04 15:50:00	140	DoubleDown	DXC4B2P
2025-01-04 16:00:00	256	DoubleUp	DXC4B2P
2025-01-04 16:07:00	153	DoubleDown	DXC4B2P
2025-01-04 16:16:00	108	DoubleDown	DXC4B2P
2025-01-04 16:24:00	100	DoubleDown	DXC4B2P
2025-01-04 16:32:00	93	DoubleDown	DXC4B2P
2025-01-04 16:39:00	115	DoubleUp	DXC4B2P
2025-01-04 16:47:00	210	DoubleUp	DXC4B2P
2025-01-04 16:54:00	187	DoubleDown	DXC4B2P
2025-01-04 17:04:00	158	DoubleDown	DXC4B2P
2025-01-04 17:12:00	138	DoubleDown	DXC4B2P
2025-01-04 17:21:00	79	DoubleDown	DXC4B2P
2025-01-04 17:28:00	57	DoubleDown	DXC4B2P
2025-01-04 17:36:00	144	DoubleUp	DXC4B2P
2025-01-04 17:46:00	220	DoubleUp	DXC4B2P
2025-01-04 17:56:00	158	DoubleDown	DXC4B2P
2025-01-04 18:03:00	243	DoubleUp	DXC4B2P
2025-01-04 18:11:00	160	DoubleDown	DXC4B2P
2025-01-04 18:21:00	83	DoubleDown	DXC4B2P
2025-01-04 18:30:00	189	DoubleUp	DXC4B2P
2025-01-04 18:37:00	200	DoubleUp	DXC4B2P
2025-01-04 18:46:00	80	DoubleDown	DXC4B2P
2025-01-04 18:55:00	145	DoubleUp	DXC4B2P
2025-01-04 19:04:00	217	DoubleUp	DXC4B2P
2025-01-04 19:11:00	190	DoubleDown	DXC4B2P
2025-01-04 19:21:00	126	DoubleDown	DXC4B2P
2025-01-04 19:31:00	158	DoubleUp	DXC4B2P
2025-01-04 19:40:00	178	DoubleUp	DXC4B2P
2025-01-04 19:50:00	229	DoubleUp	DXC4B2P
2025-01-04 20:00:00	203	DoubleDown	DXC4B2P
2025-01-04 20:08:00	182	DoubleDown	DXC4B2P
2025-01-04 20:18:00	285	DoubleUp	DXC4B2P
2025-01-04 20:25:00	247	DoubleDown	DXC4B2P
2025-01-04 20:35:00	177	DoubleDown	DXC4B2P
2025-01-04 20:45:00	168	DoubleDown	DXC4B2P
2025-01-04 20:52:00	50	DoubleDown	DXC4B2P
2025-01-04 21:01:00	82	DoubleUp	DXC4B2P
2025-01-04 21:11:00	128	DoubleUp	DXC4B2P
2025-01-04 21:20:00	179	DoubleUp	DXC4B2P
2025-01-04 21:29:00	219	DoubleUp	DXC4B2P
2025-01-04 21:38:00	122	DoubleDown	DXC4B2P
2025-01-04 21:45:00	159	DoubleUp	DXC4B2P
2025-01-04 21:52:00	201	DoubleUp	DXC4B2P
2025-01-04 22:00:00	101	DoubleDown	DXC4B2P
2025-01-04 22:10:00	185	DoubleUp	DXC4B2P
2025-01-04 22:19:00	108	DoubleDown	DXC4B2P
2025-01-04 22:29:00	277	DoubleUp	DXC4B2P
2025-01-04 22:38:00	263	DoubleDown	DXC4B2P
2025-01-04 22:46:00	186	DoubleDown	DXC4B2P
2025-01-04 22:56:00	246	DoubleUp	DXC4B2P
2025-01-04 23:03:00	121	DoubleDown	DXC4B2P
2025-01-04 23:10:00	177	DoubleUp	DXC4B2P
2025-01-04 23:17:00	172	DoubleDown	DXC4B2P
2025-01-04 23:27:00	107	DoubleDown	DXC4B2P
2025-01-04 23:35:00	115	DoubleUp	DXC4B2P
2025-01-04 23:45:00	101	DoubleDown	DXC4B2P
2025-01-04 23:54:00	288	DoubleUp	DXC4B2P
2025-01-05 00:03:00	137	DoubleDown	DXC4B2P
2025-01-05 00:10:00	179	DoubleUp	DXC4B2P
2025-01-05 00:17:00	83	DoubleDown	DXC4B2P
2025-01-05 00:26:00	129	DoubleUp	DXC4B2P
2025-01-05 00:35:00	244	DoubleUp	DXC4B2P
2025-01-05 00:44:00	80	DoubleDown	DXC4B2P
2025-01-05 00:52:00	179	DoubleUp	DXC4B2P
2025-01-05 01:01:00	178	Flat	DXC4B2P
2025-01-05 01:08:00	146	DoubleDown	DXC4B2P
2025-01-05 01:15:00	133	DoubleDown	DXC4B2P
2025-01-05 01:22:00	137	DoubleUp	DXC4B2P
2025-01-05 01:30:00	146	DoubleUp	DXC4B2P
2025-01-05 01:40:00	169	DoubleUp	DXC4B2P
2025-01-05 01:50:00	122	DoubleDown	DXC4B2P
2025-01-05 02:00:00	133	DoubleUp	DXC4B2P
2025-01-05 02:07:00	109	DoubleDown	DXC4B2P
2025-01-05 02:14:00	79	DoubleDown	DXC4B2P
2025-01-05 02:22:00	118	DoubleUp	DXC4B2P
2025-01-05 02:30:00	263	DoubleUp	DXC4B2P
2025-01-05 02:39:00	234	DoubleDown	DXC4B2P
2025-01-05 02:46:00	108	DoubleDown	DXC4B2P
2025-01-05 02:54:00	60	DoubleDown	DXC4B2P
2025-01-05 03:03:00	125	DoubleUp	DXC4B2P
2025-01-05 03:13:00	130	DoubleUp	DXC4B2P
2025-01-05 03:20:00	112	DoubleDown	DXC4B2P
2025-01-05 03:30:00	248	DoubleUp	DXC4B2P
2025-01-05 03:40:00	194	DoubleDown	DXC4B2P
2025-01-05 03:50:00	156	DoubleDown	DXC4B2P
2025-01-05 04:00:00	171	DoubleUp	DXC4B2P
2025-01-05 04:07:00	230	DoubleUp	DXC4B2P
2025-01-05 04:17:00	73	DoubleDown	DXC4B2P
2025-01-05 04:24:00	166	DoubleUp	DXC4B2P
2025-01-05 04:31:00	131	DoubleDown	DXC4B2P
2025-01-05 04:40:00	176	DoubleUp	DXC4B2P
2025-01-05 04:47:00	167	DoubleDown	DXC4B2P
2025-01-05 04:55:00	211	DoubleUp	DXC4B2P
2025-01-05 05:02:00	167	DoubleDown	DXC4B2P
2025-01-05 05:12:00	111	DoubleDown	DXC4B2P
2025-01-05 05:19:00	72	DoubleDown	DXC4B2P
2025-01-05 05:27:00	149	DoubleUp	DXC4B2P
2025-01-05 05:35:00	153	DoubleUp	DXC4B2P
2025-01-05 05:43:00	87	DoubleDown	DXC4B2P
2025-01-05 05:52:00	78	DoubleDown	DXC4B2P
2025-01-05 05:59:00	122	DoubleUp	DXC4B2P
2025-01-05 06:08:00	123	Flat	DXC4B2P
2025-01-05 06:18:00	152	DoubleUp	DXC4B2P
2025-01-05 06:28:00	153	Flat	DXC4B2P
2025-01-05 06:38:00	166	DoubleUp	DXC4B2P
2025-01-05 06:48:00	172	DoubleUp	DXC4B2P
2025-01-05 06:58:00	72	DoubleDown	DXC4B2P
2025-01-05 07:05:00	118	DoubleUp	DXC4B2P
2025-01-05 07:14:00	161	DoubleUp	DXC4B2P
2025-01-05 07:22:00	103	DoubleDown	DXC4B2P
2025-01-05 07:30:00	129	DoubleUp	DXC4B2P
2025-01-05 07:39:00	235	DoubleUp	DXC4B2P
2025-01-05 07:49:00	204	DoubleDown	DXC4B2P
2025-01-05 07:57:00	76	DoubleDown	DXC4B2P
2025-01-05 08:07:00	152	DoubleUp	DXC4B2P
2025-01-05 08:14:00	99	DoubleDown	DXC4B2P
2025-01-05 08:21:00	122	DoubleUp	DXC4B2P
2025-01-05 08:30:00	82	DoubleDown	DXC4B2P
2025-01-05 08:39:00	175	DoubleUp	DXC4B2P
2025-01-05 08:47:00	66	DoubleDown	DXC4B2P
2025-01-05 08:55:00	154	DoubleUp	DXC4B2P
2025-01-05 09:04:00	155	Flat	DXC4B2P
2025-01-05 09:12:00	140	DoubleDown	DXC4B2P
2025-01-05 09:21:00	225	DoubleUp	DXC4B2P
2025-01-05 09:30:00	292	DoubleUp	DXC4B2P
2025-01-05 09:37:00	60	DoubleDown	DXC4B2P
2025-01-05 09:45:00	162	DoubleUp	DXC4B2P
2025-01-05 09:53:00	261	DoubleUp	DXC4B2P
2025-01-05 10:03:00	285	DoubleUp	DXC4B2P
2025-01-05 10:13:00	152	DoubleDown	DXC4B2P
2025-01-05 10:22:00	177	DoubleUp	DXC4B2P
2025-01-05 10:32:00	104	DoubleDown	DXC4B2P
2025-01-05 10:41:00	215	DoubleUp	DXC4B2P
2025-01-05 10:51:00	96	DoubleDown	DXC4B2P
2025-01-05 10:59:00	279	DoubleUp	DXC4B2P
2025-01-05 11:06:00	264	DoubleDown	DXC4B2P
2025-01-05 11:16:00	82	DoubleDown	DXC4B2P
2025-01-05 11:24:00	132	DoubleUp	DXC4B2P
2025-01-05 11:31:00	118	DoubleDown	DXC4B2P
2025-01-05 11:40:00	137	DoubleUp	DXC4B2P
2025-01-05 11:48:00	77	DoubleDown	DXC4B2P
2025-01-05 11:55:00	257	DoubleUp	DXC4B2P
2025-01-05 12:02:00	71	DoubleDown	DXC4B2P
2025-01-05 12:12:00	142	DoubleUp	DXC4B2P
2025-01-05 12:19:00	173	DoubleUp	DXC4B2P
2025-01-05 12:28:00	80	DoubleDown	DXC4B2P
2025-01-05 12:37:00	151	DoubleUp	DXC4B2P
2025-01-05 12:44:00	162	DoubleUp	DXC4B2P
2025-01-05 12:52:00	189	DoubleUp	DXC4B2P
2025-01-05 13:02:00	149	DoubleDown	DXC4B2P
2025-01-05 13:11:00	98	DoubleDown	DXC4B2P
2025-01-05 13:20:00	267	DoubleUp	DXC4B2P
2025-01-05 13:28:00	100	DoubleDown	DXC4B2P
2025-01-05 13:37:00	98	SingleDown	DXC4B2P
2025-01-05 13:45:00	108	DoubleUp	DXC4B2P
2025-01-05 13:53:00	109	Flat	DXC4B2P
2025-01-05 14:03:00	82	DoubleDown	DXC4B2P
2025-01-05 14:11:00	108	DoubleUp	DXC4B2P
2025-01-05 14:18:00	178	DoubleUp	DXC4B2P
2025-01-05 14:28:00	151	DoubleDown	DXC4B2P
2025-01-05 14:36:00	107	DoubleDown	DXC4B2P
2025-01-05 14:46:00	131	DoubleUp	DXC4B2P
2025-01-05 14:55:00	233	DoubleUp	DXC4B2P
2025-01-05 15:05:00	224	DoubleDown	DXC4B2P
2025-01-05 15:12:00	105	DoubleDown	DXC4B2P
2025-01-05 15:19:00	161	DoubleUp	DXC4B2P
2025-01-05 15:28:00	174	DoubleUp	DXC4B2P
2025-01-05 15:35:00	268	DoubleUp	DXC4B2P
2025-01-05 15:45:00	222	DoubleDown	DXC4B2P
2025-01-05 15:54:00	76	DoubleDown	DXC4B2P
2025-01-05 16:03:00	259	DoubleUp	DXC4B2P
2025-01-05 16:11:00	123	DoubleDown	DXC4B2P
2025-01-05 16:18:00	267	DoubleUp	DXC4B2P
2025-01-05 16:28:00	113	DoubleDown	DXC4B2P
2025-01-05 16:36:00	139	DoubleUp	DXC4B2P
2025-01-05 16:44:00	115	DoubleDown	DXC4B2P
2025-01-05 16:53:00	121	DoubleUp	DXC4B2P
2025-01-05 17:01:00	188	DoubleUp	DXC4B2P
2025-01-05 17:11:00	143	DoubleDown	DXC4B2P
2025-01-05 17:20:00	109	DoubleDown	DXC4B2P
2025-01-05 17:28:00	112	SingleUp	DXC4B2P
2025-01-05 17:37:00	152	DoubleUp	DXC4B2P
2025-01-05 17:47:00	88	DoubleDown	DXC4B2P
2025-01-05 17:55:00	200	DoubleUp	DXC4B2P
2025-01-05 18:04:00	239	DoubleUp	DXC4B2P
2025-01-05 18:14:00	158	DoubleDown	DXC4B2P
2025-01-05 18:24:00	66	DoubleDown	DXC4B2P
2025-01-05 18:33:00	243	DoubleUp	DXC4B2P
2025-01-05 18:43:00	170	DoubleDown	DXC4B2P
2025-01-05 18:52:00	126	DoubleDown	DXC4B2P
2025-01-05 18:59:00	281	DoubleUp	DXC4B2P
2025-01-05 19:08:00	153	DoubleDown	DXC4B2P
2025-01-05 19:17:00	120	DoubleDown	DXC4B2P
2025-01-05 19:25:00	82	DoubleDown	DXC4B2P
2025-01-05 19:35:00	112	DoubleUp	DXC4B2P
2025-01-05 19:43:00	219	DoubleUp	DXC4B2P
2025-01-05 19:53:00	138	DoubleDown	DXC4B2P
2025-01-05 20:00:00	217	DoubleUp	DXC4B2P
2025-01-05 20:10:00	170	DoubleDown	DXC4B2P
2025-01-05 20:18:00	160	DoubleDown	DXC4B2P
2025-01-05 20:25:00	145	DoubleDown	DXC4B2P
2025-01-05 20:35:00	278	DoubleUp	DXC4B2P
2025-01-05 20:44:00	102	DoubleDown	DXC4B2P
2025-01-05 20:54:00	87	DoubleDown	DXC4B2P
2025-01-05 21:03:00	97	DoubleUp	DXC4B2P
2025-01-05 21:11:00	203	DoubleUp	DXC4B2P
2025-01-05 21:18:00	202	Flat	DXC4B2P
2025-01-05 21:27:00	165	DoubleDown	DXC4B2P
2025-01-05 21:35:00	169	DoubleUp	DXC4B2P
2025-01-05 21:45:00	147	DoubleDown	DXC4B2P
2025-01-05 21:55:00	91	DoubleDown	DXC4B2P
2025-01-05 22:02:00	161	DoubleUp	DXC4B2P
2025-01-05 22:12:00	125	DoubleDown	DXC4B2P
2025-01-05 22:19:00	190	DoubleUp	DXC4B2P
2025-01-05 22:29:00	87	DoubleDown	DXC4B2P
2025-01-05 22:36:00	200	DoubleUp	DXC4B2P
2025-01-05 22:44:00	253	DoubleUp	DXC4B2P
2025-01-05 22:52:00	64	DoubleDown	DXC4B2P
2025-01-05 23:00:00	117	DoubleUp	DXC4B2P
2025-01-05 23:10:00	262	DoubleUp	DXC4B2P
2025-01-05 23:18:00	119	DoubleDown	DXC4B2P
2025-01-05 23:28:00	160	DoubleUp	DXC4B2P
2025-01-05 23:38:00	164	DoubleUp	DXC4B2P
2025-01-05 23:47:00	263	DoubleUp	DXC4B2P
2025-01-05 23:55:00	107	DoubleDown	DXC4B2P
2025-01-06 00:04:00	144	DoubleUp	DXC4B2P
2025-01-06 00:14:00	150	DoubleUp	DXC4B2P
2025-01-06 00:24:00	125	DoubleDown	DXC4B2P
2025-01-06 00:34:00	71	DoubleDown	DXC4B2P
2025-01-06 00:43:00	91	DoubleUp	DXC4B2P
2025-01-06 00:52:00	101	DoubleUp	DXC4B2P
2025-01-06 00:59:00	89	DoubleDown	DXC4B2P
2025-01-06 01:07:00	132	DoubleUp	DXC4B2P
2025-01-06 01:17:00	59	DoubleDown	DXC4B2P
2025-01-06 01:25:00	211	DoubleUp	DXC4B2P
2025-01-06 01:34:00	269	DoubleUp	DXC4B2P
2025-01-06 01:41:00	139	DoubleDown	DXC4B2P
2025-01-06 01:48:00	122	DoubleDown	DXC4B2P
2025-01-06 01:58:00	173	DoubleUp	DXC4B2P
2025-01-06 02:05:00	125	DoubleDown	DXC4B2P
2025-01-06 02:14:00	123	SingleDown	DXC4B2P
2025-01-06 02:24:00	108	DoubleDown	DXC4B2P
2025-01-06 02:32:00	81	DoubleDown	DXC4B2P
2025-01-06 02:41:00	253	DoubleUp	DXC4B2P
2025-01-06 02:51:00	77	DoubleDown	DXC4B2P
2025-01-06 03:01:00	67	DoubleDown	DXC4B2P
2025-01-06 03:11:00	286	DoubleUp	DXC4B2P
2025-01-06 03:18:00	232	DoubleDown	DXC4B2P
2025-01-06 03:25:00	97	DoubleDown	DXC4B2P
2025-01-06 03:33:00	111	DoubleUp	DXC4B2P
2025-01-06 03:43:00	106	DoubleDown	DXC4B2P
2025-01-06 03:51:00	216	DoubleUp	DXC4B2P
2025-01-06 04:01:00	232	DoubleUp	DXC4B2P
2025-01-06 04:09:00	164	DoubleDown	DXC4B2P
2025-01-06 04:19:00	293	DoubleUp	DXC4B2P
2025-01-06 04:26:00	169	DoubleDown	DXC4B2P
2025-01-06 04:35:00	111	DoubleDown	DXC4B2P
2025-01-06 04:42:00	129	DoubleUp	DXC4B2P
2025-01-06 04:50:00	149	DoubleUp	DXC4B2P
2025-01-06 05:00:00	118	DoubleDown	DXC4B2P
2025-01-06 05:09:00	258	DoubleUp	DXC4B2P
2025-01-06 05:18:00	227	DoubleDown	DXC4B2P
2025-01-06 05:26:00	89	DoubleDown	DXC4B2P
2025-01-06 05:34:00	76	DoubleDown	DXC4B2P
2025-01-06 05:43:00	173	DoubleUp	DXC4B2P
2025-01-06 05:52:00	93	DoubleDown	DXC4B2P
2025-01-06 06:01:00	182	DoubleUp	DXC4B2P
2025-01-06 06:10:00	99	DoubleDown	DXC4B2P
2025-01-06 06:18:00	178	DoubleUp	DXC4B2P
2025-01-06 06:26:00	263	DoubleUp	DXC4B2P
2025-01-06 06:33:00	165	DoubleDown	DXC4B2P
2025-01-06 06:40:00	150	DoubleDown	DXC4B2P
2025-01-06 06:47:00	218	DoubleUp	DXC4B2P
2025-01-06 06:57:00	158	DoubleDown	DXC4B2P
2025-01-06 07:06:00	247	DoubleUp	DXC4B2P
2025-01-06 07:15:00	136	DoubleDown	DXC4B2P
2025-01-06 07:25:00	83	DoubleDown	DXC4B2P
2025-01-06 07:35:00	87	DoubleUp	DXC4B2P
2025-01-06 07:42:00	120	DoubleUp	DXC4B2P
2025-01-06 07:49:00	168	DoubleUp	DXC4B2P
2025-01-06 07:59:00	133	DoubleDown	DXC4B2P
2025-01-06 08:09:00	226	DoubleUp	DXC4B2P
2025-01-06 08:19:00	230	DoubleUp	DXC4B2P
2025-01-06 08:28:00	217	DoubleDown	DXC4B2P
2025-01-06 08:37:00	76	DoubleDown	DXC4B2P
2025-01-06 08:45:00	159	DoubleUp	DXC4B2P
2025-01-06 08:54:00	142	DoubleDown	DXC4B2P
2025-01-06 09:01:00	89	DoubleDown	DXC4B2P
2025-01-06 09:08:00	62	DoubleDown	DXC4B2P
2025-01-06 09:16:00	68	DoubleUp	DXC4B2P
2025-01-06 09:23:00	175	DoubleUp	DXC4B2P
2025-01-06 09:33:00	168	DoubleDown	DXC4B2P
2025-01-06 09:43:00	177	DoubleUp	DXC4B2P
2025-01-06 09:53:00	256	DoubleUp	DXC4B2P
2025-01-06 10:03:00	172	DoubleDown	DXC4B2P
2025-01-06 10:11:00	108	DoubleDown	DXC4B2P
2025-01-06 10:21:00	144	DoubleUp	DXC4B2P
2025-01-06 10:30:00	235	DoubleUp	DXC4B2P
2025-01-06 10:39:00	79	DoubleDown	DXC4B2P
2025-01-06 10:49:00	219	DoubleUp	DXC4B2P
2025-01-06 10:58:00	133	DoubleDown	DXC4B2P
2025-01-06 11:05:00	136	SingleUp	DXC4B2P
2025-01-06 11:14:00	128	DoubleDown	DXC4B2P
2025-01-06 11:24:00	122	DoubleDown	DXC4B2P
2025-01-06 11:31:00	74	DoubleDown	DXC4B2P
2025-01-06 11:38:00	162	DoubleUp	DXC4B2P
2025-01-06 11:47:00	41	DoubleDown	DXC4B2P
2025-01-06 11:57:00	189	DoubleUp	DXC4B2P
2025-01-06 12:04:00	203	DoubleUp	DXC4B2P
2025-01-06 12:13:00	76	DoubleDown	DXC4B2P
2025-01-06 12:23:00	91	DoubleUp	DXC4B2P
2025-01-06 12:32:00	172	DoubleUp	DXC4B2P
2025-01-06 12:41:00	209	DoubleUp	DXC4B2P
2025-01-06 12:49:00	122	DoubleDown	DXC4B2P
2025-01-06 12:57:00	178	DoubleUp	DXC4B2P
2025-01-06 13:07:00	96	DoubleDown	DXC4B2P
2025-01-06 13:15:00	209	DoubleUp	DXC4B2P
2025-01-06 13:24:00	183	DoubleDown	DXC4B2P
2025-01-06 13:34:00	170	DoubleDown	DXC4B2P
2025-01-06 13:43:00	74	DoubleDown	DXC4B2P
2025-01-06 13:51:00	86	DoubleUp	DXC4B2P
2025-01-06 13:58:00	132	DoubleUp	DXC4B2P
2025-01-06 14:07:00	178	DoubleUp	DXC4B2P
2025-01-06 14:15:00	114	DoubleDown	DXC4B2P
2025-01-06 14:25:00	83	DoubleDown	DXC4B2P
2025-01-06 14:33:00	119	DoubleUp	DXC4B2P
2025-01-06 14:41:00	169	DoubleUp	DXC4B2P
2025-01-06 14:49:00	70	DoubleDown	DXC4B2P
2025-01-06 14:57:00	78	DoubleUp	DXC4B2P
2025-01-06 15:07:00	156	DoubleUp	DXC4B2P
2025-01-06 15:14:00	95	DoubleDown	DXC4B2P
2025-01-06 15:21:00	205	DoubleUp	DXC4B2P
2025-01-06 15:30:00	140	DoubleDown	DXC4B2P
2025-01-06 15:38:00	209	DoubleUp	DXC4B2P
2025-01-06 15:47:00	116	DoubleDown	DXC4B2P
2025-01-06 15:55:00	96	DoubleDown	DXC4B2P
2025-01-06 16:04:00	105	DoubleUp	DXC4B2P
2025-01-06 16:14:00	75	DoubleDown	DXC4B2P
2025-01-06 16:21:00	115	DoubleUp	DXC4B2P
2025-01-06 16:29:00	97	DoubleDown	DXC4B2P
2025-01-06 16:39:00	158	DoubleUp	DXC4B2P
2025-01-06 16:48:00	214	DoubleUp	DXC4B2P
2025-01-06 16:58:00	54	DoubleDown	DXC4B2P
2025-01-06 17:06:00	258	DoubleUp	DXC4B2P
2025-01-06 17:15:00	221	DoubleDown	DXC4B2P
2025-01-06 17:25:00	227	DoubleUp	DXC4B2P
2025-01-06 17:34:00	219	DoubleDown	DXC4B2P
2025-01-06 17:42:00	180	DoubleDown	DXC4B2P
2025-01-06 17:50:00	209	DoubleUp	DXC4B2P
2025-01-06 17:58:00	220	DoubleUp	DXC4B2P
2025-01-06 18:08:00	176	DoubleDown	DXC4B2P
2025-01-06 18:15:00	93	DoubleDown	DXC4B2P
2025-01-06 18:23:00	173	DoubleUp	DXC4B2P
2025-01-06 18:32:00	228	DoubleUp	DXC4B2P
2025-01-06 18:42:00	94	DoubleDown	DXC4B2P
2025-01-06 18:52:00	261	DoubleUp	DXC4B2P
2025-01-06 18:59:00	131	DoubleDown	DXC4B2P
2025-01-06 19:08:00	161	DoubleUp	DXC4B2P
2025-01-06 19:17:00	134	DoubleDown	DXC4B2P
2025-01-06 19:27:00	279	DoubleUp	DXC4B2P
2025-01-06 19:35:00	157	DoubleDown	DXC4B2P
2025-01-06 19:44:00	169	DoubleUp	DXC4B2P
2025-01-06 19:54:00	80	DoubleDown	DXC4B2P
2025-01-06 20:01:00	177	DoubleUp	DXC4B2P
2025-01-06 20:09:00	44	DoubleDown	DXC4B2P
2025-01-06 20:18:00	165	DoubleUp	DXC4B2P
2025-01-06 20:26:00	240	DoubleUp	DXC4B2P
2025-01-06 20:36:00	214	DoubleDown	DXC4B2P
2025-01-06 20:44:00	123	DoubleDown	DXC4B2P
2025-01-06 20:54:00	160	DoubleUp	DXC4B2P
2025-01-06 21:02:00	54	DoubleDown	DXC4B2P
2025-01-06 21:12:00	107	DoubleUp	DXC4B2P
2025-01-06 21:20:00	106	Flat	DXC4B2P
2025-01-06 21:27:00	121	DoubleUp	DXC4B2P
2025-01-06 21:35:00	156	DoubleUp	DXC4B2P
2025-01-06 21:42:00	147	DoubleDown	DXC4B2P
2025-01-06 21:51:00	143	DoubleDown	DXC4B2P
2025-01-06 22:01:00	155	DoubleUp	DXC4B2P
2025-01-06 22:11:00	163	DoubleUp	DXC4B2P
2025-01-06 22:21:00	150	DoubleDown	DXC4B2P
2025-01-06 22:29:00	87	DoubleDown	DXC4B2P
2025-01-06 22:37:00	76	DoubleDown	DXC4B2P
2025-01-06 22:44:00	90	DoubleUp	DXC4B2P
2025-01-06 22:52:00	97	DoubleUp	DXC4B2P
2025-01-06 23:02:00	112	DoubleUp	DXC4B2P
2025-01-06 23:09:00	112	Flat	DXC4B2P
2025-01-06 23:17:00	266	DoubleUp	DXC4B2P
2025-01-06 23:26:00	76	DoubleDown	DXC4B2P
2025-01-06 23:35:00	140	DoubleUp	DXC4B2P
2025-01-06 23:45:00	93	DoubleDown	DXC4B2P
2025-01-06 23:52:00	108	DoubleUp	DXC4B2P
2025-01-07 00:01:00	126	DoubleUp	DXC4B2P
2025-01-07 00:10:00	287	DoubleUp	DXC4B2P
2025-01-07 00:19:00	85	DoubleDown	DXC4B2P
2025-01-07 00:27:00	127	DoubleUp	DXC4B2P
2025-01-07 00:34:00	135	DoubleUp	DXC4B2P
2025-01-07 00:44:00	155	DoubleUp	DXC4B2P
2025-01-07 00:53:00	276	DoubleUp	DXC4B2P
2025-01-07 01:03:00	118	DoubleDown	DXC4B2P
2025-01-07 01:12:00	233	DoubleUp	DXC4B2P
2025-01-07 01:19:00	93	DoubleDown	DXC4B2P
2025-01-07 01:28:00	156	DoubleUp	DXC4B2P
2025-01-07 01:35:00	159	SingleUp	DXC4B2P
2025-01-07 01:45:00	118	DoubleDown	DXC4B2P
2025-01-07 01:53:00	140	DoubleUp	DXC4B2P
2025-01-07 02:03:00	110	DoubleDown	DXC4B2P
2025-01-07 02:11:00	46	DoubleDown	DXC4B2P
2025-01-07 02:18:00	202	DoubleUp	DXC4B2P
2025-01-07 02:27:00	164	DoubleDown	DXC4B2P
2025-01-07 02:35:00	199	DoubleUp	DXC4B2P
2025-01-07 02:45:00	114	DoubleDown	DXC4B2P
2025-01-07 02:52:00	224	DoubleUp	DXC4B2P
2025-01-07 02:59:00	82	DoubleDown	DXC4B2P
2025-01-07 03:08:00	86	DoubleUp	DXC4B2P
2025-01-07 03:18:00	143	DoubleUp	DXC4B2P
2025-01-07 03:26:00	126	DoubleDown	DXC4B2P
2025-01-07 03:34:00	206	DoubleUp	DXC4B2P
2025-01-07 03:43:00	270	DoubleUp	DXC4B2P
2025-01-07 03:52:00	79	DoubleDown	DXC4B2P
2025-01-07 03:59:00	84	DoubleUp	DXC4B2P
2025-01-07 04:09:00	73	DoubleDown	DXC4B2P
2025-01-07 04:19:00	74	Flat	DXC4B2P
2025-01-07 04:29:00	223	DoubleUp	DXC4B2P
2025-01-07 04:37:00	279	DoubleUp	DXC4B2P
2025-01-07 04:45:00	79	DoubleDown	DXC4B2P
2025-01-07 04:54:00	141	DoubleUp	DXC4B2P
2025-01-07 05:02:00	132	DoubleDown	DXC4B2P
2025-01-07 05:10:00	115	DoubleDown	DXC4B2P
2025-01-07 05:17:00	170	DoubleUp	DXC4B2P
2025-01-07 05:24:00	172	SingleUp	DXC4B2P
2025-01-07 05:33:00	76	DoubleDown	DXC4B2P
2025-01-07 05:43:00	138	DoubleUp	DXC4B2P
2025-01-07 05:52:00	238	DoubleUp	DXC4B2P
2025-01-07 06:01:00	169	DoubleDown	DXC4B2P
2025-01-07 06:10:00	213	DoubleUp	DXC4B2P
2025-01-07 06:19:00	123	DoubleDown	DXC4B2P
2025-01-07 06:27:00	137	DoubleUp	DXC4B2P
2025-01-07 06:37:00	80	DoubleDown	DXC4B2P
2025-01-07 06:44:00	116	DoubleUp	DXC4B2P
2025-01-07 06:51:00	247	DoubleUp	DXC4B2P
2025-01-07 07:01:00	87	DoubleDown	DXC4B2P
2025-01-07 07:08:00	254	DoubleUp	DXC4B2P
2025-01-07 07:15:00	120	DoubleDown	DXC4B2P
2025-01-07 07:23:00	280	DoubleUp	DXC4B2P
2025-01-07 07:31:00	175	DoubleDown	DXC4B2P
2025-01-07 07:39:00	101	DoubleDown	DXC4B2P
2025-01-07 07:49:00	194	DoubleUp	DXC4B2P
2025-01-07 07:58:00	78	DoubleDown	DXC4B2P
2025-01-07 08:05:00	84	DoubleUp	DXC4B2P
2025-01-07 08:15:00	120	DoubleUp	DXC4B2P
2025-01-07 08:23:00	54	DoubleDown	DXC4B2P
2025-01-07 08:32:00	62	DoubleUp	DXC4B2P
2025-01-07 08:42:00	96	DoubleUp	DXC4B2P
2025-01-07 08:49:00	71	DoubleDown	DXC4B2P
2025-01-07 08:57:00	247	DoubleUp	DXC4B2P
2025-01-07 09:05:00	232	DoubleDown	DXC4B2P
2025-01-07 09:12:00	217	DoubleDown	DXC4B2P
2025-01-07 09:19:00	74	DoubleDown	DXC4B2P
2025-01-07 09:26:00	81	DoubleUp	DXC4B2P
2025-01-07 09:34:00	178	DoubleUp	DXC4B2P
2025-01-07 09:41:00	108	DoubleDown	DXC4B2P
2025-01-07 09:50:00	174	DoubleUp	DXC4B2P
2025-01-07 09:58:00	223	DoubleUp	DXC4B2P
2025-01-07 10:05:00	106	DoubleDown	DXC4B2P
2025-01-07 10:15:00	198	DoubleUp	DXC4B2P
2025-01-07 10:22:00	133	DoubleDown	DXC4B2P
2025-01-07 10:30:00	265	DoubleUp	DXC4B2P
2025-01-07 10:37:00	127	DoubleDown	DXC4B2P
2025-01-07 10:44:00	90	DoubleDown	DXC4B2P
2025-01-07 10:51:00	246	DoubleUp	DXC4B2P
2025-01-07 11:00:00	169	DoubleDown	DXC4B2P
2025-01-07 11:07:00	152	DoubleDown	DXC4B2P
2025-01-07 11:17:00	158	DoubleUp	DXC4B2P
2025-01-07 11:24:00	129	DoubleDown	DXC4B2P
2025-01-07 11:31:00	124	DoubleDown	DXC4B2P
2025-01-07 11:41:00	148	DoubleUp	DXC4B2P
2025-01-07 11:51:00	117	DoubleDown	DXC4B2P
2025-01-07 11:59:00	96	DoubleDown	DXC4B2P
2025-01-07 12:07:00	75	DoubleDown	DXC4B2P
2025-01-07 12:16:00	254	DoubleUp	DXC4B2P
2025-01-07 12:26:00	75	DoubleDown	DXC4B2P
2025-01-07 12:33:00	147	DoubleUp	DXC4B2P
2025-01-07 12:41:00	128	DoubleDown	DXC4B2P
2025-01-07 12:50:00	95	DoubleDown	DXC4B2P
2025-01-07 12:57:00	204	DoubleUp	DXC4B2P
2025-01-07 13:05:00	76	DoubleDown	DXC4B2P
2025-01-07 13:15:00	117	DoubleUp	DXC4B2P
2025-01-07 13:24:00	165	DoubleUp	DXC4B2P
2025-01-07 13:33:00	111	DoubleDown	DXC4B2P
2025-01-07 13:41:00	152	DoubleUp	DXC4B2P
2025-01-07 13:51:00	183	DoubleUp	DXC4B2P
2025-01-07 13:59:00	41	DoubleDown	DXC4B2P
2025-01-07 14:08:00	85	DoubleUp	DXC4B2P
2025-01-07 14:15:00	101	DoubleUp	DXC4B2P
2025-01-07 14:22:00	96	DoubleDown	DXC4B2P
2025-01-07 14:29:00	165	DoubleUp	DXC4B2P
2025-01-07 14:37:00	146	DoubleDown	DXC4B2P
2025-01-07 14:44:00	141	DoubleDown	DXC4B2P
2025-01-07 14:53:00	179	DoubleUp	DXC4B2P
2025-01-07 15:02:00	219	DoubleUp	DXC4B2P
2025-01-07 15:12:00	104	DoubleDown	DXC4B2P
2025-01-07 15:21:00	168	DoubleUp	DXC4B2P
2025-01-07 15:28:00	115	DoubleDown	DXC4B2P
2025-01-07 15:36:00	141	DoubleUp	DXC4B2P
2025-01-07 15:44:00	221	DoubleUp	DXC4B2P
2025-01-07 15:54:00	79	DoubleDown	DXC4B2P
2025-01-07 16:03:00	191	DoubleUp	DXC4B2P
2025-01-07 16:10:00	144	DoubleDown	DXC4B2P
2025-01-07 16:19:00	132	DoubleDown	DXC4B2P
2025-01-07 16:28:00	145	DoubleUp	DXC4B2P
2025-01-07 16:35:00	150	DoubleUp	DXC4B2P
2025-01-07 16:42:00	208	DoubleUp	DXC4B2P
2025-01-07 16:50:00	129	DoubleDown	DXC4B2P
2025-01-07 16:57:00	162	DoubleUp	DXC4B2P
2025-01-07 17:05:00	180	DoubleUp	DXC4B2P
2025-01-07 17:12:00	169	DoubleDown	DXC4B2P
2025-01-07 17:21:00	120	DoubleDown	DXC4B2P
2025-01-07 17:31:00	91	DoubleDown	DXC4B2P
2025-01-07 17:41:00	95	DoubleUp	DXC4B2P
2025-01-07 17:49:00	127	DoubleUp	DXC4B2P
2025-01-07 17:57:00	127	Flat	DXC4B2P
2025-01-07 18:06:00	83	DoubleDown	DXC4B2P
2025-01-07 18:16:00	117	DoubleUp	DXC4B2P
2025-01-07 18:23:00	112	DoubleDown	DXC4B2P
2025-01-07 18:31:00	126	DoubleUp	DXC4B2P
2025-01-07 18:38:00	175	DoubleUp	DXC4B2P
2025-01-07 18:46:00	169	DoubleDown	DXC4B2P
2025-01-07 18:55:00	204	DoubleUp	DXC4B2P
2025-01-07 19:04:00	108	DoubleDown	DXC4B2P
2025-01-07 19:14:00	79	DoubleDown	DXC4B2P
2025-01-07 19:24:00	151	DoubleUp	DXC4B2P
2025-01-07 19:33:00	161	DoubleUp	DXC4B2P
2025-01-07 19:42:00	184	DoubleUp	DXC4B2P
2025-01-07 19:52:00	194	DoubleUp	DXC4B2P
2025-01-07 20:01:00	119	DoubleDown	DXC4B2P
2025-01-07 20:09:00	41	DoubleDown	DXC4B2P
2025-01-07 20:17:00	163	DoubleUp	DXC4B2P
2025-01-07 20:25:00	235	DoubleUp	DXC4B2P
2025-01-07 20:34:00	269	DoubleUp	DXC4B2P
2025-01-07 20:44:00	110	DoubleDown	DXC4B2P
2025-01-07 20:53:00	109	Flat	DXC4B2P
2025-01-07 21:02:00	168	DoubleUp	DXC4B2P
2025-01-07 21:12:00	189	DoubleUp	DXC4B2P
2025-01-07 21:21:00	238	DoubleUp	DXC4B2P
2025-01-07 21:29:00	40	DoubleDown	DXC4B2P
2025-01-07 21:38:00	148	DoubleUp	DXC4B2P
2025-01-07 21:45:00	213	DoubleUp	DXC4B2P
2025-01-07 21:53:00	107	DoubleDown	DXC4B2P
2025-01-07 22:02:00	252	DoubleUp	DXC4B2P
2025-01-07 22:09:00	250	SingleDown	DXC4B2P
2025-01-07 22:18:00	199	DoubleDown	DXC4B2P
2025-01-07 22:25:00	94	DoubleDown	DXC4B2P
2025-01-07 22:33:00	269	DoubleUp	DXC4B2P
2025-01-07 22:40:00	91	DoubleDown	DXC4B2P
2025-01-07 22:48:00	132	DoubleUp	DXC4B2P
2025-01-07 22:58:00	290	DoubleUp	DXC4B2P
2025-01-07 23:07:00	152	DoubleDown	DXC4B2P
2025-01-07 23:14:00	123	DoubleDown	DXC4B2P
2025-01-07 23:23:00	158	DoubleUp	DXC4B2P
2025-01-07 23:30:00	273	DoubleUp	DXC4B2P
2025-01-07 23:40:00	133	DoubleDown	DXC4B2P
2025-01-07 23:49:00	226	DoubleUp	DXC4B2P
2025-01-07 23:58:00	70	DoubleDown	DXC4B2P
2025-01-08 00:05:00	186	DoubleUp	DXC4B2P
2025-01-08 00:14:00	193	DoubleUp	DXC4B2P
2025-01-08 00:22:00	257	DoubleUp	DXC4B2P
2025-01-08 00:32:00	171	DoubleDown	DXC4B2P
2025-01-08 00:40:00	192	DoubleUp	DXC4B2P
2025-01-08 00:47:00	209	DoubleUp	DXC4B2P
2025-01-08 00:56:00	120	DoubleDown	DXC4B2P
2025-01-08 01:03:00	192	DoubleUp	DXC4B2P
2025-01-08 01:11:00	216	DoubleUp	DXC4B2P
2025-01-08 01:20:00	225	DoubleUp	DXC4B2P
2025-01-08 01:28:00	98	DoubleDown	DXC4B2P
2025-01-08 01:38:00	217	DoubleUp	DXC4B2P
2025-01-08 01:45:00	128	DoubleDown	DXC4B2P
2025-01-08 01:52:00	143	DoubleUp	DXC4B2P
2025-01-08 02:01:00	178	DoubleUp	DXC4B2P
2025-01-08 02:08:00	108	DoubleDown	DXC4B2P
2025-01-08 02:16:00	180	DoubleUp	DXC4B2P
2025-01-08 02:23:00	171	DoubleDown	DXC4B2P
2025-01-08 02:32:00	174	SingleUp	DXC4B2P
2025-01-08 02:41:00	274	DoubleUp	DXC4B2P
2025-01-08 02:50:00	122	DoubleDown	DXC4B2P
2025-01-08 02:59:00	91	DoubleDown	DXC4B2P
2025-01-08 03:07:00	151	DoubleUp	DXC4B2P
2025-01-08 03:16:00	165	DoubleUp	DXC4B2P
2025-01-08 03:23:00	88	DoubleDown	DXC4B2P
2025-01-08 03:32:00	98	DoubleUp	DXC4B2P
2025-01-08 03:39:00	140	DoubleUp	DXC4B2P
2025-01-08 03:46:00	113	DoubleDown	DXC4B2P
2025-01-08 03:56:00	211	DoubleUp	DXC4B2P
2025-01-08 04:04:00	241	DoubleUp	DXC4B2P
2025-01-08 04:12:00	90	DoubleDown	DXC4B2P
2025-01-08 04:19:00	177	DoubleUp	DXC4B2P
2025-01-08 04:28:00	97	DoubleDown	DXC4B2P
2025-01-08 04:36:00	281	DoubleUp	DXC4B2P
2025-01-08 04:45:00	162	DoubleDown	DXC4B2P
2025-01-08 04:55:00	130	DoubleDown	DXC4B2P
2025-01-08 05:03:00	98	DoubleDown	DXC4B2P
2025-01-08 05:11:00	243	DoubleUp	DXC4B2P
2025-01-08 05:19:00	262	DoubleUp	DXC4B2P
2025-01-08 05:27:00	170	DoubleDown	DXC4B2P
2025-01-08 05:35:00	272	DoubleUp	DXC4B2P
2025-01-08 05:45:00	173	DoubleDown	DXC4B2P
2025-01-08 05:54:00	140	DoubleDown	DXC4B2P
2025-01-08 06:01:00	120	DoubleDown	DXC4B2P
2025-01-08 06:08:00	191	DoubleUp	DXC4B2P
2025-01-08 06:15:00	257	DoubleUp	DXC4B2P
2025-01-08 06:22:00	125	DoubleDown	DXC4B2P
2025-01-08 06:29:00	269	DoubleUp	DXC4B2P
2025-01-08 06:36:00	87	DoubleDown	DXC4B2P
2025-01-08 06:46:00	132	DoubleUp	DXC4B2P
2025-01-08 06:53:00	203	DoubleUp	DXC4B2P
2025-01-08 07:00:00	82	DoubleDown	DXC4B2P
2025-01-08 07:09:00	203	DoubleUp	DXC4B2P
2025-01-08 07:19:00	207	DoubleUp	DXC4B2P
2025-01-08 07:26:00	136	DoubleDown	DXC4B2P
2025-01-08 07:35:00	108	DoubleDown	DXC4B2P
2025-01-08 07:43:00	97	DoubleDown	DXC4B2P
2025-01-08 07:51:00	173	DoubleUp	DXC4B2P
2025-01-08 07:59:00	163	DoubleDown	DXC4B2P
2025-01-08 08:09:00	240	DoubleUp	DXC4B2P
2025-01-08 08:18:00	160	DoubleDown	DXC4B2P
2025-01-08 08:27:00	150	DoubleDown	DXC4B2P
2025-01-08 08:34:00	143	DoubleDown	DXC4B2P
2025-01-08 08:42:00	89	DoubleDown	DXC4B2P
2025-01-08 08:50:00	222	DoubleUp	DXC4B2P
2025-01-08 08:58:00	212	DoubleDown	DXC4B2P
2025-01-08 09:08:00	106	DoubleDown	DXC4B2P
2025-01-08 09:18:00	103	SingleDown	DXC4B2P
2025-01-08 09:26:00	126	DoubleUp	DXC4B2P
2025-01-08 09:33:00	97	DoubleDown	DXC4B2P
2025-01-08 09:41:00	97	Flat	DXC4B2P
2025-01-08 09:50:00	149	DoubleUp	DXC4B2P
2025-01-08 09:59:00	148	Flat	DXC4B2P
2025-01-08 10:06:00	83	DoubleDown	DXC4B2P
2025-01-08 10:15:00	241	DoubleUp	DXC4B2P
2025-01-08 10:25:00	239	SingleDown	DXC4B2P
2025-01-08 10:34:00	184	DoubleDown	DXC4B2P
2025-01-08 10:43:00	288	DoubleUp	DXC4B2P
2025-01-08 10:50:00	162	DoubleDown	DXC4B2P
2025-01-08 10:59:00	126	DoubleDown	DXC4B2P
2025-01-08 11:08:00	158	DoubleUp	DXC4B2P
2025-01-08 11:16:00	117	DoubleDown	DXC4B2P
2025-01-08 11:26:00	212	DoubleUp	DXC4B2P
2025-01-08 11:35:00	100	DoubleDown	DXC4B2P
2025-01-08 11:45:00	94	DoubleDown	DXC4B2P
2025-01-08 11:52:00	86	DoubleDown	DXC4B2P
2025-01-08 12:02:00	162	DoubleUp	DXC4B2P
2025-01-08 12:12:00	95	DoubleDown	DXC4B2P
2025-01-08 12:22:00	204	DoubleUp	DXC4B2P
2025-01-08 12:29:00	227	DoubleUp	DXC4B2P
2025-01-08 12:39:00	256	DoubleUp	DXC4B2P
2025-01-08 12:49:00	70	DoubleDown	DXC4B2P
2025-01-08 12:57:00	72	SingleUp	DXC4B2P
2025-01-08 13:04:00	128	DoubleUp	DXC4B2P
2025-01-08 13:12:00	144	DoubleUp	DXC4B2P
2025-01-08 13:21:00	106	DoubleDown	DXC4B2P
2025-01-08 13:31:00	162	DoubleUp	DXC4B2P
2025-01-08 13:41:00	76	DoubleDown	DXC4B2P
2025-01-08 13:49:00	194	DoubleUp	DXC4B2P
2025-01-08 13:56:00	172	DoubleDown	DXC4B2P
2025-01-08 14:04:00	174	SingleUp	DXC4B2P
2025-01-08 14:11:00	167	DoubleDown	DXC4B2P
2025-01-08 14:18:00	109	DoubleDown	DXC4B2P
2025-01-08 14:28:00	222	DoubleUp	DXC4B2P
2025-01-08 14:37:00	117	DoubleDown	DXC4B2P
2025-01-08 14:46:00	227	DoubleUp	DXC4B2P
2025-01-08 14:54:00	94	DoubleDown	DXC4B2P
2025-01-08 15:04:00	102	DoubleUp	DXC4B2P
2025-01-08 15:11:00	158	DoubleUp	DXC4B2P
2025-01-08 15:19:00	147	DoubleDown	DXC4B2P
2025-01-08 15:27:00	188	DoubleUp	DXC4B2P
2025-01-08 15:37:00	75	DoubleDown	DXC4B2P
2025-01-08 15:44:00	238	DoubleUp	DXC4B2P
2025-01-08 15:52:00	126	DoubleDown	DXC4B2P
2025-01-08 15:59:00	138	DoubleUp	DXC4B2P
2025-01-08 16:06:00	158	DoubleUp	DXC4B2P
2025-01-08 16:15:00	131	DoubleDown	DXC4B2P
2025-01-08 16:22:00	168	DoubleUp	DXC4B2P
2025-01-08 16:29:00	115	DoubleDown	DXC4B2P
2025-01-08 16:36:00	165	DoubleUp	DXC4B2P
2025-01-08 16:44:00	186	DoubleUp	DXC4B2P
2025-01-08 16:53:00	164	DoubleDown	DXC4B2P
2025-01-08 17:03:00	233	DoubleUp	DXC4B2P
2025-01-08 17:13:00	146	DoubleDown	DXC4B2P
2025-01-08 17:21:00	102	DoubleDown	DXC4B2P
2025-01-08 17:28:00	286	DoubleUp	DXC4B2P
2025-01-08 17:36:00	86	DoubleDown	DXC4B2P
2025-01-08 17:43:00	119	DoubleUp	DXC4B2P
2025-01-08 17:51:00	155	DoubleUp	DXC4B2P
2025-01-08 17:58:00	167	DoubleUp	DXC4B2P
2025-01-08 18:06:00	140	DoubleDown	DXC4B2P
2025-01-08 18:13:00	165	DoubleUp	DXC4B2P
2025-01-08 18:22:00	137	DoubleDown	DXC4B2P
2025-01-08 18:30:00	141	DoubleUp	DXC4B2P
2025-01-08 18:39:00	121	DoubleDown	DXC4B2P
2025-01-08 18:49:00	154	DoubleUp	DXC4B2P
2025-01-08 18:56:00	130	DoubleDown	DXC4B2P
2025-01-08 19:06:00	160	DoubleUp	DXC4B2P
2025-01-08 19:14:00	211	DoubleUp	DXC4B2P
2025-01-08 19:22:00	163	DoubleDown	DXC4B2P
2025-01-08 19:29:00	73	DoubleDown	DXC4B2P
2025-01-08 19:37:00	253	DoubleUp	DXC4B2P
2025-01-08 19:47:00	73	DoubleDown	DXC4B2P
2025-01-08 19:55:00	106	DoubleUp	DXC4B2P
2025-01-08 20:02:00	180	DoubleUp	DXC4B2P
2025-01-08 20:09:00	231	DoubleUp	DXC4B2P
2025-01-08 20:17:00	128	DoubleDown	DXC4B2P
2025-01-08 20:24:00	129	Flat	DXC4B2P
2025-01-08 20:34:00	85	DoubleDown	DXC4B2P
2025-01-08 20:41:00	100	DoubleUp	DXC4B2P
2025-01-08 20:48:00	72	DoubleDown	DXC4B2P
2025-01-08 20:56:00	161	DoubleUp	DXC4B2P
2025-01-08 21:03:00	88	DoubleDown	DXC4B2P
2025-01-08 21:11:00	124	DoubleUp	DXC4B2P
2025-01-08 21:21:00	295	DoubleUp	DXC4B2P
2025-01-08 21:29:00	112	DoubleDown	DXC4B2P
2025-01-08 21:39:00	105	DoubleDown	DXC4B2P
2025-01-08 21:46:00	150	DoubleUp	DXC4B2P
2025-01-08 21:53:00	154	DoubleUp	DXC4B2P
2025-01-08 22:02:00	151	SingleDown	DXC4B2P
2025-01-08 22:09:00	193	DoubleUp	DXC4B2P
2025-01-08 22:16:00	252	DoubleUp	DXC4B2P
2025-01-08 22:23:00	141	DoubleDown	DXC4B2P
2025-01-08 22:32:00	74	DoubleDown	DXC4B2P
2025-01-08 22:40:00	76	SingleUp	DXC4B2P
2025-01-08 22:47:00	95	DoubleUp	DXC4B2P
2025-01-08 22:56:00	172	DoubleUp	DXC4B2P
2025-01-08 23:05:00	86	DoubleDown	DXC4B2P
2025-01-08 23:15:00	131	DoubleUp	DXC4B2P
2025-01-08 23:23:00	193	DoubleUp	DXC4B2P
2025-01-08 23:32:00	109	DoubleDown	DXC4B2P
2025-01-08 23:40:00	109	Flat	DXC4B2P
2025-01-08 23:49:00	115	DoubleUp	DXC4B2P
2025-01-08 23:57:00	223	DoubleUp	DXC4B2P
2025-01-09 00:05:00	74	DoubleDown	DXC4B2P
2025-01-09 00:13:00	139	DoubleUp	DXC4B2P
2025-01-09 00:23:00	148	DoubleUp	DXC4B2P
2025-01-09 00:31:00	59	DoubleDown	DXC4B2P
2025-01-09 00:40:00	77	DoubleUp	DXC4B2P
2025-01-09 00:48:00	160	DoubleUp	DXC4B2P
2025-01-09 00:58:00	165	DoubleUp	DXC4B2P
2025-01-09 01:05:00	99	DoubleDown	DXC4B2P
2025-01-09 01:12:00	241	DoubleUp	DXC4B2P
2025-01-09 01:21:00	154	DoubleDown	DXC4B2P
2025-01-09 01:30:00	128	DoubleDown	DXC4B2P
2025-01-09 01:40:00	85	DoubleDown	DXC4B2P
2025-01-09 01:47:00	179	DoubleUp	DXC4B2P
2025-01-09 01:56:00	92	DoubleDown	DXC4B2P
2025-01-09 02:03:00	105	DoubleUp	DXC4B2P
2025-01-09 02:11:00	91	DoubleDown	DXC4B2P
2025-01-09 02:20:00	71	DoubleDown	DXC4B2P
2025-01-09 02:27:00	166	DoubleUp	DXC4B2P
2025-01-09 02:34:00	96	DoubleDown	DXC4B2P
2025-01-09 02:42:00	75	DoubleDown	DXC4B2P
2025-01-09 02:50:00	125	DoubleUp	DXC4B2P
2025-01-09 02:58:00	93	DoubleDown	DXC4B2P
2025-01-09 03:08:00	92	Flat	DXC4B2P
2025-01-09 03:17:00	167	DoubleUp	DXC4B2P
2025-01-09 03:26:00	146	DoubleDown	DXC4B2P
2025-01-09 03:36:00	156	DoubleUp	DXC4B2P
2025-01-09 03:46:00	79	DoubleDown	DXC4B2P
2025-01-09 03:55:00	143	DoubleUp	DXC4B2P
2025-01-09 04:03:00	243	DoubleUp	DXC4B2P
2025-01-09 04:11:00	186	DoubleDown	DXC4B2P
2025-01-09 04:19:00	94	DoubleDown	DXC4B2P
2025-01-09 04:28:00	178	DoubleUp	DXC4B2P
2025-01-09 04:38:00	88	DoubleDown	DXC4B2P
2025-01-09 04:45:00	268	DoubleUp	DXC4B2P
2025-01-09 04:53:00	110	DoubleDown	DXC4B2P
2025-01-09 05:02:00	88	DoubleDown	DXC4B2P
2025-01-09 05:09:00	117	DoubleUp	DXC4B2P
2025-01-09 05:18:00	100	DoubleDown	DXC4B2P
2025-01-09 05:26:00	186	DoubleUp	DXC4B2P
2025-01-09 05:35:00	85	DoubleDown	DXC4B2P
2025-01-09 05:42:00	151	DoubleUp	DXC4B2P
2025-01-09 05:52:00	180	DoubleUp	DXC4B2P
2025-01-09 06:02:00	145	DoubleDown	DXC4B2P
2025-01-09 06:12:00	103	DoubleDown	DXC4B2P
2025-01-09 06:22:00	176	DoubleUp	DXC4B2P
2025-01-09 06:31:00	219	DoubleUp	DXC4B2P
2025-01-09 06:38:00	101	DoubleDown	DXC4B2P
2025-01-09 06:46:00	245	DoubleUp	DXC4B2P
2025-01-09 06:56:00	175	DoubleDown	DXC4B2P
2025-01-09 07:05:00	107	DoubleDown	DXC4B2P
2025-01-09 07:14:00	199	DoubleUp	DXC4B2P
2025-01-09 07:23:00	113	DoubleDown	DXC4B2P
2025-01-09 07:31:00	179	DoubleUp	DXC4B2P
2025-01-09 07:39:00	92	DoubleDown	DXC4B2P
2025-01-09 07:48:00	175	DoubleUp	DXC4B2P
2025-01-09 07:57:00	202	DoubleUp	DXC4B2P
2025-01-09 08:07:00	169	DoubleDown	DXC4B2P
2025-01-09 08:15:00	244	DoubleUp	DXC4B2P
2025-01-09 08:23:00	255	DoubleUp	DXC4B2P
2025-01-09 08:32:00	180	DoubleDown	DXC4B2P
2025-01-09 08:41:00	117	DoubleDown	DXC4B2P
2025-01-09 08:50:00	79	DoubleDown	DXC4B2P
2025-01-09 08:57:00	215	DoubleUp	DXC4B2P
2025-01-09 09:07:00	208	DoubleDown	DXC4B2P
2025-01-09 09:16:00	115	DoubleDown	DXC4B2P
2025-01-09 09:24:00	196	DoubleUp	DXC4B2P
2025-01-09 09:34:00	140	DoubleDown	DXC4B2P
2025-01-09 09:44:00	156	DoubleUp	DXC4B2P
2025-01-09 09:51:00	89	DoubleDown	DXC4B2P
2025-01-09 09:58:00	83	DoubleDown	DXC4B2P
2025-01-09 10:05:00	219	DoubleUp	DXC4B2P
2025-01-09 10:12:00	64	DoubleDown	DXC4B2P
2025-01-09 10:20:00	71	DoubleUp	DXC4B2P
2025-01-09 10:30:00	107	DoubleUp	DXC4B2P
2025-01-09 10:39:00	195	DoubleUp	DXC4B2P
2025-01-09 10:47:00	208	DoubleUp	DXC4B2P
2025-01-09 10:56:00	275	DoubleUp	DXC4B2P
2025-01-09 11:03:00	116	DoubleDown	DXC4B2P
2025-01-09 11:13:00	228	DoubleUp	DXC4B2P
2025-01-09 11:22:00	219	DoubleDown	DXC4B2P
2025-01-09 11:31:00	273	DoubleUp	DXC4B2P
2025-01-09 11:38:00	224	DoubleDown	DXC4B2P
2025-01-09 11:45:00	162	DoubleDown	DXC4B2P
2025-01-09 11:52:00	95	DoubleDown	DXC4B2P
2025-01-09 12:00:00	171	DoubleUp	DXC4B2P
2025-01-09 12:07:00	192	DoubleUp	DXC4B2P
2025-01-09 12:15:00	177	DoubleDown	DXC4B2P
2025-01-09 12:24:00	156	DoubleDown	DXC4B2P
2025-01-09 12:31:00	185	DoubleUp	DXC4B2P
2025-01-09 12:40:00	55	DoubleDown	DXC4B2P
2025-01-09 12:49:00	84	DoubleUp	DXC4B2P
2025-01-09 12:58:00	61	DoubleDown	DXC4B2P
2025-01-09 13:06:00	105	DoubleUp	DXC4B2P
2025-01-09 13:15:00	130	DoubleUp	DXC4B2P
2025-01-09 13:23:00	71	DoubleDown	DXC4B2P
2025-01-09 13:31:00	110	DoubleUp	DXC4B2P
2025-01-09 13:41:00	112	SingleUp	DXC4B2P
2025-01-09 13:48:00	126	DoubleUp	DXC4B2P
2025-01-09 13:58:00	195	DoubleUp	DXC4B2P
2025-01-09 14:08:00	107	DoubleDown	DXC4B2P
2025-01-09 14:16:00	61	DoubleDown	DXC4B2P
2025-01-09 14:24:00	74	DoubleUp	DXC4B2P
2025-01-09 14:32:00	159	DoubleUp	DXC4B2P
2025-01-09 14:39:00	143	DoubleDown	DXC4B2P
2025-01-09 14:48:00	128	DoubleDown	DXC4B2P
2025-01-09 14:58:00	139	DoubleUp	DXC4B2P
2025-01-09 15:06:00	134	DoubleDown	DXC4B2P
2025-01-09 15:13:00	98	DoubleDown	DXC4B2P
2025-01-09 15:21:00	212	DoubleUp	DXC4B2P
2025-01-09 15:31:00	130	DoubleDown	DXC4B2P
2025-01-09 15:40:00	157	DoubleUp	DXC4B2P
2025-01-09 15:50:00	127	DoubleDown	DXC4B2P
2025-01-09 15:57:00	113	DoubleDown	DXC4B2P
2025-01-09 16:04:00	131	DoubleUp	DXC4B2P
2025-01-09 16:12:00	97	DoubleDown	DXC4B2P
2025-01-09 16:22:00	119	DoubleUp	DXC4B2P
2025-01-09 16:31:00	282	DoubleUp	DXC4B2P
2025-01-09 16:41:00	76	DoubleDown	DXC4B2P
2025-01-09 16:50:00	85	DoubleUp	DXC4B2P
2025-01-09 16:59:00	174	DoubleUp	DXC4B2P
2025-01-09 17:08:00	83	DoubleDown	DXC4B2P
2025-01-09 17:17:00	101	DoubleUp	DXC4B2P
2025-01-09 17:26:00	112	DoubleUp	DXC4B2P
2025-01-09 17:36:00	130	DoubleUp	DXC4B2P
2025-01-09 17:46:00	137	DoubleUp	DXC4B2P
2025-01-09 17:54:00	137	Flat	DXC4B2P
2025-01-09 18:02:00	241	DoubleUp	DXC4B2P
2025-01-09 18:12:00	93	DoubleDown	DXC4B2P
2025-01-09 18:19:00	131	DoubleUp	DXC4B2P
2025-01-09 18:26:00	215	DoubleUp	DXC4B2P
2025-01-09 18:33:00	214	Flat	DXC4B2P
2025-01-09 18:42:00	83	DoubleDown	DXC4B2P
2025-01-09 18:52:00	252	DoubleUp	DXC4B2P
2025-01-09 19:00:00	247	DoubleDown	DXC4B2P
2025-01-09 19:07:00	79	DoubleDown	DXC4B2P
2025-01-09 19:16:00	133	DoubleUp	DXC4B2P
2025-01-09 19:23:00	86	DoubleDown	DXC4B2P
2025-01-09 19:30:00	163	DoubleUp	DXC4B2P
2025-01-09 19:38:00	146	DoubleDown	DXC4B2P
2025-01-09 19:48:00	200	DoubleUp	DXC4B2P
2025-01-09 19:58:00	172	DoubleDown	DXC4B2P
2025-01-09 20:07:00	245	DoubleUp	DXC4B2P
2025-01-09 20:17:00	82	DoubleDown	DXC4B2P
2025-01-09 20:25:00	183	DoubleUp	DXC4B2P
2025-01-09 20:33:00	103	DoubleDown	DXC4B2P
2025-01-09 20:40:00	169	DoubleUp	DXC4B2P
2025-01-09 20:50:00	144	DoubleDown	DXC4B2P
2025-01-09 20:59:00	140	DoubleDown	DXC4B2P
2025-01-09 21:07:00	100	DoubleDown	DXC4B2P
2025-01-09 21:15:00	81	DoubleDown	DXC4B2P
2025-01-09 21:22:00	132	DoubleUp	DXC4B2P
2025-01-09 21:31:00	180	DoubleUp	DXC4B2P
2025-01-09 21:40:00	130	DoubleDown	DXC4B2P
2025-01-09 21:50:00	99	DoubleDown	DXC4B2P
2025-01-09 22:00:00	227	DoubleUp	DXC4B2P
2025-01-09 22:09:00	109	DoubleDown	DXC4B2P
2025-01-09 22:19:00	233	DoubleUp	DXC4B2P
2025-01-09 22:28:00	126	DoubleDown	DXC4B2P
2025-01-09 22:37:00	216	DoubleUp	DXC4B2P
2025-01-09 22:44:00	112	DoubleDown	DXC4B2P
2025-01-09 22:53:00	112	Flat	DXC4B2P
2025-01-09 23:03:00	128	DoubleUp	DXC4B2P
2025-01-09 23:13:00	111	DoubleDown	DXC4B2P
2025-01-09 23:21:00	81	DoubleDown	DXC4B2P
2025-01-09 23:31:00	88	DoubleUp	DXC4B2P
2025-01-09 23:40:00	174	DoubleUp	DXC4B2P
2025-01-09 23:49:00	228	DoubleUp	DXC4B2P
2025-01-09 23:59:00	161	DoubleDown	DXC4B2P
2025-01-10 00:06:00	40	DoubleDown	DXC4B2P
2025-01-10 00:14:00	152	DoubleUp	DXC4B2P
2025-01-10 00:21:00	294	DoubleUp	DXC4B2P
2025-01-10 00:29:00	128	DoubleDown	DXC4B2P
2025-01-10 00:36:00	124	DoubleDown	DXC4B2P
2025-01-10 00:43:00	226	DoubleUp	DXC4B2P
2025-01-10 00:53:00	62	DoubleDown	DXC4B2P
2025-01-10 01:03:00	141	DoubleUp	DXC4B2P
2025-01-10 01:11:00	141	Flat	DXC4B2P
2025-01-10 01:19:00	96	DoubleDown	DXC4B2P
2025-01-10 01:26:00	132	DoubleUp	DXC4B2P
2025-01-10 01:35:00	91	DoubleDown	DXC4B2P
2025-01-10 01:43:00	99	DoubleUp	DXC4B2P
2025-01-10 01:50:00	196	DoubleUp	DXC4B2P
2025-01-10 01:58:00	236	DoubleUp	DXC4B2P
2025-01-10 02:05:00	81	DoubleDown	DXC4B2P
2025-01-10 02:13:00	128	DoubleUp	DXC4B2P
2025-01-10 02:22:00	119	DoubleDown	DXC4B2P
2025-01-10 02:29:00	177	DoubleUp	DXC4B2P
2025-01-10 02:36:00	166	DoubleDown	DXC4B2P
2025-01-10 02:46:00	83	DoubleDown	DXC4B2P
2025-01-10 02:54:00	202	DoubleUp	DXC4B2P
2025-01-10 03:01:00	253	DoubleUp	DXC4B2P
2025-01-10 03:08:00	72	DoubleDown	DXC4B2P
2025-01-10 03:15:00	135	DoubleUp	DXC4B2P
2025-01-10 03:24:00	269	DoubleUp	DXC4B2P
2025-01-10 03:34:00	210	DoubleDown	DXC4B2P
2025-01-10 03:42:00	118	DoubleDown	DXC4B2P
2025-01-10 03:51:00	170	DoubleUp	DXC4B2P
2025-01-10 03:58:00	171	Flat	DXC4B2P
2025-01-10 04:05:00	104	DoubleDown	DXC4B2P
2025-01-10 04:14:00	89	DoubleDown	DXC4B2P
2025-01-10 04:21:00	256	DoubleUp	DXC4B2P
2025-01-10 04:30:00	142	DoubleDown	DXC4B2P
2025-01-10 04:40:00	168	DoubleUp	DXC4B2P
2025-01-10 04:49:00	163	DoubleDown	DXC4B2P
2025-01-10 04:57:00	95	DoubleDown	DXC4B2P
2025-01-10 05:06:00	237	DoubleUp	DXC4B2P
2025-01-10 05:14:00	74	DoubleDown	DXC4B2P
2025-01-10 05:22:00	170	DoubleUp	DXC4B2P
2025-01-10 05:29:00	156	DoubleDown	DXC4B2P
2025-01-10 05:37:00	95	DoubleDown	DXC4B2P
2025-01-10 05:47:00	261	DoubleUp	DXC4B2P
2025-01-10 05:54:00	86	DoubleDown	DXC4B2P
2025-01-10 06:01:00	75	DoubleDown	DXC4B2P
2025-01-10 06:11:00	88	DoubleUp	DXC4B2P
2025-01-10 06:19:00	143	DoubleUp	DXC4B2P
2025-01-10 06:28:00	202	DoubleUp	DXC4B2P
2025-01-10 06:37:00	213	DoubleUp	DXC4B2P
2025-01-10 06:45:00	116	DoubleDown	DXC4B2P
2025-01-10 06:54:00	259	DoubleUp	DXC4B2P
2025-01-10 07:02:00	140	DoubleDown	DXC4B2P
2025-01-10 07:09:00	138	SingleDown	DXC4B2P
2025-01-10 07:18:00	177	DoubleUp	DXC4B2P
2025-01-10 07:25:00	192	DoubleUp	DXC4B2P
2025-01-10 07:33:00	161	DoubleDown	DXC4B2P
2025-01-10 07:40:00	103	DoubleDown	DXC4B2P
2025-01-10 07:47:00	101	SingleDown	DXC4B2P
2025-01-10 07:55:00	116	DoubleUp	DXC4B2P
2025-01-10 08:03:00	266	DoubleUp	DXC4B2P
2025-01-10 08:13:00	143	DoubleDown	DXC4B2P
2025-01-10 08:21:00	90	DoubleDown	DXC4B2P
2025-01-10 08:28:00	144	DoubleUp	DXC4B2P
2025-01-10 08:37:00	93	DoubleDown	DXC4B2P
2025-01-10 08:44:00	132	DoubleUp	DXC4B2P
2025-01-10 08:53:00	225	DoubleUp	DXC4B2P
2025-01-10 09:02:00	74	DoubleDown	DXC4B2P
2025-01-10 09:12:00	226	DoubleUp	DXC4B2P
2025-01-10 09:22:00	144	DoubleDown	DXC4B2P
2025-01-10 09:30:00	70	DoubleDown	DXC4B2P
2025-01-10 09:38:00	88	DoubleUp	DXC4B2P
2025-01-10 09:45:00	88	Flat	DXC4B2P
2025-01-10 09:54:00	153	DoubleUp	DXC4B2P
2025-01-10 10:03:00	174	DoubleUp	DXC4B2P
2025-01-10 10:13:00	101	DoubleDown	DXC4B2P
2025-01-10 10:22:00	140	DoubleUp	DXC4B2P
2025-01-10 10:32:00	74	DoubleDown	DXC4B2P
2025-01-10 10:41:00	290	DoubleUp	DXC4B2P
2025-01-10 10:49:00	133	DoubleDown	DXC4B2P
2025-01-10 10:58:00	113	DoubleDown	DXC4B2P
2025-01-10 11:08:00	116	SingleUp	DXC4B2P
2025-01-10 11:15:00	178	DoubleUp	DXC4B2P
2025-01-10 11:23:00	87	DoubleDown	DXC4B2P
2025-01-10 11:31:00	161	DoubleUp	DXC4B2P
2025-01-10 11:40:00	71	DoubleDown	DXC4B2P
2025-01-10 11:48:00	179	DoubleUp	DXC4B2P
2025-01-10 11:56:00	148	DoubleDown	DXC4B2P
2025-01-10 12:06:00	80	DoubleDown	DXC4B2P
2025-01-10 12:15:00	155	DoubleUp	DXC4B2P
2025-01-10 12:23:00	97	DoubleDown	DXC4B2P
2025-01-10 12:33:00	141	DoubleUp	DXC4B2P
2025-01-10 12:41:00	206	DoubleUp	DXC4B2P
2025-01-10 12:48:00	142	DoubleDown	DXC4B2P
2025-01-10 12:58:00	99	DoubleDown	DXC4B2P
2025-01-10 13:08:00	140	DoubleUp	DXC4B2P
2025-01-10 13:17:00	157	DoubleUp	DXC4B2P
2025-01-10 13:26:00	226	DoubleUp	DXC4B2P
2025-01-10 13:35:00	122	DoubleDown	DXC4B2P
2025-01-10 13:42:00	148	DoubleUp	DXC4B2P
2025-01-10 13:51:00	45	DoubleDown	DXC4B2P
2025-01-10 14:00:00	165	DoubleUp	DXC4B2P
2025-01-10 14:07:00	203	DoubleUp	DXC4B2P
2025-01-10 14:16:00	139	DoubleDown	DXC4B2P
2025-01-10 14:23:00	175	DoubleUp	DXC4B2P
2025-01-10 14:31:00	100	DoubleDown	DXC4B2P
2025-01-10 14:39:00	77	DoubleDown	DXC4B2P
2025-01-10 14:46:00	162	DoubleUp	DXC4B2P
2025-01-10 14:54:00	115	DoubleDown	DXC4B2P
2025-01-10 15:03:00	96	DoubleDown	DXC4B2P
2025-01-10 15:10:00	180	DoubleUp	DXC4B2P
2025-01-10 15:18:00	73	DoubleDown	DXC4B2P
2025-01-10 15:26:00	183	DoubleUp	DXC4B2P
2025-01-10 15:35:00	107	DoubleDown	DXC4B2P
2025-01-10 15:43:00	248	DoubleUp	DXC4B2P
2025-01-10 15:50:00	216	DoubleDown	DXC4B2P
2025-01-10 16:00:00	289	DoubleUp	DXC4B2P
2025-01-10 16:07:00	219	DoubleDown	DXC4B2P
2025-01-10 16:17:00	111	DoubleDown	DXC4B2P
2025-01-10 16:25:00	230	DoubleUp	DXC4B2P
2025-01-10 16:33:00	97	DoubleDown	DXC4B2P
2025-01-10 16:43:00	262	DoubleUp	DXC4B2P
2025-01-10 16:52:00	290	DoubleUp	DXC4B2P
2025-01-10 17:00:00	117	DoubleDown	DXC4B2P
2025-01-10 17:10:00	47	DoubleDown	DXC4B2P
2025-01-10 17:17:00	159	DoubleUp	DXC4B2P
2025-01-10 17:27:00	128	DoubleDown	DXC4B2P
2025-01-10 17:37:00	294	DoubleUp	DXC4B2P
2025-01-10 17:44:00	100	DoubleDown	DXC4B2P
2025-01-10 17:51:00	146	DoubleUp	DXC4B2P
2025-01-10 18:01:00	156	DoubleUp	DXC4B2P
2025-01-10 18:11:00	100	DoubleDown	DXC4B2P
2025-01-10 18:20:00	95	DoubleDown	DXC4B2P
2025-01-10 18:29:00	59	DoubleDown	DXC4B2P
2025-01-10 18:39:00	91	DoubleUp	DXC4B2P
2025-01-10 18:48:00	126	DoubleUp	DXC4B2P
2025-01-10 18:58:00	234	DoubleUp	DXC4B2P
2025-01-10 19:05:00	155	DoubleDown	DXC4B2P
2025-01-10 19:13:00	132	DoubleDown	DXC4B2P
2025-01-10 19:20:00	99	DoubleDown	DXC4B2P
2025-01-10 19:30:00	143	DoubleUp	DXC4B2P
2025-01-10 19:40:00	80	DoubleDown	DXC4B2P
2025-01-10 19:47:00	125	DoubleUp	DXC4B2P
2025-01-10 19:57:00	81	DoubleDown	DXC4B2P
2025-01-10 20:07:00	122	DoubleUp	DXC4B2P
2025-01-10 20:16:00	209	DoubleUp	DXC4B2P
2025-01-10 20:26:00	88	DoubleDown	DXC4B2P
2025-01-10 20:35:00	60	DoubleDown	DXC4B2P
2025-01-10 20:43:00	73	DoubleUp	DXC4B2P
2025-01-10 20:52:00	175	DoubleUp	DXC4B2P
2025-01-10 21:01:00	215	DoubleUp	DXC4B2P
2025-01-10 21:09:00	115	DoubleDown	DXC4B2P
2025-01-10 21:18:00	200	DoubleUp	DXC4B2P
2025-01-10 21:26:00	107	DoubleDown	DXC4B2P
2025-01-10 21:35:00	160	DoubleUp	DXC4B2P
2025-01-10 21:43:00	94	DoubleDown	DXC4B2P
2025-01-10 21:50:00	105	DoubleUp	DXC4B2P
2025-01-10 21:57:00	177	DoubleUp	DXC4B2P
2025-01-10 22:05:00	106	DoubleDown	DXC4B2P
2025-01-10 22:14:00	87	DoubleDown	DXC4B2P
2025-01-10 22:21:00	287	DoubleUp	DXC4B2P
2025-01-10 22:31:00	151	DoubleDown	DXC4B2P
2025-01-10 22:39:00	228	DoubleUp	DXC4B2P
2025-01-10 22:49:00	79	DoubleDown	DXC4B2P
2025-01-10 22:56:00	278	DoubleUp	DXC4B2P
2025-01-10 23:03:00	296	DoubleUp	DXC4B2P
2025-01-10 23:11:00	246	DoubleDown	DXC4B2P
2025-01-10 23:21:00	249	SingleUp	DXC4B2P
2025-01-10 23:30:00	95	DoubleDown	DXC4B2P
2025-01-10 23:39:00	113	DoubleUp	DXC4B2P
2025-01-10 23:48:00	76	DoubleDown	DXC4B2P
2025-01-10 23:55:00	191	DoubleUp	DXC4B2P
2025-01-11 00:02:00	220	DoubleUp	DXC4B2P
2025-01-11 00:12:00	90	DoubleDown	DXC4B2P
2025-01-11 00:22:00	235	DoubleUp	DXC4B2P
2025-01-11 00:30:00	136	DoubleDown	DXC4B2P
2025-01-11 00:39:00	104	DoubleDown	DXC4B2P
2025-01-11 00:47:00	50	DoubleDown	DXC4B2P
2025-01-11 00:55:00	162	DoubleUp	DXC4B2P
2025-01-11 01:05:00	124	DoubleDown	DXC4B2P
2025-01-11 01:13:00	146	DoubleUp	DXC4B2P
2025-01-11 01:20:00	212	DoubleUp	DXC4B2P
2025-01-11 01:29:00	140	DoubleDown	DXC4B2P
2025-01-11 01:38:00	116	DoubleDown	DXC4B2P
2025-01-11 01:47:00	184	DoubleUp	DXC4B2P
2025-01-11 01:54:00	202	DoubleUp	DXC4B2P
2025-01-11 02:02:00	187	DoubleDown	DXC4B2P
2025-01-11 02:11:00	132	DoubleDown	DXC4B2P
2025-01-11 02:18:00	112	DoubleDown	DXC4B2P
2025-01-11 02:25:00	156	DoubleUp	DXC4B2P
2025-01-11 02:35:00	219	DoubleUp	DXC4B2P
2025-01-11 02:44:00	110	DoubleDown	DXC4B2P
2025-01-11 02:52:00	177	DoubleUp	DXC4B2P
2025-01-11 03:00:00	180	SingleUp	DXC4B2P
2025-01-11 03:10:00	220	DoubleUp	DXC4B2P
2025-01-11 03:19:00	159	DoubleDown	DXC4B2P
2025-01-11 03:28:00	71	DoubleDown	DXC4B2P
2025-01-11 03:38:00	267	DoubleUp	DXC4B2P
2025-01-11 03:45:00	127	DoubleDown	DXC4B2P
2025-01-11 03:54:00	169	DoubleUp	DXC4B2P
2025-01-11 04:04:00	125	DoubleDown	DXC4B2P
2025-01-11 04:13:00	110	DoubleDown	DXC4B2P
2025-01-11 04:23:00	153	DoubleUp	DXC4B2P
2025-01-11 04:31:00	150	SingleDown	DXC4B2P
2025-01-11 04:41:00	228	DoubleUp	DXC4B2P
2025-01-11 04:49:00	122	DoubleDown	DXC4B2P
2025-01-11 04:57:00	148	DoubleUp	DXC4B2P
2025-01-11 05:06:00	231	DoubleUp	DXC4B2P
2025-01-11 05:15:00	95	DoubleDown	DXC4B2P
2025-01-11 05:22:00	74	DoubleDown	DXC4B2P
2025-01-11 05:30:00	175	DoubleUp	DXC4B2P
2025-01-11 05:38:00	144	DoubleDown	DXC4B2P
2025-01-11 05:48:00	78	DoubleDown	DXC4B2P
2025-01-11 05:57:00	199	DoubleUp	DXC4B2P
2025-01-11 06:06:00	119	DoubleDown	DXC4B2P
2025-01-11 06:14:00	100	DoubleDown	DXC4B2P
2025-01-11 06:23:00	139	DoubleUp	DXC4B2P
2025-01-11 06:31:00	86	DoubleDown	DXC4B2P
2025-01-11 06:41:00	129	DoubleUp	DXC4B2P
2025-01-11 06:49:00	245	DoubleUp	DXC4B2P
2025-01-11 06:56:00	88	DoubleDown	DXC4B2P
2025-01-11 07:06:00	226	DoubleUp	DXC4B2P
2025-01-11 07:14:00	123	DoubleDown	DXC4B2P
2025-01-11 07:23:00	208	DoubleUp	DXC4B2P
2025-01-11 07:31:00	146	DoubleDown	DXC4B2P
2025-01-11 07:40:00	152	DoubleUp	DXC4B2P
2025-01-11 07:49:00	70	DoubleDown	DXC4B2P
2025-01-11 07:56:00	81	DoubleUp	DXC4B2P
2025-01-11 08:04:00	90	DoubleUp	DXC4B2P
2025-01-11 08:12:00	153	DoubleUp	DXC4B2P
2025-01-11 08:22:00	97	DoubleDown	DXC4B2P
2025-01-11 08:31:00	152	DoubleUp	DXC4B2P
2025-01-11 08:39:00	265	DoubleUp	DXC4B2P
2025-01-11 08:46:00	84	DoubleDown	DXC4B2P
2025-01-11 08:54:00	126	DoubleUp	DXC4B2P
2025-01-11 09:03:00	237	DoubleUp	DXC4B2P
2025-01-11 09:13:00	73	DoubleDown	DXC4B2P
2025-01-11 09:22:00	241	DoubleUp	DXC4B2P
2025-01-11 09:31:00	135	DoubleDown	DXC4B2P
2025-01-11 09:39:00	112	DoubleDown	DXC4B2P
2025-01-11 09:47:00	225	DoubleUp	DXC4B2P
2025-01-11 09:55:00	185	DoubleDown	DXC4B2P
2025-01-11 10:05:00	85	DoubleDown	DXC4B2P
2025-01-11 10:14:00	269	DoubleUp	DXC4B2P
2025-01-11 10:23:00	214	DoubleDown	DXC4B2P
2025-01-11 10:31:00	87	DoubleDown	DXC4B2P
2025-01-11 10:40:00	285	DoubleUp	DXC4B2P
2025-01-11 10:49:00	79	DoubleDown	DXC4B2P
2025-01-11 10:57:00	85	DoubleUp	DXC4B2P
2025-01-11 11:06:00	170	DoubleUp	DXC4B2P
2025-01-11 11:14:00	196	DoubleUp	DXC4B2P
2025-01-11 11:22:00	47	DoubleDown	DXC4B2P
2025-01-11 11:29:00	242	DoubleUp	DXC4B2P
2025-01-11 11:36:00	99	DoubleDown	DXC4B2P
2025-01-11 11:43:00	70	DoubleDown	DXC4B2P
2025-01-11 11:53:00	268	DoubleUp	DXC4B2P
2025-01-11 12:00:00	133	DoubleDown	DXC4B2P
2025-01-11 12:08:00	166	DoubleUp	DXC4B2P
2025-01-11 12:17:00	216	DoubleUp	DXC4B2P
2025-01-11 12:25:00	168	DoubleDown	DXC4B2P
2025-01-11 12:35:00	259	DoubleUp	DXC4B2P
2025-01-11 12:42:00	259	Flat	DXC4B2P
2025-01-11 12:51:00	193	DoubleDown	DXC4B2P
2025-01-11 13:00:00	197	DoubleUp	DXC4B2P
2025-01-11 13:08:00	115	DoubleDown	DXC4B2P
2025-01-11 13:16:00	118	SingleUp	DXC4B2P
2025-01-11 13:26:00	224	DoubleUp	DXC4B2P
2025-01-11 13:36:00	127	DoubleDown	DXC4B2P
2025-01-11 13:46:00	237	DoubleUp	DXC4B2P
2025-01-11 13:55:00	78	DoubleDown	DXC4B2P
2025-01-11 14:04:00	235	DoubleUp	DXC4B2P
2025-01-11 14:14:00	165	DoubleDown	DXC4B2P
2025-01-11 14:21:00	201	DoubleUp	DXC4B2P
2025-01-11 14:28:00	123	DoubleDown	DXC4B2P
2025-01-11 14:35:00	224	DoubleUp	DXC4B2P
2025-01-11 14:44:00	153	DoubleDown	DXC4B2P
2025-01-11 14:54:00	233	DoubleUp	DXC4B2P
2025-01-11 15:02:00	116	DoubleDown	DXC4B2P
2025-01-11 15:12:00	287	DoubleUp	DXC4B2P
2025-01-11 15:19:00	121	DoubleDown	DXC4B2P
2025-01-11 15:27:00	155	DoubleUp	DXC4B2P
2025-01-11 15:36:00	60	DoubleDown	DXC4B2P
2025-01-11 15:45:00	112	DoubleUp	DXC4B2P
2025-01-11 15:53:00	91	DoubleDown	DXC4B2P
2025-01-11 16:00:00	131	DoubleUp	DXC4B2P
2025-01-11 16:09:00	79	DoubleDown	DXC4B2P
2025-01-11 16:17:00	270	DoubleUp	DXC4B2P
2025-01-11 16:26:00	143	DoubleDown	DXC4B2P
2025-01-11 16:36:00	146	SingleUp	DXC4B2P
2025-01-11 16:46:00	71	DoubleDown	DXC4B2P
2025-01-11 16:55:00	179	DoubleUp	DXC4B2P
2025-01-11 17:05:00	123	DoubleDown	DXC4B2P
2025-01-11 17:15:00	60	DoubleDown	DXC4B2P
2025-01-11 17:24:00	150	DoubleUp	DXC4B2P
2025-01-11 17:31:00	55	DoubleDown	DXC4B2P
2025-01-11 17:38:00	144	DoubleUp	DXC4B2P
2025-01-11 17:45:00	98	DoubleDown	DXC4B2P
2025-01-11 17:54:00	282	DoubleUp	DXC4B2P
2025-01-11 18:02:00	126	DoubleDown	DXC4B2P
2025-01-11 18:12:00	214	DoubleUp	DXC4B2P
2025-01-11 18:19:00	85	DoubleDown	DXC4B2P
2025-01-11 18:28:00	100	DoubleUp	DXC4B2P
2025-01-11 18:38:00	123	DoubleUp	DXC4B2P
2025-01-11 18:46:00	149	DoubleUp	DXC4B2P
2025-01-11 18:55:00	226	DoubleUp	DXC4B2P
2025-01-11 19:05:00	143	DoubleDown	DXC4B2P
2025-01-11 19:14:00	146	SingleUp	DXC4B2P
2025-01-11 19:23:00	153	DoubleUp	DXC4B2P
2025-01-11 19:31:00	98	DoubleDown	DXC4B2P
2025-01-11 19:39:00	286	DoubleUp	DXC4B2P
2025-01-11 19:48:00	143	DoubleDown	DXC4B2P
2025-01-11 19:57:00	158	DoubleUp	DXC4B2P
2025-01-11 20:05:00	159	Flat	DXC4B2P
2025-01-11 20:13:00	87	DoubleDown	DXC4B2P
2025-01-11 20:22:00	76	DoubleDown	DXC4B2P
2025-01-11 20:30:00	208	DoubleUp	DXC4B2P
2025-01-11 20:38:00	168	DoubleDown	DXC4B2P
2025-01-11 20:47:00	53	DoubleDown	DXC4B2P
2025-01-11 20:55:00	234	DoubleUp	DXC4B2P
2025-01-11 21:05:00	110	DoubleDown	DXC4B2P
2025-01-11 21:15:00	254	DoubleUp	DXC4B2P
2025-01-11 21:24:00	128	DoubleDown	DXC4B2P
2025-01-11 21:33:00	105	DoubleDown	DXC4B2P
2025-01-11 21:40:00	152	DoubleUp	DXC4B2P
2025-01-11 21:47:00	267	DoubleUp	DXC4B2P
2025-01-11 21:55:00	167	DoubleDown	DXC4B2P
2025-01-11 22:03:00	171	DoubleUp	DXC4B2P
2025-01-11 22:10:00	257	DoubleUp	DXC4B2P
2025-01-11 22:19:00	88	DoubleDown	DXC4B2P
2025-01-11 22:29:00	231	DoubleUp	DXC4B2P
2025-01-11 22:39:00	121	DoubleDown	DXC4B2P
2025-01-11 22:46:00	177	DoubleUp	DXC4B2P
2025-01-11 22:55:00	89	DoubleDown	DXC4B2P
2025-01-11 23:03:00	127	DoubleUp	DXC4B2P
2025-01-11 23:12:00	136	DoubleUp	DXC4B2P
2025-01-11 23:20:00	105	DoubleDown	DXC4B2P
2025-01-11 23:27:00	231	DoubleUp	DXC4B2P
2025-01-11 23:35:00	283	DoubleUp	DXC4B2P
2025-01-11 23:43:00	103	DoubleDown	DXC4B2P
2025-01-11 23:51:00	91	DoubleDown	DXC4B2P
2025-01-11 23:58:00	166	DoubleUp	DXC4B2P
2025-01-12 00:06:00	157	DoubleDown	DXC4B2P
2025-01-12 00:15:00	162	DoubleUp	DXC4B2P
2025-01-12 00:24:00	195	DoubleUp	DXC4B2P
2025-01-12 00:34:00	190	DoubleDown	DXC4B2P
2025-01-12 00:43:00	169	DoubleDown	DXC4B2P
2025-01-12 00:53:00	91	DoubleDown	DXC4B2P
2025-01-12 01:01:00	95	DoubleUp	DXC4B2P
2025-01-12 01:08:00	83	DoubleDown	DXC4B2P
2025-01-12 01:15:00	106	DoubleUp	DXC4B2P
2025-01-12 01:24:00	120	DoubleUp	DXC4B2P
2025-01-12 01:31:00	141	DoubleUp	DXC4B2P
2025-01-12 01:38:00	107	DoubleDown	DXC4B2P
2025-01-12 01:46:00	234	DoubleUp	DXC4B2P
2025-01-12 01:53:00	164	DoubleDown	DXC4B2P
2025-01-12 02:03:00	116	DoubleDown	DXC4B2P
2025-01-12 02:10:00	260	DoubleUp	DXC4B2P
2025-01-12 02:20:00	179	DoubleDown	DXC4B2P
2025-01-12 02:28:00	118	DoubleDown	DXC4B2P
2025-01-12 02:38:00	141	DoubleUp	DXC4B2P
2025-01-12 02:47:00	70	DoubleDown	DXC4B2P
2025-01-12 02:54:00	73	SingleUp	DXC4B2P
2025-01-12 03:03:00	255	DoubleUp	DXC4B2P
2025-01-12 03:13:00	78	DoubleDown	DXC4B2P
2025-01-12 03:22:00	87	DoubleUp	DXC4B2P
2025-01-12 03:29:00	150	DoubleUp	DXC4B2P
2025-01-12 03:38:00	90	DoubleDown	DXC4B2P
2025-01-12 03:45:00	119	DoubleUp	DXC4B2P
2025-01-12 03:52:00	97	DoubleDown	DXC4B2P
2025-01-12 04:01:00	106	DoubleUp	DXC4B2P
2025-01-12 04:11:00	152	DoubleUp	DXC4B2P
2025-01-12 04:18:00	93	DoubleDown	DXC4B2P
2025-01-12 04:28:00	287	DoubleUp	DXC4B2P
2025-01-12 04:37:00	93	DoubleDown	DXC4B2P
2025-01-12 04:45:00	178	DoubleUp	DXC4B2P
2025-01-12 04:53:00	82	DoubleDown	DXC4B2P
2025-01-12 05:03:00	169	DoubleUp	DXC4B2P
2025-01-12 05:13:00	125	DoubleDown	DXC4B2P
2025-01-12 05:23:00	146	DoubleUp	DXC4B2P
2025-01-12 05:32:00	106	DoubleDown	DXC4B2P
2025-01-12 05:42:00	213	DoubleUp	DXC4B2P
2025-01-12 05:50:00	139	DoubleDown	DXC4B2P
2025-01-12 05:57:00	133	DoubleDown	DXC4B2P
2025-01-12 06:07:00	116	DoubleDown	DXC4B2P
2025-01-12 06:15:00	84	DoubleDown	DXC4B2P
2025-01-12 06:25:00	74	DoubleDown	DXC4B2P
2025-01-12 06:32:00	163	DoubleUp	DXC4B2P
2025-01-12 06:42:00	237	DoubleUp	DXC4B2P
2025-01-12 06:51:00	112	DoubleDown	DXC4B2P
2025-01-12 07:01:00	98	DoubleDown	DXC4B2P
2025-01-12 07:08:00	133	DoubleUp	DXC4B2P
2025-01-12 07:18:00	212	DoubleUp	DXC4B2P
2025-01-12 07:27:00	136	DoubleDown	DXC4B2P
2025-01-12 07:37:00	157	DoubleUp	DXC4B2P
2025-01-12 07:47:00	81	DoubleDown	DXC4B2P
2025-01-12 07:56:00	131	DoubleUp	DXC4B2P
2025-01-12 08:03:00	133	SingleUp	DXC4B2P
2025-01-12 08:11:00	82	DoubleDown	DXC4B2P
2025-01-12 08:20:00	82	Flat	DXC4B2P
2025-01-12 08:27:00	217	DoubleUp	DXC4B2P
2025-01-12 08:37:00	107	DoubleDown	DXC4B2P
2025-01-12 08:47:00	114	DoubleUp	DXC4B2P
2025-01-12 08:56:00	167	DoubleUp	DXC4B2P
2025-01-12 09:03:00	238	DoubleUp	DXC4B2P
2025-01-12 09:13:00	165	DoubleDown	DXC4B2P
2025-01-12 09:21:00	212	DoubleUp	DXC4B2P
2025-01-12 09:31:00	117	DoubleDown	DXC4B2P
2025-01-12 09:39:00	163	DoubleUp	DXC4B2P
2025-01-12 09:49:00	120	DoubleDown	DXC4B2P
2025-01-12 09:57:00	176	DoubleUp	DXC4B2P
2025-01-12 10:04:00	113	DoubleDown	DXC4B2P
2025-01-12 10:12:00	112	Flat	DXC4B2P
2025-01-12 10:21:00	142	DoubleUp	DXC4B2P
2025-01-12 10:30:00	99	DoubleDown	DXC4B2P
2025-01-12 10:40:00	94	DoubleDown	DXC4B2P
2025-01-12 10:47:00	122	DoubleUp	DXC4B2P
2025-01-12 10:57:00	55	DoubleDown	DXC4B2P
2025-01-12 11:07:00	73	DoubleUp	DXC4B2P
2025-01-12 11:14:00	146	DoubleUp	DXC4B2P
2025-01-12 11:22:00	165	DoubleUp	DXC4B2P
2025-01-12 11:32:00	192	DoubleUp	DXC4B2P
2025-01-12 11:41:00	143	DoubleDown	DXC4B2P
2025-01-12 11:50:00	111	DoubleDown	DXC4B2P
2025-01-12 11:58:00	73	DoubleDown	DXC4B2P
2025-01-12 12:07:00	124	DoubleUp	DXC4B2P
2025-01-12 12:14:00	103	DoubleDown	DXC4B2P
2025-01-12 12:22:00	89	DoubleDown	DXC4B2P
2025-01-12 12:29:00	116	DoubleUp	DXC4B2P
2025-01-12 12:39:00	206	DoubleUp	DXC4B2P
2025-01-12 12:46:00	112	DoubleDown	DXC4B2P
2025-01-12 12:54:00	284	DoubleUp	DXC4B2P
2025-01-12 13:02:00	174	DoubleDown	DXC4B2P
2025-01-12 13:09:00	201	DoubleUp	DXC4B2P
2025-01-12 13:18:00	82	DoubleDown	DXC4B2P
2025-01-12 13:28:00	194	DoubleUp	DXC4B2P
2025-01-12 13:38:00	117	DoubleDown	DXC4B2P
2025-01-12 13:48:00	106	DoubleDown	DXC4B2P
2025-01-12 13:58:00	117	DoubleUp	DXC4B2P
2025-01-12 14:07:00	207	DoubleUp	DXC4B2P
2025-01-12 14:14:00	180	DoubleDown	DXC4B2P
2025-01-12 14:24:00	73	DoubleDown	DXC4B2P
2025-01-12 14:32:00	53	DoubleDown	DXC4B2P
2025-01-12 14:39:00	142	DoubleUp	DXC4B2P
2025-01-12 14:49:00	279	DoubleUp	DXC4B2P
2025-01-12 14:57:00	280	Flat	DXC4B2P
2025-01-12 15:07:00	155	DoubleDown	DXC4B2P
2025-01-12 15:15:00	258	DoubleUp	DXC4B2P
2025-01-12 15:25:00	131	DoubleDown	DXC4B2P
2025-01-12 15:32:00	80	DoubleDown	DXC4B2P
2025-01-12 15:41:00	189	DoubleUp	DXC4B2P
2025-01-12 15:51:00	148	DoubleDown	DXC4B2P
2025-01-12 16:00:00	162	DoubleUp	DXC4B2P
2025-01-12 16:08:00	134	DoubleDown	DXC4B2P
2025-01-12 16:15:00	194	DoubleUp	DXC4B2P
2025-01-12 16:24:00	133	DoubleDown	DXC4B2P
2025-01-12 16:31:00	154	DoubleUp	DXC4B2P
2025-01-12 16:40:00	229	DoubleUp	DXC4B2P
2025-01-12 16:49:00	106	DoubleDown	DXC4B2P
2025-01-12 16:57:00	145	DoubleUp	DXC4B2P
2025-01-12 17:07:00	134	DoubleDown	DXC4B2P
2025-01-12 17:17:00	151	DoubleUp	DXC4B2P
2025-01-12 17:24:00	85	DoubleDown	DXC4B2P
2025-01-12 17:33:00	249	DoubleUp	DXC4B2P
2025-01-12 17:42:00	176	DoubleDown	DXC4B2P
2025-01-12 17:49:00	224	DoubleUp	DXC4B2P
2025-01-12 17:58:00	157	DoubleDown	DXC4B2P
2025-01-12 18:08:00	143	DoubleDown	DXC4B2P
2025-01-12 18:17:00	188	DoubleUp	DXC4B2P
2025-01-12 18:26:00	63	DoubleDown	DXC4B2P
2025-01-12 18:34:00	132	DoubleUp	DXC4B2P
2025-01-12 18:44:00	106	DoubleDown	DXC4B2P
2025-01-12 18:54:00	206	DoubleUp	DXC4B2P
2025-01-12 19:01:00	282	DoubleUp	DXC4B2P
2025-01-12 19:08:00	245	DoubleDown	DXC4B2P
2025-01-12 19:17:00	139	DoubleDown	DXC4B2P
2025-01-12 19:24:00	132	DoubleDown	DXC4B2P
2025-01-12 19:31:00	211	DoubleUp	DXC4B2P
2025-01-12 19:40:00	95	DoubleDown	DXC4B2P
2025-01-12 19:49:00	250	DoubleUp	DXC4B2P
2025-01-12 19:56:00	216	DoubleDown	DXC4B2P
2025-01-12 20:03:00	150	DoubleDown	DXC4B2P
2025-01-12 20:11:00	163	DoubleUp	DXC4B2P
2025-01-12 20:20:00	199	DoubleUp	DXC4B2P
2025-01-12 20:29:00	151	DoubleDown	DXC4B2P
2025-01-12 20:38:00	90	DoubleDown	DXC4B2P
2025-01-12 20:45:00	110	DoubleUp	DXC4B2P
2025-01-12 20:54:00	126	DoubleUp	DXC4B2P
2025-01-12 21:01:00	84	DoubleDown	DXC4B2P
2025-01-12 21:11:00	297	DoubleUp	DXC4B2P
2025-01-12 21:18:00	212	DoubleDown	DXC4B2P
2025-01-12 21:25:00	136	DoubleDown	DXC4B2P
2025-01-12 21:34:00	100	DoubleDown	DXC4B2P
2025-01-12 21:41:00	54	DoubleDown	DXC4B2P
2025-01-12 21:50:00	115	DoubleUp	DXC4B2P
2025-01-12 21:58:00	180	DoubleUp	DXC4B2P
2025-01-12 22:05:00	226	DoubleUp	DXC4B2P
2025-01-12 22:12:00	212	DoubleDown	DXC4B2P
2025-01-12 22:22:00	169	DoubleDown	DXC4B2P
2025-01-12 22:31:00	263	DoubleUp	DXC4B2P
2025-01-12 22:40:00	109	DoubleDown	DXC4B2P
2025-01-12 22:49:00	87	DoubleDown	DXC4B2P
2025-01-12 22:58:00	153	DoubleUp	DXC4B2P
2025-01-12 23:07:00	178	DoubleUp	DXC4B2P
2025-01-12 23:16:00	127	DoubleDown	DXC4B2P
2025-01-12 23:26:00	88	DoubleDown	DXC4B2P
2025-01-12 23:36:00	242	DoubleUp	DXC4B2P
2025-01-12 23:43:00	163	DoubleDown	DXC4B2P
2025-01-12 23:51:00	194	DoubleUp	DXC4B2P
2025-01-13 00:01:00	250	DoubleUp	DXC4B2P
2025-01-13 00:09:00	155	DoubleDown	DXC4B2P
2025-01-13 00:17:00	140	DoubleDown	DXC4B2P
2025-01-13 00:24:00	217	DoubleUp	DXC4B2P
2025-01-13 00:32:00	61	DoubleDown	DXC4B2P
2025-01-13 00:40:00	81	DoubleUp	DXC4B2P
2025-01-13 00:47:00	85	DoubleUp	DXC4B2P
2025-01-13 00:57:00	123	DoubleUp	DXC4B2P
2025-01-13 01:04:00	148	DoubleUp	DXC4B2P
2025-01-13 01:14:00	209	DoubleUp	DXC4B2P
2025-01-13 01:24:00	116	DoubleDown	DXC4B2P
2025-01-13 01:32:00	71	DoubleDown	DXC4B2P
2025-01-13 01:39:00	190	DoubleUp	DXC4B2P
2025-01-13 01:49:00	91	DoubleDown	DXC4B2P
2025-01-13 01:58:00	184	DoubleUp	DXC4B2P
2025-01-13 02:08:00	173	DoubleDown	DXC4B2P
2025-01-13 02:15:00	88	DoubleDown	DXC4B2P
2025-01-13 02:23:00	154	DoubleUp	DXC4B2P
2025-01-13 02:31:00	235	DoubleUp	DXC4B2P
2025-01-13 02:41:00	131	DoubleDown	DXC4B2P
2025-01-13 02:50:00	147	DoubleUp	DXC4B2P
2025-01-13 02:59:00	262	DoubleUp	DXC4B2P
2025-01-13 03:07:00	137	DoubleDown	DXC4B2P
2025-01-13 03:14:00	112	DoubleDown	DXC4B2P
2025-01-13 03:23:00	135	DoubleUp	DXC4B2P
2025-01-13 03:33:00	170	DoubleUp	DXC4B2P
2025-01-13 03:40:00	176	DoubleUp	DXC4B2P
2025-01-13 03:48:00	97	DoubleDown	DXC4B2P
2025-01-13 03:57:00	126	DoubleUp	DXC4B2P
2025-01-13 04:06:00	194	DoubleUp	DXC4B2P
2025-01-13 04:13:00	215	DoubleUp	DXC4B2P
2025-01-13 04:23:00	91	DoubleDown	DXC4B2P
2025-01-13 04:31:00	145	DoubleUp	DXC4B2P
2025-01-13 04:40:00	265	DoubleUp	DXC4B2P
2025-01-13 04:47:00	156	DoubleDown	DXC4B2P
2025-01-13 04:54:00	86	DoubleDown	DXC4B2P
2025-01-13 05:04:00	140	DoubleUp	DXC4B2P
2025-01-13 05:13:00	109	DoubleDown	DXC4B2P
2025-01-13 05:23:00	92	DoubleDown	DXC4B2P
2025-01-13 05:31:00	253	DoubleUp	DXC4B2P
2025-01-13 05:39:00	109	DoubleDown	DXC4B2P
2025-01-13 05:46:00	75	DoubleDown	DXC4B2P
2025-01-13 05:55:00	232	DoubleUp	DXC4B2P
2025-01-13 06:03:00	208	DoubleDown	DXC4B2P
2025-01-13 06:12:00	113	DoubleDown	DXC4B2P
2025-01-13 06:20:00	222	DoubleUp	DXC4B2P
2025-01-13 06:27:00	70	DoubleDown	DXC4B2P
2025-01-13 06:34:00	272	DoubleUp	DXC4B2P
2025-01-13 06:43:00	141	DoubleDown	DXC4B2P
2025-01-13 06:53:00	220	DoubleUp	DXC4B2P
2025-01-13 07:01:00	101	DoubleDown	DXC4B2P
2025-01-13 07:11:00	169	DoubleUp	DXC4B2P
2025-01-13 07:21:00	171	SingleUp	DXC4B2P
2025-01-13 07:28:00	177	DoubleUp	DXC4B2P
2025-01-13 07:38:00	114	DoubleDown	DXC4B2P
2025-01-13 07:46:00	106	DoubleDown	DXC4B2P
2025-01-13 07:56:00	119	DoubleUp	DXC4B2P
2025-01-13 08:06:00	197	DoubleUp	DXC4B2P
2025-01-13 08:14:00	133	DoubleDown	DXC4B2P
2025-01-13 08:22:00	80	DoubleDown	DXC4B2P
2025-01-13 08:32:00	76	DoubleDown	DXC4B2P
2025-01-13 08:40:00	109	DoubleUp	DXC4B2P
2025-01-13 08:49:00	127	DoubleUp	DXC4B2P
2025-01-13 08:59:00	169	DoubleUp	DXC4B2P
2025-01-13 09:09:00	212	DoubleUp	DXC4B2P
2025-01-13 09:16:00	68	DoubleDown	DXC4B2P
2025-01-13 09:26:00	156	DoubleUp	DXC4B2P
2025-01-13 09:33:00	161	DoubleUp	DXC4B2P
2025-01-13 09:43:00	165	DoubleUp	DXC4B2P
2025-01-13 09:50:00	143	DoubleDown	DXC4B2P
2025-01-13 09:58:00	103	DoubleDown	DXC4B2P
2025-01-13 10:06:00	94	DoubleDown	DXC4B2P
2025-01-13 10:14:00	75	DoubleDown	DXC4B2P
2025-01-13 10:24:00	199	DoubleUp	DXC4B2P
2025-01-13 10:33:00	130	DoubleDown	DXC4B2P
2025-01-13 10:42:00	164	DoubleUp	DXC4B2P
2025-01-13 10:49:00	119	DoubleDown	DXC4B2P
2025-01-13 10:57:00	202	DoubleUp	DXC4B2P
2025-01-13 11:05:00	156	DoubleDown	DXC4B2P
2025-01-13 11:15:00	99	DoubleDown	DXC4B2P
2025-01-13 11:23:00	161	DoubleUp	DXC4B2P
2025-01-13 11:31:00	115	DoubleDown	DXC4B2P
2025-01-13 11:39:00	171	DoubleUp	DXC4B2P
2025-01-13 11:49:00	194	DoubleUp	DXC4B2P
2025-01-13 11:56:00	162	DoubleDown	DXC4B2P
2025-01-13 12:04:00	170	DoubleUp	DXC4B2P
2025-01-13 12:13:00	84	DoubleDown	DXC4B2P
2025-01-13 12:22:00	142	DoubleUp	DXC4B2P
2025-01-13 12:32:00	288	DoubleUp	DXC4B2P
2025-01-13 12:40:00	104	DoubleDown	DXC4B2P
2025-01-13 12:47:00	71	DoubleDown	DXC4B2P
2025-01-13 12:57:00	93	DoubleUp	DXC4B2P
2025-01-13 13:07:00	144	DoubleUp	DXC4B2P
2025-01-13 13:16:00	195	DoubleUp	DXC4B2P
2025-01-13 13:25:00	136	DoubleDown	DXC4B2P
2025-01-13 13:32:00	110	DoubleDown	DXC4B2P
2025-01-13 13:39:00	178	DoubleUp	DXC4B2P
2025-01-13 13:47:00	103	DoubleDown	DXC4B2P
2025-01-13 13:56:00	123	DoubleUp	DXC4B2P
2025-01-13 14:04:00	62	DoubleDown	DXC4B2P
2025-01-13 14:13:00	173	DoubleUp	DXC4B2P
2025-01-13 14:22:00	253	DoubleUp	DXC4B2P
2025-01-13 14:30:00	163	DoubleDown	DXC4B2P
2025-01-13 14:37:00	96	DoubleDown	DXC4B2P
2025-01-13 14:46:00	226	DoubleUp	DXC4B2P
2025-01-13 14:54:00	154	DoubleDown	DXC4B2P
2025-01-13 15:02:00	142	DoubleDown	DXC4B2P
2025-01-13 15:10:00	156	DoubleUp	DXC4B2P
2025-01-13 15:17:00	99	DoubleDown	DXC4B2P
2025-01-13 15:25:00	95	DoubleDown	DXC4B2P
2025-01-13 15:35:00	139	DoubleUp	DXC4B2P
2025-01-13 15:45:00	116	DoubleDown	DXC4B2P
2025-01-13 15:55:00	54	DoubleDown	DXC4B2P
2025-01-13 16:04:00	130	DoubleUp	DXC4B2P
2025-01-13 16:14:00	126	DoubleDown	DXC4B2P
2025-01-13 16:24:00	103	DoubleDown	DXC4B2P
2025-01-13 16:34:00	139	DoubleUp	DXC4B2P
2025-01-13 16:43:00	233	DoubleUp	DXC4B2P
2025-01-13 16:51:00	144	DoubleDown	DXC4B2P
2025-01-13 16:58:00	147	SingleUp	DXC4B2P
2025-01-13 17:06:00	118	DoubleDown	DXC4B2P
2025-01-13 17:15:00	161	DoubleUp	DXC4B2P
2025-01-13 17:23:00	80	DoubleDown	DXC4B2P
2025-01-13 17:30:00	167	DoubleUp	DXC4B2P
2025-01-13 17:39:00	130	DoubleDown	DXC4B2P
2025-01-13 17:48:00	78	DoubleDown	DXC4B2P
2025-01-13 17:57:00	74	DoubleDown	DXC4B2P
2025-01-13 18:07:00	218	DoubleUp	DXC4B2P
2025-01-13 18:14:00	61	DoubleDown	DXC4B2P
2025-01-13 18:21:00	245	DoubleUp	DXC4B2P
2025-01-13 18:28:00	169	DoubleDown	DXC4B2P
2025-01-13 18:38:00	166	SingleDown	DXC4B2P
2025-01-13 18:45:00	91	DoubleDown	DXC4B2P
2025-01-13 18:55:00	157	DoubleUp	DXC4B2P
2025-01-13 19:05:00	119	DoubleDown	DXC4B2P
2025-01-13 19:12:00	81	DoubleDown	DXC4B2P
2025-01-13 19:21:00	147	DoubleUp	DXC4B2P
2025-01-13 19:28:00	231	DoubleUp	DXC4B2P
2025-01-13 19:37:00	109	DoubleDown	DXC4B2P
2025-01-13 19:46:00	140	DoubleUp	DXC4B2P
2025-01-13 19:54:00	157	DoubleUp	DXC4B2P
2025-01-13 20:02:00	210	DoubleUp	DXC4B2P
2025-01-13 20:11:00	79	DoubleDown	DXC4B2P
2025-01-13 20:18:00	87	DoubleUp	DXC4B2P
2025-01-13 20:28:00	94	DoubleUp	DXC4B2P
2025-01-13 20:38:00	113	DoubleUp	DXC4B2P
2025-01-13 20:48:00	98	DoubleDown	DXC4B2P
2025-01-13 20:57:00	166	DoubleUp	DXC4B2P
2025-01-13 21:07:00	103	DoubleDown	DXC4B2P
2025-01-13 21:17:00	171	DoubleUp	DXC4B2P
2025-01-13 21:25:00	145	DoubleDown	DXC4B2P
2025-01-13 21:35:00	191	DoubleUp	DXC4B2P
2025-01-13 21:42:00	167	DoubleDown	DXC4B2P
2025-01-13 21:52:00	92	DoubleDown	DXC4B2P
2025-01-13 22:00:00	157	DoubleUp	DXC4B2P
2025-01-13 22:08:00	95	DoubleDown	DXC4B2P
2025-01-13 22:17:00	250	DoubleUp	DXC4B2P
2025-01-13 22:27:00	80	DoubleDown	DXC4B2P
2025-01-13 22:36:00	218	DoubleUp	DXC4B2P
2025-01-13 22:46:00	136	DoubleDown	DXC4B2P
2025-01-13 22:54:00	206	DoubleUp	DXC4B2P
2025-01-13 23:03:00	112	DoubleDown	DXC4B2P
2025-01-13 23:12:00	78	DoubleDown	DXC4B2P
2025-01-13 23:22:00	193	DoubleUp	DXC4B2P
2025-01-13 23:32:00	89	DoubleDown	DXC4B2P
2025-01-13 23:39:00	47	DoubleDown	DXC4B2P
2025-01-13 23:49:00	92	DoubleUp	DXC4B2P
2025-01-13 23:57:00	238	DoubleUp	DXC4B2P
2025-01-14 00:06:00	234	DoubleDown	DXC4B2P
2025-01-14 00:15:00	106	DoubleDown	DXC4B2P
2025-01-14 00:22:00	207	DoubleUp	DXC4B2P
2025-01-14 00:32:00	92	DoubleDown	DXC4B2P
2025-01-14 00:40:00	224	DoubleUp	DXC4B2P
2025-01-14 00:47:00	41	DoubleDown	DXC4B2P
2025-01-14 00:54:00	80	DoubleUp	DXC4B2P
2025-01-14 01:02:00	185	DoubleUp	DXC4B2P
2025-01-14 01:10:00	96	DoubleDown	DXC4B2P
2025-01-14 01:19:00	102	DoubleUp	DXC4B2P
2025-01-14 01:26:00	140	DoubleUp	DXC4B2P
2025-01-14 01:33:00	126	DoubleDown	DXC4B2P
2025-01-14 01:41:00	249	DoubleUp	DXC4B2P
2025-01-14 01:49:00	221	DoubleDown	DXC4B2P
2025-01-14 01:56:00	242	DoubleUp	DXC4B2P
2025-01-14 02:03:00	238	DoubleDown	DXC4B2P
2025-01-14 02:11:00	208	DoubleDown	DXC4B2P
2025-01-14 02:19:00	73	DoubleDown	DXC4B2P
2025-01-14 02:29:00	248	DoubleUp	DXC4B2P
2025-01-14 02:39:00	208	DoubleDown	DXC4B2P
2025-01-14 02:49:00	71	DoubleDown	DXC4B2P
2025-01-14 02:59:00	141	DoubleUp	DXC4B2P
2025-01-14 03:08:00	105	DoubleDown	DXC4B2P
2025-01-14 03:18:00	257	DoubleUp	DXC4B2P
2025-01-14 03:25:00	144	DoubleDown	DXC4B2P
2025-01-14 03:34:00	151	DoubleUp	DXC4B2P
2025-01-14 03:43:00	177	DoubleUp	DXC4B2P
2025-01-14 03:52:00	83	DoubleDown	DXC4B2P
2025-01-14 04:00:00	289	DoubleUp	DXC4B2P
2025-01-14 04:08:00	290	Flat	DXC4B2P
2025-01-14 04:18:00	84	DoubleDown	DXC4B2P
2025-01-14 04:25:00	96	DoubleUp	DXC4B2P
2025-01-14 04:32:00	164	DoubleUp	DXC4B2P
2025-01-14 04:39:00	150	DoubleDown	DXC4B2P
2025-01-14 04:48:00	99	DoubleDown	DXC4B2P
2025-01-14 04:57:00	203	DoubleUp	DXC4B2P
2025-01-14 05:06:00	281	DoubleUp	DXC4B2P
2025-01-14 05:14:00	112	DoubleDown	DXC4B2P
2025-01-14 05:24:00	96	DoubleDown	DXC4B2P
2025-01-14 05:34:00	266	DoubleUp	DXC4B2P
2025-01-14 05:41:00	170	DoubleDown	DXC4B2P
2025-01-14 05:49:00	197	DoubleUp	DXC4B2P
2025-01-14 05:58:00	214	DoubleUp	DXC4B2P
2025-01-14 06:06:00	243	DoubleUp	DXC4B2P
2025-01-14 06:15:00	83	DoubleDown	DXC4B2P
2025-01-14 06:24:00	144	DoubleUp	DXC4B2P
2025-01-14 06:33:00	115	DoubleDown	DXC4B2P
2025-01-14 06:42:00	82	DoubleDown	DXC4B2P
2025-01-14 06:49:00	138	DoubleUp	DXC4B2P
2025-01-14 06:59:00	85	DoubleDown	DXC4B2P
2025-01-14 07:09:00	265	DoubleUp	DXC4B2P
2025-01-14 07:19:00	168	DoubleDown	DXC4B2P
2025-01-14 07:29:00	168	Flat	DXC4B2P
2025-01-14 07:36:00	165	SingleDown	DXC4B2P
2025-01-14 07:43:00	133	DoubleDown	DXC4B2P
2025-01-14 07:53:00	177	DoubleUp	DXC4B2P
2025-01-14 08:01:00	222	DoubleUp	DXC4B2P
2025-01-14 08:08:00	79	DoubleDown	DXC4B2P
2025-01-14 08:18:00	92	DoubleUp	DXC4B2P
2025-01-14 08:25:00	143	DoubleUp	DXC4B2P
2025-01-14 08:35:00	146	SingleUp	DXC4B2P
2025-01-14 08:42:00	138	DoubleDown	DXC4B2P
2025-01-14 08:50:00	94	DoubleDown	DXC4B2P
2025-01-14 08:59:00	161	DoubleUp	DXC4B2P
2025-01-14 09:09:00	191	DoubleUp	DXC4B2P
2025-01-14 09:19:00	156	DoubleDown	DXC4B2P
2025-01-14 09:29:00	101	DoubleDown	DXC4B2P
2025-01-14 09:37:00	131	DoubleUp	DXC4B2P
2025-01-14 09:44:00	140	DoubleUp	DXC4B2P
2025-01-14 09:52:00	113	DoubleDown	DXC4B2P
2025-01-14 09:59:00	156	DoubleUp	DXC4B2P
2025-01-14 10:08:00	110	DoubleDown	DXC4B2P
2025-01-14 10:17:00	156	DoubleUp	DXC4B2P
2025-01-14 10:24:00	163	DoubleUp	DXC4B2P
2025-01-14 10:33:00	86	DoubleDown	DXC4B2P
2025-01-14 10:42:00	231	DoubleUp	DXC4B2P
2025-01-14 10:52:00	102	DoubleDown	DXC4B2P
2025-01-14 11:01:00	97	DoubleDown	DXC4B2P
2025-01-14 11:11:00	244	DoubleUp	DXC4B2P
2025-01-14 11:19:00	142	DoubleDown	DXC4B2P
2025-01-14 11:29:00	169	DoubleUp	DXC4B2P
2025-01-14 11:37:00	109	DoubleDown	DXC4B2P
2025-01-14 11:44:00	242	DoubleUp	DXC4B2P
2025-01-14 11:54:00	259	DoubleUp	DXC4B2P
2025-01-14 12:01:00	247	DoubleDown	DXC4B2P
2025-01-14 12:09:00	91	DoubleDown	DXC4B2P
2025-01-14 12:18:00	280	DoubleUp	DXC4B2P
2025-01-14 12:28:00	217	DoubleDown	DXC4B2P
2025-01-14 12:35:00	178	DoubleDown	DXC4B2P
2025-01-14 12:42:00	79	DoubleDown	DXC4B2P
2025-01-14 12:50:00	131	DoubleUp	DXC4B2P
2025-01-14 12:59:00	42	DoubleDown	DXC4B2P
2025-01-14 13:08:00	141	DoubleUp	DXC4B2P
2025-01-14 13:15:00	159	DoubleUp	DXC4B2P
2025-01-14 13:25:00	93	DoubleDown	DXC4B2P
2025-01-14 13:35:00	170	DoubleUp	DXC4B2P
2025-01-14 13:42:00	211	DoubleUp	DXC4B2P
2025-01-14 13:51:00	172	DoubleDown	DXC4B2P
2025-01-14 14:00:00	74	DoubleDown	DXC4B2P
2025-01-14 14:10:00	108	DoubleUp	DXC4B2P
2025-01-14 14:17:00	105	SingleDown	DXC4B2P
2025-01-14 14:27:00	82	DoubleDown	DXC4B2P
2025-01-14 14:34:00	91	DoubleUp	DXC4B2P
2025-01-14 14:41:00	95	DoubleUp	DXC4B2P
2025-01-14 14:48:00	88	DoubleDown	DXC4B2P
2025-01-14 14:57:00	216	DoubleUp	DXC4B2P
2025-01-14 15:05:00	117	DoubleDown	DXC4B2P
2025-01-14 15:12:00	263	DoubleUp	DXC4B2P
2025-01-14 15:20:00	78	DoubleDown	DXC4B2P
2025-01-14 15:27:00	150	DoubleUp	DXC4B2P
2025-01-14 15:37:00	73	DoubleDown	DXC4B2P
2025-01-14 15:47:00	76	SingleUp	DXC4B2P
2025-01-14 15:55:00	111	DoubleUp	DXC4B2P
2025-01-14 16:04:00	201	DoubleUp	DXC4B2P
2025-01-14 16:12:00	159	DoubleDown	DXC4B2P
2025-01-14 16:21:00	85	DoubleDown	DXC4B2P
2025-01-14 16:29:00	161	DoubleUp	DXC4B2P
2025-01-14 16:38:00	101	DoubleDown	DXC4B2P
2025-01-14 16:46:00	113	DoubleUp	DXC4B2P
2025-01-14 16:53:00	105	DoubleDown	DXC4B2P
2025-01-14 17:02:00	126	DoubleUp	DXC4B2P
2025-01-14 17:12:00	100	DoubleDown	DXC4B2P