Name:John Doe	Date Range:2025-01-01 - 2025-01-14
Timestamp	Glucose Value (mg/dL)	Trend Arrow	Transmitter ID
2025-01-01 00:00:00	76	Flat	DXC4B2P
2025-01-01 00:07:00	153	DoubleUp	DXC4B2P
2025-01-01 00:14:00	178	DoubleUp	DXC4B2P
2025-01-01 00:21:00	87	DoubleDown	DXC4B2P
2025-01-01 00:29:00	233	DoubleUp	DXC4B2P
2025-01-01 00:38:00	83	DoubleDown	DXC4B2P
2025-01-01 00:46:00	85	SingleUp	DXC4B2P
2025-01-01 00:56:00	85	Flat	DXC4B2P
2025-01-01 01:06:00	133	DoubleUp	DXC4B2P
2025-01-01 01:14:00	165	DoubleUp	DXC4B2P
2025-01-01 01:22:00	267	DoubleUp	DXC4B2P
2025-01-01 01:31:00	165	DoubleDown	DXC4B2P
2025-01-01 01:40:00	100	DoubleDown	DXC4B2P
2025-01-01 01:48:00	173	DoubleUp	DXC4B2P
2025-01-01 01:56:00	180	DoubleUp	DXC4B2P
2025-01-01 02:06:00	190	DoubleUp	DXC4B2P
2025-01-01 02:13:00	79	DoubleDown	DXC4B2P
2025-01-01 02:20:00	103	DoubleUp	DXC4B2P
2025-01-01 02:28:00	173	DoubleUp	DXC4B2P
2025-01-01 02:36:00	168	DoubleDown	DXC4B2P
2025-01-01 02:46:00	81	DoubleDown	DXC4B2P
2025-01-01 02:55:00	43	DoubleDown	DXC4B2P
2025-01-01 03:03:00	89	DoubleUp	DXC4B2P
2025-01-01 03:12:00	82	DoubleDown	DXC4B2P
2025-01-01 03:20:00	185	DoubleUp	DXC4B2P
2025-01-01 03:29:00	163	DoubleDown	DXC4B2P
2025-01-01 03:36:00	172	DoubleUp	DXC4B2P
2025-01-01 03:43:00	101	DoubleDown	DXC4B2P
2025-01-01 03:51:00	196	DoubleUp	DXC4B2P
2025-01-01 04:01:00	253	DoubleUp	DXC4B2P
2025-01-01 04:08:00	84	DoubleDown	DXC4B2P
2025-01-01 04:15:00	80	DoubleDown	DXC4B2P
2025-01-01 04:23:00	99	DoubleUp	DXC4B2P
2025-01-01 04:33:00	156	DoubleUp	DXC4B2P
2025-01-01 04:41:00	119	DoubleDown	DXC4B2P
2025-01-01 04:51:00	67	DoubleDown	DXC4B2P
2025-01-01 05:00:00	106	DoubleUp	DXC4B2P
2025-01-01 05:10:00	118	DoubleUp	DXC4B2P
2025-01-01 05:20:00	83	DoubleDown	DXC4B2P
2025-01-01 05:27:00	167	DoubleUp	DXC4B2P
2025-01-01 05:37:00	87	DoubleDown	DXC4B2P
2025-01-01 05:47:00	112	DoubleUp	DXC4B2P
2025-01-01 05:54:00	81	DoubleDown	DXC4B2P
2025-01-01 06:03:00	89	DoubleUp	DXC4B2P
2025-01-01 06:13:00	103	DoubleUp	DXC4B2P
2025-01-01 06:23:00	197	DoubleUp	DXC4B2P
2025-01-01 06:33:00	104	DoubleDown	DXC4B2P
2025-01-01 06:41:00	146	DoubleUp	DXC4B2P
2025-01-01 06:50:00	73	DoubleDown	DXC4B2P
2025-01-01 06:57:00	177	DoubleUp	DXC4B2P
2025-01-01 07:06:00	82	DoubleDown	DXC4B2P
2025-01-01 07:16:00	164	DoubleUp	DXC4B2P
2025-01-01 07:25:00	141	DoubleDown	DXC4B2P
2025-01-01 07:34:00	141	Flat	DXC4B2P
2025-01-01 07:43:00	183	DoubleUp	DXC4B2P
2025-01-01 07:51:00	250	DoubleUp	DXC4B2P
2025-01-01 07:59:00	62	DoubleDown	DXC4B2P
2025-01-01 08:09:00	111	DoubleUp	DXC4B2P
2025-01-01 08:16:00	260	DoubleUp	DXC4B2P
2025-01-01 08:25:00	164	DoubleDown	DXC4B2P
2025-01-01 08:33:00	104	DoubleDown	DXC4B2P
2025-01-01 08:41:00	228	DoubleUp	DXC4B2P
2025-01-01 08:48:00	184	DoubleDown	DXC4B2P
2025-01-01 08:58:00	180	DoubleDown	DXC4B2P
2025-01-01 09:08:00	221	DoubleUp	DXC4B2P
2025-01-01 09:17:00	142	DoubleDown	DXC4B2P
2025-01-01 09:27:00	154	DoubleUp	DXC4B2P
2025-01-01 09:37:00	170	DoubleUp	DXC4B2P
2025-01-01 09:46:00	142	DoubleDown	DXC4B2P
2025-01-01 09:55:00	120	DoubleDown	DXC4B2P
2025-01-01 10:04:00	137	DoubleUp	DXC4B2P
2025-01-01 10:12:00	140	SingleUp	DXC4B2P
2025-01-01 10:20:00	83	DoubleDown	DXC4B2P
2025-01-01 10:27:00	207	DoubleUp	DXC4B2P
2025-01-01 10:35:00	233	DoubleUp	DXC4B2P
2025-01-01 10:43:00	137	DoubleDown	DXC4B2P
2025-01-01 10:52:00	160	DoubleUp	DXC4B2P
2025-01-01 11:00:00	131	DoubleDown	DXC4B2P
2025-01-01 11:08:00	77	DoubleDown	DXC4B2P
2025-01-01 11:16:00	73	DoubleDown	DXC4B2P
2025-01-01 11:25:00	287	DoubleUp	DXC4B2P
2025-01-01 11:35:00	123	DoubleDown	DXC4B2P
2025-01-01 11:43:00	228	DoubleUp	DXC4B2P
2025-01-01 11:52:00	254	DoubleUp	DXC4B2P
2025-01-01 12:02:00	222	DoubleDown	DXC4B2P
2025-01-01 12:11:00	153	DoubleDown	DXC4B2P
2025-01-01 12:21:00	130	DoubleDown	DXC4B2P
2025-01-01 12:31:00	107	DoubleDown	DXC4B2P
2025-01-01 12:39:00	124	DoubleUp	DXC4B2P
2025-01-01 12:47:00	138	DoubleUp	DXC4B2P
2025-01-01 12:54:00	124	DoubleDown	DXC4B2P
2025-01-01 13:02:00	44	DoubleDown	DXC4B2P
2025-01-01 13:11:00	84	DoubleUp	DXC4B2P
2025-01-01 13:19:00	139	DoubleUp	DXC4B2P
2025-01-01 13:27:00	234	DoubleUp	DXC4B2P
2025-01-01 13:37:00	157	DoubleDown	DXC4B2P
2025-01-01 13:44:00	177	DoubleUp	DXC4B2P
2025-01-01 13:52:00	122	DoubleDown	DXC4B2P
2025-01-01 14:02:00	156	DoubleUp	DXC4B2P
2025-01-01 14:12:00	121	DoubleDown	DXC4B2P
2025-01-01 14:21:00	122	Flat	DXC4B2P
2025-01-01 14:28:00	89	DoubleDown	DXC4B2P
2025-01-01 14:36:00	66	DoubleDown	DXC4B2P
2025-01-01 14:46:00	258	DoubleUp	DXC4B2P
2025-01-01 14:55:00	89	DoubleDown	DXC4B2P
2025-01-01 15:03:00	146	DoubleUp	DXC4B2P
2025-01-01 15:12:00	78	DoubleDown	DXC4B2P
2025-01-01 15:21:00	117	DoubleUp	DXC4B2P
2025-01-01 15:28:00	172	DoubleUp	DXC4B2P
2025-01-01 15:38:00	160	DoubleDown	DXC4B2P
2025-01-01 15:48:00	106	DoubleDown	DXC4B2P
2025-01-01 15:58:00	50	DoubleDown	DXC4B2P
2025-01-01 16:08:00	117	DoubleUp	DXC4B2P
2025-01-01 16:18:00	83	DoubleDown	DXC4B2P
2025-01-01 16:27:00	95	DoubleUp	DXC4B2P
2025-01-01 16:37:00	233	DoubleUp	DXC4B2P
2025-01-01 16:44:00	164	DoubleDown	DXC4B2P
2025-01-01 16:53:00	156	DoubleDown	DXC4B2P
2025-01-01 17:02:00	140	DoubleDown	DXC4B2P
2025-01-01 17:12:00	168	DoubleUp	DXC4B2P
2025-01-01 17:21:00	285	DoubleUp	DXC4B2P
2025-01-01 17:29:00	91	DoubleDown	DXC4B2P
2025-01-01 17:36:00	171	DoubleUp	DXC4B2P
2025-01-01 17:45:00	133	DoubleDown	DXC4B2P
2025-01-01 17:55:00	131	SingleDown	DXC4B2P
2025-01-01 18:04:00	144	DoubleUp	DXC4B2P
2025-01-01 18:11:00	153	DoubleUp	DXC4B2P
2025-01-01 18:20:00	120	DoubleDown	DXC4B2P
2025-01-01 18:27:00	82	DoubleDown	DXC4B2P
2025-01-01 18:35:00	151	DoubleUp	DXC4B2P
2025-01-01 18:43:00	214	DoubleUp	DXC4B2P
2025-01-01 18:50:00	107	DoubleDown	DXC4B2P
2025-01-01 19:00:00	235	DoubleUp	DXC4B2P
2025-01-01 19:08:00	92	DoubleDown	DXC4B2P
2025-01-01 19:15:00	184	DoubleUp	DXC4B2P
2025-01-01 19:22:00	267	DoubleUp	DXC4B2P
2025-01-01 19:29:00	159	DoubleDown	DXC4B2P
2025-01-01 19:39:00	85	DoubleDown	DXC4B2P
2025-01-01 19:47:00	129	DoubleUp	DXC4B2P
2025-01-01 19:55:00	163	DoubleUp	DXC4B2P
2025-01-01 20:05:00	283	DoubleUp	DXC4B2P
2025-01-01 20:13:00	204	DoubleDown	DXC4B2P
2025-01-01 20:21:00	284	DoubleUp	DXC4B2P
2025-01-01 20:28:00	241	DoubleDown	DXC4B2P
2025-01-01 20:36:00	173	DoubleDown	DXC4B2P
2025-01-01 20:45:00	139	DoubleDown	DXC4B2P
2025-01-01 20:55:00	204	DoubleUp	DXC4B2P
2025-01-01 21:02:00	166	DoubleDown	DXC4B2P
2025-01-01 21:10:00	89	DoubleDown	DXC4B2P
2025-01-01 21:19:00	47	DoubleDown	DXC4B2P
2025-01-01 21:28:00	128	DoubleUp	DXC4B2P
2025-01-01 21:35:00	165	DoubleUp	DXC4B2P
2025-01-01 21:44:00	146	DoubleDown	DXC4B2P
2025-01-01 21:51:00	171	DoubleUp	DXC4B2P
2025-01-01 22:00:00	156	DoubleDown	DXC4B2P
2025-01-01 22:07:00	95	DoubleDown	DXC4B2P
2025-01-01 22:15:00	214	DoubleUp	DXC4B2P
2025-01-01 22:22:00	72	DoubleDown	DXC4B2P
2025-01-01 22:29:00	74	SingleUp	DXC4B2P
2025-01-01 22:38:00	129	DoubleUp	DXC4B2P
2025-01-01 22:48:00	141	DoubleUp	DXC4B2P
2025-01-01 22:55:00	91	DoubleDown	DXC4B2P
2025-01-01 23:03:00	243	DoubleUp	DXC4B2P
2025-01-01 23:11:00	136	DoubleDown	DXC4B2P
2025-01-01 23:19:00	179	DoubleUp	DXC4B2P
2025-01-01 23:28:00	142	DoubleDown	DXC4B2P
2025-01-01 23:35:00	156	DoubleUp	DXC4B2P
2025-01-01 23:44:00	116	DoubleDown	DXC4B2P
2025-01-01 23:54:00	86	DoubleDown	DXC4B2P
2025-01-02 00:03:00	180	DoubleUp	DXC4B2P
2025-01-02 00:12:00	156	DoubleDown	DXC4B2P
2025-01-02 00:22:00	244	DoubleUp	DXC4B2P
2025-01-02 00:31:00	186	DoubleDown	DXC4B2P
2025-01-02 00:41:00	213	DoubleUp	DXC4B2P
2025-01-02 00:51:00	134	DoubleDown	DXC4B2P
2025-01-02 01:00:00	82	DoubleDown	DXC4B2P
2025-01-02 01:09:00	229	DoubleUp	DXC4B2P
2025-01-02 01:17:00	139	DoubleDown	DXC4B2P
2025-01-02 01:27:00	79	DoubleDown	DXC4B2P
2025-01-02 01:36:00	72	DoubleDown	DXC4B2P
2025-01-02 01:43:00	68	DoubleDown	DXC4B2P
2025-01-02 01:51:00	77	DoubleUp	DXC4B2P
2025-01-02 01:59:00	284	DoubleUp	DXC4B2P
2025-01-02 02:07:00	101	DoubleDown	DXC4B2P
2025-01-02 02:14:00	152	DoubleUp	DXC4B2P
2025-01-02 02:21:00	153	Flat	DXC4B2P
2025-01-02 02:28:00	202	DoubleUp	DXC4B2P
2025-01-02 02:35:00	111	DoubleDown	DXC4B2P
2025-01-02 02:43:00	249	DoubleUp	DXC4B2P
2025-01-02 02:50:00	151	DoubleDown	DXC4B2P
2025-01-02 02:59:00	110	DoubleDown	DXC4B2P
2025-01-02 03:06:00	249	DoubleUp	DXC4B2P
2025-01-02 03:14:00	289	DoubleUp	DXC4B2P
2025-01-02 03:23:00	185	DoubleDown	DXC4B2P
2025-01-02 03:33:00	83	DoubleDown	DXC4B2P
2025-01-02 03:43:00	151	DoubleUp	DXC4B2P
2025-01-02 03:53:00	236	DoubleUp	DXC4B2P
2025-01-02 04:02:00	154	DoubleDown	DXC4B2P
2025-01-02 04:12:00	125	DoubleDown	DXC4B2P
2025-01-02 04:19:00	242	DoubleUp	DXC4B2P
2025-01-02 04:27:00	73	DoubleDown	DXC4B2P
2025-01-02 04:34:00	121	DoubleUp	DXC4B2P
2025-01-02 04:42:00	285	DoubleUp	DXC4B2P
2025-01-02 04:50:00	170	DoubleDown	DXC4B2P
2025-01-02 04:57:00	142	DoubleDown	DXC4B2P
2025-01-02 05:04:00	100	DoubleDown	DXC4B2P
2025-01-02 05:13:00	103	SingleUp	DXC4B2P
2025-01-02 05:23:00	225	DoubleUp	DXC4B2P
2025-01-02 05:32:00	70	DoubleDown	DXC4B2P
2025-01-02 05:39:00	113	DoubleUp	DXC4B2P
2025-01-02 05:47:00	74	DoubleDown	DXC4B2P
2025-01-02 05:57:00	115	DoubleUp	DXC4B2P
2025-01-02 06:07:00	125	DoubleUp	DXC4B2P
2025-01-02 06:15:00	171	DoubleUp	DXC4B2P
2025-01-02 06:24:00	219	DoubleUp	DXC4B2P
2025-01-02 06:31:00	92	DoubleDown	DXC4B2P
2025-01-02 06:41:00	169	DoubleUp	DXC4B2P
2025-01-02 06:51:00	120	DoubleDown	DXC4B2P
2025-01-02 06:59:00	127	DoubleUp	DXC4B2P
2025-01-02 07:08:00	123	DoubleDown	DXC4B2P
2025-01-02 07:16:00	180	DoubleUp	DXC4B2P
2025-01-02 07:24:00	185	DoubleUp	DXC4B2P
2025-01-02 07:34:00	283	DoubleUp	DXC4B2P
2025-01-02 07:42:00	138	DoubleDown	DXC4B2P
2025-01-02 07:52:00	79	DoubleDown	DXC4B2P
2025-01-02 08:00:00	149	DoubleUp	DXC4B2P
2025-01-02 08:08:00	91	DoubleDown	DXC4B2P
2025-01-02 08:16:00	172	DoubleUp	DXC4B2P
2025-01-02 08:23:00	172	Flat	DXC4B2P
2025-01-02 08:30:00	97	DoubleDown	DXC4B2P
2025-01-02 08:39:00	131	DoubleUp	DXC4B2P
2025-01-02 08:47:00	88	DoubleDown	DXC4B2P
2025-01-02 08:56:00	125	DoubleUp	DXC4B2P
2025-01-02 09:04:00	139	DoubleUp	DXC4B2P
2025-01-02 09:13:00	216	DoubleUp	DXC4B2P
2025-01-02 09:22:00	160	DoubleDown	DXC4B2P
2025-01-02 09:29:00	122	DoubleDown	DXC4B2P
2025-01-02 09:39:00	204	DoubleUp	DXC4B2P
2025-01-02 09:47:00	167	DoubleDown	DXC4B2P
2025-01-02 09:57:00	80	DoubleDown	DXC4B2P
2025-01-02 10:05:00	252	DoubleUp	DXC4B2P
2025-01-02 10:15:00	82	DoubleDown	DXC4B2P
2025-01-02 10:22:00	155	DoubleUp	DXC4B2P
2025-01-02 10:29:00	236	DoubleUp	DXC4B2P
2025-01-02 10:38:00	141	DoubleDown	DXC4B2P
2025-01-02 10:45:00	203	DoubleUp	DXC4B2P
2025-01-02 10:52:00	225	DoubleUp	DXC4B2P
2025-01-02 11:00:00	105	DoubleDown	DXC4B2P
2025-01-02 11:07:00	200	DoubleUp	DXC4B2P
2025-01-02 11:17:00	173	DoubleDown	DXC4B2P
2025-01-02 11:27:00	95	DoubleDown	DXC4B2P
2025-01-02 11:37:00	77	DoubleDown	DXC4B2P
2025-01-02 11:45:00	81	DoubleUp	DXC4B2P
2025-01-02 11:54:00	115	DoubleUp	DXC4B2P
2025-01-02 12:01:00	189	DoubleUp	DXC4B2P
2025-01-02 12:10:00	91	DoubleDown	DXC4B2P
2025-01-02 12:17:00	86	DoubleDown	DXC4B2P
2025-01-02 12:25:00	81	DoubleDown	DXC4B2P
2025-01-02 12:32:00	59	DoubleDown	DXC4B2P
2025-01-02 12:42:00	142	DoubleUp	DXC4B2P
2025-01-02 12:50:00	104	DoubleDown	DXC4B2P
2025-01-02 12:59:00	127	DoubleUp	DXC4B2P
2025-01-02 13:08:00	83	DoubleDown	DXC4B2P
2025-01-02 13:15:00	174	DoubleUp	DXC4B2P
2025-01-02 13:25:00	214	DoubleUp	DXC4B2P
2025-01-02 13:34:00	229	DoubleUp	DXC4B2P
2025-01-02 13:42:00	140	DoubleDown	DXC4B2P
2025-01-02 13:52:00	138	SingleDown	DXC4B2P
2025-01-02 13:59:00	210	DoubleUp	DXC4B2P
2025-01-02 14:08:00	129	DoubleDown	DXC4B2P
2025-01-02 14:17:00	104	DoubleDown	DXC4B2P
2025-01-02 14:25:00	78	DoubleDown	DXC4B2P
2025-01-02 14:32:00	99	DoubleUp	DXC4B2P
2025-01-02 14:41:00	102	SingleUp	DXC4B2P
2025-01-02 14:51:00	193	DoubleUp	DXC4B2P
2025-01-02 15:01:00	131	DoubleDown	DXC4B2P
2025-01-02 15:11:00	114	DoubleDown	DXC4B2P
2025-01-02 15:18:00	87	DoubleDown	DXC4B2P
2025-01-02 15:28:00	173	DoubleUp	DXC4B2P
2025-01-02 15:37:00	136	DoubleDown	DXC4B2P
2025-01-02 15:47:00	96	DoubleDown	DXC4B2P
2025-01-02 15:57:00	194	DoubleUp	DXC4B2P
2025-01-02 16:04:00	72	DoubleDown	DXC4B2P
2025-01-02 16:14:00	73	Flat	DXC4B2P
2025-01-02 16:24:00	173	DoubleUp	DXC4B2P
2025-01-02 16:33:00	80	DoubleDown	DXC4B2P
2025-01-02 16:41:00	235	DoubleUp	DXC4B2P
2025-01-02 16:51:00	231	DoubleDown	DXC4B2P
2025-01-02 17:01:00	172	DoubleDown	DXC4B2P
2025-01-02 17:08:00	154	DoubleDown	DXC4B2P
2025-01-02 17:16:00	148	DoubleDown	DXC4B2P
2025-01-02 17:23:00	256	DoubleUp	DXC4B2P
2025-01-02 17:31:00	223	DoubleDown	DXC4B2P
2025-01-02 17:38:00	176	DoubleDown	DXC4B2P
2025-01-02 17:46:00	292	DoubleUp	DXC4B2P
2025-01-02 17:55:00	189	DoubleDown	DXC4B2P
2025-01-02 18:05:00	86	DoubleDown	DXC4B2P
2025-01-02 18:15:00	103	DoubleUp	DXC4B2P
2025-01-02 18:22:00	214	DoubleUp	DXC4B2P
2025-01-02 18:32:00	173	DoubleDown	DXC4B2P
2025-01-02 18:42:00	70	DoubleDown	DXC4B2P
2025-01-02 18:52:00	213	DoubleUp	DXC4B2P
2025-01-02 19:00:00	86	DoubleDown	DXC4B2P
2025-01-02 19:09:00	125	DoubleUp	DXC4B2P
2025-01-02 19:17:00	100	DoubleDown	DXC4B2P
2025-01-02 19:27:00	176	DoubleUp	DXC4B2P
2025-01-02 19:34:00	76	DoubleDown	DXC4B2P
2025-01-02 19:44:00	95	DoubleUp	DXC4B2P
2025-01-02 19:52:00	205	DoubleUp	DXC4B2P
2025-01-02 20:02:00	143	DoubleDown	DXC4B2P
2025-01-02 20:11:00	46	DoubleDown	DXC4B2P
2025-01-02 20:18:00	172	DoubleUp	DXC4B2P
2025-01-02 20:28:00	123	DoubleDown	DXC4B2P
2025-01-02 20:38:00	104	DoubleDown	DXC4B2P
2025-01-02 20:46:00	41	DoubleDown	DXC4B2P
2025-01-02 20:55:00	164	DoubleUp	DXC4B2P
2025-01-02 21:02:00	215	DoubleUp	DXC4B2P
2025-01-02 21:12:00	74	DoubleDown	DXC4B2P
2025-01-02 21:21:00	91	DoubleUp	DXC4B2P
2025-01-02 21:31:00	72	DoubleDown	DXC4B2P
2025-01-02 21:41:00	280	DoubleUp	DXC4B2P
2025-01-02 21:50:00	135	DoubleDown	DXC4B2P
2025-01-02 22:00:00	93	DoubleDown	DXC4B2P
2025-01-02 22:07:00	143	DoubleUp	DXC4B2P
2025-01-02 22:15:00	193	DoubleUp	DXC4B2P
2025-01-02 22:22:00	65	DoubleDown	DXC4B2P
2025-01-02 22:30:00	243	DoubleUp	DXC4B2P
2025-01-02 22:38:00	121	DoubleDown	DXC4B2P
2025-01-02 22:45:00	123	SingleUp	DXC4B2P
2025-01-02 22:53:00	157	DoubleUp	DXC4B2P
2025-01-02 23:03:00	105	DoubleDown	DXC4B2P
2025-01-02 23:10:00	145	DoubleUp	DXC4B2P
2025-01-02 23:20:00	155	DoubleUp	DXC4B2P
2025-01-02 23:29:00	119	DoubleDown	DXC4B2P
2025-01-02 23:36:00	111	DoubleDown	DXC4B2P
2025-01-02 23:44:00	242	DoubleUp	DXC4B2P
2025-01-02 23:52:00	85	DoubleDown	DXC4B2P
2025-01-03 00:01:00	243	DoubleUp	DXC4B2P
2025-01-03 00:10:00	202	DoubleDown	DXC4B2P
2025-01-03 00:20:00	131	DoubleDown	DXC4B2P
2025-01-03 00:29:00	104	DoubleDown	DXC4B2P
2025-01-03 00:38:00	281	DoubleUp	DXC4B2P
2025-01-03 00:45:00	76	DoubleDown	DXC4B2P
2025-01-03 00:55:00	101	DoubleUp	DXC4B2P
2025-01-03 01:03:00	75	DoubleDown	DXC4B2P
2025-01-03 01:13:00	178	DoubleUp	DXC4B2P
2025-01-03 01:21:00	254	DoubleUp	DXC4B2P
2025-01-03 01:30:00	175	DoubleDown	DXC4B2P
2025-01-03 01:37:00	108	DoubleDown	DXC4B2P
2025-01-03 01:46:00	162	DoubleUp	DXC4B2P
2025-01-03 01:55:00	165	SingleUp	DXC4B2P
2025-01-03 02:04:00	161	DoubleDown	DXC4B2P
2025-01-03 02:13:00	285	DoubleUp	DXC4B2P
2025-01-03 02:20:00	163	DoubleDown	DXC4B2P
2025-01-03 02:29:00	228	DoubleUp	DXC4B2P
2025-01-03 02:39:00	178	DoubleDown	DXC4B2P
2025-01-03 02:46:00	230	DoubleUp	DXC4B2P
2025-01-03 02:56:00	194	DoubleDown	DXC4B2P
2025-01-03 03:04:00	144	DoubleDown	DXC4B2P
2025-01-03 03:13:00	114	DoubleDown	DXC4B2P
2025-01-03 03:23:00	252	DoubleUp	DXC4B2P
2025-01-03 03:31:00	159	DoubleDown	DXC4B2P
2025-01-03 03:40:00	126	DoubleDown	DXC4B2P
2025-01-03 03:49:00	173	DoubleUp	DXC4B2P
2025-01-03 03:58:00	75	DoubleDown	DXC4B2P
2025-01-03 04:05:00	215	DoubleUp	DXC4B2P
2025-01-03 04:13:00	97	DoubleDown	DXC4B2P
2025-01-03 04:21:00	92	DoubleDown	DXC4B2P
2025-01-03 04:29:00	95	SingleUp	DXC4B2P
2025-01-03 04:36:00	232	DoubleUp	DXC4B2P
2025-01-03 04:45:00	118	DoubleDown	DXC4B2P
2025-01-03 04:54:00	103	DoubleDown	DXC4B2P
2025-01-03 05:01:00	111	DoubleUp	DXC4B2P
2025-01-03 05:08:00	80	DoubleDown	DXC4B2P
2025-01-03 05:18:00	212	DoubleUp	DXC4B2P
2025-01-03 05:25:00	85	DoubleDown	DXC4B2P
2025-01-03 05:32:00	219	DoubleUp	DXC4B2P
2025-01-03 05:40:00	183	DoubleDown	DXC4B2P
2025-01-03 05:48:00	187	DoubleUp	DXC4B2P
2025-01-03 05:56:00	82	DoubleDown	DXC4B2P
2025-01-03 06:03:00	237	DoubleUp	DXC4B2P
2025-01-03 06:13:00	161	DoubleDown	DXC4B2P
2025-01-03 06:20:00	91	DoubleDown	DXC4B2P
2025-01-03 06:27:00	102	DoubleUp	DXC4B2P
2025-01-03 06:35:00	149	DoubleUp	DXC4B2P
2025-01-03 06:43:00	85	DoubleDown	DXC4B2P
2025-01-03 06:53:00	77	DoubleDown	DXC4B2P
2025-01-03 07:00:00	134	DoubleUp	DXC4B2P
2025-01-03 07:09:00	156	DoubleUp	DXC4B2P
2025-01-03 07:18:00	136	DoubleDown	DXC4B2P
2025-01-03 07:28:00	219	DoubleUp	DXC4B2P
2025-01-03 07:35:00	126	DoubleDown	DXC4B2P
2025-01-03 07:42:00	145	DoubleUp	DXC4B2P
2025-01-03 07:50:00	120	DoubleDown	DXC4B2P
2025-01-03 07:58:00	143	DoubleUp	DXC4B2P
2025-01-03 08:07:00	76	DoubleDown	DXC4B2P
2025-01-03 08:17:00	65	DoubleDown	DXC4B2P
2025-01-03 08:27:00	114	DoubleUp	DXC4B2P
2025-01-03 08:36:00	246	DoubleUp	DXC4B2P
2025-01-03 08:46:00	145	DoubleDown	DXC4B2P
2025-01-03 08:56:00	82	DoubleDown	DXC4B2P
2025-01-03 09:03:00	120	DoubleUp	DXC4B2P
2025-01-03 09:12:00	198	DoubleUp	DXC4B2P
2025-01-03 09:21:00	212	DoubleUp	DXC4B2P
2025-01-03 09:31:00	71	DoubleDown	DXC4B2P
2025-01-03 09:40:00	180	DoubleUp	DXC4B2P
2025-01-03 09:49:00	171	DoubleDown	DXC4B2P
2025-01-03 09:56:00	76	DoubleDown	DXC4B2P
2025-01-03 10:06:00	249	DoubleUp	DXC4B2P
2025-01-03 10:16:00	107	DoubleDown	DXC4B2P
2025-01-03 10:23:00	46	DoubleDown	DXC4B2P
2025-01-03 10:32:00	75	DoubleUp	DXC4B2P
2025-01-03 10:40:00	162	DoubleUp	DXC4B2P
2025-01-03 10:49:00	138	DoubleDown	DXC4B2P
2025-01-03 10:56:00	105	DoubleDown	DXC4B2P
2025-01-03 11:03:00	111	DoubleUp	DXC4B2P
2025-01-03 11:12:00	131	DoubleUp	DXC4B2P
2025-01-03 11:22:00	89	DoubleDown	DXC4B2P
2025-01-03 11:32:00	133	DoubleUp	DXC4B2P
2025-01-03 11:40:00	90	DoubleDown	DXC4B2P
2025-01-03 11:49:00	286	DoubleUp	DXC4B2P
2025-01-03 11:59:00	91	DoubleDown	DXC4B2P
2025-01-03 12:07:00	40	DoubleDown	DXC4B2P
2025-01-03 12:15:00	225	DoubleUp	DXC4B2P
2025-01-03 12:25:00	241	DoubleUp	DXC4B2P
2025-01-03 12:34:00	107	DoubleDown	DXC4B2P
2025-01-03 12:41:00	140	DoubleUp	DXC4B2P
2025-01-03 12:50:00	144	DoubleUp	DXC4B2P
2025-01-03 12:59:00	146	SingleUp	DXC4B2P
2025-01-03 13:06:00	261	DoubleUp	DXC4B2P
2025-01-03 13:13:00	63	DoubleDown	DXC4B2P
2025-01-03 13:23:00	133	DoubleUp	DXC4B2P
2025-01-03 13:32:00	155	DoubleUp	DXC4B2P
2025-01-03 13:39:00	115	DoubleDown	DXC4B2P
2025-01-03 13:49:00	84	DoubleDown	DXC4B2P
2025-01-03 13:57:00	73	DoubleDown	DXC4B2P
2025-01-03 14:04:00	286	DoubleUp	DXC4B2P
2025-01-03 14:13:00	176	DoubleDown	DXC4B2P
2025-01-03 14:23:00	141	DoubleDown	DXC4B2P
2025-01-03 14:30:00	102	DoubleDown	DXC4B2P
2025-01-03 14:40:00	170	DoubleUp	DXC4B2P
2025-01-03 14:48:00	175	DoubleUp	DXC4B2P
2025-01-03 14:56:00	84	DoubleDown	DXC4B2P
2025-01-03 15:05:00	198	DoubleUp	DXC4B2P
2025-01-03 15:15:00	104	DoubleDown	DXC4B2P
2025-01-03 15:24:00	136	DoubleUp	DXC4B2P
2025-01-03 15:32:00	132	DoubleDown	DXC4B2P
2025-01-03 15:41:00	249	DoubleUp	DXC4B2P
2025-01-03 15:48:00	297	DoubleUp	DXC4B2P
2025-01-03 15:55:00	239	DoubleDown	DXC4B2P
2025-01-03 16:03:00	84	DoubleDown	DXC4B2P
2025-01-03 16:12:00	72	DoubleDown	DXC4B2P
2025-01-03 16:20:00	183	DoubleUp	DXC4B2P
2025-01-03 16:28:00	94	DoubleDown	DXC4B2P
2025-01-03 16:35:00	198	DoubleUp	DXC4B2P
2025-01-03 16:42:00	133	DoubleDown	DXC4B2P
2025-01-03 16:50:00	101	DoubleDown	DXC4B2P
2025-01-03 16:58:00	221	DoubleUp	DXC4B2P
2025-01-03 17:06:00	110	DoubleDown	DXC4B2P
2025-01-03 17:14:00	77	DoubleDown	DXC4B2P
2025-01-03 17:24:00	139	DoubleUp	DXC4B2P
2025-01-03 17:33:00	127	DoubleDown	DXC4B2P
2025-01-03 17:41:00	243	DoubleUp	DXC4B2P
2025-01-03 17:49:00	87	DoubleDown	DXC4B2P
2025-01-03 17:56:00	217	DoubleUp	DXC4B2P
2025-01-03 18:03:00	124	DoubleDown	DXC4B2P
2025-01-03 18:13:00	147	DoubleUp	DXC4B2P
2025-01-03 18:23:00	170	DoubleUp	DXC4B2P
2025-01-03 18:30:00	117	DoubleDown	DXC4B2P
2025-01-03 18:39:00	143	DoubleUp	DXC4B2P
2025-01-03 18:46:00	133	DoubleDown	DXC4B2P
2025-01-03 18:53:00	138	DoubleUp	DXC4B2P
2025-01-03 19:02:00	222	DoubleUp	DXC4B2P
2025-01-03 19:12:00	147	DoubleDown	DXC4B2P
2025-01-03 19:20:00	70	DoubleDown	DXC4B2P
2025-01-03 19:30:00	99	DoubleUp	DXC4B2P
2025-01-03 19:38:00	81	DoubleDown	DXC4B2P
2025-01-03 19:48:00	180	DoubleUp	DXC4B2P
2025-01-03 19:57:00	227	DoubleUp	DXC4B2P
2025-01-03 20:05:00	250	DoubleUp	DXC4B2P
2025-01-03 20:15:00	92	DoubleDown	DXC4B2P
2025-01-03 20:25:00	191	DoubleUp	DXC4B2P
2025-01-03 20:32:00	177	DoubleDown	DXC4B2P
2025-01-03 20:42:00	178	Flat	DXC4B2P
2025-01-03 20:51:00	89	DoubleDown	DXC4B2P
2025-01-03 21:00:00	130	DoubleUp	DXC4B2P
2025-01-03 21:10:00	128	SingleDown	DXC4B2P
2025-01-03 21:20:00	170	DoubleUp	DXC4B2P
2025-01-03 21:28:00	74	DoubleDown	DXC4B2P
2025-01-03 21:37:00	136	DoubleUp	DXC4B2P
2025-01-03 21:45:00	119	DoubleDown	DXC4B2P
2025-01-03 21:53:00	168	DoubleUp	DXC4B2P
2025-01-03 22:03:00	107	DoubleDown	DXC4B2P
2025-01-03 22:11:00	180	DoubleUp	DXC4B2P
2025-01-03 22:20:00	85	DoubleDown	DXC4B2P
2025-01-03 22:27:00	166	DoubleUp	DXC4B2P
2025-01-03 22:34:00	105	DoubleDown	DXC4B2P
2025-01-03 22:43:00	214	DoubleUp	DXC4B2P
2025-01-03 22:53:00	160	DoubleDown	DXC4B2P
2025-01-03 23:02:00	136	DoubleDown	DXC4B2P
2025-01-03 23:12:00	125	DoubleDown	DXC4B2P
2025-01-03 23:22:00	147	DoubleUp	DXC4B2P
2025-01-03 23:31:00	264	DoubleUp	DXC4B2P
2025-01-03 23:38:00	63	DoubleDown	DXC4B2P
2025-01-03 23:46:00	246	DoubleUp	DXC4B2P
2025-01-03 23:55:00	160	DoubleDown	DXC4B2P
2025-01-04 00:04:00	248	DoubleUp	DXC4B2P
2025-01-04 00:12:00	180	DoubleDown	DXC4B2P
2025-01-04 00:20:00	225	DoubleUp	DXC4B2P
2025-01-04 00:29:00	128	DoubleDown	DXC4B2P
2025-01-04 00:39:00	76	DoubleDown	DXC4B2P
2025-01-04 00:49:00	136	DoubleUp	DXC4B2P
2025-01-04 00:58:00	89	DoubleDown	DXC4B2P
2025-01-04 01:07:00	203	DoubleUp	DXC4B2P
2025-01-04 01:14:00	128	DoubleDown	DXC4B2P
2025-01-04 01:21:00	81	DoubleDown	DXC4B2P
2025-01-04 01:31:00	70	DoubleDown	DXC4B2P
2025-01-04 01:40:00	190	DoubleUp	DXC4B2P
2025-01-04 01:49:00	153	DoubleDown	DXC4B2P
2025-01-04 01:58:00	199	DoubleUp	DXC4B2P
2025-01-04 02:06:00	206	DoubleUp	DXC4B2P
2025-01-04 02:15:00	163	DoubleDown	DXC4B2P
2025-01-04 02:22:00	226	DoubleUp	DXC4B2P
2025-01-04 02:31:00	244	DoubleUp	DXC4B2P
2025-01-04 02:41:00	200	DoubleDown	DXC4B2P
2025-01-04 02:51:00	132	DoubleDown	DXC4B2P
2025-01-04 03:01:00	237	DoubleUp	DXC4B2P
2025-01-04 03:11:00	107	DoubleDown	DXC4B2P
2025-01-04 03:19:00	295	DoubleUp	DXC4B2P
2025-01-04 03:28:00	182	DoubleDown	DXC4B2P
2025-01-04 03:35:00	96	DoubleDown	DXC4B2P
2025-01-04 03:42:00	145	DoubleUp	DXC4B2P
2025-01-04 03:52:00	128	DoubleDown	DXC4B2P
2025-01-04 04:02:00	92	DoubleDown	DXC4B2P
2025-01-04 04:09:00	75	DoubleDown	DXC4B2P
2025-01-04 04:19:00	275	DoubleUp	DXC4B2P
2025-01-04 04:26:00	61	DoubleDown	DXC4B2P
2025-01-04 04:33:00	163	DoubleUp	DXC4B2P
2025-01-04 04:42:00	101	DoubleDown	DXC4B2P
2025-01-04 04:50:00	161	DoubleUp	DXC4B2P
2025-01-04 04:57:00	136	DoubleDown	DXC4B2P
2025-01-04 05:07:00	90	DoubleDown	DXC4B2P
2025-01-04 05:16:00	77	DoubleDown	DXC4B2P
2025-01-04 05:23:00	187	DoubleUp	DXC4B2P
2025-01-04 05:30:00	125	DoubleDown	DXC4B2P
2025-01-04 05:38:00	148	DoubleUp	DXC4B2P
2025-01-04 05:48:00	96	DoubleDown	DXC4B2P
2025-01-04 05:57:00	285	DoubleUp	DXC4B2P
2025-01-04 06:04:00	158	DoubleDown	DXC4B2P
2025-01-04 06:11:00	294	DoubleUp	DXC4B2P
2025-01-04 06:21:00	79	DoubleDown	DXC4B2P
2025-01-04 06:31:00	166	DoubleUp	DXC4B2P
2025-01-04 06:38:00	70	DoubleDown	DXC4B2P
2025-01-04 06:45:00	100	DoubleUp	DXC4B2P
2025-01-04 06:53:00	182	DoubleUp	DXC4B2P
2025-01-04 07:02:00	263	DoubleUp	DXC4B2P
2025-01-04 07:12:00	97	DoubleDown	DXC4B2P
2025-01-04 07:19:00	101	DoubleUp	DXC4B2P
2025-01-04 07:29:00	174	DoubleUp	DXC4B2P
2025-01-04 07:38:00	108	DoubleDown	DXC4B2P
2025-01-04 07:45:00	161	DoubleUp	DXC4B2P
2025-01-04 07:52:00	179	DoubleUp	DXC4B2P
2025-01-04 07:59:00	96	DoubleDown	DXC4B2P
2025-01-04 08:08:00	120	DoubleUp	DXC4B2P
2025-01-04 08:17:00	141	DoubleUp	DXC4B2P
2025-01-04 08:24:00	145	DoubleUp	DXC4B2P
2025-01-04 08:31:00	215	DoubleUp	DXC4B2P
2025-01-04 08:39:00	268	DoubleUp	DXC4B2P
2025-01-04 08:47:00	97	DoubleDown	DXC4B2P
2025-01-04 08:54:00	112	DoubleUp	DXC4B2P
2025-01-04 09:03:00	175	DoubleUp	DXC4B2P
2025-01-04 09:11:00	115	DoubleDown	DXC4B2P
2025-01-04 09:19:00	93	DoubleDown	DXC4B2P
2025-01-04 09:28:00	150	DoubleUp	DXC4B2P
2025-01-04 09:36:00	147	SingleDown	DXC4B2P
2025-01-04 09:44:00	96	DoubleDown	DXC4B2P
2025-01-04 09:53:00	225	DoubleUp	DXC4B2P
2025-01-04 10:03:00	161	DoubleDown	DXC4B2P
2025-01-04 10:12:00	162	Flat	DXC4B2P
2025-01-04 10:20:00	167	DoubleUp	DXC4B2P
2025-01-04 10:28:00	88	DoubleDown	DXC4B2P
2025-01-04 10:35:00	279	DoubleUp	DXC4B2P
2025-01-04 10:44:00	139	DoubleDown	DXC4B2P
2025-01-04 10:51:00	104	DoubleDown	DXC4B2P
2025-01-04 10:59:00	197	DoubleUp	DXC4B2P
2025-01-04 11:07:00	54	DoubleDown	DXC4B2P
2025-01-04 11:17:00	108	DoubleUp	DXC4B2P
2025-01-04 11:24:00	123	DoubleUp	DXC4B2P
2025-01-04 11:31:00	100	DoubleDown	DXC4B2P
2025-01-04 11:39:00	152	DoubleUp	DXC4B2P
2025-01-04 11:47:00	155	SingleUp	DXC4B2P
2025-01-04 11:54:00	134	DoubleDown	DXC4B2P
2025-01-04 12:02:00	148	DoubleUp	DXC4B2P
2025-01-04 12:11:00	193	DoubleUp	DXC4B2P
2025-01-04 12:20:00	123	DoubleDown	DXC4B2P
2025-01-04 12:27:00	223	DoubleUp	DXC4B2P
2025-01-04 12:36:00	203	DoubleDown	DXC4B2P
2025-01-04 12:43:00	121	DoubleDown	DXC4B2P
2025-01-04 12:50:00	120	Flat	DXC4B2P
2025-01-04 12:59:00	201	DoubleUp	DXC4B2P
2025-01-04 13:08:00	214	DoubleUp	DXC4B2P
2025-01-04 13:16:00	102	DoubleDown	DXC4B2P
2025-01-04 13:25:00	205	DoubleUp	DXC4B2P
2025-01-04 13:33:00	143	DoubleDown	DXC4B2P
2025-01-04 13:42:00	119	DoubleDown	DXC4B2P
2025-01-04 13:51:00	54	DoubleDown	DXC4B2P
2025-01-04 13:59:00	294	DoubleUp	DXC4B2P
2025-01-04 14:09:00	113	DoubleDown	DXC4B2P
2025-01-04 14:17:00	127	DoubleUp	DXC4B2P
2025-01-04 14:24:00	85	DoubleDown	DXC4B2P
2025-01-04 14:33:00	171	DoubleUp	DXC4B2P
2025-01-04 14:41:00	107	DoubleDown	DXC4B2P
2025-01-04 14:51:00	105	SingleDown	DXC4B2P
2025-01-04 14:58:00	225	DoubleUp	DXC4B2P
2025-01-04 15:08:00	111	DoubleDown	DXC4B2P
2025-01-04 15:18:00	146	DoubleUp	DXC4B2P
2025-01-04 15:25:00	198	DoubleUp	DXC4B2P
2025-01-04 15:35:00	274	DoubleUp	DXC4B2P
2025-01-04 15:43:00	149	DoubleDown	DXC4B2P
2025-01-04 15:51:00	213	DoubleUp	DXC4B2P
2025-01-04 15:59:00	206	DoubleDown	DXC4B2P
2025-01-04 16:09:00	125	DoubleDown	DXC4B2P
2025-01-04 16:18:00	227	DoubleUp	DXC4B2P
2025-01-04 16:26:00	93	DoubleDown	DXC4B2P
2025-01-04 16:33:00	214	DoubleUp	DXC4B2P
2025-01-04 16:41:00	64	DoubleDown	DXC4B2P
2025-01-04 16:51:00	96	DoubleUp	DXC4B2P
2025-01-04 16:58:00	128	DoubleUp	DXC4B2P
2025-01-04 17:06:00	190	DoubleUp	DXC4B2P
2025-01-04 17:15:00	88	DoubleDown	DXC4B2P
2025-01-04 17:23:00	170	DoubleUp	DXC4B2P
2025-01-04 17:30:00	149	DoubleDown	DXC4B2P
2025-01-04 17:38:00	158	DoubleUp	DXC4B2P
2025-01-04 17:45:00	154	DoubleDown	DXC4B2P
2025-01-04 17:54:00	81	DoubleDown	DXC4B2P
2025-01-04 18:03:00	84	SingleUp	DXC4B2P
2025-01-04 18:13:00	76	DoubleDown	DXC4B2P
2025-01-04 18:23:00	176	DoubleUp	DXC4B2P
2025-01-04 18:33:00	126	DoubleDown	DXC4B2P
2025-01-04 18:40:00	157	DoubleUp	DXC4B2P
2025-01-04 18:48:00	162	DoubleUp	DXC4B2P
2025-01-04 18:56:00	248	DoubleUp	DXC4B2P
2025-01-04 19:05:00	98	DoubleDown	DXC4B2P
2025-01-04 19:12:00	125	DoubleUp	DXC4B2P
2025-01-04 19:21:00	122	SingleDown	DXC4B2P
2025-01-04 19:28:00	256	DoubleUp	DXC4B2P
2025-01-04 19:35:00	117	DoubleDown	DXC4B2P
2025-01-04 19:45:00	141	DoubleUp	DXC4B2P
2025-01-04 19:55:00	197	DoubleUp	DXC4B2P
2025-01-04 20:03:00	162	DoubleDown	DXC4B2P
2025-01-04 20:10:00	161	Flat	DXC4B2P
2025-01-04 20:19:00	135	DoubleDown	DXC4B2P
2025-01-04 20:27:00	96	DoubleDown	DXC4B2P
2025-01-04 20:36:00	122	DoubleUp	DXC4B2P
2025-01-04 20:45:00	237	DoubleUp	DXC4B2P
2025-01-04 20:55:00	269	DoubleUp	DXC4B2P
2025-01-04 21:03:00	141	DoubleDown	DXC4B2P
2025-01-04 21:12:00	149	DoubleUp	DXC4B2P
2025-01-04 21:22:00	144	DoubleDown	DXC4B2P
2025-01-04 21:30:00	75	DoubleDown	DXC4B2P
2025-01-04 21:38:00	84	DoubleUp	DXC4B2P
2025-01-04 21:46:00	132	DoubleUp	DXC4B2P
2025-01-04 21:56:00	162	DoubleUp	DXC4B2P
2025-01-04 22:05:00	223	DoubleUp	DXC4B2P
2025-01-04 22:14:00	118	DoubleDown	DXC4B2P
2025-01-04 22:22:00	104	DoubleDown	DXC4B2P
2025-01-04 22:29:00	275	DoubleUp	DXC4B2P
2025-01-04 22:37:00	281	DoubleUp	DXC4B2P
2025-01-04 22:47:00	122	DoubleDown	DXC4B2P
2025-01-04 22:55:00	226	DoubleUp	DXC4B2P
2025-01-04 23:02:00	113	DoubleDown	DXC4B2P
2025-01-04 23:10:00	241	DoubleUp	DXC4B2P
2025-01-04 23:18:00	109	DoubleDown	DXC4B2P
2025-01-04 23:25:00	102	DoubleDown	DXC4B2P
2025-01-04 23:32:00	72	DoubleDown	DXC4B2P
2025-01-04 23:41:00	135	DoubleUp	DXC4B2P
2025-01-04 23:49:00	45	DoubleDown	DXC4B2P
2025-01-04 23:56:00	233	DoubleUp	DXC4B2P
2025-01-05 00:04:00	73	DoubleDown	DXC4B2P
2025-01-05 00:11:00	55	DoubleDown	DXC4B2P
2025-01-05 00:19:00	124	DoubleUp	DXC4B2P
2025-01-05 00:28:00	175	DoubleUp	DXC4B2P
2025-01-05 00:35:00	136	DoubleDown	DXC4B2P
2025-01-05 00:45:00	272	DoubleUp	DXC4B2P
2025-01-05 00:54:00	272	Flat	DXC4B2P
2025-01-05 01:01:00	176	DoubleDown	DXC4B2P
2025-01-05 01:11:00	121	DoubleDown	DXC4B2P
2025-01-05 01:19:00	157	DoubleUp	DXC4B2P
2025-01-05 01:26:00	136	DoubleDown	DXC4B2P
2025-01-05 01:33:00	142	DoubleUp	DXC4B2P
2025-01-05 01:43:00	108	DoubleDown	DXC4B2P
2025-01-05 01:50:00	67	DoubleDown	DXC4B2P
2025-01-05 02:00:00	139	DoubleUp	DXC4B2P
2025-01-05 02:07:00	147	DoubleUp	DXC4B2P
2025-01-05 02:15:00	60	DoubleDown	DXC4B2P
2025-01-05 02:24:00	246	DoubleUp	DXC4B2P
2025-01-05 02:31:00	74	DoubleDown	DXC4B2P
2025-01-05 02:40:00	195	DoubleUp	DXC4B2P
2025-01-05 02:48:00	160	DoubleDown	DXC4B2P
2025-01-05 02:58:00	102	DoubleDown	DXC4B2P
2025-01-05 03:06:00	152	DoubleUp	DXC4B2P
2025-01-05 03:15:00	167	DoubleUp	DXC4B2P
2025-01-05 03:25:00	195	DoubleUp	DXC4B2P
2025-01-05 03:33:00	205	DoubleUp	DXC4B2P
2025-01-05 03:41:00	224	DoubleUp	DXC4B2P
2025-01-05 03:48:00	179	DoubleDown	DXC4B2P
2025-01-05 03:55:00	89	DoubleDown	DXC4B2P
2025-01-05 04:04:00	80	DoubleDown	DXC4B2P
2025-01-05 04:11:00	222	DoubleUp	DXC4B2P
2025-01-05 04:21:00	160	DoubleDown	DXC4B2P
2025-01-05 04:31:00	161	Flat	DXC4B2P
2025-01-05 04:40:00	267	DoubleUp	DXC4B2P
2025-01-05 04:49:00	98	DoubleDown	DXC4B2P
2025-01-05 04:58:00	85	DoubleDown	DXC4B2P
2025-01-05 05:06:00	218	DoubleUp	DXC4B2P
2025-01-05 05:13:00	101	DoubleDown	DXC4B2P
2025-01-05 05:20:00	203	DoubleUp	DXC4B2P
2025-01-05 05:30:00	243	DoubleUp	DXC4B2P
2025-01-05 05:39:00	116	DoubleDown	DXC4B2P
2025-01-05 05:47:00	212	DoubleUp	DXC4B2P
2025-01-05 05:55:00	78	DoubleDown	DXC4B2P
2025-01-05 06:03:00	87	DoubleUp	DXC4B2P
2025-01-05 06:12:00	174	DoubleUp	DXC4B2P
2025-01-05 06:22:00	169	DoubleDown	DXC4B2P
2025-01-05 06:29:00	149	DoubleDown	DXC4B2P
2025-01-05 06:39:00	153	DoubleUp	DXC4B2P
2025-01-05 06:49:00	144	DoubleDown	DXC4B2P
2025-01-05 06:58:00	87	DoubleDown	DXC4B2P
2025-01-05 07:08:00	120	DoubleUp	DXC4B2P
2025-01-05 07:18:00	194	DoubleUp	DXC4B2P
2025-01-05 07:27:00	112	DoubleDown	DXC4B2P
2025-01-05 07:37:00	134	DoubleUp	DXC4B2P
2025-01-05 07:46:00	142	DoubleUp	DXC4B2P
2025-01-05 07:56:00	166	DoubleUp	DXC4B2P
2025-01-05 08:04:00	211	DoubleUp	DXC4B2P
2025-01-05 08:12:00	79	DoubleDown	DXC4B2P
2025-01-05 08:21:00	226	DoubleUp	DXC4B2P
2025-01-05 08:28:00	157	DoubleDown	DXC4B2P
2025-01-05 08:35:00	197	DoubleUp	DXC4B2P
2025-01-05 08:42:00	201	DoubleUp	DXC4B2P
2025-01-05 08:52:00	105	DoubleDown	DXC4B2P
2025-01-05 09:02:00	86	DoubleDown	DXC4B2P
2025-01-05 09:09:00	76	DoubleDown	DXC4B2P
2025-01-05 09:18:00	164	DoubleUp	DXC4B2P
2025-01-05 09:28:00	248	DoubleUp	DXC4B2P
2025-01-05 09:36:00	65	DoubleDown	DXC4B2P
2025-01-05 09:45:00	86	DoubleUp	DXC4B2P
2025-01-05 09:52:00	157	DoubleUp	DXC4B2P
2025-01-05 10:00:00	217	DoubleUp	DXC4B2P
2025-01-05 10:07:00	86	DoubleDown	DXC4B2P
2025-01-05 10:14:00	112	DoubleUp	DXC4B2P
2025-01-05 10:23:00	144	DoubleUp	DXC4B2P
2025-01-05 10:30:00	87	DoubleDown	DXC4B2P
2025-01-05 10:38:00	210	DoubleUp	DXC4B2P
2025-01-05 10:47:00	137	DoubleDown	DXC4B2P
2025-01-05 10:56:00	207	DoubleUp	DXC4B2P
2025-01-05 11:03:00	128	DoubleDown	DXC4B2P
2025-01-05 11:12:00	163	DoubleUp	DXC4B2P
2025-01-05 11:20:00	129	DoubleDown	DXC4B2P
2025-01-05 11:30:00	153	DoubleUp	DXC4B2P
2025-01-05 11:37:00	142	DoubleDown	DXC4B2P
2025-01-05 11:45:00	123	DoubleDown	DXC4B2P
2025-01-05 11:54:00	97	DoubleDown	DXC4B2P
2025-01-05 12:04:00	293	DoubleUp	DXC4B2P
2025-01-05 12:11:00	227	DoubleDown	DXC4B2P
2025-01-05 12:18:00	242	DoubleUp	DXC4B2P
2025-01-05 12:27:00	77	DoubleDown	DXC4B2P
2025-01-05 12:36:00	154	DoubleUp	DXC4B2P
2025-01-05 12:45:00	149	DoubleDown	DXC4B2P
2025-01-05 12:55:00	134	DoubleDown	DXC4B2P
2025-01-05 13:02:00	130	DoubleDown	DXC4B2P
2025-01-05 13:11:00	93	DoubleDown	DXC4B2P
2025-01-05 13:18:00	72	DoubleDown	DXC4B2P
2025-01-05 13:26:00	109	DoubleUp	DXC4B2P
2025-01-05 13:35:00	100	DoubleDown	DXC4B2P
2025-01-05 13:42:00	100	Flat	DXC4B2P
2025-01-05 13:49:00	210	DoubleUp	DXC4B2P
2025-01-05 13:57:00	183	DoubleDown	DXC4B2P
2025-01-05 14:05:00	118	DoubleDown	DXC4B2P
2025-01-05 14:12:00	246	DoubleUp	DXC4B2P
2025-01-05 14:22:00	234	DoubleDown	DXC4B2P
2025-01-05 14:31:00	134	DoubleDown	DXC4B2P
2025-01-05 14:38:00	161	DoubleUp	DXC4B2P
2025-01-05 14:48:00	118	DoubleDown	DXC4B2P
2025-01-05 14:58:00	148	DoubleUp	DXC4B2P
2025-01-05 15:07:00	53	DoubleDown	DXC4B2P
2025-01-05 15:16:00	84	DoubleUp	DXC4B2P
2025-01-05 15:25:00	60	DoubleDown	DXC4B2P
2025-01-05 15:35:00	248	DoubleUp	DXC4B2P
2025-01-05 15:42:00	81	DoubleDown	DXC4B2P
2025-01-05 15:52:00	136	DoubleUp	DXC4B2P
2025-01-05 16:00:00	166	DoubleUp	DXC4B2P
2025-01-05 16:07:00	129	DoubleDown	DXC4B2P
2025-01-05 16:17:00	88	DoubleDown	DXC4B2P
2025-01-05 16:26:00	86	SingleDown	DXC4B2P
2025-01-05 16:34:00	250	DoubleUp	DXC4B2P
2025-01-05 16:41:00	211	DoubleDown	DXC4B2P
2025-01-05 16:49:00	119	DoubleDown	DXC4B2P
2025-01-05 16:56:00	182	DoubleUp	DXC4B2P
2025-01-05 17:03:00	156	DoubleDown	DXC4B2P
2025-01-05 17:10:00	136	DoubleDown	DXC4B2P
2025-01-05 17:20:00	231	DoubleUp	DXC4B2P
2025-01-05 17:27:00	104	DoubleDown	DXC4B2P
2025-01-05 17:37:00	146	DoubleUp	DXC4B2P
2025-01-05 17:45:00	121	DoubleDown	DXC4B2P
2025-01-05 17:55:00	144	DoubleUp	DXC4B2P
2025-01-05 18:02:00	144	Flat	DXC4B2P
2025-01-05 18:12:00	192	DoubleUp	DXC4B2P
2025-01-05 18:21:00	163	DoubleDown	DXC4B2P
2025-01-05 18:29:00	264	DoubleUp	DXC4B2P
2025-01-05 18:38:00	265	Flat	DXC4B2P
2025-01-05 18:45:00	201	DoubleDown	DXC4B2P
2025-01-05 18:53:00	267	DoubleUp	DXC4B2P
2025-01-05 19:02:00	226	DoubleDown	DXC4B2P
2025-01-05 19:10:00	71	DoubleDown	DXC4B2P
2025-01-05 19:17:00	158	DoubleUp	DXC4B2P
2025-01-05 19:27:00	114	DoubleDown	DXC4B2P
2025-01-05 19:34:00	132	DoubleUp	DXC4B2P
2025-01-05 19:41:00	210	DoubleUp	DXC4B2P
2025-01-05 19:51:00	127	DoubleDown	DXC4B2P
2025-01-05 20:00:00	258	DoubleUp	DXC4B2P
2025-01-05 20:07:00	73	DoubleDown	DXC4B2P
2025-01-05 20:14:00	100	DoubleUp	DXC4B2P
2025-01-05 20:22:00	264	DoubleUp	DXC4B2P
2025-01-05 20:30:00	179	DoubleDown	DXC4B2P
2025-01-05 20:38:00	196	DoubleUp	DXC4B2P
2025-01-05 20:46:00	91	DoubleDown	DXC4B2P
2025-01-05 20:53:00	174	DoubleUp	DXC4B2P
2025-01-05 21:01:00	127	DoubleDown	DXC4B2P
2025-01-05 21:11:00	96	DoubleDown	DXC4B2P
2025-01-05 21:18:00	92	DoubleDown	DXC4B2P
2025-01-05 21:28:00	154	DoubleUp	DXC4B2P
2025-01-05 21:38:00	137	DoubleDown	DXC4B2P
2025-01-05 21:46:00	138	Flat	DXC4B2P
2025-01-05 21:54:00	188	DoubleUp	DXC4B2P
2025-01-05 22:01:00	168	DoubleDown	DXC4B2P
2025-01-05 22:09:00	186	DoubleUp	DXC4B2P
2025-01-05 22:16:00	78	DoubleDown	DXC4B2P
2025-01-05 22:26:00	137	DoubleUp	DXC4B2P
2025-01-05 22:34:00	230	DoubleUp	DXC4B2P
2025-01-05 22:43:00	55	DoubleDown	DXC4B2P
2025-01-05 22:51:00	158	DoubleUp	DXC4B2P
2025-01-05 23:00:00	157	Flat	DXC4B2P
2025-01-05 23:09:00	84	DoubleDown	DXC4B2P
2025-01-05 23:16:00	147	DoubleUp	DXC4B2P
2025-01-05 23:24:00	110	DoubleDown	DXC4B2P
2025-01-05 23:31:00	171	DoubleUp	DXC4B2P
2025-01-05 23:40:00	200	DoubleUp	DXC4B2P
2025-01-05 23:48:00	192	DoubleDown	DXC4B2P
2025-01-05 23:57:00	101	DoubleDown	DXC4B2P
2025-01-06 00:05:00	112	DoubleUp	DXC4B2P
2025-01-06 00:15:00	128	DoubleUp	DXC4B2P
2025-01-06 00:22:00	186	DoubleUp	DXC4B2P
2025-01-06 00:32:00	243	DoubleUp	DXC4B2P
2025-01-06 00:42:00	200	DoubleDown	DXC4B2P
2025-01-06 00:52:00	90	DoubleDown	DXC4B2P
2025-01-06 01:01:00	165	DoubleUp	DXC4B2P
2025-01-06 01:08:00	150	DoubleDown	DXC4B2P
2025-01-06 01:17:00	112	DoubleDown	DXC4B2P
2025-01-06 01:25:00	231	DoubleUp	DXC4B2P
2025-01-06 01:34:00	105	DoubleDown	DXC4B2P
2025-01-06 01:41:00	241	DoubleUp	DXC4B2P
2025-01-06 01:50:00	162	DoubleDown	DXC4B2P
2025-01-06 01:59:00	95	DoubleDown	DXC4B2P
2025-01-06 02:09:00	70	DoubleDown	DXC4B2P
2025-01-06 02:18:00	178	DoubleUp	DXC4B2P
2025-01-06 02:25:00	82	DoubleDown	DXC4B2P
2025-01-06 02:35:00	127	DoubleUp	DXC4B2P
2025-01-06 02:45:00	146	DoubleUp	DXC4B2P
2025-01-06 02:55:00	202	DoubleUp	DXC4B2P
2025-01-06 03:05:00	147	DoubleDown	DXC4B2P
2025-01-06 03:14:00	193	DoubleUp	DXC4B2P
2025-01-06 03:23:00	140	DoubleDown	DXC4B2P
2025-01-06 03:30:00	77	DoubleDown	DXC4B2P
2025-01-06 03:39:00	213	DoubleUp	DXC4B2P
2025-01-06 03:47:00	257	DoubleUp	DXC4B2P
2025-01-06 03:56:00	99	DoubleDown	DXC4B2P
2025-01-06 04:03:00	204	DoubleUp	DXC4B2P
2025-01-06 04:10:00	171	DoubleDown	DXC4B2P
2025-01-06 04:19:00	71	DoubleDown	DXC4B2P
2025-01-06 04:26:00	136	DoubleUp	DXC4B2P
2025-01-06 04:33:00	147	DoubleUp	DXC4B2P
2025-01-06 04:40:00	290	DoubleUp	DXC4B2P
2025-01-06 04:50:00	138	DoubleDown	DXC4B2P
2025-01-06 05:00:00	182	DoubleUp	DXC4B2P
2025-01-06 05:07:00	210	DoubleUp	DXC4B2P
2025-01-06 05:14:00	290	DoubleUp	DXC4B2P
2025-01-06 05:22:00	70	DoubleDown	DXC4B2P
2025-01-06 05:32:00	227	DoubleUp	DXC4B2P
2025-01-06 05:41:00	223	DoubleDown	DXC4B2P
2025-01-06 05:48:00	95	DoubleDown	DXC4B2P
2025-01-06 05:55:00	132	DoubleUp	DXC4B2P
2025-01-06 06:04:00	150	DoubleUp	DXC4B2P
2025-01-06 06:11:00	179	DoubleUp	DXC4B2P
2025-01-06 06:20:00	129	DoubleDown	DXC4B2P
2025-01-06 06:28:00	134	DoubleUp	DXC4B2P
2025-01-06 06:35:00	170	DoubleUp	DXC4B2P
2025-01-06 06:43:00	79	DoubleDown	DXC4B2P
2025-01-06 06:51:00	150	DoubleUp	DXC4B2P
2025-01-06 06:58:00	148	SingleDown	DXC4B2P
2025-01-06 07:06:00	128	DoubleDown	DXC4B2P
2025-01-06 07:13:00	172	DoubleUp	DXC4B2P
2025-01-06 07:22:00	131	DoubleDown	DXC4B2P
2025-01-06 07:31:00	78	DoubleDown	DXC4B2P
2025-01-06 07:41:00	116	DoubleUp	DXC4B2P
2025-01-06 07:48:00	111	DoubleDown	DXC4B2P
2025-01-06 07:58:00	171	DoubleUp	DXC4B2P
2025-01-06 08:05:00	283	DoubleUp	DXC4B2P
2025-01-06 08:12:00	258	DoubleDown	DXC4B2P
2025-01-06 08:22:00	88	DoubleDown	DXC4B2P
2025-01-06 08:31:00	167	DoubleUp	DXC4B2P
2025-01-06 08:41:00	103	DoubleDown	DXC4B2P
2025-01-06 08:50:00	146	DoubleUp	DXC4B2P
2025-01-06 08:58:00	105	DoubleDown	DXC4B2P
2025-01-06 09:05:00	168	DoubleUp	DXC4B2P
2025-01-06 09:14:00	93	DoubleDown	DXC4B2P
2025-01-06 09:24:00	90	SingleDown	DXC4B2P
2025-01-06 09:34:00	200	DoubleUp	DXC4B2P
2025-01-06 09:44:00	180	DoubleDown	DXC4B2P
2025-01-06 09:53:00	144	DoubleDown	DXC4B2P
2025-01-06 10:03:00	141	SingleDown	DXC4B2P
2025-01-06 10:12:00	214	DoubleUp	DXC4B2P
2025-01-06 10:20:00	96	DoubleDown	DXC4B2P
2025-01-06 10:29:00	155	DoubleUp	DXC4B2P
2025-01-06 10:38:00	288	DoubleUp	DXC4B2P
2025-01-06 10:47:00	126	DoubleDown	DXC4B2P
2025-01-06 10:54:00	219	DoubleUp	DXC4B2P
2025-01-06 11:02:00	136	DoubleDown	DXC4B2P
2025-01-06 11:11:00	103	DoubleDown	DXC4B2P
2025-01-06 11:19:00	141	DoubleUp	DXC4B2P
2025-01-06 11:27:00	89	DoubleDown	DXC4B2P
2025-01-06 11:36:00	100	DoubleUp	DXC4B2P
2025-01-06 11:44:00	270	DoubleUp	DXC4B2P
2025-01-06 11:51:00	139	DoubleDown	DXC4B2P
2025-01-06 12:00:00	65	DoubleDown	DXC4B2P
2025-01-06 12:10:00	81	DoubleUp	DXC4B2P
2025-01-06 12:20:00	71	DoubleDown	DXC4B2P
2025-01-06 12:28:00	223	DoubleUp	DXC4B2P
2025-01-06 12:36:00	114	DoubleDown	DXC4B2P
2025-01-06 12:43:00	121	DoubleUp	DXC4B2P
2025-01-06 12:52:00	108	DoubleDown	DXC4B2P
2025-01-06 13:02:00	201	DoubleUp	DXC4B2P
2025-01-06 13:11:00	131	DoubleDown	DXC4B2P
2025-01-06 13:20:00	47	DoubleDown	DXC4B2P
2025-01-06 13:28:00	141	DoubleUp	DXC4B2P
2025-01-06 13:35:00	128	DoubleDown	DXC4B2P
2025-01-06 13:44:00	269	DoubleUp	DXC4B2P
2025-01-06 13:53:00	186	DoubleDown	DXC4B2P
2025-01-06 14:01:00	96	DoubleDown	DXC4B2P
2025-01-06 14:10:00	165	DoubleUp	DXC4B2P
2025-01-06 14:18:00	158	DoubleDown	DXC4B2P
2025-01-06 14:28:00	129	DoubleDown	DXC4B2P
2025-01-06 14:35:00	89	DoubleDown	DXC4B2P
2025-01-06 14:42:00	92	SingleUp	DXC4B2P
2025-01-06 14:50:00	254	DoubleUp	DXC4B2P
2025-01-06 14:57:00	85	DoubleDown	DXC4B2P
2025-01-06 15:05:00	266	DoubleUp	DXC4B2P
2025-01-06 15:12:00	83	DoubleDown	DXC4B2P
2025-01-06 15:21:00	240	DoubleUp	DXC4B2P
2025-01-06 15:29:00	180	DoubleDown	DXC4B2P
2025-01-06 15:36:00	83	DoubleDown	DXC4B2P
2025-01-06 15:44:00	86	SingleUp	DXC4B2P
2025-01-06 15:51:00	171	DoubleUp	DXC4B2P
2025-01-06 16:00:00	135	DoubleDown	DXC4B2P
2025-01-06 16:08:00	92	DoubleDown	DXC4B2P
2025-01-06 16:16:00	99	DoubleUp	DXC4B2P
2025-01-06 16:24:00	127	DoubleUp	DXC4B2P
2025-01-06 16:32:00	146	DoubleUp	DXC4B2P
2025-01-06 16:41:00	156	DoubleUp	DXC4B2P
2025-01-06 16:49:00	152	DoubleDown	DXC4B2P
2025-01-06 16:57:00	193	DoubleUp	DXC4B2P
2025-01-06 17:05:00	213	DoubleUp	DXC4B2P
2025-01-06 17:12:00	276	DoubleUp	DXC4B2P
2025-01-06 17:20:00	88	DoubleDown	DXC4B2P
2025-01-06 17:29:00	141	DoubleUp	DXC4B2P
2025-01-06 17:39:00	200	DoubleUp	DXC4B2P
2025-01-06 17:47:00	148	DoubleDown	DXC4B2P
2025-01-06 17:54:00	111	DoubleDown	DXC4B2P
2025-01-06 18:04:00	178	DoubleUp	DXC4B2P
2025-01-06 18:11:00	266	DoubleUp	DXC4B2P
2025-01-06 18:18:00	165	DoubleDown	DXC4B2P
2025-01-06 18:27:00	183	DoubleUp	DXC4B2P
2025-01-06 18:37:00	197	DoubleUp	DXC4B2P
2025-01-06 18:47:00	95	DoubleDown	DXC4B2P
2025-01-06 18:54:00	138	DoubleUp	DXC4B2P
2025-01-06 19:01:00	123	DoubleDown	DXC4B2P
2025-01-06 19:08:00	124	Flat	DXC4B2P
2025-01-06 19:18:00	89	DoubleDown	DXC4B2P
2025-01-06 19:27:00	116	DoubleUp	DXC4B2P
2025-01-06 19:37:00	198	DoubleUp	DXC4B2P
2025-01-06 19:44:00	177	DoubleDown	DXC4B2P
2025-01-06 19:52:00	174	SingleDown	DXC4B2P
2025-01-06 20:02:00	205	DoubleUp	DXC4B2P
2025-01-06 20:09:00	120	DoubleDown	DXC4B2P
2025-01-06 20:19:00	132	DoubleUp	DXC4B2P
2025-01-06 20:26:00	197	DoubleUp	DXC4B2P
2025-01-06 20:36:00	294	DoubleUp	DXC4B2P
2025-01-06 20:45:00	176	DoubleDown	DXC4B2P
2025-01-06 20:52:00	142	DoubleDown	DXC4B2P
2025-01-06 21:01:00	146	DoubleUp	DXC4B2P
2025-01-06 21:09:00	262	DoubleUp	DXC4B2P
2025-01-06 21:18:00	209	DoubleDown	DXC4B2P
2025-01-06 21:25:00	136	DoubleDown	DXC4B2P
2025-01-06 21:34:00	291	DoubleUp	DXC4B2P
2025-01-06 21:43:00	232	DoubleDown	DXC4B2P
2025-01-06 21:51:00	103	DoubleDown	DXC4B2P
2025-01-06 21:58:00	243	DoubleUp	DXC4B2P
2025-01-06 22:06:00	141	DoubleDown	DXC4B2P
2025-01-06 22:13:00	178	DoubleUp	DXC4B2P
2025-01-06 22:23:00	104	DoubleDown	DXC4B2P
2025-01-06 22:30:00	193	DoubleUp	DXC4B2P
2025-01-06 22:37:00	90	DoubleDown	DXC4B2P
2025-01-06 22:45:00	79	DoubleDown	DXC4B2P
2025-01-06 22:54:00	156	DoubleUp	DXC4B2P
2025-01-06 23:02:00	173	DoubleUp	DXC4B2P
2025-01-06 23:11:00	133	DoubleDown	DXC4B2P
2025-01-06 23:21:00	100	DoubleDown	DXC4B2P
2025-01-06 23:30:00	230	DoubleUp	DXC4B2P
2025-01-06 23:40:00	194	DoubleDown	DXC4B2P
2025-01-06 23:47:00	189	DoubleDown	DXC4B2P
2025-01-06 23:54:00	206	DoubleUp	DXC4B2P
2025-01-07 00:02:00	237	DoubleUp	DXC4B2P
2025-01-07 00:11:00	180	DoubleDown	DXC4B2P
2025-01-07 00:19:00	92	DoubleDown	DXC4B2P
2025-01-07 00:28:00	113	DoubleUp	DXC4B2P
2025-01-07 00:38:00	195	DoubleUp	DXC4B2P
2025-01-07 00:45:00	113	DoubleDown	DXC4B2P
2025-01-07 00:53:00	59	DoubleDown	DXC4B2P
2025-01-07 01:01:00	286	DoubleUp	DXC4B2P
2025-01-07 01:11:00	86	DoubleDown	DXC4B2P
2025-01-07 01:20:00	143	DoubleUp	DXC4B2P
2025-01-07 01:29:00	124	DoubleDown	DXC4B2P
2025-01-07 01:37:00	175	DoubleUp	DXC4B2P
2025-01-07 01:45:00	114	DoubleDown	DXC4B2P
2025-01-07 01:54:00	229	DoubleUp	DXC4B2P
2025-01-07 02:03:00	96	DoubleDown	DXC4B2P
2025-01-07 02:11:00	174	DoubleUp	DXC4B2P
2025-01-07 02:21:00	166	DoubleDown	DXC4B2P
2025-01-07 02:28:00	216	DoubleUp	DXC4B2P
2025-01-07 02:38:00	91	DoubleDown	DXC4B2P
2025-01-07 02:47:00	124	DoubleUp	DXC4B2P
2025-01-07 02:55:00	184	DoubleUp	DXC4B2P
2025-01-07 03:04:00	214	DoubleUp	DXC4B2P
2025-01-07 03:14:00	83	DoubleDown	DXC4B2P
2025-01-07 03:23:00	87	DoubleUp	DXC4B2P
2025-01-07 03:32:00	147	DoubleUp	DXC4B2P
2025-01-07 03:42:00	121	DoubleDown	DXC4B2P
2025-01-07 03:51:00	145	DoubleUp	DXC4B2P
2025-01-07 04:00:00	192	DoubleUp	DXC4B2P
2025-01-07 04:09:00	189	SingleDown	DXC4B2P
2025-01-07 04:18:00	230	DoubleUp	DXC4B2P
2025-01-07 04:28:00	80	DoubleDown	DXC4B2P
2025-01-07 04:35:00	289	DoubleUp	DXC4B2P
2025-01-07 04:44:00	121	DoubleDown	DXC4B2P
2025-01-07 04:53:00	196	DoubleUp	DXC4B2P
2025-01-07 05:00:00	113	DoubleDown	DXC4B2P
2025-01-07 05:09:00	174	DoubleUp	DXC4B2P
2025-01-07 05:19:00	57	DoubleDown	DXC4B2P
2025-01-07 05:26:00	184	DoubleUp	DXC4B2P
2025-01-07 05:36:00	236	DoubleUp	DXC4B2P
2025-01-07 05:45:00	76	DoubleDown	DXC4B2P
2025-01-07 05:54:00	149	DoubleUp	DXC4B2P
2025-01-07 06:02:00	138	DoubleDown	DXC4B2P
2025-01-07 06:12:00	156	DoubleUp	DXC4B2P
2025-01-07 06:20:00	120	DoubleDown	DXC4B2P
2025-01-07 06:28:00	261	DoubleUp	DXC4B2P
2025-01-07 06:35:00	128	DoubleDown	DXC4B2P
2025-01-07 06:45:00	42	DoubleDown	DXC4B2P
2025-01-07 06:54:00	116	DoubleUp	DXC4B2P
2025-01-07 07:01:00	144	DoubleUp	DXC4B2P
2025-01-07 07:11:00	173	DoubleUp	DXC4B2P
2025-01-07 07:19:00	165	DoubleDown	DXC4B2P
2025-01-07 07:27:00	134	DoubleDown	DXC4B2P
2025-01-07 07:36:00	119	DoubleDown	DXC4B2P
2025-01-07 07:44:00	90	DoubleDown	DXC4B2P
2025-01-07 07:51:00	166	DoubleUp	DXC4B2P
2025-01-07 08:00:00	165	Flat	DXC4B2P
2025-01-07 08:09:00	137	DoubleDown	DXC4B2P
2025-01-07 08:19:00	128	DoubleDown	DXC4B2P
2025-01-07 08:27:00	77	DoubleDown	DXC4B2P
2025-01-07 08:36:00	239	DoubleUp	DXC4B2P
2025-01-07 08:44:00	252	DoubleUp	DXC4B2P
2025-01-07 08:51:00	116	DoubleDown	DXC4B2P
2025-01-07 09:01:00	160	DoubleUp	DXC4B2P
2025-01-07 09:11:00	210	DoubleUp	DXC4B2P
2025-01-07 09:21:00	206	DoubleDown	DXC4B2P
2025-01-07 09:30:00	218	DoubleUp	DXC4B2P
2025-01-07 09:37:00	148	DoubleDown	DXC4B2P
2025-01-07 09:44:00	123	DoubleDown	DXC4B2P
2025-01-07 09:52:00	71	DoubleDown	DXC4B2P
2025-01-07 10:00:00	122	DoubleUp	DXC4B2P
2025-01-07 10:09:00	111	DoubleDown	DXC4B2P
2025-01-07 10:18:00	45	DoubleDown	DXC4B2P
2025-01-07 10:28:00	174	DoubleUp	DXC4B2P
2025-01-07 10:38:00	176	SingleUp	DXC4B2P
2025-01-07 10:48:00	86	DoubleDown	DXC4B2P
2025-01-07 10:57:00	87	Flat	DXC4B2P
2025-01-07 11:04:00	141	DoubleUp	DXC4B2P
2025-01-07 11:14:00	135	DoubleDown	DXC4B2P
2025-01-07 11:21:00	113	DoubleDown	DXC4B2P
2025-01-07 11:31:00	44	DoubleDown	DXC4B2P
2025-01-07 11:38:00	131	DoubleUp	DXC4B2P
2025-01-07 11:46:00	258	DoubleUp	DXC4B2P
2025-01-07 11:54:00	156	DoubleDown	DXC4B2P
2025-01-07 12:04:00	165	DoubleUp	DXC4B2P
2025-01-07 12:13:00	274	DoubleUp	DXC4B2P
2025-01-07 12:21:00	140	DoubleDown	DXC4B2P
2025-01-07 12:29:00	59	DoubleDown	DXC4B2P
2025-01-07 12:38:00	175	DoubleUp	DXC4B2P
2025-01-07 12:45:00	162	DoubleDown	DXC4B2P
2025-01-07 12:54:00	241	DoubleUp	DXC4B2P
2025-01-07 13:01:00	73	DoubleDown	DXC4B2P
2025-01-07 13:11:00	109	DoubleUp	DXC4B2P
2025-01-07 13:19:00	116	DoubleUp	DXC4B2P
2025-01-07 13:27:00	77	DoubleDown	DXC4B2P
2025-01-07 13:34:00	137	DoubleUp	DXC4B2P
2025-01-07 13:42:00	129	DoubleDown	DXC4B2P
2025-01-07 13:50:00	131	SingleUp	DXC4B2P
2025-01-07 14:00:00	190	DoubleUp	DXC4B2P
2025-01-07 14:09:00	79	DoubleDown	DXC4B2P
2025-01-07 14:18:00	182	DoubleUp	DXC4B2P
2025-01-07 14:28:00	256	DoubleUp	DXC4B2P
2025-01-07 14:37:00	72	DoubleDown	DXC4B2P
2025-01-07 14:46:00	183	DoubleUp	DXC4B2P
2025-01-07 14:53:00	169	DoubleDown	DXC4B2P
2025-01-07 15:03:00	160	DoubleDown	DXC4B2P
2025-01-07 15:13:00	238	DoubleUp	DXC4B2P
2025-01-07 15:23:00	151	DoubleDown	DXC4B2P
2025-01-07 15:31:00	121	DoubleDown	DXC4B2P
2025-01-07 15:39:00	81	DoubleDown	DXC4B2P
2025-01-07 15:46:00	128	DoubleUp	DXC4B2P
2025-01-07 15:53:00	261	DoubleUp	DXC4B2P
2025-01-07 16:00:00	139	DoubleDown	DXC4B2P
2025-01-07 16:09:00	85	DoubleDown	DXC4B2P
2025-01-07 16:17:00	142	DoubleUp	DXC4B2P
2025-01-07 16:27:00	182	DoubleUp	DXC4B2P
2025-01-07 16:35:00	253	DoubleUp	DXC4B2P
2025-01-07 16:45:00	150	DoubleDown	DXC4B2P
2025-01-07 16:52:00	166	DoubleUp	DXC4B2P
2025-01-07 17:02:00	73	DoubleDown	DXC4B2P
2025-01-07 17:11:00	119	DoubleUp	DXC4B2P
2025-01-07 17:21:00	108	DoubleDown	DXC4B2P
2025-01-07 17:31:00	68	DoubleDown	DXC4B2P
2025-01-07 17:39:00	139	DoubleUp	DXC4B2P
2025-01-07 17:47:00	99	DoubleDown	DXC4B2P
2025-01-07 17:56:00	259	DoubleUp	DXC4B2P
2025-01-07 18:06:00	210	DoubleDown	DXC4B2P
2025-01-07 18:14:00	143	DoubleDown	DXC4B2P
2025-01-07 18:23:00	194	DoubleUp	DXC4B2P
2025-01-07 18:32:00	233	DoubleUp	DXC4B2P
2025-01-07 18:39:00	152	DoubleDown	DXC4B2P
2025-01-07 18:48:00	82	DoubleDown	DXC4B2P
2025-01-07 18:58:00	246	DoubleUp	DXC4B2P
2025-01-07 19:08:00	150	DoubleDown	DXC4B2P
2025-01-07 19:17:00	163	DoubleUp	DXC4B2P
2025-01-07 19:25:00	57	DoubleDown	DXC4B2P
2025-01-07 19:34:00	149	DoubleUp	DXC4B2P
2025-01-07 19:43:00	118	DoubleDown	DXC4B2P
2025-01-07 19:53:00	159	DoubleUp	DXC4B2P
2025-01-07 20:01:00	130	DoubleDown	DXC4B2P
2025-01-07 20:10:00	214	DoubleUp	DXC4B2P
2025-01-07 20:18:00	115	DoubleDown	DXC4B2P
2025-01-07 20:28:00	141	DoubleUp	DXC4B2P
2025-01-07 20:38:00	289	DoubleUp	DXC4B2P
2025-01-07 20:47:00	136	DoubleDown	DXC4B2P
2025-01-07 20:56:00	226	DoubleUp	DXC4B2P
2025-01-07 21:05:00	108	DoubleDown	DXC4B2P
2025-01-07 21:14:00	85	DoubleDown	DXC4B2P
2025-01-07 21:21:00	88	SingleUp	DXC4B2P
2025-01-07 21:29:00	170	DoubleUp	DXC4B2P
2025-01-07 21:39:00	188	DoubleUp	DXC4B2P
2025-01-07 21:46:00	104	DoubleDown	DXC4B2P
2025-01-07 21:53:00	111	DoubleUp	DXC4B2P
2025-01-07 22:02:00	208	DoubleUp	DXC4B2P
2025-01-07 22:09:00	194	DoubleDown	DXC4B2P
2025-01-07 22:16:00	87	DoubleDown	DXC4B2P
2025-01-07 22:23:00	98	DoubleUp	DXC4B2P
2025-01-07 22:33:00	173	DoubleUp	DXC4B2P
2025-01-07 22:41:00	194	DoubleUp	DXC4B2P
2025-01-07 22:50:00	111	DoubleDown	DXC4B2P
2025-01-07 23:00:00	291	DoubleUp	DXC4B2P
2025-01-07 23:07:00	205	DoubleDown	DXC4B2P
2025-01-07 23:16:00	235	DoubleUp	DXC4B2P
2025-01-07 23:26:00	127	DoubleDown	DXC4B2P
2025-01-07 23:36:00	81	DoubleDown	DXC4B2P
2025-01-07 23:43:00	247	DoubleUp	DXC4B2P
2025-01-07 23:53:00	168	DoubleDown	DXC4B2P
2025-01-08 00:01:00	153	DoubleDown	DXC4B2P
2025-01-08 00:08:00	138	DoubleDown	DXC4B2P
2025-01-08 00:17:00	58	DoubleDown	DXC4B2P
2025-01-08 00:24:00	101	DoubleUp	DXC4B2P
2025-01-08 00:31:00	143	DoubleUp	DXC4B2P
2025-01-08 00:38:00	273	DoubleUp	DXC4B2P
2025-01-08 00:45:00	75	DoubleDown	DXC4B2P
2025-01-08 00:55:00	170	DoubleUp	DXC4B2P
2025-01-08 01:04:00	196	DoubleUp	DXC4B2P
2025-01-08 01:11:00	171	DoubleDown	DXC4B2P
2025-01-08 01:19:00	85	DoubleDown	DXC4B2P
2025-01-08 01:29:00	249	DoubleUp	DXC4B2P
2025-01-08 01:39:00	122	DoubleDown	DXC4B2P
2025-01-08 01:47:00	158	DoubleUp	DXC4B2P
2025-01-08 01:57:00	84	DoubleDown	DXC4B2P
2025-01-08 02:06:00	198	DoubleUp	DXC4B2P
2025-01-08 02:15:00	99	DoubleDown	DXC4B2P
2025-01-08 02:23:00	120	DoubleUp	DXC4B2P
2025-01-08 02:33:00	117	SingleDown	DXC4B2P
2025-01-08 02:40:00	245	DoubleUp	DXC4B2P
2025-01-08 02:50:00	249	DoubleUp	DXC4B2P
2025-01-08 02:59:00	230	DoubleDown	DXC4B2P
2025-01-08 03:07:00	120	DoubleDown	DXC4B2P
2025-01-08 03:15:00	154	DoubleUp	DXC4B2P
2025-01-08 03:23:00	84	DoubleDown	DXC4B2P
2025-01-08 03:31:00	96	DoubleUp	DXC4B2P
2025-01-08 03:40:00	113	DoubleUp	DXC4B2P
2025-01-08 03:49:00	131	DoubleUp	DXC4B2P
2025-01-08 03:57:00	97	DoubleDown	DXC4B2P
2025-01-08 04:07:00	87	DoubleDown	DXC4B2P
2025-01-08 04:16:00	85	SingleDown	DXC4B2P
2025-01-08 04:23:00	90	DoubleUp	DXC4B2P
2025-01-08 04:30:00	75	DoubleDown	DXC4B2P
2025-01-08 04:38:00	175	DoubleUp	DXC4B2P
2025-01-08 04:48:00	128	DoubleDown	DXC4B2P
2025-01-08 04:55:00	167	DoubleUp	DXC4B2P
2025-01-08 05:04:00	124	DoubleDown	DXC4B2P
2025-01-08 05:13:00	229	DoubleUp	DXC4B2P
2025-01-08 05:21:00	293	DoubleUp	DXC4B2P
2025-01-08 05:31:00	169	DoubleDown	DXC4B2P
2025-01-08 05:39:00	91	DoubleDown	DXC4B2P
2025-01-08 05:47:00	147	DoubleUp	DXC4B2P
2025-01-08 05:56:00	113	DoubleDown	DXC4B2P
2025-01-08 06:05:00	154	DoubleUp	DXC4B2P
2025-01-08 06:14:00	210	DoubleUp	DXC4B2P
2025-01-08 06:23:00	180	DoubleDown	DXC4B2P
2025-01-08 06:30:00	99	DoubleDown	DXC4B2P
2025-01-08 06:40:00	167	DoubleUp	DXC4B2P
2025-01-08 06:49:00	109	DoubleDown	DXC4B2P
2025-01-08 06:58:00	97	DoubleDown	DXC4B2P
2025-01-08 07:05:00	128	DoubleUp	DXC4B2P
2025-01-08 07:14:00	142	DoubleUp	DXC4B2P
2025-01-08 07:24:00	109	DoubleDown	DXC4B2P
2025-01-08 07:31:00	153	DoubleUp	DXC4B2P
2025-01-08 07:40:00	214	DoubleUp	DXC4B2P
2025-01-08 07:49:00	177	DoubleDown	DXC4B2P
2025-01-08 07:56:00	153	DoubleDown	DXC4B2P
2025-01-08 08:06:00	163	DoubleUp	DXC4B2P
2025-01-08 08:14:00	141	DoubleDown	DXC4B2P
2025-01-08 08:22:00	145	DoubleUp	DXC4B2P
2025-01-08 08:29:00	206	DoubleUp	DXC4B2P
2025-01-08 08:38:00	208	SingleUp	DXC4B2P
2025-01-08 08:46:00	78	DoubleDown	DXC4B2P
2025-01-08 08:54:00	73	DoubleDown	DXC4B2P
2025-01-08 09:01:00	172	DoubleUp	DXC4B2P
2025-01-08 09:11:00	126	DoubleDown	DXC4B2P
2025-01-08 09:19:00	143	DoubleUp	DXC4B2P
2025-01-08 09:26:00	161	DoubleUp	DXC4B2P
2025-01-08 09:35:00	120	DoubleDown	DXC4B2P
2025-01-08 09:45:00	70	DoubleDown	DXC4B2P
2025-01-08 09:52:00	130	DoubleUp	DXC4B2P
2025-01-08 09:59:00	135	DoubleUp	DXC4B2P
2025-01-08 10:09:00	83	DoubleDown	DXC4B2P
2025-01-08 10:17:00	210	DoubleUp	DXC4B2P
2025-01-08 10:27:00	78	DoubleDown	DXC4B2P
2025-01-08 10:36:00	100	DoubleUp	DXC4B2P
2025-01-08 10:46:00	78	DoubleDown	DXC4B2P
2025-01-08 10:53:00	168	DoubleUp	DXC4B2P
2025-01-08 11:00:00	100	DoubleDown	DXC4B2P
2025-01-08 11:10:00	91	DoubleDown	DXC4B2P
2025-01-08 11:20:00	107	DoubleUp	DXC4B2P
2025-01-08 11:28:00	143	DoubleUp	DXC4B2P
2025-01-08 11:38:00	189	DoubleUp	DXC4B2P
2025-01-08 11:47:00	90	DoubleDown	DXC4B2P
2025-01-08 11:57:00	78	DoubleDown	DXC4B2P
2025-01-08 12:06:00	109	DoubleUp	DXC4B2P
2025-01-08 12:16:00	215	DoubleUp	DXC4B2P
2025-01-08 12:26:00	132	DoubleDown	DXC4B2P
2025-01-08 12:34:00	100	DoubleDown	DXC4B2P
2025-01-08 12:43:00	94	DoubleDown	DXC4B2P
2025-01-08 12:52:00	170	DoubleUp	DXC4B2P
2025-01-08 13:00:00	127	DoubleDown	DXC4B2P
2025-01-08 13:07:00	141	DoubleUp	DXC4B2P
2025-01-08 13:15:00	274	DoubleUp	DXC4B2P
2025-01-08 13:23:00	127	DoubleDown	DXC4B2P
2025-01-08 13:32:00	78	DoubleDown	DXC4B2P
2025-01-08 13:41:00	250	DoubleUp	DXC4B2P
2025-01-08 13:49:00	163	DoubleDown	DXC4B2P
2025-01-08 13:56:00	177	DoubleUp	DXC4B2P
2025-01-08 14:03:00	140	DoubleDown	DXC4B2P
2025-01-08 14:13:00	85	DoubleDown	DXC4B2P
2025-01-08 14:22:00	137	DoubleUp	DXC4B2P
2025-01-08 14:29:00	61	DoubleDown	DXC4B2P
2025-01-08 14:39:00	174	DoubleUp	DXC4B2P
2025-01-08 14:46:00	280	DoubleUp	DXC4B2P
2025-01-08 14:55:00	168	DoubleDown	DXC4B2P
2025-01-08 15:02:00	256	DoubleUp	DXC4B2P
2025-01-08 15:10:00	150	DoubleDown	DXC4B2P
2025-01-08 15:20:00	150	Flat	DXC4B2P
2025-01-08 15:29:00	172	DoubleUp	DXC4B2P
2025-01-08 15:39:00	90	DoubleDown	DXC4B2P
2025-01-08 15:46:00	144	DoubleUp	DXC4B2P
2025-01-08 15:53:00	103	DoubleDown	DXC4B2P
2025-01-08 16:01:00	165	DoubleUp	DXC4B2P
2025-01-08 16:11:00	147	DoubleDown	DXC4B2P
2025-01-08 16:19:00	86	DoubleDown	DXC4B2P
2025-01-08 16:28:00	139	DoubleUp	DXC4B2P
2025-01-08 16:36:00	135	DoubleDown	DXC4B2P
2025-01-08 16:45:00	291	DoubleUp	DXC4B2P
2025-01-08 16:53:00	93	DoubleDown	DXC4B2P
2025-01-08 17:00:00	122	DoubleUp	DXC4B2P
2025-01-08 17:07:00	198	DoubleUp	DXC4B2P
2025-01-08 17:17:00	152	DoubleDown	DXC4B2P
2025-01-08 17:24:00	54	DoubleDown	DXC4B2P
2025-01-08 17:31:00	225	DoubleUp	DXC4B2P
2025-01-08 17:40:00	125	DoubleDown	DXC4B2P
2025-01-08 17:48:00	137	DoubleUp	DXC4B2P
2025-01-08 17:58:00	129	DoubleDown	DXC4B2P
2025-01-08 18:06:00	218	DoubleUp	DXC4B2P
2025-01-08 18:15:00	220	SingleUp	DXC4B2P
2025-01-08 18:24:00	138	DoubleDown	DXC4B2P
2025-01-08 18:33:00	120	DoubleDown	DXC4B2P
2025-01-08 18:41:00	127	DoubleUp	DXC4B2P
2025-01-08 18:51:00	95	DoubleDown	DXC4B2P
2025-01-08 19:00:00	112	DoubleUp	DXC4B2P
2025-01-08 19:08:00	270	DoubleUp	DXC4B2P
2025-01-08 19:16:00	239	DoubleDown	DXC4B2P
2025-01-08 19:25:00	89	DoubleDown	DXC4B2P
2025-01-08 19:34:00	169	DoubleUp	DXC4B2P
2025-01-08 19:42:00	245	DoubleUp	DXC4B2P
2025-01-08 19:51:00	65	DoubleDown	DXC4B2P
2025-01-08 19:58:00	163	DoubleUp	DXC4B2P
2025-01-08 20:07:00	109	DoubleDown	DXC4B2P
2025-01-08 20:14:00	113	DoubleUp	DXC4B2P
2025-01-08 20:24:00	84	DoubleDown	DXC4B2P
2025-01-08 20:32:00	90	DoubleUp	DXC4B2P
2025-01-08 20:42:00	109	DoubleUp	DXC4B2P
2025-01-08 20:50:00	233	DoubleUp	DXC4B2P
2025-01-08 20:59:00	194	DoubleDown	DXC4B2P
2025-01-08 21:06:00	120	DoubleDown	DXC4B2P
2025-01-08 21:14:00	231	DoubleUp	DXC4B2P
2025-01-08 21:21:00	141	DoubleDown	DXC4B2P
2025-01-08 21:28:00	118	DoubleDown	DXC4B2P
2025-01-08 21:36:00	143	DoubleUp	DXC4B2P
2025-01-08 21:46:00	109	DoubleDown	DXC4B2P
2025-01-08 21:56:00	160	DoubleUp	DXC4B2P
2025-01-08 22:04:00	104	DoubleDown	DXC4B2P
2025-01-08 22:12:00	133	DoubleUp	DXC4B2P
2025-01-08 22:20:00	164	DoubleUp	DXC4B2P
2025-01-08 22:29:00	172	DoubleUp	DXC4B2P
2025-01-08 22:37:00	102	DoubleDown	DXC4B2P
2025-01-08 22:44:00	242	DoubleUp	DXC4B2P
2025-01-08 22:54:00	198	DoubleDown	DXC4B2P
2025-01-08 23:03:00	229	DoubleUp	DXC4B2P
2025-01-08 23:12:00	159	DoubleDown	DXC4B2P
2025-01-08 23:20:00	80	DoubleDown	DXC4B2P
2025-01-08 23:30:00	240	DoubleUp	DXC4B2P
2025-01-08 23:37:00	231	DoubleDown	DXC4B2P
2025-01-08 23:46:00	180	DoubleDown	DXC4B2P
2025-01-08 23:55:00	230	DoubleUp	DXC4B2P
2025-01-09 00:04:00	94	DoubleDown	DXC4B2P
2025-01-09 00:11:00	81	DoubleDown	DXC4B2P
2025-01-09 00:21:00	140	DoubleUp	DXC4B2P
2025-01-09 00:29:00	276	DoubleUp	DXC4B2P
2025-01-09 00:38:00	84	DoubleDown	DXC4B2P
2025-01-09 00:48:00	115	DoubleUp	DXC4B2P
2025-01-09 00:55:00	162	DoubleUp	DXC4B2P
2025-01-09 01:04:00	174	DoubleUp	DXC4B2P
2025-01-09 01:13:00	167	DoubleDown	DXC4B2P
2025-01-09 01:23:00	165	SingleDown	DXC4B2P
2025-01-09 01:30:00	207	DoubleUp	DXC4B2P
2025-01-09 01:37:00	117	DoubleDown	DXC4B2P
2025-01-09 01:45:00	154	DoubleUp	DXC4B2P
2025-01-09 01:53:00	162	DoubleUp	DXC4B2P
2025-01-09 02:01:00	139	DoubleDown	DXC4B2P
2025-01-09 02:08:00	172	DoubleUp	DXC4B2P
2025-01-09 02:16:00	190	DoubleUp	DXC4B2P
2025-01-09 02:25:00	176	DoubleDown	DXC4B2P
2025-01-09 02:35:00	86	DoubleDown	DXC4B2P
2025-01-09 02:44:00	91	DoubleUp	DXC4B2P
2025-01-09 02:52:00	223	DoubleUp	DXC4B2P
2025-01-09 03:01:00	46	DoubleDown	DXC4B2P
2025-01-09 03:10:00	131	DoubleUp	DXC4B2P
2025-01-09 03:20:00	293	DoubleUp	DXC4B2P
2025-01-09 03:30:00	88	DoubleDown	DXC4B2P
2025-01-09 03:40:00	95	DoubleUp	DXC4B2P
2025-01-09 03:49:00	276	DoubleUp	DXC4B2P
2025-01-09 03:58:00	123	DoubleDown	DXC4B2P
2025-01-09 04:05:00	200	DoubleUp	DXC4B2P
2025-01-09 04:12:00	87	DoubleDown	DXC4B2P
2025-01-09 04:19:00	118	DoubleUp	DXC4B2P
2025-01-09 04:29:00	102	DoubleDown	DXC4B2P
2025-01-09 04:38:00	140	DoubleUp	DXC4B2P
2025-01-09 04:46:00	102	DoubleDown	DXC4B2P
2025-01-09 04:56:00	104	SingleUp	DXC4B2P
2025-01-09 05:06:00	73	DoubleDown	DXC4B2P
2025-01-09 05:16:00	148	DoubleUp	DXC4B2P
2025-01-09 05:25:00	100	DoubleDown	DXC4B2P
2025-01-09 05:33:00	143	DoubleUp	DXC4B2P
2025-01-09 05:43:00	121	DoubleDown	DXC4B2P
2025-01-09 05:50:00	99	DoubleDown	DXC4B2P
2025-01-09 05:57:00	102	SingleUp	DXC4B2P
2025-01-09 06:07:00	161	DoubleUp	DXC4B2P
2025-01-09 06:15:00	149	DoubleDown	DXC4B2P
2025-01-09 06:24:00	250	DoubleUp	DXC4B2P
2025-01-09 06:34:00	172	DoubleDown	DXC4B2P
2025-01-09 06:44:00	176	DoubleUp	DXC4B2P
2025-01-09 06:54:00	216	DoubleUp	DXC4B2P
2025-01-09 07:03:00	209	DoubleDown	DXC4B2P
2025-01-09 07:12:00	220	DoubleUp	DXC4B2P
2025-01-09 07:19:00	195	DoubleDown	DXC4B2P
2025-01-09 07:26:00	123	DoubleDown	DXC4B2P
2025-01-09 07:35:00	71	DoubleDown	DXC4B2P
2025-01-09 07:44:00	61	DoubleDown	DXC4B2P
2025-01-09 07:54:00	292	DoubleUp	DXC4B2P
2025-01-09 08:02:00	101	DoubleDown	DXC4B2P
2025-01-09 08:09:00	177	DoubleUp	DXC4B2P
2025-01-09 08:19:00	141	DoubleDown	DXC4B2P
2025-01-09 08:27:00	49	DoubleDown	DXC4B2P
2025-01-09 08:34:00	87	DoubleUp	DXC4B2P
2025-01-09 08:42:00	103	DoubleUp	DXC4B2P
2025-01-09 08:52:00	272	DoubleUp	DXC4B2P
2025-01-09 08:59:00	145	DoubleDown	DXC4B2P
2025-01-09 09:08:00	90	DoubleDown	DXC4B2P
2025-01-09 09:18:00	141	DoubleUp	DXC4B2P
2025-01-09 09:26:00	167	DoubleUp	DXC4B2P
2025-01-09 09:36:00	157	DoubleDown	DXC4B2P
2025-01-09 09:45:00	241	DoubleUp	DXC4B2P
2025-01-09 09:52:00	81	DoubleDown	DXC4B2P
2025-01-09 09:59:00	159	DoubleUp	DXC4B2P
2025-01-09 10:07:00	119	DoubleDown	DXC4B2P
2025-01-09 10:17:00	96	DoubleDown	DXC4B2P
2025-01-09 10:26:00	159	DoubleUp	DXC4B2P
2025-01-09 10:34:00	124	DoubleDown	DXC4B2P
2025-01-09 10:44:00	282	DoubleUp	DXC4B2P
2025-01-09 10:54:00	104	DoubleDown	DXC4B2P
2025-01-09 11:01:00	148	DoubleUp	DXC4B2P
2025-01-09 11:09:00	98	DoubleDown	DXC4B2P
2025-01-09 11:19:00	73	DoubleDown	DXC4B2P
2025-01-09 11:29:00	158	DoubleUp	DXC4B2P
2025-01-09 11:39:00	118	DoubleDown	DXC4B2P
2025-01-09 11:46:00	142	DoubleUp	DXC4B2P
2025-01-09 11:53:00	84	DoubleDown	DXC4B2P
2025-01-09 12:03:00	218	DoubleUp	DXC4B2P
2025-01-09 12:10:00	148	DoubleDown	DXC4B2P
2025-01-09 12:19:00	124	DoubleDown	DXC4B2P
2025-01-09 12:29:00	123	Flat	DXC4B2P
2025-01-09 12:39:00	176	DoubleUp	DXC4B2P
2025-01-09 12:49:00	94	DoubleDown	DXC4B2P
2025-01-09 12:57:00	133	DoubleUp	DXC4B2P
2025-01-09 13:04:00	84	DoubleDown	DXC4B2P
2025-01-09 13:14:00	159	DoubleUp	DXC4B2P
2025-01-09 13:22:00	119	DoubleDown	DXC4B2P
2025-01-09 13:29:00	72	DoubleDown	DXC4B2P
2025-01-09 13:36:00	179	DoubleUp	DXC4B2P
2025-01-09 13:46:00	143	DoubleDown	DXC4B2P
2025-01-09 13:55:00	134	DoubleDown	DXC4B2P
2025-01-09 14:05:00	277	DoubleUp	DXC4B2P
2025-01-09 14:13:00	136	DoubleDown	DXC4B2P
2025-01-09 14:20:00	86	DoubleDown	DXC4B2P
2025-01-09 14:27:00	105	DoubleUp	DXC4B2P
2025-01-09 14:37:00	187	DoubleUp	DXC4B2P
2025-01-09 14:45:00	41	DoubleDown	DXC4B2P
2025-01-09 14:54:00	156	DoubleUp	DXC4B2P
2025-01-09 15:02:00	135	DoubleDown	DXC4B2P
2025-01-09 15:12:00	157	DoubleUp	DXC4B2P
2025-01-09 15:20:00	164	DoubleUp	DXC4B2P
2025-01-09 15:27:00	111	DoubleDown	DXC4B2P
2025-01-09 15:36:00	164	DoubleUp	DXC4B2P
2025-01-09 15:46:00	79	DoubleDown	DXC4B2P
2025-01-09 15:53:00	85	DoubleUp	DXC4B2P
2025-01-09 16:02:00	138	DoubleUp	DXC4B2P
2025-01-09 16:10:00	70	DoubleDown	DXC4B2P
2025-01-09 16:17:00	137	DoubleUp	DXC4B2P
2025-01-09 16:26:00	174	DoubleUp	DXC4B2P
2025-01-09 16:35:00	141	DoubleDown	DXC4B2P
2025-01-09 16:42:00	100	DoubleDown	DXC4B2P
2025-01-09 16:49:00	90	DoubleDown	DXC4B2P
2025-01-09 16:57:00	108	DoubleUp	DXC4B2P
2025-01-09 17:05:00	149	DoubleUp	DXC4B2P
2025-01-09 17:12:00	177	DoubleUp	DXC4B2P
2025-01-09 17:19:00	189	DoubleUp	DXC4B2P
2025-01-09 17:26:00	85	DoubleDown	DXC4B2P
2025-01-09 17:34:00	202	DoubleUp	DXC4B2P
2025-01-09 17:41:00	166	DoubleDown	DXC4B2P
2025-01-09 17:51:00	127	DoubleDown	DXC4B2P
2025-01-09 17:59:00	64	DoubleDown	DXC4B2P
2025-01-09 18:08:00	72	DoubleUp	DXC4B2P
2025-01-09 18:17:00	123	DoubleUp	DXC4B2P
2025-01-09 18:25:00	116	DoubleDown	DXC4B2P
2025-01-09 18:33:00	142	DoubleUp	DXC4B2P
2025-01-09 18:43:00	128	DoubleDown	DXC4B2P
2025-01-09 18:52:00	129	Flat	DXC4B2P
2025-01-09 19:00:00	126	SingleDown	DXC4B2P
2025-01-09 19:10:00	156	DoubleUp	DXC4B2P
2025-01-09 19:20:00	123	DoubleDown	DXC4B2P
2025-01-09 19:27:00	106	DoubleDown	DXC4B2P
2025-01-09 19:36:00	272	DoubleUp	DXC4B2P
2025-01-09 19:43:00	86	DoubleDown	DXC4B2P
2025-01-09 19:51:00	228	DoubleUp	DXC4B2P
2025-01-09 19:58:00	218	DoubleDown	DXC4B2P
2025-01-09 20:05:00	77	DoubleDown	DXC4B2P
2025-01-09 20:12:00	266	DoubleUp	DXC4B2P
2025-01-09 20:21:00	167	DoubleDown	DXC4B2P
2025-01-09 20:30:00	109	DoubleDown	DXC4B2P
2025-01-09 20:37:00	138	DoubleUp	DXC4B2P
2025-01-09 20:44:00	156	DoubleUp	DXC4B2P
2025-01-09 20:51:00	156	Flat	DXC4B2P
2025-01-09 20:59:00	134	DoubleDown	DXC4B2P
2025-01-09 21:06:00	145	DoubleUp	DXC4B2P
2025-01-09 21:16:00	256	DoubleUp	DXC4B2P
2025-01-09 21:24:00	237	DoubleDown	DXC4B2P
2025-01-09 21:34:00	101	DoubleDown	DXC4B2P
2025-01-09 21:44:00	88	DoubleDown	DXC4B2P
2025-01-09 21:54:00	160	DoubleUp	DXC4B2P
2025-01-09 22:03:00	124	DoubleDown	DXC4B2P
2025-01-09 22:13:00	100	DoubleDown	DXC4B2P
2025-01-09 22:20:00	144	DoubleUp	DXC4B2P
2025-01-09 22:28:00	72	DoubleDown	DXC4B2P
2025-01-09 22:36:00	180	DoubleUp	DXC4B2P
2025-01-09 22:43:00	77	DoubleDown	DXC4B2P
2025-01-09 22:52:00	246	DoubleUp	DXC4B2P
2025-01-09 23:00:00	114	DoubleDown	DXC4B2P
2025-01-09 23:08:00	107	DoubleDown	DXC4B2P
2025-01-09 23:17:00	95	DoubleDown	DXC4B2P
2025-01-09 23:26:00	168	DoubleUp	DXC4B2P
2025-01-09 23:35:00	160	DoubleDown	DXC4B2P
2025-01-09 23:43:00	156	DoubleDown	DXC4B2P
2025-01-09 23:50:00	267	DoubleUp	DXC4B2P
2025-01-09 23:59:00	179	DoubleDown	DXC4B2P
2025-01-10 00:09:00	252	DoubleUp	DXC4B2P
2025-01-10 00:17:00	109	DoubleDown	DXC4B2P
2025-01-10 00:27:00	140	DoubleUp	DXC4B2P
2025-01-10 00:37:00	138	SingleDown	DXC4B2P
2025-01-10 00:46:00	235	DoubleUp	DXC4B2P
2025-01-10 00:53:00	122	DoubleDown	DXC4B2P
2025-01-10 01:02:00	144	DoubleUp	DXC4B2P
2025-01-10 01:10:00	74	DoubleDown	DXC4B2P
2025-01-10 01:18:00	247	DoubleUp	DXC4B2P
2025-01-10 01:26:00	117	DoubleDown	DXC4B2P
2025-01-10 01:33:00	160	DoubleUp	DXC4B2P
2025-01-10 01:42:00	268	DoubleUp	DXC4B2P
2025-01-10 01:49:00	223	DoubleDown	DXC4B2P
2025-01-10 01:57:00	102	DoubleDown	DXC4B2P
2025-01-10 02:05:00	104	SingleUp	DXC4B2P
2025-01-10 02:13:00	107	SingleUp	DXC4B2P
2025-01-10 02:23:00	199	DoubleUp	DXC4B2P
2025-01-10 02:33:00	85	DoubleDown	DXC4B2P
2025-01-10 02:40:00	74	DoubleDown	DXC4B2P
2025-01-10 02:49:00	177	DoubleUp	DXC4B2P
2025-01-10 02:58:00	140	DoubleDown	DXC4B2P
2025-01-10 03:08:00	270	DoubleUp	DXC4B2P
2025-01-10 03:17:00	74	DoubleDown	DXC4B2P
2025-01-10 03:26:00	116	DoubleUp	DXC4B2P
2025-01-10 03:33:00	56	DoubleDown	DXC4B2P
2025-01-10 03:42:00	100	DoubleUp	DXC4B2P
2025-01-10 03:49:00	98	SingleDown	DXC4B2P
2025-01-10 03:56:00	161	DoubleUp	DXC4B2P
2025-01-10 04:04:00	76	DoubleDown	DXC4B2P
2025-01-10 04:12:00	240	DoubleUp	DXC4B2P
2025-01-10 04:20:00	128	DoubleDown	DXC4B2P
2025-01-10 04:30:00	77	DoubleDown	DXC4B2P
2025-01-10 04:38:00	79	SingleUp	DXC4B2P
2025-01-10 04:45:00	144	DoubleUp	DXC4B2P
2025-01-10 04:54:00	173	DoubleUp	DXC4B2P
2025-01-10 05:03:00	60	DoubleDown	DXC4B2P
2025-01-10 05:10:00	77	DoubleUp	DXC4B2P
2025-01-10 05:19:00	163	DoubleUp	DXC4B2P
2025-01-10 05:26:00	111	DoubleDown	DXC4B2P
2025-01-10 05:34:00	152	DoubleUp	DXC4B2P
2025-01-10 05:43:00	116	DoubleDown	DXC4B2P
2025-01-10 05:53:00	178	DoubleUp	DXC4B2P
2025-01-10 06:03:00	101	DoubleDown	DXC4B2P
2025-01-10 06:10:00	176	DoubleUp	DXC4B2P
2025-01-10 06:17:00	88	DoubleDown	DXC4B2P
2025-01-10 06:27:00	176	DoubleUp	DXC4B2P
2025-01-10 06:35:00	257	DoubleUp	DXC4B2P
2025-01-10 06:45:00	226	DoubleDown	DXC4B2P
2025-01-10 06:52:00	151	DoubleDown	DXC4B2P
2025-01-10 07:01:00	120	DoubleDown	DXC4B2P
2025-01-10 07:11:00	194	DoubleUp	DXC4B2P
2025-01-10 07:19:00	187	DoubleDown	DXC4B2P
2025-01-10 07:26:00	153	DoubleDown	DXC4B2P
2025-01-10 07:35:00	104	DoubleDown	DXC4B2P
2025-01-10 07:44:00	133	DoubleUp	DXC4B2P
2025-01-10 07:53:00	217	DoubleUp	DXC4B2P
2025-01-10 08:01:00	177	DoubleDown	DXC4B2P
2025-01-10 08:11:00	208	DoubleUp	DXC4B2P
2025-01-10 08:19:00	149	DoubleDown	DXC4B2P
2025-01-10 08:27:00	146	SingleDown	DXC4B2P
2025-01-10 08:37:00	148	SingleUp	DXC4B2P
2025-01-10 08:47:00	126	DoubleDown	DXC4B2P
2025-01-10 08:57:00	98	DoubleDown	DXC4B2P
2025-01-10 09:04:00	163	DoubleUp	DXC4B2P
2025-01-10 09:11:00	177	DoubleUp	DXC4B2P
2025-01-10 09:18:00	179	SingleUp	DXC4B2P
2025-01-10 09:27:00	288	DoubleUp	DXC4B2P
2025-01-10 09:37:00	96	DoubleDown	DXC4B2P
2025-01-10 09:44:00	102	DoubleUp	DXC4B2P
2025-01-10 09:54:00	240	DoubleUp	DXC4B2P
2025-01-10 10:01:00	255	DoubleUp	DXC4B2P
2025-01-10 10:08:00	89	DoubleDown	DXC4B2P
2025-01-10 10:17:00	85	DoubleDown	DXC4B2P
2025-01-10 10:24:00	222	DoubleUp	DXC4B2P
2025-01-10 10:34:00	163	DoubleDown	DXC4B2P
2025-01-10 10:42:00	202	DoubleUp	DXC4B2P
2025-01-10 10:50:00	163	DoubleDown	DXC4B2P
2025-01-10 10:59:00	84	DoubleDown	DXC4B2P
2025-01-10 11:07:00	100	DoubleUp	DXC4B2P
2025-01-10 11:15:00	150	DoubleUp	DXC4B2P
2025-01-10 11:25:00	169	DoubleUp	DXC4B2P
2025-01-10 11:32:00	134	DoubleDown	DXC4B2P
2025-01-10 11:41:00	276	DoubleUp	DXC4B2P
2025-01-10 11:50:00	114	DoubleDown	DXC4B2P
2025-01-10 12:00:00	222	DoubleUp	DXC4B2P
2025-01-10 12:07:00	97	DoubleDown	DXC4B2P
2025-01-10 12:14:00	122	DoubleUp	DXC4B2P
2025-01-10 12:21:00	74	DoubleDown	DXC4B2P
2025-01-10 12:31:00	165	DoubleUp	DXC4B2P
2025-01-10 12:38:00	179	DoubleUp	DXC4B2P
2025-01-10 12:45:00	120	DoubleDown	DXC4B2P
2025-01-10 12:54:00	91	DoubleDown	DXC4B2P
2025-01-10 13:03:00	135	DoubleUp	DXC4B2P
2025-01-10 13:13:00	153	DoubleUp	DXC4B2P
2025-01-10 13:23:00	109	DoubleDown	DXC4B2P
2025-01-10 13:33:00	162	DoubleUp	DXC4B2P
2025-01-10 13:42:00	166	DoubleUp	DXC4B2P
2025-01-10 13:49:00	294	DoubleUp	DXC4B2P
2025-01-10 13:57:00	169	DoubleDown	DXC4B2P
2025-01-10 14:05:00	156	DoubleDown	DXC4B2P
2025-01-10 14:14:00	236	DoubleUp	DXC4B2P
2025-01-10 14:24:00	244	DoubleUp	DXC4B2P
2025-01-10 14:32:00	212	DoubleDown	DXC4B2P
2025-01-10 14:41:00	231	DoubleUp	DXC4B2P
2025-01-10 14:48:00	54	DoubleDown	DXC4B2P
2025-01-10 14:58:00	145	DoubleUp	DXC4B2P
2025-01-10 15:08:00	90	DoubleDown	DXC4B2P
2025-01-10 15:18:00	258	DoubleUp	DXC4B2P
2025-01-10 15:26:00	267	DoubleUp	DXC4B2P
2025-01-10 15:35:00	117	DoubleDown	DXC4B2P
2025-01-10 15:43:00	149	DoubleUp	DXC4B2P
2025-01-10 15:53:00	141	DoubleDown	DXC4B2P
2025-01-10 16:02:00	91	DoubleDown	DXC4B2P
2025-01-10 16:12:00	241	DoubleUp	DXC4B2P
2025-01-10 16:21:00	162	DoubleDown	DXC4B2P
2025-01-10 16:29:00	159	SingleDown	DXC4B2P
2025-01-10 16:39:00	54	DoubleDown	DXC4B2P
2025-01-10 16:46:00	137	DoubleUp	DXC4B2P
2025-01-10 16:56:00	240	DoubleUp	DXC4B2P
2025-01-10 17:06:00	99	DoubleDown	DXC4B2P
2025-01-10 17:16:00	172	DoubleUp	DXC4B2P
2025-01-10 17:26:00	238	DoubleUp	DXC4B2P
2025-01-10 17:35:00	95	DoubleDown	DXC4B2P
2025-01-10 17:45:00	105	DoubleUp	DXC4B2P
2025-01-10 17:53:00	269	DoubleUp	DXC4B2P
2025-01-10 18:03:00	255	DoubleDown	DXC4B2P
2025-01-10 18:12:00	95	DoubleDown	DXC4B2P
2025-01-10 18:21:00	156	DoubleUp	DXC4B2P
2025-01-10 18:28:00	84	DoubleDown	DXC4B2P
2025-01-10 18:37:00	92	DoubleUp	DXC4B2P
2025-01-10 18:47:00	174	DoubleUp	DXC4B2P
2025-01-10 18:54:00	139	DoubleDown	DXC4B2P
2025-01-10 19:04:00	110	DoubleDown	DXC4B2P
2025-01-10 19:13:00	89	DoubleDown	DXC4B2P
2025-01-10 19:23:00	65	DoubleDown	DXC4B2P
2025-01-10 19:33:00	109	DoubleUp	DXC4B2P
2025-01-10 19:41:00	189	DoubleUp	DXC4B2P
2025-01-10 19:50:00	227	DoubleUp	DXC4B2P
2025-01-10 19:57:00	125	DoubleDown	DXC4B2P
2025-01-10 20:05:00	160	DoubleUp	DXC4B2P
2025-01-10 20:14:00	104	DoubleDown	DXC4B2P
2025-01-10 20:23:00	82	DoubleDown	DXC4B2P
2025-01-10 20:32:00	176	DoubleUp	DXC4B2P
2025-01-10 20:42:00	137	DoubleDown	DXC4B2P
2025-01-10 20:49:00	138	Flat	DXC4B2P
2025-01-10 20:56:00	98	DoubleDown	DXC4B2P
2025-01-10 21:06:00	165	DoubleUp	DXC4B2P
2025-01-10 21:14:00	208	DoubleUp	DXC4B2P
2025-01-10 21:21:00	190	DoubleDown	DXC4B2P
2025-01-10 21:30:00	156	DoubleDown	DXC4B2P
2025-01-10 21:39:00	177	DoubleUp	DXC4B2P
2025-01-10 21:49:00	77	DoubleDown	DXC4B2P
2025-01-10 21:59:00	162	DoubleUp	DXC4B2P
2025-01-10 22:06:00	168	DoubleUp	DXC4B2P
2025-01-10 22:14:00	164	DoubleDown	DXC4B2P
2025-01-10 22:24:00	98	DoubleDown	DXC4B2P
2025-01-10 22:33:00	123	DoubleUp	DXC4B2P
2025-01-10 22:42:00	234	DoubleUp	DXC4B2P
2025-01-10 22:49:00	109	DoubleDown	DXC4B2P
2025-01-10 22:57:00	125	DoubleUp	DXC4B2P
2025-01-10 23:05:00	255	DoubleUp	DXC4B2P
2025-01-10 23:14:00	119	DoubleDown	DXC4B2P
2025-01-10 23:24:00	76	DoubleDown	DXC4B2P
2025-01-10 23:31:00	82	DoubleUp	DXC4B2P
2025-01-10 23:38:00	87	DoubleUp	DXC4B2P
2025-01-10 23:45:00	100	DoubleUp	DXC4B2P
2025-01-10 23:52:00	267	DoubleUp	DXC4B2P
2025-01-10 23:59:00	233	DoubleDown	DXC4B2P
2025-01-11 00:08:00	276	DoubleUp	DXC4B2P
2025-01-11 00:17:00	116	DoubleDown	DXC4B2P
2025-01-11 00:24:00	122	DoubleUp	DXC4B2P
2025-01-11 00:32:00	130	DoubleUp	DXC4B2P
2025-01-11 00:39:00	97	DoubleDown	DXC4B2P
2025-01-11 00:47:00	139	DoubleUp	DXC4B2P
2025-01-11 00:55:00	279	DoubleUp	DXC4B2P
2025-01-11 01:04:00	153	DoubleDown	DXC4B2P
2025-01-11 01:11:00	124	DoubleDown	DXC4B2P
2025-01-11 01:21:00	214	DoubleUp	DXC4B2P
2025-01-11 01:28:00	238	DoubleUp	DXC4B2P
2025-01-11 01:36:00	48	DoubleDown	DXC4B2P
2025-01-11 01:45:00	120	DoubleUp	DXC4B2P
2025-01-11 01:55:00	215	DoubleUp	DXC4B2P
2025-01-11 02:04:00	156	DoubleDown	DXC4B2P
2025-01-11 02:13:00	127	DoubleDown	DXC4B2P
2025-01-11 02:22:00	102	DoubleDown	DXC4B2P
2025-01-11 02:31:00	114	DoubleUp	DXC4B2P
2025-01-11 02:40:00	101	DoubleDown	DXC4B2P
2025-01-11 02:49:00	45	DoubleDown	DXC4B2P
2025-01-11 02:56:00	84	DoubleUp	DXC4B2P
2025-01-11 03:05:00	248	DoubleUp	DXC4B2P
2025-01-11 03:14:00	127	DoubleDown	DXC4B2P
2025-01-11 03:21:00	152	DoubleUp	DXC4B2P
2025-01-11 03:30:00	96	DoubleDown	DXC4B2P
2025-01-11 03:39:00	77	DoubleDown	DXC4B2P
2025-01-11 03:46:00	102	DoubleUp	DXC4B2P
2025-01-11 03:54:00	40	DoubleDown	DXC4B2P
2025-01-11 04:02:00	96	DoubleUp	DXC4B2P
2025-01-11 04:12:00	249	DoubleUp	DXC4B2P
2025-01-11 04:20:00	100	DoubleDown	DXC4B2P
2025-01-11 04:27:00	279	DoubleUp	DXC4B2P
2025-01-11 04:35:00	235	DoubleDown	DXC4B2P
2025-01-11 04:43:00	187	DoubleDown	DXC4B2P
2025-01-11 04:51:00	230	DoubleUp	DXC4B2P
2025-01-11 05:01:00	173	DoubleDown	DXC4B2P
2025-01-11 05:11:00	166	DoubleDown	DXC4B2P
2025-01-11 05:20:00	157	DoubleDown	DXC4B2P
2025-01-11 05:30:00	94	DoubleDown	DXC4B2P
2025-01-11 05:39:00	280	DoubleUp	DXC4B2P
2025-01-11 05:49:00	100	DoubleDown	DXC4B2P
2025-01-11 05:58:00	89	DoubleDown	DXC4B2P
2025-01-11 06:05:00	169	DoubleUp	DXC4B2P
2025-01-11 06:14:00	90	DoubleDown	DXC4B2P
2025-01-11 06:21:00	188	DoubleUp	DXC4B2P
2025-01-11 06:29:00	44	DoubleDown	DXC4B2P
2025-01-11 06:38:00	215	DoubleUp	DXC4B2P
2025-01-11 06:46:00	183	DoubleDown	DXC4B2P
2025-01-11 06:55:00	118	DoubleDown	DXC4B2P
2025-01-11 07:05:00	82	DoubleDown	DXC4B2P
2025-01-11 07:15:00	105	DoubleUp	DXC4B2P
2025-01-11 07:22:00	153	DoubleUp	DXC4B2P
2025-01-11 07:29:00	214	DoubleUp	DXC4B2P
2025-01-11 07:36:00	221	DoubleUp	DXC4B2P
2025-01-11 07:44:00	108	DoubleDown	DXC4B2P
2025-01-11 07:53:00	101	DoubleDown	DXC4B2P
2025-01-11 08:01:00	171	DoubleUp	DXC4B2P
2025-01-11 08:11:00	169	SingleDown	DXC4B2P
2025-01-11 08:21:00	207	DoubleUp	DXC4B2P
2025-01-11 08:28:00	188	DoubleDown	DXC4B2P
2025-01-11 08:36:00	54	DoubleDown	DXC4B2P
2025-01-11 08:45:00	75	DoubleUp	DXC4B2P
2025-01-11 08:52:00	91	DoubleUp	DXC4B2P
2025-01-11 08:59:00	201	DoubleUp	DXC4B2P
2025-01-11 09:06:00	128	DoubleDown	DXC4B2P
2025-01-11 09:15:00	159	DoubleUp	DXC4B2P
2025-01-11 09:25:00	231	DoubleUp	DXC4B2P
2025-01-11 09:32:00	135	DoubleDown	DXC4B2P
2025-01-11 09:41:00	88	DoubleDown	DXC4B2P
2025-01-11 09:50:00	178	DoubleUp	DXC4B2P
2025-01-11 09:57:00	162	DoubleDown	DXC4B2P
2025-01-11 10:04:00	119	DoubleDown	DXC4B2P
2025-01-11 10:13:00	216	DoubleUp	DXC4B2P
2025-01-11 10:22:00	72	DoubleDown	DXC4B2P
2025-01-11 10:30:00	256	DoubleUp	DXC4B2P
2025-01-11 10:38:00	148	DoubleDown	DXC4B2P
2025-01-11 10:45:00	131	DoubleDown	DXC4B2P
2025-01-11 10:52:00	143	DoubleUp	DXC4B2P
2025-01-11 11:00:00	130	DoubleDown	DXC4B2P
2025-01-11 11:09:00	227	DoubleUp	DXC4B2P
2025-01-11 11:19:00	94	DoubleDown	DXC4B2P
2025-01-11 11:26:00	182	DoubleUp	DXC4B2P
2025-01-11 11:34:00	93	DoubleDown	DXC4B2P
2025-01-11 11:44:00	89	DoubleDown	DXC4B2P
2025-01-11 11:52:00	72	DoubleDown	DXC4B2P
2025-01-11 12:02:00	235	DoubleUp	DXC4B2P
2025-01-11 12:11:00	240	DoubleUp	DXC4B2P
2025-01-11 12:18:00	104	DoubleDown	DXC4B2P
2025-01-11 12:27:00	82	DoubleDown	DXC4B2P
2025-01-11 12:34:00	148	DoubleUp	DXC4B2P
2025-01-11 12:42:00	193	DoubleUp	DXC4B2P
2025-01-11 12:49:00	204	DoubleUp	DXC4B2P
2025-01-11 12:57:00	88	DoubleDown	DXC4B2P
2025-01-11 13:06:00	84	DoubleDown	DXC4B2P
2025-01-11 13:15:00	156	DoubleUp	DXC4B2P
2025-01-11 13:23:00	255	DoubleUp	DXC4B2P
2025-01-11 13:31:00	198	DoubleDown	DXC4B2P
2025-01-11 13:41:00	202	DoubleUp	DXC4B2P
2025-01-11 13:50:00	134	DoubleDown	DXC4B2P
2025-01-11 13:58:00	292	DoubleUp	DXC4B2P
2025-01-11 14:05:00	236	DoubleDown	DXC4B2P
2025-01-11 14:14:00	164	DoubleDown	DXC4B2P
2025-01-11 14:24:00	102	DoubleDown	DXC4B2P
2025-01-11 14:34:00	201	DoubleUp	DXC4B2P
2025-01-11 14:42:00	121	DoubleDown	DXC4B2P
2025-01-11 14:49:00	166	DoubleUp	DXC4B2P
2025-01-11 14:58:00	216	DoubleUp	DXC4B2P
2025-01-11 15:05:00	126	DoubleDown	DXC4B2P
2025-01-11 15:14:00	154	DoubleUp	DXC4B2P
2025-01-11 15:24:00	106	DoubleDown	DXC4B2P
2025-01-11 15:32:00	84	DoubleDown	DXC4B2P
2025-01-11 15:39:00	83	Flat	DXC4B2P
2025-01-11 15:46:00	53	DoubleDown	DXC4B2P
2025-01-11 15:54:00	271	DoubleUp	DXC4B2P
2025-01-11 16:03:00	59	DoubleDown	DXC4B2P
2025-01-11 16:11:00	146	DoubleUp	DXC4B2P
2025-01-11 16:19:00	83	DoubleDown	DXC4B2P
2025-01-11 16:28:00	87	DoubleUp	DXC4B2P
2025-01-11 16:36:00	76	DoubleDown	DXC4B2P
2025-01-11 16:43:00	280	DoubleUp	DXC4B2P
2025-01-11 16:52:00	200	DoubleDown	DXC4B2P
2025-01-11 17:00:00	169	DoubleDown	DXC4B2P
2025-01-11 17:07:00	147	DoubleDown	DXC4B2P
2025-01-11 17:14:00	224	DoubleUp	DXC4B2P
2025-01-11 17:22:00	111	DoubleDown	DXC4B2P
2025-01-11 17:32:00	193	DoubleUp	DXC4B2P
2025-01-11 17:39:00	147	DoubleDown	DXC4B2P
2025-01-11 17:47:00	134	DoubleDown	DXC4B2P
2025-01-11 17:56:00	266	DoubleUp	DXC4B2P
2025-01-11 18:04:00	92	DoubleDown	DXC4B2P
2025-01-11 18:13:00	165	DoubleUp	DXC4B2P
2025-01-11 18:21:00	110	DoubleDown	DXC4B2P
2025-01-11 18:30:00	146	DoubleUp	DXC4B2P
2025-01-11 18:39:00	70	DoubleDown	DXC4B2P
2025-01-11 18:48:00	165	DoubleUp	DXC4B2P
2025-01-11 18:58:00	100	DoubleDown	DXC4B2P
2025-01-11 19:08:00	210	DoubleUp	DXC4B2P
2025-01-11 19:17:00	115	DoubleDown	DXC4B2P
2025-01-11 19:27:00	123	DoubleUp	DXC4B2P
2025-01-11 19:35:00	215	DoubleUp	DXC4B2P
2025-01-11 19:43:00	166	DoubleDown	DXC4B2P
2025-01-11 19:50:00	98	DoubleDown	DXC4B2P
2025-01-11 19:59:00	107	DoubleUp	DXC4B2P
2025-01-11 20:09:00	151	DoubleUp	DXC4B2P
2025-01-11 20:17:00	292	DoubleUp	DXC4B2P
2025-01-11 20:25:00	120	DoubleDown	DXC4B2P
2025-01-11 20:34:00	273	DoubleUp	DXC4B2P
2025-01-11 20:41:00	119	DoubleDown	DXC4B2P
2025-01-11 20:51:00	217	DoubleUp	DXC4B2P
2025-01-11 20:58:00	70	DoubleDown	DXC4B2P
2025-01-11 21:07:00	105	DoubleUp	DXC4B2P
2025-01-11 21:14:00	102	SingleDown	DXC4B2P
2025-01-11 21:21:00	222	DoubleUp	DXC4B2P
2025-01-11 21:30:00	70	DoubleDown	DXC4B2P
2025-01-11 21:39:00	179	DoubleUp	DXC4B2P
2025-01-11 21:46:00	99	DoubleDown	DXC4B2P
2025-01-11 21:55:00	160	DoubleUp	DXC4B2P
2025-01-11 22:03:00	125	DoubleDown	DXC4B2P
2025-01-11 22:11:00	248	DoubleUp	DXC4B2P
2025-01-11 22:21:00	175	DoubleDown	DXC4B2P
2025-01-11 22:31:00	221	DoubleUp	DXC4B2P
2025-01-11 22:40:00	204	DoubleDown	DXC4B2P
2025-01-11 22:48:00	176	DoubleDown	DXC4B2P
2025-01-11 22:55:00	125	DoubleDown	DXC4B2P
2025-01-11 23:04:00	159	DoubleUp	DXC4B2P
2025-01-11 23:11:00	221	DoubleUp	DXC4B2P
2025-01-11 23:18:00	105	DoubleDown	DXC4B2P
2025-01-11 23:27:00	113	DoubleUp	DXC4B2P
2025-01-11 23:34:00	132	DoubleUp	DXC4B2P
2025-01-11 23:42:00	110	DoubleDown	DXC4B2P
2025-01-11 23:49:00	54	DoubleDown	DXC4B2P
2025-01-11 23:56:00	283	DoubleUp	DXC4B2P
2025-01-12 00:03:00	87	DoubleDown	DXC4B2P
2025-01-12 00:11:00	284	DoubleUp	DXC4B2P
2025-01-12 00:19:00	237	DoubleDown	DXC4B2P
2025-01-12 00:26:00	113	DoubleDown	DXC4B2P
2025-01-12 00:36:00	88	DoubleDown	DXC4B2P
2025-01-12 00:46:00	229	DoubleUp	DXC4B2P
2025-01-12 00:55:00	208	DoubleDown	DXC4B2P
2025-01-12 01:04:00	130	DoubleDown	DXC4B2P
2025-01-12 01:12:00	261	DoubleUp	DXC4B2P
2025-01-12 01:22:00	277	DoubleUp	DXC4B2P
2025-01-12 01:29:00	84	DoubleDown	DXC4B2P
2025-01-12 01:37:00	237	DoubleUp	DXC4B2P
2025-01-12 01:47:00	115	DoubleDown	DXC4B2P
2025-01-12 01:54:00	162	DoubleUp	DXC4B2P
2025-01-12 02:03:00	154	DoubleDown	DXC4B2P
2025-01-12 02:12:00	75	DoubleDown	DXC4B2P
2025-01-12 02:20:00	284	DoubleUp	DXC4B2P
2025-01-12 02:28:00	234	DoubleDown	DXC4B2P
2025-01-12 02:35:00	115	DoubleDown	DXC4B2P
2025-01-12 02:44:00	72	DoubleDown	DXC4B2P
2025-01-12 02:52:00	121	DoubleUp	DXC4B2P
2025-01-12 03:01:00	243	DoubleUp	DXC4B2P
2025-01-12 03:08:00	284	DoubleUp	DXC4B2P
2025-01-12 03:16:00	129	DoubleDown	DXC4B2P
2025-01-12 03:25:00	140	DoubleUp	DXC4B2P
2025-01-12 03:35:00	292	DoubleUp	DXC4B2P
2025-01-12 03:45:00	144	DoubleDown	DXC4B2P
2025-01-12 03:54:00	192	DoubleUp	DXC4B2P
2025-01-12 04:04:00	157	DoubleDown	DXC4B2P
2025-01-12 04:14:00	78	DoubleDown	DXC4B2P
2025-01-12 04:22:00	107	DoubleUp	DXC4B2P
2025-01-12 04:30:00	122	DoubleUp	DXC4B2P
2025-01-12 04:40:00	278	DoubleUp	DXC4B2P
2025-01-12 04:48:00	164	DoubleDown	DXC4B2P
2025-01-12 04:58:00	172	DoubleUp	DXC4B2P
2025-01-12 05:07:00	239	DoubleUp	DXC4B2P
2025-01-12 05:16:00	230	DoubleDown	DXC4B2P
2025-01-12 05:25:00	164	DoubleDown	DXC4B2P
2025-01-12 05:33:00	109	DoubleDown	DXC4B2P
2025-01-12 05:42:00	175	DoubleUp	DXC4B2P
2025-01-12 05:50:00	113	DoubleDown	DXC4B2P
2025-01-12 06:00:00	77	DoubleDown	DXC4B2P
2025-01-12 06:09:00	162	DoubleUp	DXC4B2P
2025-01-12 06:17:00	204	DoubleUp	DXC4B2P
2025-01-12 06:25:00	128	DoubleDown	DXC4B2P
2025-01-12 06:33:00	116	DoubleDown	DXC4B2P
2025-01-12 06:40:00	134	DoubleUp	DXC4B2P
2025-01-12 06:50:00	113	DoubleDown	DXC4B2P
2025-01-12 06:58:00	137	DoubleUp	DXC4B2P
2025-01-12 07:06:00	215	DoubleUp	DXC4B2P
2025-01-12 07:16:00	209	DoubleDown	DXC4B2P
2025-01-12 07:23:00	175	DoubleDown	DXC4B2P
2025-01-12 07:32:00	83	DoubleDown	DXC4B2P
2025-01-12 07:40:00	152	DoubleUp	DXC4B2P
2025-01-12 07:50:00	103	DoubleDown	DXC4B2P
2025-01-12 07:58:00	160	DoubleUp	DXC4B2P
2025-01-12 08:08:00	242	DoubleUp	DXC4B2P
2025-01-12 08:15:00	263	DoubleUp	DXC4B2P
2025-01-12 08:23:00	129	DoubleDown	DXC4B2P
2025-01-12 08:33:00	178	DoubleUp	DXC4B2P
2025-01-12 08:40:00	105	DoubleDown	DXC4B2P
2025-01-12 08:50:00	88	DoubleDown	DXC4B2P
2025-01-12 09:00:00	130	DoubleUp	DXC4B2P
2025-01-12 09:09:00	84	DoubleDown	DXC4B2P
2025-01-12 09:17:00	134	DoubleUp	DXC4B2P
2025-01-12 09:24:00	270	DoubleUp	DXC4B2P
2025-01-12 09:32:00	142	DoubleDown	DXC4B2P
2025-01-12 09:40:00	166	DoubleUp	DXC4B2P
2025-01-12 09:49:00	176	DoubleUp	DXC4B2P
2025-01-12 09:56:00	160	DoubleDown	DXC4B2P
2025-01-12 10:03:00	140	DoubleDown	DXC4B2P
2025-01-12 10:13:00	152	DoubleUp	DXC4B2P
2025-01-12 10:20:00	288	DoubleUp	DXC4B2P
2025-01-12 10:28:00	156	DoubleDown	DXC4B2P
2025-01-12 10:36:00	139	DoubleDown	DXC4B2P
2025-01-12 10:43:00	152	DoubleUp	DXC4B2P
2025-01-12 10:52:00	123	DoubleDown	DXC4B2P
2025-01-12 11:02:00	142	DoubleUp	DXC4B2P
2025-01-12 11:10:00	112	DoubleDown	DXC4B2P
2025-01-12 11:17:00	243	DoubleUp	DXC4B2P
2025-01-12 11:24:00	81	DoubleDown	DXC4B2P
2025-01-12 11:34:00	108	DoubleUp	DXC4B2P
2025-01-12 11:41:00	261	DoubleUp	DXC4B2P
2025-01-12 11:49:00	190	DoubleDown	DXC4B2P
2025-01-12 11:56:00	73	DoubleDown	DXC4B2P
2025-01-12 12:06:00	70	SingleDown	DXC4B2P
2025-01-12 12:15:00	169	DoubleUp	DXC4B2P
2025-01-12 12:24:00	160	DoubleDown	DXC4B2P
2025-01-12 12:34:00	120	DoubleDown	DXC4B2P
2025-01-12 12:41:00	227	DoubleUp	DXC4B2P
2025-01-12 12:49:00	149	DoubleDown	DXC4B2P
2025-01-12 12:58:00	161	DoubleUp	DXC4B2P
2025-01-12 13:06:00	174	DoubleUp	DXC4B2P
2025-01-12 13:13:00	247	DoubleUp	DXC4B2P
2025-01-12 13:21:00	243	DoubleDown	DXC4B2P
2025-01-12 13:28:00	203	DoubleDown	DXC4B2P
2025-01-12 13:35:00	72	DoubleDown	DXC4B2P
2025-01-12 13:45:00	143	DoubleUp	DXC4B2P
2025-01-12 13:55:00	187	DoubleUp	DXC4B2P
2025-01-12 14:04:00	242	DoubleUp	DXC4B2P
2025-01-12 14:11:00	134	DoubleDown	DXC4B2P
2025-01-12 14:21:00	130	DoubleDown	DXC4B2P
2025-01-12 14:29:00	104	DoubleDown	DXC4B2P
2025-01-12 14:36:00	94	DoubleDown	DXC4B2P
2025-01-12 14:45:00	184	DoubleUp	DXC4B2P
2025-01-12 14:54:00	116	DoubleDown	DXC4B2P
2025-01-12 15:03:00	278	DoubleUp	DXC4B2P
2025-01-12 15:10:00	123	DoubleDown	DXC4B2P
2025-01-12 15:20:00	146	DoubleUp	DXC4B2P
2025-01-12 15:29:00	56	DoubleDown	DXC4B2P
2025-01-12 15:36:00	121	DoubleUp	DXC4B2P
2025-01-12 15:45:00	179	DoubleUp	DXC4B2P
2025-01-12 15:55:00	188	DoubleUp	DXC4B2P
2025-01-12 16:04:00	79	DoubleDown	DXC4B2P
2025-01-12 16:11:00	129	DoubleUp	DXC4B2P
2025-01-12 16:18:00	281	DoubleUp	DXC4B2P
2025-01-12 16:25:00	106	DoubleDown	DXC4B2P
2025-01-12 16:32:00	128	DoubleUp	DXC4B2P
2025-01-12 16:40:00	173	DoubleUp	DXC4B2P
2025-01-12 16:48:00	74	DoubleDown	DXC4B2P
2025-01-12 16:57:00	80	DoubleUp	DXC4B2P
2025-01-12 17:04:00	175	DoubleUp	DXC4B2P
2025-01-12 17:13:00	197	DoubleUp	DXC4B2P
2025-01-12 17:22:00	164	DoubleDown	DXC4B2P
2025-01-12 17:32:00	104	DoubleDown	DXC4B2P
2025-01-12 17:40:00	153	DoubleUp	DXC4B2P
2025-01-12 17:50:00	87	DoubleDown	DXC4B2P
2025-01-12 17:57:00	79	DoubleDown	DXC4B2P
2025-01-12 18:04:00	104	DoubleUp	DXC4B2P
2025-01-12 18:14:00	74	DoubleDown	DXC4B2P
2025-01-12 18:22:00	170	DoubleUp	DXC4B2P
2025-01-12 18:30:00	204	DoubleUp	DXC4B2P
2025-01-12 18:37:00	144	DoubleDown	DXC4B2P
2025-01-12 18:46:00	149	DoubleUp	DXC4B2P
2025-01-12 18:55:00	189	DoubleUp	DXC4B2P
2025-01-12 19:03:00	135	DoubleDown	DXC4B2P
2025-01-12 19:13:00	174	DoubleUp	DXC4B2P
2025-01-12 19:20:00	58	DoubleDown	DXC4B2P
2025-01-12 19:28:00	72	DoubleUp	DXC4B2P
2025-01-12 19:38:00	176	DoubleUp	DXC4B2P
2025-01-12 19:47:00	136	DoubleDown	DXC4B2P
2025-01-12 19:57:00	253	DoubleUp	DXC4B2P
2025-01-12 20:05:00	134	DoubleDown	DXC4B2P
2025-01-12 20:14:00	85	DoubleDown	DXC4B2P
2025-01-12 20:24:00	150	DoubleUp	DXC4B2P
2025-01-12 20:31:00	171	DoubleUp	DXC4B2P
2025-01-12 20:40:00	137	DoubleDown	DXC4B2P
2025-01-12 20:48:00	162	DoubleUp	DXC4B2P
2025-01-12 20:56:00	211	DoubleUp	DXC4B2P
2025-01-12 21:06:00	177	DoubleDown	DXC4B2P
2025-01-12 21:14:00	81	DoubleDown	DXC4B2P
2025-01-12 21:24:00	139	DoubleUp	DXC4B2P
2025-01-12 21:31:00	159	DoubleUp	DXC4B2P
2025-01-12 21:38:00	110	DoubleDown	DXC4B2P
2025-01-12 21:47:00	110	Flat	DXC4B2P
2025-01-12 21:56:00	124	DoubleUp	DXC4B2P
2025-01-12 22:04:00	86	DoubleDown	DXC4B2P
2025-01-12 22:12:00	242	DoubleUp	DXC4B2P
2025-01-12 22:20:00	72	DoubleDown	DXC4B2P
2025-01-12 22:28:00	174	DoubleUp	DXC4B2P
2025-01-12 22:38:00	87	DoubleDown	DXC4B2P
2025-01-12 22:47:00	131	DoubleUp	DXC4B2P
2025-01-12 22:55:00	101	DoubleDown	DXC4B2P
2025-01-12 23:02:00	137	DoubleUp	DXC4B2P
2025-01-12 23:11:00	126	DoubleDown	DXC4B2P
2025-01-12 23:18:00	239	DoubleUp	DXC4B2P
2025-01-12 23:27:00	195	DoubleDown	DXC4B2P
2025-01-12 23:34:00	215	DoubleUp	DXC4B2P
2025-01-12 23:43:00	114	DoubleDown	DXC4B2P
2025-01-12 23:53:00	133	DoubleUp	DXC4B2P
2025-01-13 00:03:00	225	DoubleUp	DXC4B2P
2025-01-13 00:13:00	134	DoubleDown	DXC4B2P
2025-01-13 00:22:00	169	DoubleUp	DXC4B2P
2025-01-13 00:32:00	280	DoubleUp	DXC4B2P
2025-01-13 00:40:00	100	DoubleDown	DXC4B2P
2025-01-13 00:49:00	200	DoubleUp	DXC4B2P
2025-01-13 00:56:00	169	DoubleDown	DXC4B2P
2025-01-13 01:03:00	249	DoubleUp	DXC4B2P
2025-01-13 01:11:00	100	DoubleDown	DXC4B2P
2025-01-13 01:20:00	250	DoubleUp	DXC4B2P
2025-01-13 01:29:00	197	DoubleDown	DXC4B2P
2025-01-13 01:38:00	110	DoubleDown	DXC4B2P
2025-01-13 01:48:00	131	DoubleUp	DXC4B2P
2025-01-13 01:55:00	128	SingleDown	DXC4B2P
2025-01-13 02:03:00	247	DoubleUp	DXC4B2P
2025-01-13 02:13:00	70	DoubleDown	DXC4B2P
2025-01-13 02:23:00	184	DoubleUp	DXC4B2P
2025-01-13 02:31:00	128	DoubleDown	DXC4B2P
2025-01-13 02:41:00	172	DoubleUp	DXC4B2P
2025-01-13 02:49:00	270	DoubleUp	DXC4B2P
2025-01-13 02:58:00	140	DoubleDown	DXC4B2P
2025-01-13 03:07:00	140	Flat	DXC4B2P
2025-01-13 03:14:00	87	DoubleDown	DXC4B2P
2025-01-13 03:22:00	207	DoubleUp	DXC4B2P
2025-01-13 03:32:00	267	DoubleUp	DXC4B2P
2025-01-13 03:40:00	214	DoubleDown	DXC4B2P
2025-01-13 03:47:00	72	DoubleDown	DXC4B2P
2025-01-13 03:55:00	93	DoubleUp	DXC4B2P
2025-01-13 04:04:00	88	DoubleDown	DXC4B2P
2025-01-13 04:13:00	81	DoubleDown	DXC4B2P
2025-01-13 04:23:00	285	DoubleUp	DXC4B2P
2025-01-13 04:30:00	98	DoubleDown	DXC4B2P
2025-01-13 04:40:00	151	DoubleUp	DXC4B2P
2025-01-13 04:48:00	50	DoubleDown	DXC4B2P
2025-01-13 04:56:00	240	DoubleUp	DXC4B2P
2025-01-13 05:04:00	131	DoubleDown	DXC4B2P
2025-01-13 05:14:00	163	DoubleUp	DXC4B2P
2025-01-13 05:23:00	249	DoubleUp	DXC4B2P
2025-01-13 05:31:00	182	DoubleDown	DXC4B2P
2025-01-13 05:39:00	219	DoubleUp	DXC4B2P
2025-01-13 05:48:00	87	DoubleDown	DXC4B2P
2025-01-13 05:55:00	163	DoubleUp	DXC4B2P
2025-01-13 06:03:00	195	DoubleUp	DXC4B2P
2025-01-13 06:10:00	234	DoubleUp	DXC4B2P
2025-01-13 06:17:00	166	DoubleDown	DXC4B2P
2025-01-13 06:24:00	100	DoubleDown	DXC4B2P
2025-01-13 06:33:00	105	DoubleUp	DXC4B2P
2025-01-13 06:40:00	250	DoubleUp	DXC4B2P
2025-01-13 06:48:00	140	DoubleDown	DXC4B2P
2025-01-13 06:56:00	154	DoubleUp	DXC4B2P
2025-01-13 07:04:00	172	DoubleUp	DXC4B2P
2025-01-13 07:11:00	112	DoubleDown	DXC4B2P
2025-01-13 07:20:00	82	DoubleDown	DXC4B2P
2025-01-13 07:30:00	107	DoubleUp	DXC4B2P
2025-01-13 07:39:00	154	DoubleUp	DXC4B2P
2025-01-13 07:47:00	282	DoubleUp	DXC4B2P
2025-01-13 07:54:00	292	DoubleUp	DXC4B2P
2025-01-13 08:01:00	148	DoubleDown	DXC4B2P
2025-01-13 08:10:00	250	DoubleUp	DXC4B2P
2025-01-13 08:20:00	153	DoubleDown	DXC4B2P
2025-01-13 08:27:00	286	DoubleUp	DXC4B2P
2025-01-13 08:36:00	179	DoubleDown	DXC4B2P
2025-01-13 08:46:00	148	DoubleDown	DXC4B2P
2025-01-13 08:54:00	156	DoubleUp	DXC4B2P
2025-01-13 09:02:00	234	DoubleUp	DXC4B2P
2025-01-13 09:11:00	175	DoubleDown	DXC4B2P
2025-01-13 09:21:00	96	DoubleDown	DXC4B2P
2025-01-13 09:30:00	95	Flat	DXC4B2P
2025-01-13 09:37:00	165	DoubleUp	DXC4B2P
2025-01-13 09:47:00	127	DoubleDown	DXC4B2P
2025-01-13 09:57:00	172	DoubleUp	DXC4B2P
2025-01-13 10:05:00	275	DoubleUp	DXC4B2P
2025-01-13 10:15:00	152	DoubleDown	DXC4B2P
2025-01-13 10:25:00	158	DoubleUp	DXC4B2P
2025-01-13 10:34:00	68	DoubleDown	DXC4B2P
2025-01-13 10:44:00	138	DoubleUp	DXC4B2P
2025-01-13 10:54:00	109	DoubleDown	DXC4B2P
2025-01-13 11:02:00	193	DoubleUp	DXC4B2P
2025-01-13 11:09:00	132	DoubleDown	DXC4B2P
2025-01-13 11:19:00	54	DoubleDown	DXC4B2P
2025-01-13 11:26:00	130	DoubleUp	DXC4B2P
2025-01-13 11:33:00	173	DoubleUp	DXC4B2P
2025-01-13 11:42:00	107	DoubleDown	DXC4B2P
2025-01-13 11:49:00	253	DoubleUp	DXC4B2P
2025-01-13 11:59:00	86	DoubleDown	DXC4B2P
2025-01-13 12:09:00	174	DoubleUp	DXC4B2P
2025-01-13 12:19:00	168	DoubleDown	DXC4B2P
2025-01-13 12:27:00	91	DoubleDown	DXC4B2P
2025-01-13 12:36:00	191	DoubleUp	DXC4B2P
2025-01-13 12:46:00	157	DoubleDown	DXC4B2P
2025-01-13 12:54:00	83	DoubleDown	DXC4B2P
2025-01-13 13:02:00	114	DoubleUp	DXC4B2P
2025-01-13 13:12:00	157	DoubleUp	DXC4B2P
2025-01-13 13:20:00	107	DoubleDown	DXC4B2P
2025-01-13 13:29:00	108	Flat	DXC4B2P
2025-01-13 13:36:00	131	DoubleUp	DXC4B2P
2025-01-13 13:43:00	91	DoubleDown	DXC4B2P
2025-01-13 13:51:00	222	DoubleUp	DXC4B2P
2025-01-13 13:58:00	140	DoubleDown	DXC4B2P
2025-01-13 14:05:00	78	DoubleDown	DXC4B2P
2025-01-13 14:14:00	102	DoubleUp	DXC4B2P
2025-01-13 14:22:00	199	DoubleUp	DXC4B2P
2025-01-13 14:30:00	95	DoubleDown	DXC4B2P
2025-01-13 14:40:00	157	DoubleUp	DXC4B2P
2025-01-13 14:49:00	211	DoubleUp	DXC4B2P
2025-01-13 14:56:00	275	DoubleUp	DXC4B2P
2025-01-13 15:06:00	78	DoubleDown	DXC4B2P
2025-01-13 15:14:00	83	DoubleUp	DXC4B2P
2025-01-13 15:23:00	145	DoubleUp	DXC4B2P
2025-01-13 15:30:00	177	DoubleUp	DXC4B2P
2025-01-13 15:37:00	287	DoubleUp	DXC4B2P
2025-01-13 15:46:00	130	DoubleDown	DXC4B2P
2025-01-13 15:56:00	116	DoubleDown	DXC4B2P
2025-01-13 16:04:00	137	DoubleUp	DXC4B2P
2025-01-13 16:11:00	151	DoubleUp	DXC4B2P
2025-01-13 16:18:00	199	DoubleUp	DXC4B2P
2025-01-13 16:28:00	110	DoubleDown	DXC4B2P
2025-01-13 16:35:00	188	DoubleUp	DXC4B2P
2025-01-13 16:43:00	100	DoubleDown	DXC4B2P
2025-01-13 16:53:00	99	Flat	DXC4B2P
2025-01-13 17:00:00	239	DoubleUp	DXC4B2P
2025-01-13 17:10:00	113	DoubleDown	DXC4B2P
2025-01-13 17:17:00	182	DoubleUp	DXC4B2P
2025-01-13 17:24:00	134	DoubleDown	DXC4B2P
2025-01-13 17:32:00	122	DoubleDown	DXC4B2P
2025-01-13 17:42:00	295	DoubleUp	DXC4B2P
2025-01-13 17:52:00	81	DoubleDown	DXC4B2P
2025-01-13 18:02:00	104	DoubleUp	DXC4B2P
2025-01-13 18:11:00	126	DoubleUp	DXC4B2P
2025-01-13 18:19:00	114	DoubleDown	DXC4B2P
2025-01-13 18:29:00	134	DoubleUp	DXC4B2P
2025-01-13 18:39:00	119	DoubleDown	DXC4B2P
2025-01-13 18:46:00	286	DoubleUp	DXC4B2P
2025-01-13 18:55:00	136	DoubleDown	DXC4B2P
2025-01-13 19:02:00	95	DoubleDown	DXC4B2P
2025-01-13 19:10:00	197	DoubleUp	DXC4B2P
2025-01-13 19:18:00	81	DoubleDown	DXC4B2P
2025-01-13 19:25:00	123	DoubleUp	DXC4B2P
2025-01-13 19:32:00	168	DoubleUp	DXC4B2P
2025-01-13 19:42:00	92	DoubleDown	DXC4B2P
2025-01-13 19:50:00	109	DoubleUp	DXC4B2P
2025-01-13 19:59:00	97	DoubleDown	DXC4B2P
2025-01-13 20:06:00	214	DoubleUp	DXC4B2P
2025-01-13 20:15:00	228	DoubleUp	DXC4B2P
2025-01-13 20:22:00	172	DoubleDown	DXC4B2P
2025-01-13 20:32:00	153	DoubleDown	DXC4B2P
2025-01-13 20:41:00	165	DoubleUp	DXC4B2P
2025-01-13 20:48:00	103	DoubleDown	DXC4B2P
2025-01-13 20:57:00	123	DoubleUp	DXC4B2P
2025-01-13 21:05:00	89	DoubleDown	DXC4B2P
2025-01-13 21:12:00	235	DoubleUp	DXC4B2P
2025-01-13 21:22:00	163	DoubleDown	DXC4B2P
2025-01-13 21:30:00	74	DoubleDown	DXC4B2P
2025-01-13 21:40:00	213	DoubleUp	DXC4B2P
2025-01-13 21:50:00	248	DoubleUp	DXC4B2P
2025-01-13 21:59:00	234	DoubleDown	DXC4B2P
2025-01-13 22:07:00	153	DoubleDown	DXC4B2P
2025-01-13 22:14:00	91	DoubleDown	DXC4B2P
2025-01-13 22:22:00	57	DoubleDown	DXC4B2P
2025-01-13 22:31:00	126	DoubleUp	DXC4B2P
2025-01-13 22:40:00	113	DoubleDown	DXC4B2P
2025-01-13 22:47:00	284	DoubleUp	DXC4B2P
2025-01-13 22:57:00	149	DoubleDown	DXC4B2P
2025-01-13 23:07:00	127	DoubleDown	DXC4B2P
2025-01-13 23:16:00	73	DoubleDown	DXC4B2P
2025-01-13 23:25:00	117	DoubleUp	DXC4B2P
2025-01-13 23:35:00	61	DoubleDown	DXC4B2P
2025-01-13 23:45:00	229	DoubleUp	DXC4B2P
2025-01-13 23:52:00	289	DoubleUp	DXC4B2P
2025-01-14 00:00:00	126	DoubleDown	DXC4B2P
2025-01-14 00:08:00	105	DoubleDown	DXC4B2P
2025-01-14 00:16:00	272	DoubleUp	DXC4B2P
2025-01-14 00:25:00	240	DoubleDown	DXC4B2P
2025-01-14 00:34:00	189	DoubleDown	DXC4B2P
2025-01-14 00:43:00	130	DoubleDown	DXC4B2P
2025-01-14 00:51:00	90	DoubleDown	DXC4B2P
2025-01-14 01:01:00	185	DoubleUp	DXC4B2P
2025-01-14 01:08:00	274	DoubleUp	DXC4B2P
2025-01-14 01:17:00	72	DoubleDown	DXC4B2P
2025-01-14 01:24:00	177	DoubleUp	DXC4B2P
2025-01-14 01:31:00	212	DoubleUp	DXC4B2P
2025-01-14 01:39:00	270	DoubleUp	DXC4B2P
2025-01-14 01:49:00	138	DoubleDown	DXC4B2P
2025-01-14 01:59:00	101	DoubleDown	DXC4B2P
2025-01-14 02:07:00	248	DoubleUp	DXC4B2P
2025-01-14 02:15:00	111	DoubleDown	DXC4B2P
2025-01-14 02:24:00	115	DoubleUp	DXC4B2P
2025-01-14 02:33:00	85	DoubleDown	DXC4B2P
2025-01-14 02:40:00	162	DoubleUp	DXC4B2P
2025-01-14 02:50:00	84	DoubleDown	DXC4B2P
2025-01-14 02:59:00	166	DoubleUp	DXC4B2P
2025-01-14 03:09:00	238	DoubleUp	DXC4B2P
2025-01-14 03:17:00	107	DoubleDown	DXC4B2P
2025-01-14 03:24:00	122	DoubleUp	DXC4B2P
2025-01-14 03:32:00	85	DoubleDown	DXC4B2P
2025-01-14 03:42:00	93	DoubleUp	DXC4B2P
2025-01-14 03:52:00	148	DoubleUp	DXC4B2P
2025-01-14 03:59:00	264	DoubleUp	DXC4B2P
2025-01-14 04:07:00	215	DoubleDown	DXC4B2P
2025-01-14 04:17:00	104	DoubleDown	DXC4B2P
2025-01-14 04:27:00	163	DoubleUp	DXC4B2P
2025-01-14 04:34:00	196	DoubleUp	DXC4B2P
2025-01-14 04:44:00	210	DoubleUp	DXC4B2P
2025-01-14 04:52:00	159	DoubleDown	DXC4B2P
2025-01-14 05:00:00	174	DoubleUp	DXC4B2P
2025-01-14 05:08:00	154	DoubleDown	DXC4B2P
2025-01-14 05:18:00	178	DoubleUp	DXC4B2P
2025-01-14 05:26:00	101	DoubleDown	DXC4B2P
2025-01-14 05:34:00	168	DoubleUp	DXC4B2P
2025-01-14 05:44:00	297	DoubleUp	DXC4B2P
2025-01-14 05:51:00	204	DoubleDown	DXC4B2P
2025-01-14 05:58:00	147	DoubleDown	DXC4B2P
2025-01-14 06:08:00	83	DoubleDown	DXC4B2P
2025-01-14 06:17:00	123	DoubleUp	DXC4B2P
2025-01-14 06:25:00	129	DoubleUp	DXC4B2P
2025-01-14 06:35:00	149	DoubleUp	DXC4B2P
2025-01-14 06:42:00	73	DoubleDown	DXC4B2P
2025-01-14 06:50:00	224	DoubleUp	DXC4B2P
2025-01-14 07:00:00	156	DoubleDown	DXC4B2P
2025-01-14 07:07:00	238	DoubleUp	DXC4B2P
2025-01-14 07:14:00	258	DoubleUp	DXC4B2P
2025-01-14 07:21:00	114	DoubleDown	DXC4B2P
2025-01-14 07:30:00	96	DoubleDown	DXC4B2P
2025-01-14 07:38:00	133	DoubleUp	DXC4B2P
2025-01-14 07:47:00	134	Flat	DXC4B2P
2025-01-14 07:54:00	74	DoubleDown	DXC4B2P
2025-01-14 08:03:00	254	DoubleUp	DXC4B2P
2025-01-14 08:12:00	110	DoubleDown	DXC4B2P
2025-01-14 08:22:00	200	DoubleUp	DXC4B2P
2025-01-14 08:30:00	107	DoubleDown	DXC4B2P
2025-01-14 08:40:00	230	DoubleUp	DXC4B2P
2025-01-14 08:47:00	65	DoubleDown	DXC4B2P
2025-01-14 08:55:00	73	DoubleUp	DXC4B2P
2025-01-14 09:05:00	254	DoubleUp	DXC4B2P
2025-01-14 09:13:00	120	DoubleDown	DXC4B2P
2025-01-14 09:20:00	194	DoubleUp	DXC4B2P
2025-01-14 09:29:00	166	DoubleDown	DXC4B2P
2025-01-14 09:39:00	105	DoubleDown	DXC4B2P
2025-01-14 09:48:00	127	DoubleUp	DXC4B2P
2025-01-14 09:58:00	108	DoubleDown	DXC4B2P
2025-01-14 10:05:00	136	DoubleUp	DXC4B2P
2025-01-14 10:14:00	215	DoubleUp	DXC4B2P
2025-01-14 10:24:00	168	DoubleDown	DXC4B2P
2025-01-14 10:32:00	95	DoubleDown	DXC4B2P
2025-01-14 10:40:00	110	DoubleUp	DXC4B2P
2025-01-14 10:49:00	125	DoubleUp	DXC4B2P
2025-01-14 10:58:00	71	DoubleDown	DXC4B2P
2025-01-14 11:05:00	155	DoubleUp	DXC4B2P
2025-01-14 11:12:00	176	DoubleUp	DXC4B2P
2025-01-14 11:22:00	297	DoubleUp	DXC4B2P
2025-01-14 11:32:00	152	DoubleDown	DXC4B2P
2025-01-14 11:40:00	172	DoubleUp	DXC4B2P
2025-01-14 11:49:00	168	DoubleDown	DXC4B2P
2025-01-14 11:57:00	115	DoubleDown	DXC4B2P
2025-01-14 12:06:00	120	DoubleUp	DXC4B2P
2025-01-14 12:13:00	115	DoubleDown	DXC4B2P
2025-01-14 12:23:00	260	DoubleUp	DXC4B2P
2025-01-14 12:32:00	262	SingleUp	DXC4B2P
2025-01-14 12:40:00	139	DoubleDown	DXC4B2P
2025-01-14 12:48:00	189	DoubleUp	DXC4B2P
2025-01-14 12:56:00	77	DoubleDown	DXC4B2P
2025-01-14 13:05:00	266	DoubleUp	DXC4B2P
2025-01-14 13:14:00	175	DoubleDown	DXC4B2P
2025-01-14 13:23:00	127	DoubleDown	DXC4B2P
2025-01-14 13:31:00	134	DoubleUp	DXC4B2P
2025-01-14 13:40:00	81	DoubleDown	DXC4B2P
2025-01-14 13:48:00	164	DoubleUp	DXC4B2P
2025-01-14 13:56:00	295	DoubleUp	DXC4B2P
2025-01-14 14:03:00	99	DoubleDown	DXC4B2P
2025-01-14 14:13:00	226	DoubleUp	DXC4B2P
2025-01-14 14:23:00	172	DoubleDown	DXC4B2P
2025-01-14 14:33:00	179	DoubleUp	DXC4B2P
2025-01-14 14:42:00	118	DoubleDown	DXC4B2P
2025-01-14 14:49:00	81	DoubleDown	DXC4B2P
2025-01-14 14:56:00	227	DoubleUp	DXC4B2P
2025-01-14 15:05:00	84	DoubleDown	DXC4B2P
2025-01-14 15:15:00	108	DoubleUp	DXC4B2P
2025-01-14 15:22:00	162	DoubleUp	DXC4B2P
2025-01-14 15:29:00	250	DoubleUp	DXC4B2P
2025-01-14 15:37:00	128	DoubleDown	DXC4B2P
2025-01-14 15:45:00	109	DoubleDown	DXC4B2P
2025-01-14 15:52:00	137	DoubleUp	DXC4B2P
2025-01-14 16:02:00	153	DoubleUp	DXC4B2P
2025-01-14 16:10:00	76	DoubleDown	DXC4B2P
2025-01-14 16:19:00	184	DoubleUp	DXC4B2P
2025-01-14 16:27:00	83	DoubleDown	DXC4B2P
2025-01-14 16:35:00	141	DoubleUp	DXC4B2P