Name:John Doe	Date Range:2025-01-01 - 2025-01-14
Timestamp	Glucose Value (mmol/L)	Trend Arrow	Transmitter ID
2025-01-01 00:00:00	8.1	Flat	DXC4B2P
2025-01-01 00:07:00	7.7	DoubleDown	DXC4B2P
2025-01-01 00:14:00	9.3	DoubleUp	DXC4B2P
2025-01-01 00:23:00	15.9	DoubleUp	DXC4B2P
2025-01-01 00:32:00	12.2	DoubleDown	DXC4B2P
2025-01-01 00:39:00	9.8	DoubleDown	DXC4B2P
2025-01-01 00:46:00	6.3	DoubleDown	DXC4B2P
2025-01-01 00:55:00	8	DoubleUp	DXC4B2P
2025-01-01 01:02:00	3.4	DoubleDown	DXC4B2P
2025-01-01 01:09:00	8.9	DoubleUp	DXC4B2P
2025-01-01 01:16:00	4.8	DoubleDown	DXC4B2P
2025-01-01 01:24:00	8.7	DoubleUp	DXC4B2P
2025-01-01 01:33:00	8.4	DoubleDown	DXC4B2P
2025-01-01 01:41:00	12.1	DoubleUp	DXC4B2P
2025-01-01 01:49:00	10.7	DoubleDown	DXC4B2P
2025-01-01 01:59:00	9.5	DoubleDown	DXC4B2P
2025-01-01 02:08:00	7	DoubleDown	DXC4B2P
2025-01-01 02:15:00	15	DoubleUp	DXC4B2P
2025-01-01 02:24:00	7.6	DoubleDown	DXC4B2P
2025-01-01 02:33:00	9.4	DoubleUp	DXC4B2P
2025-01-01 02:41:00	3.9	DoubleDown	DXC4B2P
2025-01-01 02:49:00	4.7	DoubleUp	DXC4B2P
2025-01-01 02:56:00	8.8	DoubleUp	DXC4B2P
2025-01-01 03:03:00	15.2	DoubleUp	DXC4B2P
2025-01-01 03:10:00	9	DoubleDown	DXC4B2P
2025-01-01 03:20:00	13.8	DoubleUp	DXC4B2P
2025-01-01 03:27:00	6.6	DoubleDown	DXC4B2P
2025-01-01 03:34:00	12.2	DoubleUp	DXC4B2P
2025-01-01 03:43:00	14.7	DoubleUp	DXC4B2P
2025-01-01 03:50:00	8.1	DoubleDown	DXC4B2P
2025-01-01 03:59:00	9.8	DoubleUp	DXC4B2P
2025-01-01 04:08:00	9.5	DoubleDown	DXC4B2P
2025-01-01 04:15:00	13.4	DoubleUp	DXC4B2P
2025-01-01 04:23:00	12.6	DoubleDown	DXC4B2P
2025-01-01 04:33:00	9.2	DoubleDown	DXC4B2P
2025-01-01 04:43:00	8	DoubleDown	DXC4B2P
2025-01-01 04:51:00	10.8	DoubleUp	DXC4B2P
2025-01-01 05:01:00	4.3	DoubleDown	DXC4B2P
2025-01-01 05:11:00	16.4	DoubleUp	DXC4B2P
2025-01-01 05:21:00	7.1	DoubleDown	DXC4B2P
2025-01-01 05:30:00	7	Flat	DXC4B2P
2025-01-01 05:39:00	13	DoubleUp	DXC4B2P
2025-01-01 05:49:00	4.2	DoubleDown	DXC4B2P
2025-01-01 05:59:00	8	DoubleUp	DXC4B2P
2025-01-01 06:09:00	11.5	DoubleUp	DXC4B2P
2025-01-01 06:16:00	8.1	DoubleDown	DXC4B2P
2025-01-01 06:25:00	6.7	DoubleDown	DXC4B2P
2025-01-01 06:33:00	6.7	Flat	DXC4B2P
2025-01-01 06:43:00	4.9	DoubleDown	DXC4B2P
2025-01-01 06:50:00	5.1	SingleUp	DXC4B2P
2025-01-01 06:59:00	5.6	DoubleUp	DXC4B2P
2025-01-01 07:09:00	9.6	DoubleUp	DXC4B2P
2025-01-01 07:17:00	9.5	Flat	DXC4B2P
2025-01-01 07:27:00	12.5	DoubleUp	DXC4B2P
2025-01-01 07:37:00	6.2	DoubleDown	DXC4B2P
2025-01-01 07:45:00	4.2	DoubleDown	DXC4B2P
2025-01-01 07:55:00	11.6	DoubleUp	DXC4B2P
2025-01-01 08:03:00	9.2	DoubleDown	DXC4B2P
2025-01-01 08:12:00	2.8	DoubleDown	DXC4B2P
2025-01-01 08:20:00	10.6	DoubleUp	DXC4B2P
2025-01-01 08:30:00	8.3	DoubleDown	DXC4B2P
2025-01-01 08:40:00	6.3	DoubleDown	DXC4B2P
2025-01-01 08:48:00	5	DoubleDown	DXC4B2P
2025-01-01 08:57:00	7	DoubleUp	DXC4B2P
2025-01-01 09:04:00	3	DoubleDown	DXC4B2P
2025-01-01 09:12:00	9.6	DoubleUp	DXC4B2P
2025-01-01 09:21:00	7.5	DoubleDown	DXC4B2P
2025-01-01 09:28:00	4.8	DoubleDown	DXC4B2P
2025-01-01 09:37:00	9	DoubleUp	DXC4B2P
2025-01-01 09:44:00	9.7	DoubleUp	DXC4B2P
2025-01-01 09:52:00	4.1	DoubleDown	DXC4B2P
2025-01-01 10:01:00	4.4	DoubleUp	DXC4B2P
2025-01-01 10:09:00	8.6	DoubleUp	DXC4B2P
2025-01-01 10:18:00	9.5	DoubleUp	DXC4B2P
2025-01-01 10:27:00	12.2	DoubleUp	DXC4B2P
2025-01-01 10:37:00	12.4	SingleUp	DXC4B2P
2025-01-01 10:47:00	5.1	DoubleDown	DXC4B2P
2025-01-01 10:56:00	13.6	DoubleUp	DXC4B2P
2025-01-01 11:06:00	9.2	DoubleDown	DXC4B2P
2025-01-01 11:13:00	5	DoubleDown	DXC4B2P
2025-01-01 11:20:00	7.6	DoubleUp	DXC4B2P
2025-01-01 11:27:00	9.4	DoubleUp	DXC4B2P
2025-01-01 11:35:00	6	DoubleDown	DXC4B2P
2025-01-01 11:43:00	7.1	DoubleUp	DXC4B2P
2025-01-01 11:52:00	3.2	DoubleDown	DXC4B2P
2025-01-01 11:59:00	8.9	DoubleUp	DXC4B2P
2025-01-01 12:09:00	8.5	DoubleDown	DXC4B2P
2025-01-01 12:16:00	7.5	DoubleDown	DXC4B2P
2025-01-01 12:24:00	6.7	DoubleDown	DXC4B2P
2025-01-01 12:31:00	11.3	DoubleUp	DXC4B2P
2025-01-01 12:38:00	16.1	DoubleUp	DXC4B2P
2025-01-01 12:46:00	4.3	DoubleDown	DXC4B2P
2025-01-01 12:53:00	4.6	DoubleUp	DXC4B2P
2025-01-01 13:02:00	7.3	DoubleUp	DXC4B2P
2025-01-01 13:12:00	6.1	DoubleDown	DXC4B2P
2025-01-01 13:22:00	10.4	DoubleUp	DXC4B2P
2025-01-01 13:30:00	10.9	DoubleUp	DXC4B2P
2025-01-01 13:39:00	11	Flat	DXC4B2P
2025-01-01 13:46:00	4.2	DoubleDown	DXC4B2P
2025-01-01 13:55:00	5.2	DoubleUp	DXC4B2P
2025-01-01 14:03:00	8.2	DoubleUp	DXC4B2P
2025-01-01 14:13:00	5.7	DoubleDown	DXC4B2P
2025-01-01 14:22:00	11	DoubleUp	DXC4B2P
2025-01-01 14:32:00	4.4	DoubleDown	DXC4B2P
2025-01-01 14:40:00	5.6	DoubleUp	DXC4B2P
2025-01-01 14:48:00	11.2	DoubleUp	DXC4B2P
2025-01-01 14:58:00	13.3	DoubleUp	DXC4B2P
2025-01-01 15:08:00	11.6	DoubleDown	DXC4B2P
2025-01-01 15:15:00	4.2	DoubleDown	DXC4B2P
2025-01-01 15:24:00	3.2	DoubleDown	DXC4B2P
2025-01-01 15:32:00	2.2	DoubleDown	DXC4B2P
2025-01-01 15:39:00	4.1	DoubleUp	DXC4B2P
2025-01-01 15:47:00	6.1	DoubleUp	DXC4B2P
2025-01-01 15:54:00	11.4	DoubleUp	DXC4B2P
2025-01-01 16:02:00	7.2	DoubleDown	DXC4B2P
2025-01-01 16:10:00	9.5	DoubleUp	DXC4B2P
2025-01-01 16:18:00	16.1	DoubleUp	DXC4B2P
2025-01-01 16:27:00	11.9	DoubleDown	DXC4B2P
2025-01-01 16:36:00	8.2	DoubleDown	DXC4B2P
2025-01-01 16:46:00	8.8	DoubleUp	DXC4B2P
2025-01-01 16:56:00	14.5	DoubleUp	DXC4B2P
2025-01-01 17:04:00	4.6	DoubleDown	DXC4B2P
2025-01-01 17:11:00	6.2	DoubleUp	DXC4B2P
2025-01-01 17:19:00	5.2	DoubleDown	DXC4B2P
2025-01-01 17:29:00	10.6	DoubleUp	DXC4B2P
2025-01-01 17:38:00	5.2	DoubleDown	DXC4B2P
2025-01-01 17:48:00	7	DoubleUp	DXC4B2P
2025-01-01 17:56:00	9.3	DoubleUp	DXC4B2P
2025-01-01 18:06:00	2.7	DoubleDown	DXC4B2P
2025-01-01 18:16:00	6.4	DoubleUp	DXC4B2P
2025-01-01 18:24:00	5	DoubleDown	DXC4B2P
2025-01-01 18:31:00	5.6	DoubleUp	DXC4B2P
2025-01-01 18:38:00	4.1	DoubleDown	DXC4B2P
2025-01-01 18:47:00	8.6	DoubleUp	DXC4B2P
2025-01-01 18:57:00	14.5	DoubleUp	DXC4B2P
2025-01-01 19:06:00	8	DoubleDown	DXC4B2P
2025-01-01 19:16:00	13.5	DoubleUp	DXC4B2P
2025-01-01 19:25:00	9.2	DoubleDown	DXC4B2P
2025-01-01 19:34:00	6.4	DoubleDown	DXC4B2P
2025-01-01 19:44:00	10.4	DoubleUp	DXC4B2P
2025-01-01 19:51:00	4.2	DoubleDown	DXC4B2P
2025-01-01 19:59:00	15.4	DoubleUp	DXC4B2P
2025-01-01 20:07:00	8.3	DoubleDown	DXC4B2P
2025-01-01 20:16:00	6.1	DoubleDown	DXC4B2P
2025-01-01 20:25:00	16.2	DoubleUp	DXC4B2P
2025-01-01 20:34:00	8.6	DoubleDown	DXC4B2P
2025-01-01 20:43:00	5	DoubleDown	DXC4B2P
2025-01-01 20:51:00	6.7	DoubleUp	DXC4B2P
2025-01-01 20:59:00	4.6	DoubleDown	DXC4B2P
2025-01-01 21:08:00	12.2	DoubleUp	DXC4B2P
2025-01-01 21:18:00	8.2	DoubleDown	DXC4B2P
2025-01-01 21:26:00	4.3	DoubleDown	DXC4B2P
2025-01-01 21:33:00	6.5	DoubleUp	DXC4B2P
2025-01-01 21:42:00	4.7	DoubleDown	DXC4B2P
2025-01-01 21:49:00	7.8	DoubleUp	DXC4B2P
2025-01-01 21:59:00	13.2	DoubleUp	DXC4B2P
2025-01-01 22:06:00	13.3	Flat	DXC4B2P
2025-01-01 22:13:00	6.4	DoubleDown	DXC4B2P
2025-01-01 22:21:00	14.3	DoubleUp	DXC4B2P
2025-01-01 22:31:00	5.2	DoubleDown	DXC4B2P
2025-01-01 22:41:00	7.4	DoubleUp	DXC4B2P
2025-01-01 22:48:00	9	DoubleUp	DXC4B2P
2025-01-01 22:55:00	4.3	DoubleDown	DXC4B2P
2025-01-01 23:05:00	4.4	Flat	DXC4B2P
2025-01-01 23:13:00	8.5	DoubleUp	DXC4B2P
2025-01-01 23:21:00	11.8	DoubleUp	DXC4B2P
2025-01-01 23:29:00	6.3	DoubleDown	DXC4B2P
2025-01-01 23:39:00	8.5	DoubleUp	DXC4B2P
2025-01-01 23:46:00	13.8	DoubleUp	DXC4B2P
2025-01-01 23:55:00	7.5	DoubleDown	DXC4B2P
2025-01-02 00:05:00	11.1	DoubleUp	DXC4B2P
2025-01-02 00:13:00	6	DoubleDown	DXC4B2P
2025-01-02 00:23:00	12.6	DoubleUp	DXC4B2P
2025-01-02 00:31:00	8.6	DoubleDown	DXC4B2P
2025-01-02 00:40:00	13.2	DoubleUp	DXC4B2P
2025-01-02 00:47:00	7.1	DoubleDown	DXC4B2P
2025-01-02 00:55:00	6	DoubleDown	DXC4B2P
2025-01-02 01:02:00	14.3	DoubleUp	DXC4B2P
2025-01-02 01:10:00	9.3	DoubleDown	DXC4B2P
2025-01-02 01:20:00	8.6	DoubleDown	DXC4B2P
2025-01-02 01:30:00	7.5	DoubleDown	DXC4B2P
2025-01-02 01:40:00	13.1	DoubleUp	DXC4B2P
2025-01-02 01:47:00	8.3	DoubleDown	DXC4B2P
2025-01-02 01:55:00	4.2	DoubleDown	DXC4B2P
2025-01-02 02:03:00	13.1	DoubleUp	DXC4B2P
2025-01-02 02:10:00	8.2	DoubleDown	DXC4B2P
2025-01-02 02:18:00	3.9	DoubleDown	DXC4B2P
2025-01-02 02:27:00	4.2	DoubleUp	DXC4B2P
2025-01-02 02:34:00	4.6	DoubleUp	DXC4B2P
2025-01-02 02:44:00	8.4	DoubleUp	DXC4B2P
2025-01-02 02:52:00	8.4	Flat	DXC4B2P
2025-01-02 03:01:00	7.1	DoubleDown	DXC4B2P
2025-01-02 03:08:00	13.3	DoubleUp	DXC4B2P
2025-01-02 03:15:00	6.2	DoubleDown	DXC4B2P
2025-01-02 03:25:00	13.8	DoubleUp	DXC4B2P
2025-01-02 03:34:00	4	DoubleDown	DXC4B2P
2025-01-02 03:41:00	8	DoubleUp	DXC4B2P
2025-01-02 03:49:00	8.5	DoubleUp	DXC4B2P
2025-01-02 03:59:00	13.2	DoubleUp	DXC4B2P
2025-01-02 04:08:00	4	DoubleDown	DXC4B2P
2025-01-02 04:15:00	5.9	DoubleUp	DXC4B2P
2025-01-02 04:22:00	12.8	DoubleUp	DXC4B2P
2025-01-02 04:30:00	5.1	DoubleDown	DXC4B2P
2025-01-02 04:38:00	6.9	DoubleUp	DXC4B2P
2025-01-02 04:48:00	8.7	DoubleUp	DXC4B2P
2025-01-02 04:58:00	6.9	DoubleDown	DXC4B2P
2025-01-02 05:08:00	9.5	DoubleUp	DXC4B2P
2025-01-02 05:17:00	9.8	DoubleUp	DXC4B2P
2025-01-02 05:27:00	8.7	DoubleDown	DXC4B2P
2025-01-02 05:37:00	7	DoubleDown	DXC4B2P
2025-01-02 05:46:00	14.7	DoubleUp	DXC4B2P
2025-01-02 05:56:00	9.4	DoubleDown	DXC4B2P
2025-01-02 06:03:00	16	DoubleUp	DXC4B2P
2025-01-02 06:10:00	4.5	DoubleDown	DXC4B2P
2025-01-02 06:17:00	12.8	DoubleUp	DXC4B2P
2025-01-02 06:25:00	8.4	DoubleDown	DXC4B2P
2025-01-02 06:34:00	6.1	DoubleDown	DXC4B2P
2025-01-02 06:42:00	7.5	DoubleUp	DXC4B2P
2025-01-02 06:51:00	16.5	DoubleUp	DXC4B2P
2025-01-02 06:58:00	6	DoubleDown	DXC4B2P
2025-01-02 07:05:00	7	DoubleUp	DXC4B2P
2025-01-02 07:13:00	2.3	DoubleDown	DXC4B2P
2025-01-02 07:23:00	9	DoubleUp	DXC4B2P
2025-01-02 07:31:00	12.7	DoubleUp	DXC4B2P
2025-01-02 07:41:00	4.9	DoubleDown	DXC4B2P
2025-01-02 07:49:00	8	DoubleUp	DXC4B2P
2025-01-02 07:59:00	4.6	DoubleDown	DXC4B2P
2025-01-02 08:09:00	5.6	DoubleUp	DXC4B2P
2025-01-02 08:16:00	4	DoubleDown	DXC4B2P
2025-01-02 08:23:00	7.2	DoubleUp	DXC4B2P
2025-01-02 08:32:00	6.3	DoubleDown	DXC4B2P
2025-01-02 08:41:00	14.3	DoubleUp	DXC4B2P
2025-01-02 08:50:00	5	DoubleDown	DXC4B2P
2025-01-02 08:59:00	8.2	DoubleUp	DXC4B2P
2025-01-02 09:09:00	9.6	DoubleUp	DXC4B2P
2025-01-02 09:18:00	12.1	DoubleUp	DXC4B2P
2025-01-02 09:26:00	6.5	DoubleDown	DXC4B2P
2025-01-02 09:36:00	12	DoubleUp	DXC4B2P
2025-01-02 09:43:00	7.2	DoubleDown	DXC4B2P
2025-01-02 09:52:00	5	DoubleDown	DXC4B2P
2025-01-02 10:02:00	8.6	DoubleUp	DXC4B2P
2025-01-02 10:10:00	7.9	DoubleDown	DXC4B2P
2025-01-02 10:19:00	16.4	DoubleUp	DXC4B2P
2025-01-02 10:29:00	8.8	DoubleDown	DXC4B2P
2025-01-02 10:36:00	6.3	DoubleDown	DXC4B2P
2025-01-02 10:43:00	7.6	DoubleUp	DXC4B2P
2025-01-02 10:51:00	9	DoubleUp	DXC4B2P
2025-01-02 10:58:00	4.7	DoubleDown	DXC4B2P
2025-01-02 11:07:00	10.5	DoubleUp	DXC4B2P
2025-01-02 11:17:00	8.7	DoubleDown	DXC4B2P
2025-01-02 11:27:00	4.1	DoubleDown	DXC4B2P
2025-01-02 11:37:00	4.9	DoubleUp	DXC4B2P
2025-01-02 11:45:00	5.2	DoubleUp	DXC4B2P
2025-01-02 11:55:00	8.3	DoubleUp	DXC4B2P
2025-01-02 12:02:00	3.9	DoubleDown	DXC4B2P
2025-01-02 12:10:00	7.4	DoubleUp	DXC4B2P
2025-01-02 12:19:00	4.6	DoubleDown	DXC4B2P
2025-01-02 12:29:00	14.5	DoubleUp	DXC4B2P
2025-01-02 12:36:00	5.3	DoubleDown	DXC4B2P
2025-01-02 12:46:00	9.2	DoubleUp	DXC4B2P
2025-01-02 12:53:00	9.3	Flat	DXC4B2P
2025-01-02 13:01:00	8.2	DoubleDown	DXC4B2P
2025-01-02 13:09:00	11.9	DoubleUp	DXC4B2P
2025-01-02 13:18:00	4.1	DoubleDown	DXC4B2P
2025-01-02 13:26:00	7.4	DoubleUp	DXC4B2P
2025-01-02 13:36:00	7.3	Flat	DXC4B2P
2025-01-02 13:43:00	6.5	DoubleDown	DXC4B2P
2025-01-02 13:52:00	8	DoubleUp	DXC4B2P
2025-01-02 14:01:00	8.4	DoubleUp	DXC4B2P
2025-01-02 14:09:00	8.4	Flat	DXC4B2P
2025-01-02 14:18:00	8.5	Flat	DXC4B2P
2025-01-02 14:27:00	6.3	DoubleDown	DXC4B2P
2025-01-02 14:37:00	6	DoubleDown	DXC4B2P
2025-01-02 14:46:00	11.9	DoubleUp	DXC4B2P
2025-01-02 14:53:00	8.9	DoubleDown	DXC4B2P
2025-01-02 15:00:00	5.3	DoubleDown	DXC4B2P
2025-01-02 15:08:00	4.2	DoubleDown	DXC4B2P
2025-01-02 15:18:00	13.4	DoubleUp	DXC4B2P
2025-01-02 15:25:00	5.5	DoubleDown	DXC4B2P
2025-01-02 15:32:00	3.9	DoubleDown	DXC4B2P
2025-01-02 15:39:00	16.3	DoubleUp	DXC4B2P
2025-01-02 15:49:00	8.7	DoubleDown	DXC4B2P
2025-01-02 15:56:00	4.6	DoubleDown	DXC4B2P
2025-01-02 16:03:00	12	DoubleUp	DXC4B2P
2025-01-02 16:11:00	15.1	DoubleUp	DXC4B2P
2025-01-02 16:20:00	9.2	DoubleDown	DXC4B2P
2025-01-02 16:29:00	4.8	DoubleDown	DXC4B2P
2025-01-02 16:38:00	6.9	DoubleUp	DXC4B2P
2025-01-02 16:45:00	7.3	DoubleUp	DXC4B2P
2025-01-02 16:52:00	4.5	DoubleDown	DXC4B2P
2025-01-02 17:02:00	10.1	DoubleUp	DXC4B2P
2025-01-02 17:12:00	9.2	DoubleDown	DXC4B2P
2025-01-02 17:19:00	8.1	DoubleDown	DXC4B2P
2025-01-02 17:29:00	8.6	DoubleUp	DXC4B2P
2025-01-02 17:39:00	4.3	DoubleDown	DXC4B2P
2025-01-02 17:49:00	9.3	DoubleUp	DXC4B2P
2025-01-02 17:56:00	13.7	DoubleUp	DXC4B2P
2025-01-02 18:04:00	9.6	DoubleDown	DXC4B2P
2025-01-02 18:12:00	15.1	DoubleUp	DXC4B2P
2025-01-02 18:21:00	4.3	DoubleDown	DXC4B2P
2025-01-02 18:30:00	12.5	DoubleUp	DXC4B2P
2025-01-02 18:39:00	7.1	DoubleDown	DXC4B2P
2025-01-02 18:47:00	7.2	Flat	DXC4B2P
2025-01-02 18:56:00	8.7	DoubleUp	DXC4B2P
2025-01-02 19:05:00	13.5	DoubleUp	DXC4B2P
2025-01-02 19:15:00	8.6	DoubleDown	DXC4B2P
2025-01-02 19:22:00	4.2	DoubleDown	DXC4B2P
2025-01-02 19:31:00	15.3	DoubleUp	DXC4B2P
2025-01-02 19:41:00	9	DoubleDown	DXC4B2P
2025-01-02 19:50:00	12.5	DoubleUp	DXC4B2P
2025-01-02 20:00:00	9	DoubleDown	DXC4B2P
2025-01-02 20:08:00	14.5	DoubleUp	DXC4B2P
2025-01-02 20:15:00	10.9	DoubleDown	DXC4B2P
2025-01-02 20:22:00	8.1	DoubleDown	DXC4B2P
2025-01-02 20:32:00	8.6	DoubleUp	DXC4B2P
2025-01-02 20:40:00	7.2	DoubleDown	DXC4B2P
2025-01-02 20:47:00	7.2	Flat	DXC4B2P
2025-01-02 20:56:00	7.5	DoubleUp	DXC4B2P
2025-01-02 21:06:00	8.3	DoubleUp	DXC4B2P
2025-01-02 21:16:00	7.5	DoubleDown	DXC4B2P
2025-01-02 21:25:00	6	DoubleDown	DXC4B2P
2025-01-02 21:35:00	8.8	DoubleUp	DXC4B2P
2025-01-02 21:43:00	2.7	DoubleDown	DXC4B2P
2025-01-02 21:52:00	8.2	DoubleUp	DXC4B2P
2025-01-02 22:00:00	10.6	DoubleUp	DXC4B2P
2025-01-02 22:07:00	8.2	DoubleDown	DXC4B2P
2025-01-02 22:14:00	6.1	DoubleDown	DXC4B2P
2025-01-02 22:22:00	7.6	DoubleUp	DXC4B2P
2025-01-02 22:29:00	10.7	DoubleUp	DXC4B2P
2025-01-02 22:36:00	4	DoubleDown	DXC4B2P
2025-01-02 22:43:00	5.9	DoubleUp	DXC4B2P
2025-01-02 22:51:00	4.1	DoubleDown	DXC4B2P
2025-01-02 23:01:00	8.4	DoubleUp	DXC4B2P
2025-01-02 23:10:00	12.3	DoubleUp	DXC4B2P
2025-01-02 23:17:00	10.9	DoubleDown	DXC4B2P
2025-01-02 23:26:00	7.9	DoubleDown	DXC4B2P
2025-01-02 23:34:00	6.4	DoubleDown	DXC4B2P
2025-01-02 23:43:00	8.7	DoubleUp	DXC4B2P
2025-01-02 23:50:00	5.7	DoubleDown	DXC4B2P
2025-01-03 00:00:00	13.6	DoubleUp	DXC4B2P
2025-01-03 00:09:00	7.3	DoubleDown	DXC4B2P
2025-01-03 00:16:00	5.7	DoubleDown	DXC4B2P
2025-01-03 00:25:00	7	DoubleUp	DXC4B2P
2025-01-03 00:34:00	9.9	DoubleUp	DXC4B2P
2025-01-03 00:42:00	6.4	DoubleDown	DXC4B2P
2025-01-03 00:49:00	7	DoubleUp	DXC4B2P
2025-01-03 00:58:00	14.1	DoubleUp	DXC4B2P
2025-01-03 01:06:00	16.2	DoubleUp	DXC4B2P
2025-01-03 01:13:00	11.4	DoubleDown	DXC4B2P
2025-01-03 01:22:00	8.9	DoubleDown	DXC4B2P
2025-01-03 01:29:00	4.3	DoubleDown	DXC4B2P
2025-01-03 01:38:00	9.8	DoubleUp	DXC4B2P
2025-01-03 01:47:00	9.4	DoubleDown	DXC4B2P
2025-01-03 01:54:00	12.4	DoubleUp	DXC4B2P
2025-01-03 02:01:00	3.9	DoubleDown	DXC4B2P
2025-01-03 02:09:00	7.2	DoubleUp	DXC4B2P
2025-01-03 02:16:00	10.2	DoubleUp	DXC4B2P
2025-01-03 02:25:00	7	DoubleDown	DXC4B2P
2025-01-03 02:32:00	4	DoubleDown	DXC4B2P
2025-01-03 02:41:00	5	DoubleUp	DXC4B2P
2025-01-03 02:48:00	4.6	DoubleDown	DXC4B2P
2025-01-03 02:57:00	12.3	DoubleUp	DXC4B2P
2025-01-03 03:04:00	4.4	DoubleDown	DXC4B2P
2025-01-03 03:11:00	16.3	DoubleUp	DXC4B2P
2025-01-03 03:21:00	4.1	DoubleDown	DXC4B2P
2025-01-03 03:28:00	11.8	DoubleUp	DXC4B2P
2025-01-03 03:36:00	9	DoubleDown	DXC4B2P
2025-01-03 03:43:00	5.3	DoubleDown	DXC4B2P
2025-01-03 03:53:00	6.8	DoubleUp	DXC4B2P
2025-01-03 04:00:00	5.3	DoubleDown	DXC4B2P
2025-01-03 04:08:00	9.5	DoubleUp	DXC4B2P
2025-01-03 04:15:00	16.2	DoubleUp	DXC4B2P
2025-01-03 04:23:00	5.9	DoubleDown	DXC4B2P
2025-01-03 04:32:00	13.2	DoubleUp	DXC4B2P
2025-01-03 04:40:00	9.3	DoubleDown	DXC4B2P
2025-01-03 04:50:00	9.8	DoubleUp	DXC4B2P
2025-01-03 04:58:00	7.9	DoubleDown	DXC4B2P
2025-01-03 05:08:00	9.2	DoubleUp	DXC4B2P
2025-01-03 05:18:00	9.3	Flat	DXC4B2P
2025-01-03 05:28:00	7.8	DoubleDown	DXC4B2P
2025-01-03 05:37:00	7.2	DoubleDown	DXC4B2P
2025-01-03 05:44:00	8.5	DoubleUp	DXC4B2P
2025-01-03 05:54:00	5.7	DoubleDown	DXC4B2P
2025-01-03 06:02:00	13.7	DoubleUp	DXC4B2P
2025-01-03 06:11:00	13	DoubleDown	DXC4B2P
2025-01-03 06:20:00	11.3	DoubleDown	DXC4B2P
2025-01-03 06:29:00	8.7	DoubleDown	DXC4B2P
2025-01-03 06:39:00	8.6	Flat	DXC4B2P
2025-01-03 06:48:00	16.1	DoubleUp	DXC4B2P
2025-01-03 06:58:00	7	DoubleDown	DXC4B2P
2025-01-03 07:08:00	4.5	DoubleDown	DXC4B2P
2025-01-03 07:16:00	11.3	DoubleUp	DXC4B2P
2025-01-03 07:26:00	15.4	DoubleUp	DXC4B2P
2025-01-03 07:33:00	7.2	DoubleDown	DXC4B2P
2025-01-03 07:43:00	10.3	DoubleUp	DXC4B2P
2025-01-03 07:53:00	12.6	DoubleUp	DXC4B2P
2025-01-03 08:01:00	13.2	DoubleUp	DXC4B2P
2025-01-03 08:08:00	4.5	DoubleDown	DXC4B2P
2025-01-03 08:17:00	9.9	DoubleUp	DXC4B2P
2025-01-03 08:27:00	3.3	DoubleDown	DXC4B2P
2025-01-03 08:36:00	6.5	DoubleUp	DXC4B2P
2025-01-03 08:44:00	10.7	DoubleUp	DXC4B2P
2025-01-03 08:51:00	4.2	DoubleDown	DXC4B2P
2025-01-03 08:59:00	4.7	DoubleUp	DXC4B2P
2025-01-03 09:09:00	7.8	DoubleUp	DXC4B2P
2025-01-03 09:17:00	4.9	DoubleDown	DXC4B2P
2025-01-03 09:27:00	7.1	DoubleUp	DXC4B2P
2025-01-03 09:35:00	4.8	DoubleDown	DXC4B2P
2025-01-03 09:44:00	8.2	DoubleUp	DXC4B2P
2025-01-03 09:51:00	8.3	Flat	DXC4B2P
2025-01-03 10:00:00	15.7	DoubleUp	DXC4B2P
2025-01-03 10:10:00	8.6	DoubleDown	DXC4B2P
2025-01-03 10:20:00	9.1	DoubleUp	DXC4B2P
2025-01-03 10:28:00	8.1	DoubleDown	DXC4B2P
2025-01-03 10:36:00	9.2	DoubleUp	DXC4B2P
2025-01-03 10:46:00	9.4	SingleUp	DXC4B2P
2025-01-03 10:53:00	4.7	DoubleDown	DXC4B2P
2025-01-03 11:00:00	4.1	DoubleDown	DXC4B2P
2025-01-03 11:07:00	12.9	DoubleUp	DXC4B2P
2025-01-03 11:16:00	8	DoubleDown	DXC4B2P
2025-01-03 11:23:00	4.3	DoubleDown	DXC4B2P
2025-01-03 11:30:00	8	DoubleUp	DXC4B2P
2025-01-03 11:37:00	3	DoubleDown	DXC4B2P
2025-01-03 11:44:00	14.4	DoubleUp	DXC4B2P
2025-01-03 11:52:00	13.6	DoubleDown	DXC4B2P
2025-01-03 11:59:00	4	DoubleDown	DXC4B2P
2025-01-03 12:08:00	11.1	DoubleUp	DXC4B2P
2025-01-03 12:15:00	5.9	DoubleDown	DXC4B2P
2025-01-03 12:22:00	13.7	DoubleUp	DXC4B2P
2025-01-03 12:29:00	4.1	DoubleDown	DXC4B2P
2025-01-03 12:36:00	7.1	DoubleUp	DXC4B2P
2025-01-03 12:43:00	12.7	DoubleUp	DXC4B2P
2025-01-03 12:51:00	8.5	DoubleDown	DXC4B2P
2025-01-03 12:59:00	8.5	Flat	DXC4B2P
2025-01-03 13:06:00	11.2	DoubleUp	DXC4B2P
2025-01-03 13:15:00	4	DoubleDown	DXC4B2P
2025-01-03 13:22:00	4.6	DoubleUp	DXC4B2P
2025-01-03 13:31:00	7.7	DoubleUp	DXC4B2P
2025-01-03 13:41:00	9.1	DoubleUp	DXC4B2P
2025-01-03 13:49:00	9.3	SingleUp	DXC4B2P
2025-01-03 13:59:00	7.4	DoubleDown	DXC4B2P
2025-01-03 14:08:00	9.6	DoubleUp	DXC4B2P
2025-01-03 14:17:00	12.5	DoubleUp	DXC4B2P
2025-01-03 14:26:00	4.2	DoubleDown	DXC4B2P
2025-01-03 14:33:00	9.6	DoubleUp	DXC4B2P
2025-01-03 14:40:00	9.8	SingleUp	DXC4B2P
2025-01-03 14:48:00	9.2	DoubleDown	DXC4B2P
2025-01-03 14:57:00	11.8	DoubleUp	DXC4B2P
2025-01-03 15:05:00	7.8	DoubleDown	DXC4B2P
2025-01-03 15:13:00	9.8	DoubleUp	DXC4B2P
2025-01-03 15:21:00	14.5	DoubleUp	DXC4B2P
2025-01-03 15:30:00	11.4	DoubleDown	DXC4B2P
2025-01-03 15:38:00	11.2	SingleDown	DXC4B2P
2025-01-03 15:47:00	7.8	DoubleDown	DXC4B2P
2025-01-03 15:55:00	12.2	DoubleUp	DXC4B2P
2025-01-03 16:04:00	8.8	DoubleDown	DXC4B2P
2025-01-03 16:12:00	11.3	DoubleUp	DXC4B2P
2025-01-03 16:22:00	5.1	DoubleDown	DXC4B2P
2025-01-03 16:30:00	8.7	DoubleUp	DXC4B2P
2025-01-03 16:39:00	7.2	DoubleDown	DXC4B2P
2025-01-03 16:48:00	5	DoubleDown	DXC4B2P
2025-01-03 16:58:00	8.8	DoubleUp	DXC4B2P
2025-01-03 17:05:00	7.6	DoubleDown	DXC4B2P
2025-01-03 17:13:00	10.9	DoubleUp	DXC4B2P
2025-01-03 17:22:00	9.7	DoubleDown	DXC4B2P
2025-01-03 17:29:00	5.3	DoubleDown	DXC4B2P
2025-01-03 17:39:00	6.5	DoubleUp	DXC4B2P
2025-01-03 17:46:00	4.6	DoubleDown	DXC4B2P
2025-01-03 17:55:00	5.2	DoubleUp	DXC4B2P
2025-01-03 18:04:00	12.1	DoubleUp	DXC4B2P
2025-01-03 18:11:00	7.4	DoubleDown	DXC4B2P
2025-01-03 18:20:00	10	DoubleUp	DXC4B2P
2025-01-03 18:27:00	11.5	DoubleUp	DXC4B2P
2025-01-03 18:37:00	6.3	DoubleDown	DXC4B2P
2025-01-03 18:47:00	6.2	Flat	DXC4B2P
2025-01-03 18:54:00	10.9	DoubleUp	DXC4B2P
2025-01-03 19:03:00	12.7	DoubleUp	DXC4B2P
2025-01-03 19:10:00	14.8	DoubleUp	DXC4B2P
2025-01-03 19:17:00	13.6	DoubleDown	DXC4B2P
2025-01-03 19:25:00	12.1	DoubleDown	DXC4B2P
2025-01-03 19:33:00	4.6	DoubleDown	DXC4B2P
2025-01-03 19:43:00	15.4	DoubleUp	DXC4B2P
2025-01-03 19:52:00	12.5	DoubleDown	DXC4B2P
2025-01-03 19:59:00	7.9	DoubleDown	DXC4B2P
2025-01-03 20:09:00	4.4	DoubleDown	DXC4B2P
2025-01-03 20:18:00	12.5	DoubleUp	DXC4B2P
2025-01-03 20:25:00	9.6	DoubleDown	DXC4B2P
2025-01-03 20:35:00	13.7	DoubleUp	DXC4B2P
2025-01-03 20:42:00	8.9	DoubleDown	DXC4B2P
2025-01-03 20:49:00	11.2	DoubleUp	DXC4B2P
2025-01-03 20:58:00	9.1	DoubleDown	DXC4B2P
2025-01-03 21:05:00	5.8	DoubleDown	DXC4B2P
2025-01-03 21:14:00	7.6	DoubleUp	DXC4B2P
2025-01-03 21:23:00	4.2	DoubleDown	DXC4B2P
2025-01-03 21:33:00	5.4	DoubleUp	DXC4B2P
2025-01-03 21:41:00	4.5	DoubleDown	DXC4B2P
2025-01-03 21:48:00	3.2	DoubleDown	DXC4B2P
2025-01-03 21:55:00	5.7	DoubleUp	DXC4B2P
2025-01-03 22:03:00	4.5	DoubleDown	DXC4B2P
2025-01-03 22:13:00	8.8	DoubleUp	DXC4B2P
2025-01-03 22:21:00	11.4	DoubleUp	DXC4B2P
2025-01-03 22:29:00	3.6	DoubleDown	DXC4B2P
2025-01-03 22:36:00	9.7	DoubleUp	DXC4B2P
2025-01-03 22:44:00	8.5	DoubleDown	DXC4B2P
2025-01-03 22:51:00	3.7	DoubleDown	DXC4B2P
2025-01-03 23:00:00	11.4	DoubleUp	DXC4B2P
2025-01-03 23:09:00	15.4	DoubleUp	DXC4B2P
2025-01-03 23:17:00	7.7	DoubleDown	DXC4B2P
2025-01-03 23:24:00	3.2	DoubleDown	DXC4B2P
2025-01-03 23:31:00	11.9	DoubleUp	DXC4B2P
2025-01-03 23:39:00	9.7	DoubleDown	DXC4B2P
2025-01-03 23:49:00	7.7	DoubleDown	DXC4B2P
2025-01-03 23:57:00	5	DoubleDown	DXC4B2P
2025-01-04 00:06:00	3.7	DoubleDown	DXC4B2P
2025-01-04 00:15:00	4.7	DoubleUp	DXC4B2P
2025-01-04 00:24:00	4.6	Flat	DXC4B2P
2025-01-04 00:34:00	4	DoubleDown	DXC4B2P
2025-01-04 00:43:00	8.4	DoubleUp	DXC4B2P
2025-01-04 00:51:00	6.4	DoubleDown	DXC4B2P
2025-01-04 00:59:00	6.1	DoubleDown	DXC4B2P
2025-01-04 01:08:00	5.7	DoubleDown	DXC4B2P
2025-01-04 01:16:00	9.4	DoubleUp	DXC4B2P
2025-01-04 01:25:00	8.6	DoubleDown	DXC4B2P
2025-01-04 01:32:00	16	DoubleUp	DXC4B2P
2025-01-04 01:41:00	14.4	DoubleDown	DXC4B2P
2025-01-04 01:48:00	4.9	DoubleDown	DXC4B2P
2025-01-04 01:55:00	14.9	DoubleUp	DXC4B2P
2025-01-04 02:04:00	15.6	DoubleUp	DXC4B2P
2025-01-04 02:11:00	7.6	DoubleDown	DXC4B2P
2025-01-04 02:19:00	6	DoubleDown	DXC4B2P
2025-01-04 02:27:00	15.5	DoubleUp	DXC4B2P
2025-01-04 02:34:00	8.4	DoubleDown	DXC4B2P
2025-01-04 02:43:00	13.7	DoubleUp	DXC4B2P
2025-01-04 02:50:00	12.8	DoubleDown	DXC4B2P
2025-01-04 02:58:00	5	DoubleDown	DXC4B2P
2025-01-04 03:08:00	6.7	DoubleUp	DXC4B2P
2025-01-04 03:15:00	12.9	DoubleUp	DXC4B2P
2025-01-04 03:22:00	10.5	DoubleDown	DXC4B2P
2025-01-04 03:29:00	4.6	DoubleDown	DXC4B2P
2025-01-04 03:36:00	15.3	DoubleUp	DXC4B2P
2025-01-04 03:45:00	3.9	DoubleDown	DXC4B2P
2025-01-04 03:55:00	11.8	DoubleUp	DXC4B2P
2025-01-04 04:04:00	7.1	DoubleDown	DXC4B2P
2025-01-04 04:12:00	9.9	DoubleUp	DXC4B2P
2025-01-04 04:21:00	7	DoubleDown	DXC4B2P
2025-01-04 04:30:00	9	DoubleUp	DXC4B2P
2025-01-04 04:39:00	7.8	DoubleDown	DXC4B2P
2025-01-04 04:49:00	13.1	DoubleUp	DXC4B2P
2025-01-04 04:58:00	5.7	DoubleDown	DXC4B2P
2025-01-04 05:08:00	13.1	DoubleUp	DXC4B2P
2025-01-04 05:17:00	9.8	DoubleDown	DXC4B2P
2025-01-04 05:24:00	4.7	DoubleDown	DXC4B2P
2025-01-04 05:33:00	6.5	DoubleUp	DXC4B2P
2025-01-04 05:43:00	4	DoubleDown	DXC4B2P
2025-01-04 05:50:00	7.6	DoubleUp	DXC4B2P
2025-01-04 05:59:00	12	DoubleUp	DXC4B2P
2025-01-04 06:08:00	9.5	DoubleDown	DXC4B2P
2025-01-04 06:18:00	9.6	Flat	DXC4B2P
2025-01-04 06:27:00	4.3	DoubleDown	DXC4B2P
2025-01-04 06:34:00	12	DoubleUp	DXC4B2P
2025-01-04 06:44:00	9.1	DoubleDown	DXC4B2P
2025-01-04 06:52:00	9.7	DoubleUp	DXC4B2P
2025-01-04 07:02:00	16.4	DoubleUp	DXC4B2P
2025-01-04 07:12:00	7.4	DoubleDown	DXC4B2P
2025-01-04 07:19:00	12.3	DoubleUp	DXC4B2P
2025-01-04 07:28:00	4.2	DoubleDown	DXC4B2P
2025-01-04 07:35:00	9.6	DoubleUp	DXC4B2P
2025-01-04 07:44:00	4.2	DoubleDown	DXC4B2P
2025-01-04 07:51:00	12	DoubleUp	DXC4B2P
2025-01-04 08:00:00	6	DoubleDown	DXC4B2P
2025-01-04 08:09:00	13.3	DoubleUp	DXC4B2P
2025-01-04 08:18:00	4	DoubleDown	DXC4B2P
2025-01-04 08:26:00	6.2	DoubleUp	DXC4B2P
2025-01-04 08:34:00	8.1	DoubleUp	DXC4B2P
2025-01-04 08:43:00	9.6	DoubleUp	DXC4B2P
2025-01-04 08:51:00	9.2	DoubleDown	DXC4B2P
2025-01-04 09:00:00	7.7	DoubleDown	DXC4B2P
2025-01-04 09:07:00	4.2	DoubleDown	DXC4B2P
2025-01-04 09:16:00	8.5	DoubleUp	DXC4B2P
2025-01-04 09:25:00	8.4	Flat	DXC4B2P
2025-01-04 09:35:00	14.8	DoubleUp	DXC4B2P
2025-01-04 09:45:00	6	DoubleDown	DXC4B2P
2025-01-04 09:52:00	4.4	DoubleDown	DXC4B2P
2025-01-04 10:02:00	4.1	DoubleDown	DXC4B2P
2025-01-04 10:12:00	6	DoubleUp	DXC4B2P
2025-01-04 10:22:00	15.8	DoubleUp	DXC4B2P
2025-01-04 10:31:00	7.4	DoubleDown	DXC4B2P
2025-01-04 10:41:00	9.9	DoubleUp	DXC4B2P
2025-01-04 10:49:00	8.1	DoubleDown	DXC4B2P
2025-01-04 10:56:00	15.7	DoubleUp	DXC4B2P
2025-01-04 11:06:00	10.7	DoubleDown	DXC4B2P
2025-01-04 11:14:00	9.4	DoubleDown	DXC4B2P
2025-01-04 11:21:00	8.5	DoubleDown	DXC4B2P
2025-01-04 11:28:00	13.7	DoubleUp	DXC4B2P
2025-01-04 11:35:00	5.1	DoubleDown	DXC4B2P
2025-01-04 11:43:00	8.1	DoubleUp	DXC4B2P
2025-01-04 11:50:00	7	DoubleDown	DXC4B2P
2025-01-04 12:00:00	13	DoubleUp	DXC4B2P
2025-01-04 12:09:00	12.5	DoubleDown	DXC4B2P
2025-01-04 12:17:00	5.7	DoubleDown	DXC4B2P
2025-01-04 12:27:00	9.7	DoubleUp	DXC4B2P
2025-01-04 12:35:00	12.4	DoubleUp	DXC4B2P
2025-01-04 12:45:00	6.1	DoubleDown	DXC4B2P
2025-01-04 12:54:00	8.3	DoubleUp	DXC4B2P
2025-01-04 13:01:00	6.2	DoubleDown	DXC4B2P
2025-01-04 13:10:00	6.7	DoubleUp	DXC4B2P
2025-01-04 13:18:00	3.5	DoubleDown	DXC4B2P
2025-01-04 13:26:00	7.6	DoubleUp	DXC4B2P
2025-01-04 13:34:00	6	DoubleDown	DXC4B2P
2025-01-04 13:43:00	5.3	DoubleDown	DXC4B2P
2025-01-04 13:53:00	6.7	DoubleUp	DXC4B2P
2025-01-04 14:02:00	10.9	DoubleUp	DXC4B2P
2025-01-04 14:10:00	16.1	DoubleUp	DXC4B2P
2025-01-04 14:17:00	4.7	DoubleDown	DXC4B2P
2025-01-04 14:27:00	7.9	DoubleUp	DXC4B2P
2025-01-04 14:35:00	7.9	Flat	DXC4B2P
2025-01-04 14:43:00	7.8	Flat	DXC4B2P
2025-01-04 14:50:00	9.2	DoubleUp	DXC4B2P
2025-01-04 14:58:00	9.5	DoubleUp	DXC4B2P
2025-01-04 15:08:00	4.9	DoubleDown	DXC4B2P
2025-01-04 15:16:00	6.3	DoubleUp	DXC4B2P
2025-01-04 15:26:00	5.2	DoubleDown	DXC4B2P
2025-01-04 15:35:00	5.3	Flat	DXC4B2P
2025-01-04 15:45:00	6.1	DoubleUp	DXC4B2P
2025-01-04 15:55:00	14.4	DoubleUp	DXC4B2P
2025-01-04 16:02:00	4.1	DoubleDown	DXC4B2P
2025-01-04 16:11:00	10.4	DoubleUp	DXC4B2P
2025-01-04 16:19:00	12.6	DoubleUp	DXC4B2P
2025-01-04 16:29:00	9.2	DoubleDown	DXC4B2P
2025-01-04 16:36:00	6.8	DoubleDown	DXC4B2P
2025-01-04 16:46:00	9.5	DoubleUp	DXC4B2P
2025-01-04 16:54:00	9.8	DoubleUp	DXC4B2P
2025-01-04 17:02:00	2.6	DoubleDown	DXC4B2P
2025-01-04 17:11:00	9.9	DoubleUp	DXC4B2P
2025-01-04 17:20:00	7	DoubleDown	DXC4B2P
2025-01-04 17:30:00	5.1	DoubleDown	DXC4B2P
2025-01-04 17:38:00	8.1	DoubleUp	DXC4B2P
2025-01-04 17:46:00	5.5	DoubleDown	DXC4B2P
2025-01-04 17:54:00	7.3	DoubleUp	DXC4B2P
2025-01-04 18:03:00	12.5	DoubleUp	DXC4B2P
2025-01-04 18:12:00	15.9	DoubleUp	DXC4B2P
2025-01-04 18:21:00	6.1	DoubleDown	DXC4B2P
2025-01-04 18:31:00	12.4	DoubleUp	DXC4B2P
2025-01-04 18:39:00	6.1	DoubleDown	DXC4B2P
2025-01-04 18:49:00	8.1	DoubleUp	DXC4B2P
2025-01-04 18:58:00	8.7	DoubleUp	DXC4B2P
2025-01-04 19:07:00	5.9	DoubleDown	DXC4B2P
2025-01-04 19:17:00	4.1	DoubleDown	DXC4B2P
2025-01-04 19:27:00	9.4	DoubleUp	DXC4B2P
2025-01-04 19:36:00	9.1	DoubleDown	DXC4B2P
2025-01-04 19:44:00	6.3	DoubleDown	DXC4B2P
2025-01-04 19:53:00	4.8	DoubleDown	DXC4B2P
2025-01-04 20:03:00	9.8	DoubleUp	DXC4B2P
2025-01-04 20:11:00	8.5	DoubleDown	DXC4B2P
2025-01-04 20:18:00	13	DoubleUp	DXC4B2P
2025-01-04 20:25:00	8.5	DoubleDown	DXC4B2P
2025-01-04 20:35:00	5.2	DoubleDown	DXC4B2P
2025-01-04 20:45:00	8.4	DoubleUp	DXC4B2P
2025-01-04 20:53:00	11.6	DoubleUp	DXC4B2P
2025-01-04 21:00:00	7.3	DoubleDown	DXC4B2P
2025-01-04 21:09:00	16.4	DoubleUp	DXC4B2P
2025-01-04 21:18:00	6.5	DoubleDown	DXC4B2P
2025-01-04 21:25:00	5.1	DoubleDown	DXC4B2P
2025-01-04 21:32:00	6.2	DoubleUp	DXC4B2P
2025-01-04 21:40:00	8.7	DoubleUp	DXC4B2P
2025-01-04 21:50:00	10.4	DoubleUp	DXC4B2P
2025-01-04 21:59:00	4.1	DoubleDown	DXC4B2P
2025-01-04 22:08:00	4.1	Flat	DXC4B2P
2025-01-04 22:15:00	12.3	DoubleUp	DXC4B2P
2025-01-04 22:22:00	4.9	DoubleDown	DXC4B2P
2025-01-04 22:30:00	7.3	DoubleUp	DXC4B2P
2025-01-04 22:39:00	9.4	DoubleUp	DXC4B2P
2025-01-04 22:46:00	8.7	DoubleDown	DXC4B2P
2025-01-04 22:56:00	13.9	DoubleUp	DXC4B2P
2025-01-04 23:03:00	6.4	DoubleDown	DXC4B2P
2025-01-04 23:11:00	8.3	DoubleUp	DXC4B2P
2025-01-04 23:19:00	6	DoubleDown	DXC4B2P
2025-01-04 23:29:00	6.7	DoubleUp	DXC4B2P
2025-01-04 23:38:00	10.2	DoubleUp	DXC4B2P
2025-01-04 23:45:00	7.8	DoubleDown	DXC4B2P
2025-01-04 23:55:00	13.3	DoubleUp	DXC4B2P
2025-01-05 00:02:00	12.8	DoubleDown	DXC4B2P
2025-01-05 00:12:00	6.1	DoubleDown	DXC4B2P
2025-01-05 00:20:00	4.1	DoubleDown	DXC4B2P
2025-01-05 00:30:00	7.8	DoubleUp	DXC4B2P
2025-01-05 00:37:00	6.4	DoubleDown	DXC4B2P
2025-01-05 00:44:00	5	DoubleDown	DXC4B2P
2025-01-05 00:54:00	9.6	DoubleUp	DXC4B2P
2025-01-05 01:04:00	7.8	DoubleDown	DXC4B2P
2025-01-05 01:14:00	7.6	SingleDown	DXC4B2P
2025-01-05 01:22:00	8	DoubleUp	DXC4B2P
2025-01-05 01:31:00	8.3	DoubleUp	DXC4B2P
2025-01-05 01:40:00	7.9	DoubleDown	DXC4B2P
2025-01-05 01:49:00	7.4	DoubleDown	DXC4B2P
2025-01-05 01:56:00	15.2	DoubleUp	DXC4B2P
2025-01-05 02:05:00	12.8	DoubleDown	DXC4B2P
2025-01-05 02:13:00	5.1	DoubleDown	DXC4B2P
2025-01-05 02:21:00	12.7	DoubleUp	DXC4B2P
2025-01-05 02:29:00	4.8	DoubleDown	DXC4B2P
2025-01-05 02:39:00	14.7	DoubleUp	DXC4B2P
2025-01-05 02:49:00	8.8	DoubleDown	DXC4B2P
2025-01-05 02:59:00	10.8	DoubleUp	DXC4B2P
2025-01-05 03:09:00	6.2	DoubleDown	DXC4B2P
2025-01-05 03:17:00	5.9	DoubleDown	DXC4B2P
2025-01-05 03:26:00	5.8	Flat	DXC4B2P
2025-01-05 03:35:00	16.3	DoubleUp	DXC4B2P
2025-01-05 03:45:00	13.9	DoubleDown	DXC4B2P
2025-01-05 03:53:00	8.6	DoubleDown	DXC4B2P
2025-01-05 04:03:00	4	DoubleDown	DXC4B2P
2025-01-05 04:13:00	5.1	DoubleUp	DXC4B2P
2025-01-05 04:21:00	10.3	DoubleUp	DXC4B2P
2025-01-05 04:30:00	7.2	DoubleDown	DXC4B2P
2025-01-05 04:38:00	4.4	DoubleDown	DXC4B2P
2025-01-05 04:45:00	11.1	DoubleUp	DXC4B2P
2025-01-05 04:53:00	7.2	DoubleDown	DXC4B2P
2025-01-05 05:03:00	3.9	DoubleDown	DXC4B2P
2025-01-05 05:12:00	6.9	DoubleUp	DXC4B2P
2025-01-05 05:22:00	2.8	DoubleDown	DXC4B2P
2025-01-05 05:30:00	11.5	DoubleUp	DXC4B2P
2025-01-05 05:38:00	12	DoubleUp	DXC4B2P
2025-01-05 05:46:00	8.5	DoubleDown	DXC4B2P
2025-01-05 05:53:00	8	DoubleDown	DXC4B2P
2025-01-05 06:01:00	8.3	DoubleUp	DXC4B2P
2025-01-05 06:10:00	8.3	Flat	DXC4B2P
2025-01-05 06:18:00	5.6	DoubleDown	DXC4B2P
2025-01-05 06:25:00	12.3	DoubleUp	DXC4B2P
2025-01-05 06:33:00	4.6	DoubleDown	DXC4B2P
2025-01-05 06:42:00	5.9	DoubleUp	DXC4B2P
2025-01-05 06:50:00	10.2	DoubleUp	DXC4B2P
2025-01-05 06:59:00	5.7	DoubleDown	DXC4B2P
2025-01-05 07:07:00	10.5	DoubleUp	DXC4B2P
2025-01-05 07:16:00	12.2	DoubleUp	DXC4B2P
2025-01-05 07:24:00	9.5	DoubleDown	DXC4B2P
2025-01-05 07:33:00	7.2	DoubleDown	DXC4B2P
2025-01-05 07:42:00	8.2	DoubleUp	DXC4B2P
2025-01-05 07:51:00	6.8	DoubleDown	DXC4B2P
2025-01-05 07:59:00	7.7	DoubleUp	DXC4B2P
2025-01-05 08:09:00	8.4	DoubleUp	DXC4B2P
2025-01-05 08:18:00	6.4	DoubleDown	DXC4B2P
2025-01-05 08:26:00	16.1	DoubleUp	DXC4B2P
2025-01-05 08:35:00	15.2	DoubleDown	DXC4B2P
2025-01-05 08:42:00	9.1	DoubleDown	DXC4B2P
2025-01-05 08:52:00	4.2	DoubleDown	DXC4B2P
2025-01-05 09:00:00	5.9	DoubleUp	DXC4B2P
2025-01-05 09:07:00	8.2	DoubleUp	DXC4B2P
2025-01-05 09:15:00	15	DoubleUp	DXC4B2P
2025-01-05 09:25:00	12.2	DoubleDown	DXC4B2P
2025-01-05 09:32:00	11.8	DoubleDown	DXC4B2P
2025-01-05 09:41:00	5.7	DoubleDown	DXC4B2P
2025-01-05 09:48:00	8.1	DoubleUp	DXC4B2P
2025-01-05 09:56:00	7	DoubleDown	DXC4B2P
2025-01-05 10:03:00	11.5	DoubleUp	DXC4B2P
2025-01-05 10:12:00	9.9	DoubleDown	DXC4B2P
2025-01-05 10:20:00	4.8	DoubleDown	DXC4B2P
2025-01-05 10:30:00	9	DoubleUp	DXC4B2P
2025-01-05 10:40:00	13	DoubleUp	DXC4B2P
2025-01-05 10:48:00	15.7	DoubleUp	DXC4B2P
2025-01-05 10:55:00	9.5	DoubleDown	DXC4B2P
2025-01-05 11:04:00	13.6	DoubleUp	DXC4B2P
2025-01-05 11:11:00	7.8	DoubleDown	DXC4B2P
2025-01-05 11:21:00	11.6	DoubleUp	DXC4B2P
2025-01-05 11:28:00	13	DoubleUp	DXC4B2P
2025-01-05 11:35:00	8.5	DoubleDown	DXC4B2P
2025-01-05 11:43:00	12.2	DoubleUp	DXC4B2P
2025-01-05 11:50:00	6.3	DoubleDown	DXC4B2P
2025-01-05 11:58:00	6.7	DoubleUp	DXC4B2P
2025-01-05 12:05:00	12.2	DoubleUp	DXC4B2P
2025-01-05 12:15:00	5.5	DoubleDown	DXC4B2P
2025-01-05 12:22:00	7.2	DoubleUp	DXC4B2P
2025-01-05 12:30:00	6.1	DoubleDown	DXC4B2P
2025-01-05 12:39:00	6.7	DoubleUp	DXC4B2P
2025-01-05 12:48:00	8.9	DoubleUp	DXC4B2P
2025-01-05 12:58:00	7.5	DoubleDown	DXC4B2P
2025-01-05 13:06:00	5.3	DoubleDown	DXC4B2P
2025-01-05 13:13:00	7.2	DoubleUp	DXC4B2P
2025-01-05 13:23:00	5.8	DoubleDown	DXC4B2P
2025-01-05 13:33:00	5.1	DoubleDown	DXC4B2P
2025-01-05 13:43:00	11.4	DoubleUp	DXC4B2P
2025-01-05 13:50:00	6	DoubleDown	DXC4B2P
2025-01-05 13:59:00	12.5	DoubleUp	DXC4B2P
2025-01-05 14:06:00	7.3	DoubleDown	DXC4B2P
2025-01-05 14:15:00	6.9	DoubleDown	DXC4B2P
2025-01-05 14:22:00	5.8	DoubleDown	DXC4B2P
2025-01-05 14:32:00	9.2	DoubleUp	DXC4B2P
2025-01-05 14:42:00	7.1	DoubleDown	DXC4B2P
2025-01-05 14:50:00	5.6	DoubleDown	DXC4B2P
2025-01-05 14:58:00	8.2	DoubleUp	DXC4B2P
2025-01-05 15:05:00	8.6	DoubleUp	DXC4B2P
2025-01-05 15:13:00	5.8	DoubleDown	DXC4B2P
2025-01-05 15:23:00	6.5	DoubleUp	DXC4B2P
2025-01-05 15:32:00	7.1	DoubleUp	DXC4B2P
2025-01-05 15:40:00	7.6	DoubleUp	DXC4B2P
2025-01-05 15:50:00	12.1	DoubleUp	DXC4B2P
2025-01-05 15:57:00	14.1	DoubleUp	DXC4B2P
2025-01-05 16:06:00	6.7	DoubleDown	DXC4B2P
2025-01-05 16:13:00	7.9	DoubleUp	DXC4B2P
2025-01-05 16:23:00	9.2	DoubleUp	DXC4B2P
2025-01-05 16:33:00	7.6	DoubleDown	DXC4B2P
2025-01-05 16:41:00	4.9	DoubleDown	DXC4B2P
2025-01-05 16:48:00	9.2	DoubleUp	DXC4B2P
2025-01-05 16:57:00	4.3	DoubleDown	DXC4B2P
2025-01-05 17:06:00	4.5	SingleUp	DXC4B2P
2025-01-05 17:14:00	8.1	DoubleUp	DXC4B2P
2025-01-05 17:22:00	4.3	DoubleDown	DXC4B2P
2025-01-05 17:31:00	8.3	DoubleUp	DXC4B2P
2025-01-05 17:39:00	12.7	DoubleUp	DXC4B2P
2025-01-05 17:48:00	5.2	DoubleDown	DXC4B2P
2025-01-05 17:56:00	9.2	DoubleUp	DXC4B2P
2025-01-05 18:03:00	6.4	DoubleDown	DXC4B2P
2025-01-05 18:13:00	9.8	DoubleUp	DXC4B2P
2025-01-05 18:20:00	7.8	DoubleDown	DXC4B2P
2025-01-05 18:30:00	7.1	DoubleDown	DXC4B2P
2025-01-05 18:39:00	11.1	DoubleUp	DXC4B2P
2025-01-05 18:46:00	10.3	DoubleDown	DXC4B2P
2025-01-05 18:53:00	6.6	DoubleDown	DXC4B2P
2025-01-05 19:02:00	5.9	DoubleDown	DXC4B2P
2025-01-05 19:12:00	5.3	DoubleDown	DXC4B2P
2025-01-05 19:20:00	6.2	DoubleUp	DXC4B2P
2025-01-05 19:30:00	9.1	DoubleUp	DXC4B2P
2025-01-05 19:37:00	15.5	DoubleUp	DXC4B2P
2025-01-05 19:46:00	5.2	DoubleDown	DXC4B2P
2025-01-05 19:55:00	4.7	DoubleDown	DXC4B2P
2025-01-05 20:05:00	9.1	DoubleUp	DXC4B2P
2025-01-05 20:15:00	9.4	DoubleUp	DXC4B2P
2025-01-05 20:24:00	6	DoubleDown	DXC4B2P
2025-01-05 20:33:00	6.6	DoubleUp	DXC4B2P
2025-01-05 20:41:00	8.8	DoubleUp	DXC4B2P
2025-01-05 20:49:00	14.7	DoubleUp	DXC4B2P
2025-01-05 20:59:00	9.9	DoubleDown	DXC4B2P
2025-01-05 21:08:00	13.5	DoubleUp	DXC4B2P
2025-01-05 21:17:00	5.6	DoubleDown	DXC4B2P
2025-01-05 21:26:00	9.6	DoubleUp	DXC4B2P
2025-01-05 21:34:00	3.9	DoubleDown	DXC4B2P
2025-01-05 21:42:00	8	DoubleUp	DXC4B2P
2025-01-05 21:50:00	9.8	DoubleUp	DXC4B2P
2025-01-05 21:58:00	5	DoubleDown	DXC4B2P
2025-01-05 22:08:00	10.3	DoubleUp	DXC4B2P
2025-01-05 22:18:00	9.7	DoubleDown	DXC4B2P
2025-01-05 22:26:00	7.5	DoubleDown	DXC4B2P
2025-01-05 22:35:00	5.7	DoubleDown	DXC4B2P
2025-01-05 22:44:00	12.2	DoubleUp	DXC4B2P
2025-01-05 22:54:00	4.4	DoubleDown	DXC4B2P
2025-01-05 23:01:00	8.1	DoubleUp	DXC4B2P
2025-01-05 23:10:00	14.8	DoubleUp	DXC4B2P
2025-01-05 23:19:00	8	DoubleDown	DXC4B2P
2025-01-05 23:28:00	7.7	DoubleDown	DXC4B2P
2025-01-05 23:36:00	4.5	DoubleDown	DXC4B2P
2025-01-05 23:45:00	5.1	DoubleUp	DXC4B2P
2025-01-05 23:52:00	9.3	DoubleUp	DXC4B2P
2025-01-06 00:02:00	5	DoubleDown	DXC4B2P
2025-01-06 00:09:00	6.9	DoubleUp	DXC4B2P
2025-01-06 00:17:00	6.5	DoubleDown	DXC4B2P
2025-01-06 00:24:00	4.6	DoubleDown	DXC4B2P
2025-01-06 00:31:00	8.6	DoubleUp	DXC4B2P
2025-01-06 00:38:00	4.7	DoubleDown	DXC4B2P
2025-01-06 00:45:00	5.1	DoubleUp	DXC4B2P
2025-01-06 00:55:00	7.6	DoubleUp	DXC4B2P
2025-01-06 01:04:00	4.5	DoubleDown	DXC4B2P
2025-01-06 01:13:00	5.5	DoubleUp	DXC4B2P
2025-01-06 01:20:00	5.8	DoubleUp	DXC4B2P
2025-01-06 01:28:00	4	DoubleDown	DXC4B2P
2025-01-06 01:38:00	8.4	DoubleUp	DXC4B2P
2025-01-06 01:46:00	6.1	DoubleDown	DXC4B2P
2025-01-06 01:56:00	8.6	DoubleUp	DXC4B2P
2025-01-06 02:06:00	4.8	DoubleDown	DXC4B2P
2025-01-06 02:15:00	5.7	DoubleUp	DXC4B2P
2025-01-06 02:24:00	10.1	DoubleUp	DXC4B2P
2025-01-06 02:33:00	9.1	DoubleDown	DXC4B2P
2025-01-06 02:43:00	8.4	DoubleDown	DXC4B2P
2025-01-06 02:53:00	16.5	DoubleUp	DXC4B2P
2025-01-06 03:00:00	10.2	DoubleDown	DXC4B2P
2025-01-06 03:07:00	6.3	DoubleDown	DXC4B2P
2025-01-06 03:14:00	5.6	DoubleDown	DXC4B2P
2025-01-06 03:22:00	4.7	DoubleDown	DXC4B2P
2025-01-06 03:31:00	9.5	DoubleUp	DXC4B2P
2025-01-06 03:39:00	6.4	DoubleDown	DXC4B2P
2025-01-06 03:49:00	9.4	DoubleUp	DXC4B2P
2025-01-06 03:57:00	8.1	DoubleDown	DXC4B2P
2025-01-06 04:05:00	7.4	DoubleDown	DXC4B2P
2025-01-06 04:14:00	8.4	DoubleUp	DXC4B2P
2025-01-06 04:22:00	6.1	DoubleDown	DXC4B2P
2025-01-06 04:29:00	13.7	DoubleUp	DXC4B2P
2025-01-06 04:38:00	6.6	DoubleDown	DXC4B2P
2025-01-06 04:48:00	13.9	DoubleUp	DXC4B2P
2025-01-06 04:56:00	7.2	DoubleDown	DXC4B2P
2025-01-06 05:05:00	6.8	DoubleDown	DXC4B2P
2025-01-06 05:13:00	14.3	DoubleUp	DXC4B2P
2025-01-06 05:20:00	9.5	DoubleDown	DXC4B2P
2025-01-06 05:28:00	8.6	DoubleDown	DXC4B2P
2025-01-06 05:35:00	12.3	DoubleUp	DXC4B2P
2025-01-06 05:42:00	5.1	DoubleDown	DXC4B2P
2025-01-06 05:50:00	9.4	DoubleUp	DXC4B2P
2025-01-06 06:00:00	7.3	DoubleDown	DXC4B2P
2025-01-06 06:09:00	9.7	DoubleUp	DXC4B2P
2025-01-06 06:19:00	14.3	DoubleUp	DXC4B2P
2025-01-06 06:26:00	6.7	DoubleDown	DXC4B2P
2025-01-06 06:36:00	4.3	DoubleDown	DXC4B2P
2025-01-06 06:45:00	6.9	DoubleUp	DXC4B2P
2025-01-06 06:54:00	7.4	DoubleUp	DXC4B2P
2025-01-06 07:04:00	11.3	DoubleUp	DXC4B2P
2025-01-06 07:11:00	6.3	DoubleDown	DXC4B2P
2025-01-06 07:19:00	4.8	DoubleDown	DXC4B2P
2025-01-06 07:27:00	5.1	DoubleUp	DXC4B2P
2025-01-06 07:37:00	13.4	DoubleUp	DXC4B2P
2025-01-06 07:46:00	6.6	DoubleDown	DXC4B2P
2025-01-06 07:54:00	9.3	DoubleUp	DXC4B2P
2025-01-06 08:04:00	7	DoubleDown	DXC4B2P
2025-01-06 08:12:00	5.8	DoubleDown	DXC4B2P
2025-01-06 08:19:00	7.4	DoubleUp	DXC4B2P
2025-01-06 08:29:00	11.8	DoubleUp	DXC4B2P
2025-01-06 08:38:00	5.5	DoubleDown	DXC4B2P
2025-01-06 08:48:00	14.1	DoubleUp	DXC4B2P
2025-01-06 08:55:00	5.2	DoubleDown	DXC4B2P
2025-01-06 09:05:00	6.8	DoubleUp	DXC4B2P
2025-01-06 09:14:00	5.7	DoubleDown	DXC4B2P
2025-01-06 09:22:00	5.6	Flat	DXC4B2P
2025-01-06 09:31:00	7	DoubleUp	DXC4B2P
2025-01-06 09:40:00	8.7	DoubleUp	DXC4B2P
2025-01-06 09:49:00	4.5	DoubleDown	DXC4B2P
2025-01-06 09:57:00	14.7	DoubleUp	DXC4B2P
2025-01-06 10:05:00	13.1	DoubleDown	DXC4B2P
2025-01-06 10:15:00	10.8	DoubleDown	DXC4B2P
2025-01-06 10:25:00	11.5	DoubleUp	DXC4B2P
2025-01-06 10:32:00	15.8	DoubleUp	DXC4B2P
2025-01-06 10:42:00	8.2	DoubleDown	DXC4B2P
2025-01-06 10:49:00	9.5	DoubleUp	DXC4B2P
2025-01-06 10:58:00	3.5	DoubleDown	DXC4B2P
2025-01-06 11:06:00	8.5	DoubleUp	DXC4B2P
2025-01-06 11:15:00	13.8	DoubleUp	DXC4B2P
2025-01-06 11:25:00	11.3	DoubleDown	DXC4B2P
2025-01-06 11:32:00	10.8	DoubleDown	DXC4B2P
2025-01-06 11:42:00	14.3	DoubleUp	DXC4B2P
2025-01-06 11:52:00	5.3	DoubleDown	DXC4B2P
2025-01-06 12:00:00	5.1	SingleDown	DXC4B2P
2025-01-06 12:08:00	11.3	DoubleUp	DXC4B2P
2025-01-06 12:17:00	8.7	DoubleDown	DXC4B2P
2025-01-06 12:26:00	5.6	DoubleDown	DXC4B2P
2025-01-06 12:33:00	12	DoubleUp	DXC4B2P
2025-01-06 12:40:00	5.5	DoubleDown	DXC4B2P
2025-01-06 12:50:00	9.6	DoubleUp	DXC4B2P
2025-01-06 12:59:00	9.2	DoubleDown	DXC4B2P
2025-01-06 13:07:00	11.7	DoubleUp	DXC4B2P
2025-01-06 13:15:00	4.1	DoubleDown	DXC4B2P
2025-01-06 13:25:00	8.2	DoubleUp	DXC4B2P
2025-01-06 13:33:00	5.5	DoubleDown	DXC4B2P
2025-01-06 13:40:00	9.6	DoubleUp	DXC4B2P
2025-01-06 13:47:00	6	DoubleDown	DXC4B2P
2025-01-06 13:54:00	8.4	DoubleUp	DXC4B2P
2025-01-06 14:04:00	10.2	DoubleUp	DXC4B2P
2025-01-06 14:13:00	12.1	DoubleUp	DXC4B2P
2025-01-06 14:22:00	5.5	DoubleDown	DXC4B2P
2025-01-06 14:30:00	8.3	DoubleUp	DXC4B2P
2025-01-06 14:38:00	13.4	DoubleUp	DXC4B2P
2025-01-06 14:46:00	14.5	DoubleUp	DXC4B2P
2025-01-06 14:55:00	9.8	DoubleDown	DXC4B2P
2025-01-06 15:05:00	11.4	DoubleUp	DXC4B2P
2025-01-06 15:13:00	6.8	DoubleDown	DXC4B2P
2025-01-06 15:22:00	5.8	DoubleDown	DXC4B2P
2025-01-06 15:31:00	6.2	DoubleUp	DXC4B2P
2025-01-06 15:39:00	4.5	DoubleDown	DXC4B2P
2025-01-06 15:47:00	11.2	DoubleUp	DXC4B2P
2025-01-06 15:57:00	15.5	DoubleUp	DXC4B2P
2025-01-06 16:07:00	4.5	DoubleDown	DXC4B2P
2025-01-06 16:14:00	5.1	DoubleUp	DXC4B2P
2025-01-06 16:23:00	8.5	DoubleUp	DXC4B2P
2025-01-06 16:30:00	5.2	DoubleDown	DXC4B2P
2025-01-06 16:37:00	4.7	DoubleDown	DXC4B2P
2025-01-06 16:44:00	11.2	DoubleUp	DXC4B2P
2025-01-06 16:53:00	7.2	DoubleDown	DXC4B2P
2025-01-06 17:03:00	5.5	DoubleDown	DXC4B2P
2025-01-06 17:12:00	8.3	DoubleUp	DXC4B2P
2025-01-06 17:19:00	14.7	DoubleUp	DXC4B2P
2025-01-06 17:26:00	14.8	Flat	DXC4B2P
2025-01-06 17:33:00	5.8	DoubleDown	DXC4B2P
2025-01-06 17:40:00	7.5	DoubleUp	DXC4B2P
2025-01-06 17:47:00	6.7	DoubleDown	DXC4B2P
2025-01-06 17:55:00	7.7	DoubleUp	DXC4B2P
2025-01-06 18:05:00	11.2	DoubleUp	DXC4B2P
2025-01-06 18:12:00	7.3	DoubleDown	DXC4B2P
2025-01-06 18:20:00	7.1	SingleDown	DXC4B2P
2025-01-06 18:28:00	7	Flat	DXC4B2P
2025-01-06 18:37:00	4.8	DoubleDown	DXC4B2P
2025-01-06 18:44:00	9.6	DoubleUp	DXC4B2P
2025-01-06 18:52:00	4.5	DoubleDown	DXC4B2P
2025-01-06 19:00:00	2.2	DoubleDown	DXC4B2P
2025-01-06 19:09:00	11.6	DoubleUp	DXC4B2P
2025-01-06 19:16:00	5.6	DoubleDown	DXC4B2P
2025-01-06 19:24:00	11.3	DoubleUp	DXC4B2P
2025-01-06 19:33:00	6.9	DoubleDown	DXC4B2P
2025-01-06 19:40:00	7.2	DoubleUp	DXC4B2P
2025-01-06 19:47:00	11	DoubleUp	DXC4B2P
2025-01-06 19:54:00	14.7	DoubleUp	DXC4B2P
2025-01-06 20:02:00	11.2	DoubleDown	DXC4B2P
2025-01-06 20:09:00	5.8	DoubleDown	DXC4B2P
2025-01-06 20:19:00	13.4	DoubleUp	DXC4B2P
2025-01-06 20:26:00	5.1	DoubleDown	DXC4B2P
2025-01-06 20:36:00	10.3	DoubleUp	DXC4B2P
2025-01-06 20:46:00	15.9	DoubleUp	DXC4B2P
2025-01-06 20:55:00	13	DoubleDown	DXC4B2P
2025-01-06 21:04:00	12.6	DoubleDown	DXC4B2P
2025-01-06 21:13:00	5.8	DoubleDown	DXC4B2P
2025-01-06 21:21:00	16.4	DoubleUp	DXC4B2P
2025-01-06 21:29:00	9.6	DoubleDown	DXC4B2P
2025-01-06 21:39:00	4.5	DoubleDown	DXC4B2P
2025-01-06 21:49:00	9.2	DoubleUp	DXC4B2P
2025-01-06 21:56:00	5.1	DoubleDown	DXC4B2P
2025-01-06 22:03:00	15.6	DoubleUp	DXC4B2P
2025-01-06 22:13:00	2.9	DoubleDown	DXC4B2P
2025-01-06 22:20:00	9.4	DoubleUp	DXC4B2P
2025-01-06 22:30:00	4.4	DoubleDown	DXC4B2P
2025-01-06 22:40:00	4.1	DoubleDown	DXC4B2P
2025-01-06 22:50:00	4.3	SingleUp	DXC4B2P
2025-01-06 22:57:00	9.9	DoubleUp	DXC4B2P
2025-01-06 23:06:00	15.5	DoubleUp	DXC4B2P
2025-01-06 23:13:00	5.6	DoubleDown	DXC4B2P
2025-01-06 23:20:00	7.4	DoubleUp	DXC4B2P
2025-01-06 23:29:00	7.8	DoubleUp	DXC4B2P
2025-01-06 23:36:00	4.9	DoubleDown	DXC4B2P
2025-01-06 23:45:00	13.2	DoubleUp	DXC4B2P
2025-01-06 23:53:00	7	DoubleDown	DXC4B2P
2025-01-07 00:02:00	7.9	DoubleUp	DXC4B2P
2025-01-07 00:12:00	12.2	DoubleUp	DXC4B2P
2025-01-07 00:22:00	6.3	DoubleDown	DXC4B2P
2025-01-07 00:31:00	7.6	DoubleUp	DXC4B2P
2025-01-07 00:38:00	7	DoubleDown	DXC4B2P
2025-01-07 00:45:00	5.8	DoubleDown	DXC4B2P
2025-01-07 00:53:00	12.8	DoubleUp	DXC4B2P
2025-01-07 01:00:00	4.3	DoubleDown	DXC4B2P
2025-01-07 01:09:00	12.4	DoubleUp	DXC4B2P
2025-01-07 01:19:00	10.1	DoubleDown	DXC4B2P
2025-01-07 01:28:00	10.4	DoubleUp	DXC4B2P
2025-01-07 01:35:00	7.8	DoubleDown	DXC4B2P
2025-01-07 01:43:00	5.9	DoubleDown	DXC4B2P
2025-01-07 01:51:00	4.3	DoubleDown	DXC4B2P
2025-01-07 02:00:00	5.3	DoubleUp	DXC4B2P
2025-01-07 02:09:00	7.8	DoubleUp	DXC4B2P
2025-01-07 02:17:00	13.3	DoubleUp	DXC4B2P
2025-01-07 02:24:00	13.4	Flat	DXC4B2P
2025-01-07 02:32:00	3.4	DoubleDown	DXC4B2P
2025-01-07 02:41:00	8.9	DoubleUp	DXC4B2P
2025-01-07 02:51:00	5.6	DoubleDown	DXC4B2P
2025-01-07 03:00:00	12.8	DoubleUp	DXC4B2P
2025-01-07 03:08:00	5.7	DoubleDown	DXC4B2P
2025-01-07 03:16:00	2.8	DoubleDown	DXC4B2P
2025-01-07 03:23:00	5.7	DoubleUp	DXC4B2P
2025-01-07 03:30:00	2.5	DoubleDown	DXC4B2P
2025-01-07 03:38:00	11.2	DoubleUp	DXC4B2P
2025-01-07 03:46:00	4.9	DoubleDown	DXC4B2P
2025-01-07 03:54:00	9.8	DoubleUp	DXC4B2P
2025-01-07 04:03:00	14.4	DoubleUp	DXC4B2P
2025-01-07 04:10:00	13.5	DoubleDown	DXC4B2P
2025-01-07 04:20:00	8	DoubleDown	DXC4B2P
2025-01-07 04:30:00	8.2	SingleUp	DXC4B2P
2025-01-07 04:40:00	9.6	DoubleUp	DXC4B2P
2025-01-07 04:47:00	5.1	DoubleDown	DXC4B2P
2025-01-07 04:55:00	13.8	DoubleUp	DXC4B2P
2025-01-07 05:02:00	9.7	DoubleDown	DXC4B2P
2025-01-07 05:12:00	9.2	DoubleDown	DXC4B2P
2025-01-07 05:21:00	9	SingleDown	DXC4B2P
2025-01-07 05:28:00	12.5	DoubleUp	DXC4B2P
2025-01-07 05:38:00	7.1	DoubleDown	DXC4B2P
2025-01-07 05:46:00	7.3	SingleUp	DXC4B2P
2025-01-07 05:53:00	5.6	DoubleDown	DXC4B2P
2025-01-07 06:01:00	7.7	DoubleUp	DXC4B2P
2025-01-07 06:11:00	7.4	DoubleDown	DXC4B2P
2025-01-07 06:20:00	4.5	DoubleDown	DXC4B2P
2025-01-07 06:29:00	5.3	DoubleUp	DXC4B2P
2025-01-07 06:37:00	5.3	Flat	DXC4B2P
2025-01-07 06:46:00	4.1	DoubleDown	DXC4B2P
2025-01-07 06:53:00	7.6	DoubleUp	DXC4B2P
2025-01-07 07:02:00	4.9	DoubleDown	DXC4B2P
2025-01-07 07:10:00	14.1	DoubleUp	DXC4B2P
2025-01-07 07:18:00	12.1	DoubleDown	DXC4B2P
2025-01-07 07:26:00	4.4	DoubleDown	DXC4B2P
2025-01-07 07:36:00	4.4	Flat	DXC4B2P
2025-01-07 07:45:00	4.5	Flat	DXC4B2P
2025-01-07 07:52:00	6.4	DoubleUp	DXC4B2P
2025-01-07 08:01:00	8.1	DoubleUp	DXC4B2P
2025-01-07 08:09:00	12.8	DoubleUp	DXC4B2P
2025-01-07 08:17:00	9.9	DoubleDown	DXC4B2P
2025-01-07 08:27:00	15	DoubleUp	DXC4B2P
2025-01-07 08:36:00	5.9	DoubleDown	DXC4B2P
2025-01-07 08:43:00	5	DoubleDown	DXC4B2P
2025-01-07 08:51:00	12.4	DoubleUp	DXC4B2P
2025-01-07 09:01:00	6.4	DoubleDown	DXC4B2P
2025-01-07 09:09:00	5.7	DoubleDown	DXC4B2P
2025-01-07 09:17:00	11	DoubleUp	DXC4B2P
2025-01-07 09:24:00	6	DoubleDown	DXC4B2P
2025-01-07 09:33:00	5.2	DoubleDown	DXC4B2P
2025-01-07 09:41:00	11.3	DoubleUp	DXC4B2P
2025-01-07 09:49:00	9.4	DoubleDown	DXC4B2P
2025-01-07 09:57:00	9.7	DoubleUp	DXC4B2P
2025-01-07 10:07:00	8	DoubleDown	DXC4B2P
2025-01-07 10:16:00	7.4	DoubleDown	DXC4B2P
2025-01-07 10:24:00	6.3	DoubleDown	DXC4B2P
2025-01-07 10:34:00	7.6	DoubleUp	DXC4B2P
2025-01-07 10:42:00	7.9	DoubleUp	DXC4B2P
2025-01-07 10:50:00	12.5	DoubleUp	DXC4B2P
2025-01-07 10:58:00	12.6	Flat	DXC4B2P
2025-01-07 11:06:00	7.4	DoubleDown	DXC4B2P
2025-01-07 11:13:00	11.4	DoubleUp	DXC4B2P
2025-01-07 11:20:00	11.7	DoubleUp	DXC4B2P
2025-01-07 11:29:00	7.1	DoubleDown	DXC4B2P
2025-01-07 11:36:00	9.6	DoubleUp	DXC4B2P
2025-01-07 11:46:00	10.9	DoubleUp	DXC4B2P
2025-01-07 11:54:00	13.4	DoubleUp	DXC4B2P
2025-01-07 12:01:00	6.7	DoubleDown	DXC4B2P
2025-01-07 12:08:00	7.7	DoubleUp	DXC4B2P
2025-01-07 12:17:00	5.9	DoubleDown	DXC4B2P
2025-01-07 12:27:00	6.6	DoubleUp	DXC4B2P
2025-01-07 12:35:00	6.4	SingleDown	DXC4B2P
2025-01-07 12:42:00	7.3	DoubleUp	DXC4B2P
2025-01-07 12:49:00	5.9	DoubleDown	DXC4B2P
2025-01-07 12:59:00	6.5	DoubleUp	DXC4B2P
2025-01-07 13:06:00	7.8	DoubleUp	DXC4B2P
2025-01-07 13:13:00	6.1	DoubleDown	DXC4B2P
2025-01-07 13:23:00	12.8	DoubleUp	DXC4B2P
2025-01-07 13:31:00	8.6	DoubleDown	DXC4B2P
2025-01-07 13:38:00	6.1	DoubleDown	DXC4B2P
2025-01-07 13:46:00	11.1	DoubleUp	DXC4B2P
2025-01-07 13:55:00	11.9	DoubleUp	DXC4B2P
2025-01-07 14:04:00	13.7	DoubleUp	DXC4B2P
2025-01-07 14:14:00	8	DoubleDown	DXC4B2P
2025-01-07 14:23:00	14.1	DoubleUp	DXC4B2P
2025-01-07 14:33:00	13.6	DoubleDown	DXC4B2P
2025-01-07 14:41:00	4.1	DoubleDown	DXC4B2P
2025-01-07 14:49:00	6.6	DoubleUp	DXC4B2P
2025-01-07 14:59:00	5.9	DoubleDown	DXC4B2P
2025-01-07 15:08:00	14.8	DoubleUp	DXC4B2P
2025-01-07 15:17:00	6.7	DoubleDown	DXC4B2P
2025-01-07 15:25:00	8.2	DoubleUp	DXC4B2P
2025-01-07 15:35:00	4.2	DoubleDown	DXC4B2P
2025-01-07 15:43:00	11.4	DoubleUp	DXC4B2P
2025-01-07 15:51:00	3.7	DoubleDown	DXC4B2P
2025-01-07 15:58:00	13	DoubleUp	DXC4B2P
2025-01-07 16:06:00	5.9	DoubleDown	DXC4B2P
2025-01-07 16:14:00	6.9	DoubleUp	DXC4B2P
2025-01-07 16:24:00	13.4	DoubleUp	DXC4B2P
2025-01-07 16:32:00	10.8	DoubleDown	DXC4B2P
2025-01-07 16:42:00	6.1	DoubleDown	DXC4B2P
2025-01-07 16:51:00	4.8	DoubleDown	DXC4B2P
2025-01-07 17:01:00	14	DoubleUp	DXC4B2P
2025-01-07 17:11:00	8.6	DoubleDown	DXC4B2P
2025-01-07 17:19:00	7.1	DoubleDown	DXC4B2P
2025-01-07 17:27:00	8.7	DoubleUp	DXC4B2P
2025-01-07 17:37:00	5.2	DoubleDown	DXC4B2P
2025-01-07 17:47:00	12.9	DoubleUp	DXC4B2P
2025-01-07 17:56:00	11.3	DoubleDown	DXC4B2P
2025-01-07 18:05:00	8.6	DoubleDown	DXC4B2P
2025-01-07 18:12:00	7.5	DoubleDown	DXC4B2P
2025-01-07 18:19:00	12.8	DoubleUp	DXC4B2P
2025-01-07 18:27:00	7.5	DoubleDown	DXC4B2P
2025-01-07 18:34:00	13	DoubleUp	DXC4B2P
2025-01-07 18:44:00	4.7	DoubleDown	DXC4B2P
2025-01-07 18:51:00	8.7	DoubleUp	DXC4B2P
2025-01-07 19:01:00	6.2	DoubleDown	DXC4B2P
2025-01-07 19:08:00	4.4	DoubleDown	DXC4B2P
2025-01-07 19:18:00	14.4	DoubleUp	DXC4B2P
2025-01-07 19:26:00	5.2	DoubleDown	DXC4B2P
2025-01-07 19:35:00	6.9	DoubleUp	DXC4B2P
2025-01-07 19:45:00	7.9	DoubleUp	DXC4B2P
2025-01-07 19:52:00	4.3	DoubleDown	DXC4B2P
2025-01-07 20:00:00	4.1	SingleDown	DXC4B2P
2025-01-07 20:10:00	6	DoubleUp	DXC4B2P
2025-01-07 20:19:00	4	DoubleDown	DXC4B2P
2025-01-07 20:28:00	6.3	DoubleUp	DXC4B2P
2025-01-07 20:35:00	9.8	DoubleUp	DXC4B2P
2025-01-07 20:42:00	8.1	DoubleDown	DXC4B2P
2025-01-07 20:52:00	6.9	DoubleDown	DXC4B2P
2025-01-07 21:00:00	6.6	DoubleDown	DXC4B2P
2025-01-07 21:10:00	9.3	DoubleUp	DXC4B2P
2025-01-07 21:19:00	6	DoubleDown	DXC4B2P
2025-01-07 21:29:00	4.7	DoubleDown	DXC4B2P
2025-01-07 21:38:00	3.9	DoubleDown	DXC4B2P
2025-01-07 21:46:00	5.8	DoubleUp	DXC4B2P
2025-01-07 21:56:00	9.5	DoubleUp	DXC4B2P
2025-01-07 22:03:00	6.1	DoubleDown	DXC4B2P
2025-01-07 22:13:00	9.3	DoubleUp	DXC4B2P
2025-01-07 22:22:00	10	DoubleUp	DXC4B2P
2025-01-07 22:31:00	7.7	DoubleDown	DXC4B2P
2025-01-07 22:41:00	6.1	DoubleDown	DXC4B2P
2025-01-07 22:49:00	2.4	DoubleDown	DXC4B2P
2025-01-07 22:59:00	15.3	DoubleUp	DXC4B2P
2025-01-07 23:08:00	6.3	DoubleDown	DXC4B2P
2025-01-07 23:18:00	3.3	DoubleDown	DXC4B2P
2025-01-07 23:27:00	8.7	DoubleUp	DXC4B2P
2025-01-07 23:34:00	5.3	DoubleDown	DXC4B2P
2025-01-07 23:44:00	11.9	DoubleUp	DXC4B2P
2025-01-07 23:51:00	10.7	DoubleDown	DXC4B2P
2025-01-07 23:59:00	4.3	DoubleDown	DXC4B2P
2025-01-08 00:06:00	7.8	DoubleUp	DXC4B2P
2025-01-08 00:13:00	12.5	DoubleUp	DXC4B2P
2025-01-08 00:22:00	6.9	DoubleDown	DXC4B2P
2025-01-08 00:30:00	9.8	DoubleUp	DXC4B2P
2025-01-08 00:39:00	3.9	DoubleDown	DXC4B2P
2025-01-08 00:46:00	10	DoubleUp	DXC4B2P
2025-01-08 00:55:00	4.8	DoubleDown	DXC4B2P
2025-01-08 01:02:00	9.9	DoubleUp	DXC4B2P
2025-01-08 01:10:00	12.9	DoubleUp	DXC4B2P
2025-01-08 01:19:00	7.2	DoubleDown	DXC4B2P
2025-01-08 01:26:00	8.9	DoubleUp	DXC4B2P
2025-01-08 01:34:00	8	DoubleDown	DXC4B2P
2025-01-08 01:42:00	4.6	DoubleDown	DXC4B2P
2025-01-08 01:50:00	9.7	DoubleUp	DXC4B2P
2025-01-08 01:57:00	8	DoubleDown	DXC4B2P
2025-01-08 02:04:00	9.1	DoubleUp	DXC4B2P
2025-01-08 02:12:00	9.2	Flat	DXC4B2P
2025-01-08 02:22:00	8	DoubleDown	DXC4B2P
2025-01-08 02:30:00	8.6	DoubleUp	DXC4B2P
2025-01-08 02:40:00	8.5	Flat	DXC4B2P
2025-01-08 02:47:00	5.3	DoubleDown	DXC4B2P
2025-01-08 02:55:00	7.3	DoubleUp	DXC4B2P
2025-01-08 03:04:00	6.7	DoubleDown	DXC4B2P
2025-01-08 03:11:00	12.5	DoubleUp	DXC4B2P
2025-01-08 03:18:00	9.8	DoubleDown	DXC4B2P
2025-01-08 03:25:00	11.2	DoubleUp	DXC4B2P
2025-01-08 03:35:00	14.8	DoubleUp	DXC4B2P
2025-01-08 03:43:00	4.3	DoubleDown	DXC4B2P
2025-01-08 03:53:00	9.7	DoubleUp	DXC4B2P
2025-01-08 04:01:00	12.5	DoubleUp	DXC4B2P
2025-01-08 04:10:00	6.2	DoubleDown	DXC4B2P
2025-01-08 04:19:00	5	DoubleDown	DXC4B2P
2025-01-08 04:26:00	8	DoubleUp	DXC4B2P
2025-01-08 04:34:00	10.8	DoubleUp	DXC4B2P
2025-01-08 04:44:00	13.1	DoubleUp	DXC4B2P
2025-01-08 04:51:00	13.8	DoubleUp	DXC4B2P
2025-01-08 04:59:00	6.5	DoubleDown	DXC4B2P
2025-01-08 05:06:00	5.1	DoubleDown	DXC4B2P
2025-01-08 05:15:00	12.5	DoubleUp	DXC4B2P
2025-01-08 05:25:00	9.2	DoubleDown	DXC4B2P
2025-01-08 05:32:00	9.8	DoubleUp	DXC4B2P
2025-01-08 05:41:00	9.9	Flat	DXC4B2P
2025-01-08 05:49:00	8.9	DoubleDown	DXC4B2P
2025-01-08 05:56:00	8.5	DoubleDown	DXC4B2P
2025-01-08 06:05:00	7.8	DoubleDown	DXC4B2P
2025-01-08 06:13:00	5.1	DoubleDown	DXC4B2P
2025-01-08 06:20:00	8.9	DoubleUp	DXC4B2P
2025-01-08 06:30:00	8.6	DoubleDown	DXC4B2P
2025-01-08 06:38:00	6.2	DoubleDown	DXC4B2P
2025-01-08 06:45:00	11.3	DoubleUp	DXC4B2P
2025-01-08 06:55:00	12	DoubleUp	DXC4B2P
2025-01-08 07:03:00	8.8	DoubleDown	DXC4B2P
2025-01-08 07:10:00	8.1	DoubleDown	DXC4B2P
2025-01-08 07:18:00	6.3	DoubleDown	DXC4B2P
2025-01-08 07:27:00	9.1	DoubleUp	DXC4B2P
2025-01-08 07:35:00	4	DoubleDown	DXC4B2P
2025-01-08 07:45:00	9.3	DoubleUp	DXC4B2P
2025-01-08 07:54:00	9.7	DoubleUp	DXC4B2P
2025-01-08 08:03:00	5.6	DoubleDown	DXC4B2P
2025-01-08 08:10:00	9.9	DoubleUp	DXC4B2P
2025-01-08 08:17:00	8.7	DoubleDown	DXC4B2P
2025-01-08 08:25:00	6.7	DoubleDown	DXC4B2P
2025-01-08 08:33:00	8	DoubleUp	DXC4B2P
2025-01-08 08:41:00	6.8	DoubleDown	DXC4B2P
2025-01-08 08:51:00	6.8	Flat	DXC4B2P
2025-01-08 09:00:00	7.5	DoubleUp	DXC4B2P
2025-01-08 09:09:00	7.2	DoubleDown	DXC4B2P
2025-01-08 09:18:00	8.1	DoubleUp	DXC4B2P
2025-01-08 09:26:00	4.3	DoubleDown	DXC4B2P
2025-01-08 09:33:00	5.6	DoubleUp	DXC4B2P
2025-01-08 09:41:00	4.8	DoubleDown	DXC4B2P
2025-01-08 09:51:00	11.8	DoubleUp	DXC4B2P
2025-01-08 09:59:00	8.8	DoubleDown	DXC4B2P
2025-01-08 10:06:00	9.7	DoubleUp	DXC4B2P
2025-01-08 10:16:00	5	DoubleDown	DXC4B2P
2025-01-08 10:23:00	7.4	DoubleUp	DXC4B2P
2025-01-08 10:31:00	13.8	DoubleUp	DXC4B2P
2025-01-08 10:40:00	4.7	DoubleDown	DXC4B2P
2025-01-08 10:47:00	7.9	DoubleUp	DXC4B2P
2025-01-08 10:57:00	6.6	DoubleDown	DXC4B2P
2025-01-08 11:07:00	8.7	DoubleUp	DXC4B2P
2025-01-08 11:16:00	5.3	DoubleDown	DXC4B2P
2025-01-08 11:26:00	4.4	DoubleDown	DXC4B2P
2025-01-08 11:33:00	4	DoubleDown	DXC4B2P
2025-01-08 11:42:00	3.1	DoubleDown	DXC4B2P
2025-01-08 11:52:00	7.4	DoubleUp	DXC4B2P
2025-01-08 12:02:00	7.1	DoubleDown	DXC4B2P
2025-01-08 12:11:00	14.3	DoubleUp	DXC4B2P
2025-01-08 12:18:00	3.7	DoubleDown	DXC4B2P
2025-01-08 12:28:00	9.1	DoubleUp	DXC4B2P
2025-01-08 12:35:00	5.4	DoubleDown	DXC4B2P
2025-01-08 12:43:00	8	DoubleUp	DXC4B2P
2025-01-08 12:53:00	10.5	DoubleUp	DXC4B2P
2025-01-08 13:03:00	5.5	DoubleDown	DXC4B2P
2025-01-08 13:13:00	7.9	DoubleUp	DXC4B2P
2025-01-08 13:20:00	5.6	DoubleDown	DXC4B2P
2025-01-08 13:30:00	7.8	DoubleUp	DXC4B2P
2025-01-08 13:40:00	16.4	DoubleUp	DXC4B2P
2025-01-08 13:47:00	10.5	DoubleDown	DXC4B2P
2025-01-08 13:54:00	6.8	DoubleDown	DXC4B2P
2025-01-08 14:03:00	3.5	DoubleDown	DXC4B2P
2025-01-08 14:12:00	13.6	DoubleUp	DXC4B2P
2025-01-08 14:19:00	9	DoubleDown	DXC4B2P
2025-01-08 14:26:00	3.3	DoubleDown	DXC4B2P
2025-01-08 14:33:00	4.9	DoubleUp	DXC4B2P
2025-01-08 14:43:00	12.2	DoubleUp	DXC4B2P
2025-01-08 14:52:00	9.5	DoubleDown	DXC4B2P
2025-01-08 15:02:00	12.4	DoubleUp	DXC4B2P
2025-01-08 15:10:00	5.1	DoubleDown	DXC4B2P
2025-01-08 15:20:00	8	DoubleUp	DXC4B2P
2025-01-08 15:27:00	12.3	DoubleUp	DXC4B2P
2025-01-08 15:37:00	4.8	DoubleDown	DXC4B2P
2025-01-08 15:45:00	8.8	DoubleUp	DXC4B2P
2025-01-08 15:55:00	13.7	DoubleUp	DXC4B2P
2025-01-08 16:02:00	7.9	DoubleDown	DXC4B2P
2025-01-08 16:09:00	4.3	DoubleDown	DXC4B2P
2025-01-08 16:16:00	10.7	DoubleUp	DXC4B2P
2025-01-08 16:24:00	5.2	DoubleDown	DXC4B2P
2025-01-08 16:31:00	9.1	DoubleUp	DXC4B2P
2025-01-08 16:40:00	6.9	DoubleDown	DXC4B2P
2025-01-08 16:49:00	7.4	DoubleUp	DXC4B2P
2025-01-08 16:57:00	7.5	Flat	DXC4B2P
2025-01-08 17:06:00	4.8	DoubleDown	DXC4B2P
2025-01-08 17:15:00	13.6	DoubleUp	DXC4B2P
2025-01-08 17:24:00	6.3	DoubleDown	DXC4B2P
2025-01-08 17:32:00	14.3	DoubleUp	DXC4B2P
2025-01-08 17:42:00	6.1	DoubleDown	DXC4B2P
2025-01-08 17:50:00	4.4	DoubleDown	DXC4B2P
2025-01-08 17:59:00	4.3	Flat	DXC4B2P
2025-01-08 18:09:00	6.8	DoubleUp	DXC4B2P
2025-01-08 18:17:00	9.5	DoubleUp	DXC4B2P
2025-01-08 18:25:00	12.6	DoubleUp	DXC4B2P
2025-01-08 18:32:00	13.6	DoubleUp	DXC4B2P
2025-01-08 18:41:00	5.6	DoubleDown	DXC4B2P
2025-01-08 18:48:00	8.9	DoubleUp	DXC4B2P
2025-01-08 18:56:00	12.2	DoubleUp	DXC4B2P
2025-01-08 19:06:00	4.4	DoubleDown	DXC4B2P
2025-01-08 19:16:00	6.4	DoubleUp	DXC4B2P
2025-01-08 19:24:00	5	DoubleDown	DXC4B2P
2025-01-08 19:34:00	5.3	DoubleUp	DXC4B2P
2025-01-08 19:41:00	5.6	DoubleUp	DXC4B2P
2025-01-08 19:48:00	12.6	DoubleUp	DXC4B2P
2025-01-08 19:57:00	15.4	DoubleUp	DXC4B2P
2025-01-08 20:07:00	6.6	DoubleDown	DXC4B2P
2025-01-08 20:14:00	4.6	DoubleDown	DXC4B2P
2025-01-08 20:21:00	8.3	DoubleUp	DXC4B2P
2025-01-08 20:30:00	14.1	DoubleUp	DXC4B2P
2025-01-08 20:39:00	15.3	DoubleUp	DXC4B2P
2025-01-08 20:48:00	14.9	DoubleDown	DXC4B2P
2025-01-08 20:57:00	10.8	DoubleDown	DXC4B2P
2025-01-08 21:07:00	5.7	DoubleDown	DXC4B2P
2025-01-08 21:17:00	8.5	DoubleUp	DXC4B2P
2025-01-08 21:26:00	5.9	DoubleDown	DXC4B2P
2025-01-08 21:33:00	6.4	DoubleUp	DXC4B2P
2025-01-08 21:41:00	4.3	DoubleDown	DXC4B2P
2025-01-08 21:49:00	7.5	DoubleUp	DXC4B2P
2025-01-08 21:59:00	7.1	DoubleDown	DXC4B2P
2025-01-08 22:06:00	8.2	DoubleUp	DXC4B2P
2025-01-08 22:15:00	12	DoubleUp	DXC4B2P
2025-01-08 22:25:00	14.2	DoubleUp	DXC4B2P
2025-01-08 22:35:00	9.3	DoubleDown	DXC4B2P
2025-01-08 22:43:00	8.6	DoubleDown	DXC4B2P
2025-01-08 22:50:00	6.3	DoubleDown	DXC4B2P
2025-01-08 23:00:00	10.4	DoubleUp	DXC4B2P
2025-01-08 23:09:00	16	DoubleUp	DXC4B2P
2025-01-08 23:16:00	9	DoubleDown	DXC4B2P
2025-01-08 23:25:00	15	DoubleUp	DXC4B2P
2025-01-08 23:35:00	11.5	DoubleDown	DXC4B2P
2025-01-08 23:42:00	5	DoubleDown	DXC4B2P
2025-01-08 23:50:00	4.2	DoubleDown	DXC4B2P
2025-01-08 23:59:00	10.5	DoubleUp	DXC4B2P
2025-01-09 00:09:00	8.1	DoubleDown	DXC4B2P
2025-01-09 00:19:00	4.3	DoubleDown	DXC4B2P
2025-01-09 00:29:00	3.8	DoubleDown	DXC4B2P
2025-01-09 00:36:00	6.5	DoubleUp	DXC4B2P
2025-01-09 00:45:00	9	DoubleUp	DXC4B2P
2025-01-09 00:52:00	9	Flat	DXC4B2P
2025-01-09 01:00:00	7.8	DoubleDown	DXC4B2P
2025-01-09 01:10:00	4.9	DoubleDown	DXC4B2P
2025-01-09 01:17:00	7.7	DoubleUp	DXC4B2P
2025-01-09 01:26:00	5.1	DoubleDown	DXC4B2P
2025-01-09 01:33:00	5.7	DoubleUp	DXC4B2P
2025-01-09 01:41:00	13.2	DoubleUp	DXC4B2P
2025-01-09 01:50:00	5.7	DoubleDown	DXC4B2P
2025-01-09 01:58:00	12.3	DoubleUp	DXC4B2P
2025-01-09 02:08:00	14.5	DoubleUp	DXC4B2P
2025-01-09 02:17:00	8.6	DoubleDown	DXC4B2P
2025-01-09 02:24:00	12	DoubleUp	DXC4B2P
2025-01-09 02:32:00	15.2	DoubleUp	DXC4B2P
2025-01-09 02:42:00	9	DoubleDown	DXC4B2P
2025-01-09 02:50:00	4.8	DoubleDown	DXC4B2P
2025-01-09 02:57:00	4.8	Flat	DXC4B2P
2025-01-09 03:07:00	5.5	DoubleUp	DXC4B2P
2025-01-09 03:17:00	7.6	DoubleUp	DXC4B2P
2025-01-09 03:26:00	8.3	DoubleUp	DXC4B2P
2025-01-09 03:34:00	6.5	DoubleDown	DXC4B2P
2025-01-09 03:44:00	9.5	DoubleUp	DXC4B2P
2025-01-09 03:52:00	9.8	DoubleUp	DXC4B2P
2025-01-09 04:02:00	4.9	DoubleDown	DXC4B2P
2025-01-09 04:10:00	11	DoubleUp	DXC4B2P
2025-01-09 04:18:00	6.4	DoubleDown	DXC4B2P
2025-01-09 04:28:00	15.7	DoubleUp	DXC4B2P
2025-01-09 04:37:00	6.4	DoubleDown	DXC4B2P
2025-01-09 04:46:00	6.5	Flat	DXC4B2P
2025-01-09 04:53:00	5.3	DoubleDown	DXC4B2P
2025-01-09 05:03:00	4.4	DoubleDown	DXC4B2P
2025-01-09 05:11:00	8.9	DoubleUp	DXC4B2P
2025-01-09 05:20:00	7.6	DoubleDown	DXC4B2P
2025-01-09 05:27:00	8	DoubleUp	DXC4B2P
2025-01-09 05:36:00	13.5	DoubleUp	DXC4B2P
2025-01-09 05:46:00	7.9	DoubleDown	DXC4B2P
2025-01-09 05:55:00	8.1	SingleUp	DXC4B2P
2025-01-09 06:05:00	4.9	DoubleDown	DXC4B2P
2025-01-09 06:14:00	11.1	DoubleUp	DXC4B2P
2025-01-09 06:21:00	4.6	DoubleDown	DXC4B2P
2025-01-09 06:30:00	8.5	DoubleUp	DXC4B2P
2025-01-09 06:38:00	9.3	DoubleUp	DXC4B2P
2025-01-09 06:45:00	6	DoubleDown	DXC4B2P
2025-01-09 06:53:00	13.1	DoubleUp	DXC4B2P
2025-01-09 07:02:00	6.6	DoubleDown	DXC4B2P
2025-01-09 07:11:00	9.6	DoubleUp	DXC4B2P
2025-01-09 07:18:00	13.8	DoubleUp	DXC4B2P
2025-01-09 07:25:00	15.3	DoubleUp	DXC4B2P
2025-01-09 07:33:00	4.3	DoubleDown	DXC4B2P
2025-01-09 07:41:00	11	DoubleUp	DXC4B2P
2025-01-09 07:49:00	7	DoubleDown	DXC4B2P
2025-01-09 07:58:00	6	DoubleDown	DXC4B2P
2025-01-09 08:08:00	6	Flat	DXC4B2P
2025-01-09 08:17:00	4	DoubleDown	DXC4B2P
2025-01-09 08:24:00	8.4	DoubleUp	DXC4B2P
2025-01-09 08:34:00	8.9	DoubleUp	DXC4B2P
2025-01-09 08:41:00	7.9	DoubleDown	DXC4B2P
2025-01-09 08:49:00	5.6	DoubleDown	DXC4B2P
2025-01-09 08:56:00	4.6	DoubleDown	DXC4B2P
2025-01-09 09:04:00	9.3	DoubleUp	DXC4B2P
2025-01-09 09:13:00	10.4	DoubleUp	DXC4B2P
2025-01-09 09:22:00	4.9	DoubleDown	DXC4B2P
2025-01-09 09:29:00	6.4	DoubleUp	DXC4B2P
2025-01-09 09:37:00	4.4	DoubleDown	DXC4B2P
2025-01-09 09:45:00	7.3	DoubleUp	DXC4B2P
2025-01-09 09:55:00	9	DoubleUp	DXC4B2P
2025-01-09 10:03:00	8.6	DoubleDown	DXC4B2P
2025-01-09 10:11:00	4.8	DoubleDown	DXC4B2P
2025-01-09 10:19:00	16.4	DoubleUp	DXC4B2P
2025-01-09 10:27:00	8.1	DoubleDown	DXC4B2P
2025-01-09 10:35:00	6.4	DoubleDown	DXC4B2P
2025-01-09 10:45:00	16.2	DoubleUp	DXC4B2P
2025-01-09 10:52:00	6.2	DoubleDown	DXC4B2P
2025-01-09 10:59:00	8.7	DoubleUp	DXC4B2P
2025-01-09 11:09:00	4.5	DoubleDown	DXC4B2P
2025-01-09 11:18:00	4.1	DoubleDown	DXC4B2P
2025-01-09 11:27:00	6.5	DoubleUp	DXC4B2P
2025-01-09 11:35:00	9	DoubleUp	DXC4B2P
2025-01-09 11:45:00	8.5	DoubleDown	DXC4B2P
2025-01-09 11:54:00	7.2	DoubleDown	DXC4B2P
2025-01-09 12:02:00	4	DoubleDown	DXC4B2P
2025-01-09 12:11:00	4.3	DoubleUp	DXC4B2P
2025-01-09 12:18:00	4.5	SingleUp	DXC4B2P
2025-01-09 12:28:00	8.8	DoubleUp	DXC4B2P
2025-01-09 12:38:00	4.2	DoubleDown	DXC4B2P
2025-01-09 12:45:00	8.1	DoubleUp	DXC4B2P
2025-01-09 12:55:00	6.8	DoubleDown	DXC4B2P
2025-01-09 13:03:00	9.8	DoubleUp	DXC4B2P
2025-01-09 13:12:00	15.6	DoubleUp	DXC4B2P
2025-01-09 13:20:00	9.1	DoubleDown	DXC4B2P
2025-01-09 13:27:00	11.3	DoubleUp	DXC4B2P
2025-01-09 13:36:00	10.4	DoubleDown	DXC4B2P
2025-01-09 13:45:00	5.6	DoubleDown	DXC4B2P
2025-01-09 13:53:00	5.3	DoubleDown	DXC4B2P
2025-01-09 14:03:00	9	DoubleUp	DXC4B2P
2025-01-09 14:10:00	7.3	DoubleDown	DXC4B2P
2025-01-09 14:19:00	8.9	DoubleUp	DXC4B2P
2025-01-09 14:29:00	10.7	DoubleUp	DXC4B2P
2025-01-09 14:39:00	9.8	DoubleDown	DXC4B2P
2025-01-09 14:47:00	7.3	DoubleDown	DXC4B2P
2025-01-09 14:54:00	13.4	DoubleUp	DXC4B2P
2025-01-09 15:01:00	8.6	DoubleDown	DXC4B2P
2025-01-09 15:11:00	9.2	DoubleUp	DXC4B2P
2025-01-09 15:20:00	2.7	DoubleDown	DXC4B2P
2025-01-09 15:30:00	5.7	DoubleUp	DXC4B2P
2025-01-09 15:39:00	4.3	DoubleDown	DXC4B2P
2025-01-09 15:49:00	9.2	DoubleUp	DXC4B2P
2025-01-09 15:57:00	6.6	DoubleDown	DXC4B2P
2025-01-09 16:05:00	11.1	DoubleUp	DXC4B2P
2025-01-09 16:14:00	9.4	DoubleDown	DXC4B2P
2025-01-09 16:23:00	6.7	DoubleDown	DXC4B2P
2025-01-09 16:30:00	8.1	DoubleUp	DXC4B2P
2025-01-09 16:40:00	12	DoubleUp	DXC4B2P
2025-01-09 16:48:00	4.4	DoubleDown	DXC4B2P
2025-01-09 16:57:00	8.9	DoubleUp	DXC4B2P
2025-01-09 17:04:00	10.8	DoubleUp	DXC4B2P
2025-01-09 17:13:00	9.4	DoubleDown	DXC4B2P
2025-01-09 17:23:00	5.6	DoubleDown	DXC4B2P
2025-01-09 17:32:00	7.8	DoubleUp	DXC4B2P
2025-01-09 17:41:00	10.1	DoubleUp	DXC4B2P
2025-01-09 17:48:00	8.5	DoubleDown	DXC4B2P
2025-01-09 17:58:00	9.5	DoubleUp	DXC4B2P
2025-01-09 18:05:00	9.6	Flat	DXC4B2P
2025-01-09 18:14:00	15.6	DoubleUp	DXC4B2P
2025-01-09 18:23:00	12.7	DoubleDown	DXC4B2P
2025-01-09 18:33:00	2.4	DoubleDown	DXC4B2P
2025-01-09 18:42:00	12.7	DoubleUp	DXC4B2P
2025-01-09 18:49:00	8.8	DoubleDown	DXC4B2P
2025-01-09 18:59:00	10.3	DoubleUp	DXC4B2P
2025-01-09 19:09:00	4.1	DoubleDown	DXC4B2P
2025-01-09 19:16:00	11.3	DoubleUp	DXC4B2P
2025-01-09 19:23:00	7.9	DoubleDown	DXC4B2P
2025-01-09 19:30:00	8.4	DoubleUp	DXC4B2P
2025-01-09 19:40:00	5.4	DoubleDown	DXC4B2P
2025-01-09 19:50:00	6.5	DoubleUp	DXC4B2P
2025-01-09 19:59:00	9.8	DoubleUp	DXC4B2P
2025-01-09 20:07:00	8.8	DoubleDown	DXC4B2P
2025-01-09 20:17:00	4	DoubleDown	DXC4B2P
2025-01-09 20:26:00	8.9	DoubleUp	DXC4B2P
2025-01-09 20:34:00	4.9	DoubleDown	DXC4B2P
2025-01-09 20:41:00	8.6	DoubleUp	DXC4B2P
2025-01-09 20:48:00	7.6	DoubleDown	DXC4B2P
2025-01-09 20:55:00	7.7	Flat	DXC4B2P
2025-01-09 21:04:00	7.9	SingleUp	DXC4B2P
2025-01-09 21:13:00	4.2	DoubleDown	DXC4B2P
2025-01-09 21:23:00	5.8	DoubleUp	DXC4B2P
2025-01-09 21:31:00	7.9	DoubleUp	DXC4B2P
2025-01-09 21:39:00	8.4	DoubleUp	DXC4B2P
2025-01-09 21:49:00	15.1	DoubleUp	DXC4B2P
2025-01-09 21:56:00	8.3	DoubleDown	DXC4B2P
2025-01-09 22:05:00	6.6	DoubleDown	DXC4B2P
2025-01-09 22:15:00	8.7	DoubleUp	DXC4B2P
2025-01-09 22:22:00	9.9	DoubleUp	DXC4B2P
2025-01-09 22:29:00	10.2	DoubleUp	DXC4B2P
2025-01-09 22:38:00	5.6	DoubleDown	DXC4B2P
2025-01-09 22:45:00	6.1	DoubleUp	DXC4B2P
2025-01-09 22:54:00	6	Flat	DXC4B2P
2025-01-09 23:02:00	7.8	DoubleUp	DXC4B2P
2025-01-09 23:11:00	7.5	DoubleDown	DXC4B2P
2025-01-09 23:20:00	7.9	DoubleUp	DXC4B2P
2025-01-09 23:30:00	15.9	DoubleUp	DXC4B2P
2025-01-09 23:40:00	9.9	DoubleDown	DXC4B2P
2025-01-09 23:50:00	15.9	DoubleUp	DXC4B2P
2025-01-09 23:58:00	5	DoubleDown	DXC4B2P
2025-01-10 00:07:00	6.3	DoubleUp	DXC4B2P
2025-01-10 00:17:00	8.3	DoubleUp	DXC4B2P
2025-01-10 00:24:00	3	DoubleDown	DXC4B2P
2025-01-10 00:34:00	4.1	DoubleUp	DXC4B2P
2025-01-10 00:43:00	11.8	DoubleUp	DXC4B2P
2025-01-10 00:51:00	11.2	DoubleDown	DXC4B2P
2025-01-10 01:00:00	12.5	DoubleUp	DXC4B2P
2025-01-10 01:08:00	10.6	DoubleDown	DXC4B2P
2025-01-10 01:18:00	5.8	DoubleDown	DXC4B2P
2025-01-10 01:25:00	10.4	DoubleUp	DXC4B2P
2025-01-10 01:32:00	5.8	DoubleDown	DXC4B2P
2025-01-10 01:42:00	9.2	DoubleUp	DXC4B2P
2025-01-10 01:50:00	6.9	DoubleDown	DXC4B2P
2025-01-10 01:58:00	10.6	DoubleUp	DXC4B2P
2025-01-10 02:08:00	7.2	DoubleDown	DXC4B2P
2025-01-10 02:15:00	4.8	DoubleDown	DXC4B2P
2025-01-10 02:24:00	7.7	DoubleUp	DXC4B2P
2025-01-10 02:31:00	6.9	DoubleDown	DXC4B2P
2025-01-10 02:40:00	8	DoubleUp	DXC4B2P
2025-01-10 02:49:00	6.6	DoubleDown	DXC4B2P
2025-01-10 02:56:00	4.1	DoubleDown	DXC4B2P
2025-01-10 03:05:00	9.8	DoubleUp	DXC4B2P
2025-01-10 03:12:00	9.2	DoubleDown	DXC4B2P
2025-01-10 03:19:00	6.8	DoubleDown	DXC4B2P
2025-01-10 03:26:00	7.4	DoubleUp	DXC4B2P
2025-01-10 03:34:00	9.7	DoubleUp	DXC4B2P
2025-01-10 03:42:00	9.9	SingleUp	DXC4B2P
2025-01-10 03:49:00	13.6	DoubleUp	DXC4B2P
2025-01-10 03:58:00	13.9	DoubleUp	DXC4B2P
2025-01-10 04:05:00	8.9	DoubleDown	DXC4B2P
2025-01-10 04:13:00	9.1	SingleUp	DXC4B2P
2025-01-10 04:22:00	7.3	DoubleDown	DXC4B2P
2025-01-10 04:30:00	6	DoubleDown	DXC4B2P
2025-01-10 04:39:00	16.4	DoubleUp	DXC4B2P
2025-01-10 04:47:00	8.2	DoubleDown	DXC4B2P
2025-01-10 04:57:00	12.9	DoubleUp	DXC4B2P
2025-01-10 05:06:00	5.2	DoubleDown	DXC4B2P
2025-01-10 05:13:00	4.8	DoubleDown	DXC4B2P
2025-01-10 05:23:00	7.1	DoubleUp	DXC4B2P
2025-01-10 05:32:00	5.6	DoubleDown	DXC4B2P
2025-01-10 05:42:00	2.6	DoubleDown	DXC4B2P
2025-01-10 05:51:00	2.8	SingleUp	DXC4B2P
2025-01-10 05:59:00	10.7	DoubleUp	DXC4B2P
2025-01-10 06:07:00	8.4	DoubleDown	DXC4B2P
2025-01-10 06:16:00	5.2	DoubleDown	DXC4B2P
2025-01-10 06:26:00	7.4	DoubleUp	DXC4B2P
2025-01-10 06:33:00	4	DoubleDown	DXC4B2P
2025-01-10 06:40:00	6.3	DoubleUp	DXC4B2P
2025-01-10 06:48:00	8.3	DoubleUp	DXC4B2P
2025-01-10 06:57:00	8.4	Flat	DXC4B2P
2025-01-10 07:07:00	5.9	DoubleDown	DXC4B2P
2025-01-10 07:17:00	4.8	DoubleDown	DXC4B2P
2025-01-10 07:26:00	7.2	DoubleUp	DXC4B2P
2025-01-10 07:34:00	4.7	DoubleDown	DXC4B2P
2025-01-10 07:44:00	12.1	DoubleUp	DXC4B2P
2025-01-10 07:51:00	6.6	DoubleDown	DXC4B2P
2025-01-10 07:58:00	4.7	DoubleDown	DXC4B2P
2025-01-10 08:08:00	13.6	DoubleUp	DXC4B2P
2025-01-10 08:16:00	8.8	DoubleDown	DXC4B2P
2025-01-10 08:25:00	6.6	DoubleDown	DXC4B2P
2025-01-10 08:33:00	5.3	DoubleDown	DXC4B2P
2025-01-10 08:42:00	8.4	DoubleUp	DXC4B2P
2025-01-10 08:49:00	5.4	DoubleDown	DXC4B2P
2025-01-10 08:57:00	12.5	DoubleUp	DXC4B2P
2025-01-10 09:04:00	7.4	DoubleDown	DXC4B2P
2025-01-10 09:14:00	9.3	DoubleUp	DXC4B2P
2025-01-10 09:24:00	8.2	DoubleDown	DXC4B2P
2025-01-10 09:33:00	9.4	DoubleUp	DXC4B2P
2025-01-10 09:42:00	7.7	DoubleDown	DXC4B2P
2025-01-10 09:50:00	7	DoubleDown	DXC4B2P
2025-01-10 09:59:00	8	DoubleUp	DXC4B2P
2025-01-10 10:06:00	15	DoubleUp	DXC4B2P
2025-01-10 10:15:00	5.7	DoubleDown	DXC4B2P
2025-01-10 10:22:00	5.6	Flat	DXC4B2P
2025-01-10 10:32:00	3.1	DoubleDown	DXC4B2P
2025-01-10 10:39:00	5.1	DoubleUp	DXC4B2P
2025-01-10 10:47:00	7	DoubleUp	DXC4B2P
2025-01-10 10:55:00	3.1	DoubleDown	DXC4B2P
2025-01-10 11:03:00	6.3	DoubleUp	DXC4B2P
2025-01-10 11:10:00	6	DoubleDown	DXC4B2P
2025-01-10 11:20:00	8.6	DoubleUp	DXC4B2P
2025-01-10 11:27:00	15.3	DoubleUp	DXC4B2P
2025-01-10 11:36:00	4.5	DoubleDown	DXC4B2P
2025-01-10 11:44:00	7.1	DoubleUp	DXC4B2P
2025-01-10 11:52:00	5.7	DoubleDown	DXC4B2P
2025-01-10 12:02:00	3.5	DoubleDown	DXC4B2P
2025-01-10 12:12:00	9.2	DoubleUp	DXC4B2P
2025-01-10 12:20:00	14.1	DoubleUp	DXC4B2P
2025-01-10 12:30:00	12.7	DoubleDown	DXC4B2P
2025-01-10 12:37:00	4.8	DoubleDown	DXC4B2P
2025-01-10 12:46:00	8.4	DoubleUp	DXC4B2P
2025-01-10 12:53:00	8	DoubleDown	DXC4B2P
2025-01-10 13:02:00	15.6	DoubleUp	DXC4B2P
2025-01-10 13:11:00	6.7	DoubleDown	DXC4B2P
2025-01-10 13:18:00	2.4	DoubleDown	DXC4B2P
2025-01-10 13:25:00	11.6	DoubleUp	DXC4B2P
2025-01-10 13:33:00	13.1	DoubleUp	DXC4B2P
2025-01-10 13:42:00	5.2	DoubleDown	DXC4B2P
2025-01-10 13:49:00	11.5	DoubleUp	DXC4B2P
2025-01-10 13:56:00	13.6	DoubleUp	DXC4B2P
2025-01-10 14:06:00	8.6	DoubleDown	DXC4B2P
2025-01-10 14:14:00	6.2	DoubleDown	DXC4B2P
2025-01-10 14:21:00	13.2	DoubleUp	DXC4B2P
2025-01-10 14:29:00	13.2	Flat	DXC4B2P
2025-01-10 14:39:00	6.5	DoubleDown	DXC4B2P
2025-01-10 14:49:00	6.3	SingleDown	DXC4B2P
2025-01-10 14:57:00	6.5	SingleUp	DXC4B2P
2025-01-10 15:07:00	14.4	DoubleUp	DXC4B2P
2025-01-10 15:14:00	5.9	DoubleDown	DXC4B2P
2025-01-10 15:21:00	15.3	DoubleUp	DXC4B2P
2025-01-10 15:31:00	5	DoubleDown	DXC4B2P
2025-01-10 15:39:00	6.2	DoubleUp	DXC4B2P
2025-01-10 15:49:00	4.1	DoubleDown	DXC4B2P
2025-01-10 15:57:00	8.4	DoubleUp	DXC4B2P
2025-01-10 16:05:00	8.9	DoubleUp	DXC4B2P
2025-01-10 16:13:00	9.1	SingleUp	DXC4B2P
2025-01-10 16:20:00	6.6	DoubleDown	DXC4B2P
2025-01-10 16:29:00	10	DoubleUp	DXC4B2P
2025-01-10 16:37:00	8.8	DoubleDown	DXC4B2P
2025-01-10 16:45:00	11.8	DoubleUp	DXC4B2P
2025-01-10 16:55:00	8.4	DoubleDown	DXC4B2P
2025-01-10 17:02:00	9.4	DoubleUp	DXC4B2P
2025-01-10 17:11:00	9.4	Flat	DXC4B2P
2025-01-10 17:18:00	6.7	DoubleDown	DXC4B2P
2025-01-10 17:27:00	12.1	DoubleUp	DXC4B2P
2025-01-10 17:37:00	10.6	DoubleDown	DXC4B2P
2025-01-10 17:46:00	12.8	DoubleUp	DXC4B2P
2025-01-10 17:53:00	9.7	DoubleDown	DXC4B2P
2025-01-10 18:03:00	16.3	DoubleUp	DXC4B2P
2025-01-10 18:10:00	8.8	DoubleDown	DXC4B2P
2025-01-10 18:19:00	9.7	DoubleUp	DXC4B2P
2025-01-10 18:28:00	11.4	DoubleUp	DXC4B2P
2025-01-10 18:37:00	10.2	DoubleDown	DXC4B2P
2025-01-10 18:44:00	6.9	DoubleDown	DXC4B2P
2025-01-10 18:54:00	4.6	DoubleDown	DXC4B2P
2025-01-10 19:01:00	9.2	DoubleUp	DXC4B2P
2025-01-10 19:09:00	5.2	DoubleDown	DXC4B2P
2025-01-10 19:16:00	8.5	DoubleUp	DXC4B2P
2025-01-10 19:25:00	3.1	DoubleDown	DXC4B2P
2025-01-10 19:34:00	6.6	DoubleUp	DXC4B2P
2025-01-10 19:43:00	6.1	DoubleDown	DXC4B2P
2025-01-10 19:50:00	8.3	DoubleUp	DXC4B2P
2025-01-10 20:00:00	9.7	DoubleUp	DXC4B2P
2025-01-10 20:10:00	15	DoubleUp	DXC4B2P
2025-01-10 20:19:00	3.9	DoubleDown	DXC4B2P
2025-01-10 20:26:00	10.1	DoubleUp	DXC4B2P
2025-01-10 20:34:00	5.7	DoubleDown	DXC4B2P
2025-01-10 20:42:00	7.6	DoubleUp	DXC4B2P
2025-01-10 20:51:00	3.7	DoubleDown	DXC4B2P
2025-01-10 20:59:00	8	DoubleUp	DXC4B2P
2025-01-10 21:08:00	7.1	DoubleDown	DXC4B2P
2025-01-10 21:18:00	7.6	DoubleUp	DXC4B2P
2025-01-10 21:28:00	4.2	DoubleDown	DXC4B2P
2025-01-10 21:38:00	5.3	DoubleUp	DXC4B2P
2025-01-10 21:45:00	14.7	DoubleUp	DXC4B2P
2025-01-10 21:55:00	5.2	DoubleDown	DXC4B2P
2025-01-10 22:05:00	12.2	DoubleUp	DXC4B2P
2025-01-10 22:14:00	11.3	DoubleDown	DXC4B2P
2025-01-10 22:23:00	11.2	Flat	DXC4B2P
2025-01-10 22:30:00	12	DoubleUp	DXC4B2P
2025-01-10 22:39:00	12.2	SingleUp	DXC4B2P
2025-01-10 22:48:00	8.6	DoubleDown	DXC4B2P
2025-01-10 22:56:00	6.8	DoubleDown	DXC4B2P
2025-01-10 23:03:00	13.6	DoubleUp	DXC4B2P
2025-01-10 23:12:00	6.2	DoubleDown	DXC4B2P
2025-01-10 23:20:00	9.9	DoubleUp	DXC4B2P
2025-01-10 23:28:00	9.9	Flat	DXC4B2P
2025-01-10 23:38:00	7.8	DoubleDown	DXC4B2P
2025-01-10 23:46:00	7	DoubleDown	DXC4B2P
2025-01-10 23:56:00	4.4	DoubleDown	DXC4B2P
2025-01-11 00:03:00	7.3	DoubleUp	DXC4B2P
2025-01-11 00:12:00	8.5	DoubleUp	DXC4B2P
2025-01-11 00:19:00	8.7	SingleUp	DXC4B2P
2025-01-11 00:29:00	8.1	DoubleDown	DXC4B2P
2025-01-11 00:37:00	7	DoubleDown	DXC4B2P
2025-01-11 00:47:00	3	DoubleDown	DXC4B2P
2025-01-11 00:54:00	7.8	DoubleUp	DXC4B2P
2025-01-11 01:04:00	6.5	DoubleDown	DXC4B2P
2025-01-11 01:12:00	4	DoubleDown	DXC4B2P
2025-01-11 01:22:00	5.8	DoubleUp	DXC4B2P
2025-01-11 01:31:00	4	DoubleDown	DXC4B2P
2025-01-11 01:40:00	5	DoubleUp	DXC4B2P
2025-01-11 01:49:00	8.1	DoubleUp	DXC4B2P
2025-01-11 01:58:00	9.8	DoubleUp	DXC4B2P
2025-01-11 02:08:00	8.4	DoubleDown	DXC4B2P
2025-01-11 02:16:00	5.5	DoubleDown	DXC4B2P
2025-01-11 02:26:00	10.4	DoubleUp	DXC4B2P
2025-01-11 02:36:00	10.3	Flat	DXC4B2P
2025-01-11 02:44:00	4.7	DoubleDown	DXC4B2P
2025-01-11 02:51:00	11.3	DoubleUp	DXC4B2P
2025-01-11 02:58:00	8.7	DoubleDown	DXC4B2P
2025-01-11 03:08:00	16.2	DoubleUp	DXC4B2P
2025-01-11 03:15:00	6.7	DoubleDown	DXC4B2P
2025-01-11 03:24:00	12.2	DoubleUp	DXC4B2P
2025-01-11 03:33:00	10.2	DoubleDown	DXC4B2P
2025-01-11 03:40:00	9.9	DoubleDown	DXC4B2P
2025-01-11 03:49:00	7.3	DoubleDown	DXC4B2P
2025-01-11 03:59:00	13	DoubleUp	DXC4B2P
2025-01-11 04:09:00	4.3	DoubleDown	DXC4B2P
2025-01-11 04:16:00	9.1	DoubleUp	DXC4B2P
2025-01-11 04:26:00	7.5	DoubleDown	DXC4B2P
2025-01-11 04:34:00	4.2	DoubleDown	DXC4B2P
2025-01-11 04:44:00	6	DoubleUp	DXC4B2P
2025-01-11 04:54:00	5.2	DoubleDown	DXC4B2P
2025-01-11 05:04:00	5.6	DoubleUp	DXC4B2P
2025-01-11 05:11:00	8.9	DoubleUp	DXC4B2P
2025-01-11 05:19:00	9.4	DoubleUp	DXC4B2P
2025-01-11 05:29:00	8.9	DoubleDown	DXC4B2P
2025-01-11 05:38:00	6.9	DoubleDown	DXC4B2P
2025-01-11 05:47:00	5.4	DoubleDown	DXC4B2P
2025-01-11 05:55:00	8.8	DoubleUp	DXC4B2P
2025-01-11 06:05:00	12	DoubleUp	DXC4B2P
2025-01-11 06:15:00	7.5	DoubleDown	DXC4B2P
2025-01-11 06:22:00	6.3	DoubleDown	DXC4B2P
2025-01-11 06:30:00	9.9	DoubleUp	DXC4B2P
2025-01-11 06:40:00	7.2	DoubleDown	DXC4B2P
2025-01-11 06:49:00	11.7	DoubleUp	DXC4B2P
2025-01-11 06:59:00	9.8	DoubleDown	DXC4B2P
2025-01-11 07:07:00	10.2	DoubleUp	DXC4B2P
2025-01-11 07:16:00	9.7	DoubleDown	DXC4B2P
2025-01-11 07:24:00	9.2	DoubleDown	DXC4B2P
2025-01-11 07:34:00	10.3	DoubleUp	DXC4B2P
2025-01-11 07:43:00	6.6	DoubleDown	DXC4B2P
2025-01-11 07:52:00	4.8	DoubleDown	DXC4B2P
2025-01-11 08:01:00	9.9	DoubleUp	DXC4B2P
2025-01-11 08:08:00	6.2	DoubleDown	DXC4B2P
2025-01-11 08:18:00	9.3	DoubleUp	DXC4B2P
2025-01-11 08:28:00	11.4	DoubleUp	DXC4B2P
2025-01-11 08:38:00	8.5	DoubleDown	DXC4B2P
2025-01-11 08:48:00	9.8	DoubleUp	DXC4B2P
2025-01-11 08:55:00	8	DoubleDown	DXC4B2P
2025-01-11 09:03:00	9.5	DoubleUp	DXC4B2P
2025-01-11 09:12:00	11.4	DoubleUp	DXC4B2P
2025-01-11 09:21:00	7.1	DoubleDown	DXC4B2P
2025-01-11 09:29:00	5.2	DoubleDown	DXC4B2P
2025-01-11 09:39:00	8.5	DoubleUp	DXC4B2P
2025-01-11 09:49:00	11.3	DoubleUp	DXC4B2P
2025-01-11 09:56:00	8.8	DoubleDown	DXC4B2P
2025-01-11 10:05:00	7.3	DoubleDown	DXC4B2P
2025-01-11 10:12:00	11.7	DoubleUp	DXC4B2P
2025-01-11 10:21:00	4.2	DoubleDown	DXC4B2P
2025-01-11 10:30:00	4.1	Flat	DXC4B2P
2025-01-11 10:40:00	4	Flat	DXC4B2P
2025-01-11 10:50:00	13.5	DoubleUp	DXC4B2P
2025-01-11 11:00:00	9.5	DoubleDown	DXC4B2P
2025-01-11 11:10:00	6.8	DoubleDown	DXC4B2P
2025-01-11 11:18:00	7.3	DoubleUp	DXC4B2P
2025-01-11 11:25:00	10.2	DoubleUp	DXC4B2P
2025-01-11 11:35:00	7.9	DoubleDown	DXC4B2P
2025-01-11 11:43:00	13.7	DoubleUp	DXC4B2P
2025-01-11 11:53:00	4.1	DoubleDown	DXC4B2P
2025-01-11 12:02:00	7.8	DoubleUp	DXC4B2P
2025-01-11 12:10:00	8.8	DoubleUp	DXC4B2P
2025-01-11 12:17:00	3.6	DoubleDown	DXC4B2P
2025-01-11 12:24:00	9.3	DoubleUp	DXC4B2P
2025-01-11 12:33:00	12	DoubleUp	DXC4B2P
2025-01-11 12:40:00	8.2	DoubleDown	DXC4B2P
2025-01-11 12:50:00	6	DoubleDown	DXC4B2P
2025-01-11 12:57:00	8.9	DoubleUp	DXC4B2P
2025-01-11 13:05:00	7.8	DoubleDown	DXC4B2P
2025-01-11 13:12:00	5.4	DoubleDown	DXC4B2P
2025-01-11 13:20:00	11.9	DoubleUp	DXC4B2P
2025-01-11 13:30:00	12.6	DoubleUp	DXC4B2P
2025-01-11 13:37:00	12.3	DoubleDown	DXC4B2P
2025-01-11 13:47:00	4.4	DoubleDown	DXC4B2P
2025-01-11 13:57:00	9.3	DoubleUp	DXC4B2P
2025-01-11 14:07:00	5.3	DoubleDown	DXC4B2P
2025-01-11 14:16:00	12.4	DoubleUp	DXC4B2P
2025-01-11 14:25:00	7.2	DoubleDown	DXC4B2P
2025-01-11 14:34:00	11.4	DoubleUp	DXC4B2P
2025-01-11 14:43:00	7.3	DoubleDown	DXC4B2P
2025-01-11 14:52:00	11.5	DoubleUp	DXC4B2P
2025-01-11 15:02:00	10.2	DoubleDown	DXC4B2P
2025-01-11 15:10:00	6.7	DoubleDown	DXC4B2P
2025-01-11 15:17:00	13.4	DoubleUp	DXC4B2P
2025-01-11 15:26:00	8.3	DoubleDown	DXC4B2P
2025-01-11 15:34:00	12.1	DoubleUp	DXC4B2P
2025-01-11 15:41:00	8.7	DoubleDown	DXC4B2P
2025-01-11 15:48:00	4.5	DoubleDown	DXC4B2P
2025-01-11 15:57:00	4.3	SingleDown	DXC4B2P
2025-01-11 16:06:00	9.9	DoubleUp	DXC4B2P
2025-01-11 16:13:00	9.6	DoubleDown	DXC4B2P
2025-01-11 16:21:00	8.8	DoubleDown	DXC4B2P
2025-01-11 16:29:00	14.8	DoubleUp	DXC4B2P
2025-01-11 16:38:00	9.5	DoubleDown	DXC4B2P
2025-01-11 16:47:00	16.2	DoubleUp	DXC4B2P
2025-01-11 16:57:00	4	DoubleDown	DXC4B2P
2025-01-11 17:05:00	8.7	DoubleUp	DXC4B2P
2025-01-11 17:15:00	9.7	DoubleUp	DXC4B2P
2025-01-11 17:24:00	13.7	DoubleUp	DXC4B2P
2025-01-11 17:33:00	2.2	DoubleDown	DXC4B2P
2025-01-11 17:40:00	6.8	DoubleUp	DXC4B2P
2025-01-11 17:47:00	3	DoubleDown	DXC4B2P
2025-01-11 17:56:00	4.6	DoubleUp	DXC4B2P
2025-01-11 18:04:00	3	DoubleDown	DXC4B2P
2025-01-11 18:11:00	5.2	DoubleUp	DXC4B2P
2025-01-11 18:19:00	9.6	DoubleUp	DXC4B2P
2025-01-11 18:28:00	8.2	DoubleDown	DXC4B2P
2025-01-11 18:35:00	4.5	DoubleDown	DXC4B2P
2025-01-11 18:45:00	13.5	DoubleUp	DXC4B2P
2025-01-11 18:53:00	6.2	DoubleDown	DXC4B2P
2025-01-11 19:02:00	8.2	DoubleUp	DXC4B2P
2025-01-11 19:09:00	8	SingleDown	DXC4B2P
2025-01-11 19:18:00	6.1	DoubleDown	DXC4B2P
2025-01-11 19:26:00	6.8	DoubleUp	DXC4B2P
2025-01-11 19:36:00	2.5	DoubleDown	DXC4B2P
2025-01-11 19:45:00	8.9	DoubleUp	DXC4B2P
2025-01-11 19:52:00	10.3	DoubleUp	DXC4B2P
2025-01-11 19:59:00	6.3	DoubleDown	DXC4B2P
2025-01-11 20:06:00	6.2	Flat	DXC4B2P
2025-01-11 20:13:00	5.3	DoubleDown	DXC4B2P
2025-01-11 20:23:00	5.5	SingleUp	DXC4B2P
2025-01-11 20:31:00	6.6	DoubleUp	DXC4B2P
2025-01-11 20:41:00	15.2	DoubleUp	DXC4B2P
2025-01-11 20:49:00	8.3	DoubleDown	DXC4B2P
2025-01-11 20:59:00	5.8	DoubleDown	DXC4B2P
2025-01-11 21:06:00	12.9	DoubleUp	DXC4B2P
2025-01-11 21:13:00	3.9	DoubleDown	DXC4B2P
2025-01-11 21:20:00	6.9	DoubleUp	DXC4B2P
2025-01-11 21:30:00	13.4	DoubleUp	DXC4B2P
2025-01-11 21:37:00	9.8	DoubleDown	DXC4B2P
2025-01-11 21:44:00	10.6	DoubleUp	DXC4B2P
2025-01-11 21:54:00	9.8	DoubleDown	DXC4B2P
2025-01-11 22:04:00	10.9	DoubleUp	DXC4B2P
2025-01-11 22:11:00	4.3	DoubleDown	DXC4B2P
2025-01-11 22:18:00	8.5	DoubleUp	DXC4B2P
2025-01-11 22:26:00	12.1	DoubleUp	DXC4B2P
2025-01-11 22:34:00	8.4	DoubleDown	DXC4B2P
2025-01-11 22:42:00	14.1	DoubleUp	DXC4B2P
2025-01-11 22:51:00	6.2	DoubleDown	DXC4B2P
2025-01-11 23:00:00	9.6	DoubleUp	DXC4B2P
2025-01-11 23:10:00	4.9	DoubleDown	DXC4B2P
2025-01-11 23:18:00	6.3	DoubleUp	DXC4B2P
2025-01-11 23:27:00	4.5	DoubleDown	DXC4B2P
2025-01-11 23:37:00	7.8	DoubleUp	DXC4B2P
2025-01-11 23:47:00	4.8	DoubleDown	DXC4B2P
2025-01-11 23:54:00	6.3	DoubleUp	DXC4B2P
2025-01-12 00:04:00	6.9	DoubleUp	DXC4B2P
2025-01-12 00:13:00	8.2	DoubleUp	DXC4B2P
2025-01-12 00:20:00	16.3	DoubleUp	DXC4B2P
2025-01-12 00:29:00	14.9	DoubleDown	DXC4B2P
2025-01-12 00:36:00	7.3	DoubleDown	DXC4B2P
2025-01-12 00:46:00	6.9	DoubleDown	DXC4B2P
2025-01-12 00:56:00	6.2	DoubleDown	DXC4B2P
2025-01-12 01:04:00	7.7	DoubleUp	DXC4B2P
2025-01-12 01:13:00	5	DoubleDown	DXC4B2P
2025-01-12 01:22:00	4.8	SingleDown	DXC4B2P
2025-01-12 01:30:00	6.5	DoubleUp	DXC4B2P
2025-01-12 01:37:00	5	DoubleDown	DXC4B2P
2025-01-12 01:46:00	7.8	DoubleUp	DXC4B2P
2025-01-12 01:55:00	11.7	DoubleUp	DXC4B2P
2025-01-12 02:02:00	13.6	DoubleUp	DXC4B2P
2025-01-12 02:12:00	11.8	DoubleDown	DXC4B2P
2025-01-12 02:21:00	3.3	DoubleDown	DXC4B2P
2025-01-12 02:31:00	15	DoubleUp	DXC4B2P
2025-01-12 02:40:00	11.6	DoubleDown	DXC4B2P
2025-01-12 02:50:00	6.3	DoubleDown	DXC4B2P
2025-01-12 03:00:00	6.1	SingleDown	DXC4B2P
2025-01-12 03:09:00	13.3	DoubleUp	DXC4B2P
2025-01-12 03:16:00	9.5	DoubleDown	DXC4B2P
2025-01-12 03:26:00	3.3	DoubleDown	DXC4B2P
2025-01-12 03:33:00	5.4	DoubleUp	DXC4B2P
2025-01-12 03:43:00	14.1	DoubleUp	DXC4B2P
2025-01-12 03:52:00	4.4	DoubleDown	DXC4B2P
2025-01-12 04:00:00	15	DoubleUp	DXC4B2P
2025-01-12 04:10:00	4.7	DoubleDown	DXC4B2P
2025-01-12 04:18:00	5	DoubleUp	DXC4B2P
2025-01-12 04:25:00	7.5	DoubleUp	DXC4B2P
2025-01-12 04:32:00	7.9	DoubleUp	DXC4B2P
2025-01-12 04:41:00	6.2	DoubleDown	DXC4B2P
2025-01-12 04:48:00	3.5	DoubleDown	DXC4B2P
2025-01-12 04:58:00	11.7	DoubleUp	DXC4B2P
2025-01-12 05:05:00	9.7	DoubleDown	DXC4B2P
2025-01-12 05:12:00	13.4	DoubleUp	DXC4B2P
2025-01-12 05:22:00	6.6	DoubleDown	DXC4B2P
2025-01-12 05:29:00	3.5	DoubleDown	DXC4B2P
2025-01-12 05:37:00	6.1	DoubleUp	DXC4B2P
2025-01-12 05:46:00	10.4	DoubleUp	DXC4B2P
2025-01-12 05:54:00	15.6	DoubleUp	DXC4B2P
2025-01-12 06:04:00	4.4	DoubleDown	DXC4B2P
2025-01-12 06:11:00	7.2	DoubleUp	DXC4B2P
2025-01-12 06:20:00	4.3	DoubleDown	DXC4B2P
2025-01-12 06:30:00	14.7	DoubleUp	DXC4B2P
2025-01-12 06:39:00	8.5	DoubleDown	DXC4B2P
2025-01-12 06:47:00	11.5	DoubleUp	DXC4B2P
2025-01-12 06:57:00	4.3	DoubleDown	DXC4B2P
2025-01-12 07:05:00	7.1	DoubleUp	DXC4B2P
2025-01-12 07:13:00	8.9	DoubleUp	DXC4B2P
2025-01-12 07:22:00	7.6	DoubleDown	DXC4B2P
2025-01-12 07:30:00	9.3	DoubleUp	DXC4B2P
2025-01-12 07:38:00	12.7	DoubleUp	DXC4B2P
2025-01-12 07:45:00	9.7	DoubleDown	DXC4B2P
2025-01-12 07:53:00	5	DoubleDown	DXC4B2P
2025-01-12 08:02:00	6.1	DoubleUp	DXC4B2P
2025-01-12 08:12:00	13.6	DoubleUp	DXC4B2P
2025-01-12 08:19:00	6.7	DoubleDown	DXC4B2P
2025-01-12 08:27:00	4.2	DoubleDown	DXC4B2P
2025-01-12 08:34:00	8.6	DoubleUp	DXC4B2P
2025-01-12 08:44:00	13.1	DoubleUp	DXC4B2P
2025-01-12 08:52:00	6.2	DoubleDown	DXC4B2P
2025-01-12 08:59:00	4.5	DoubleDown	DXC4B2P
2025-01-12 09:08:00	12.5	DoubleUp	DXC4B2P
2025-01-12 09:16:00	8.6	DoubleDown	DXC4B2P
2025-01-12 09:25:00	9.3	DoubleUp	DXC4B2P
2025-01-12 09:35:00	13.6	DoubleUp	DXC4B2P
2025-01-12 09:44:00	15	DoubleUp	DXC4B2P
2025-01-12 09:51:00	4.7	DoubleDown	DXC4B2P
2025-01-12 10:00:00	10.8	DoubleUp	DXC4B2P
2025-01-12 10:08:00	6.2	DoubleDown	DXC4B2P
2025-01-12 10:17:00	13.2	DoubleUp	DXC4B2P
2025-01-12 10:24:00	4.6	DoubleDown	DXC4B2P
2025-01-12 10:34:00	9.3	DoubleUp	DXC4B2P
2025-01-12 10:41:00	5.7	DoubleDown	DXC4B2P
2025-01-12 10:51:00	4.9	DoubleDown	DXC4B2P
2025-01-12 11:00:00	6.8	DoubleUp	DXC4B2P
2025-01-12 11:10:00	6.6	SingleDown	DXC4B2P
2025-01-12 11:19:00	4.2	DoubleDown	DXC4B2P
2025-01-12 11:29:00	9.4	DoubleUp	DXC4B2P
2025-01-12 11:39:00	11.5	DoubleUp	DXC4B2P
2025-01-12 11:47:00	9	DoubleDown	DXC4B2P
2025-01-12 11:56:00	15.3	DoubleUp	DXC4B2P
2025-01-12 12:03:00	4.5	DoubleDown	DXC4B2P
2025-01-12 12:12:00	9.2	DoubleUp	DXC4B2P
2025-01-12 12:20:00	14.9	DoubleUp	DXC4B2P
2025-01-12 12:27:00	10.9	DoubleDown	DXC4B2P
2025-01-12 12:37:00	6.8	DoubleDown	DXC4B2P
2025-01-12 12:47:00	6.4	DoubleDown	DXC4B2P
2025-01-12 12:57:00	7.9	DoubleUp	DXC4B2P
2025-01-12 13:07:00	12.6	DoubleUp	DXC4B2P
2025-01-12 13:16:00	9.4	DoubleDown	DXC4B2P
2025-01-12 13:25:00	7.8	DoubleDown	DXC4B2P
2025-01-12 13:32:00	9.7	DoubleUp	DXC4B2P
2025-01-12 13:40:00	8.2	DoubleDown	DXC4B2P
2025-01-12 13:50:00	7	DoubleDown	DXC4B2P
2025-01-12 13:58:00	7.7	DoubleUp	DXC4B2P
2025-01-12 14:05:00	4.3	DoubleDown	DXC4B2P
2025-01-12 14:14:00	8.2	DoubleUp	DXC4B2P
2025-01-12 14:22:00	5.4	DoubleDown	DXC4B2P
2025-01-12 14:31:00	13.8	DoubleUp	DXC4B2P
2025-01-12 14:40:00	7.8	DoubleDown	DXC4B2P
2025-01-12 14:49:00	7.6	SingleDown	DXC4B2P
2025-01-12 14:59:00	9	DoubleUp	DXC4B2P
2025-01-12 15:09:00	8.5	DoubleDown	DXC4B2P
2025-01-12 15:17:00	8.9	DoubleUp	DXC4B2P
2025-01-12 15:25:00	4.4	DoubleDown	DXC4B2P
2025-01-12 15:32:00	10	DoubleUp	DXC4B2P
2025-01-12 15:39:00	4.9	DoubleDown	DXC4B2P
2025-01-12 15:48:00	4.4	DoubleDown	DXC4B2P
2025-01-12 15:56:00	6.4	DoubleUp	DXC4B2P
2025-01-12 16:04:00	4.4	DoubleDown	DXC4B2P
2025-01-12 16:14:00	7.7	DoubleUp	DXC4B2P
2025-01-12 16:22:00	5.1	DoubleDown	DXC4B2P
2025-01-12 16:31:00	16.1	DoubleUp	DXC4B2P
2025-01-12 16:40:00	5	DoubleDown	DXC4B2P
2025-01-12 16:47:00	6.1	DoubleUp	DXC4B2P
2025-01-12 16:56:00	11.5	DoubleUp	DXC4B2P
2025-01-12 17:05:00	5.2	DoubleDown	DXC4B2P
2025-01-12 17:12:00	3.6	DoubleDown	DXC4B2P
2025-01-12 17:21:00	4.7	DoubleUp	DXC4B2P
2025-01-12 17:29:00	11.5	DoubleUp	DXC4B2P
2025-01-12 17:38:00	5.8	DoubleDown	DXC4B2P
2025-01-12 17:46:00	12.5	DoubleUp	DXC4B2P
2025-01-12 17:55:00	9.4	DoubleDown	DXC4B2P
2025-01-12 18:03:00	7.2	DoubleDown	DXC4B2P
2025-01-12 18:11:00	5.3	DoubleDown	DXC4B2P
2025-01-12 18:19:00	6.4	DoubleUp	DXC4B2P
2025-01-12 18:29:00	14.7	DoubleUp	DXC4B2P
2025-01-12 18:39:00	7.7	DoubleDown	DXC4B2P
2025-01-12 18:49:00	8.4	DoubleUp	DXC4B2P
2025-01-12 18:57:00	8	DoubleDown	DXC4B2P
2025-01-12 19:05:00	5.1	DoubleDown	DXC4B2P
2025-01-12 19:13:00	5.3	SingleUp	DXC4B2P
2025-01-12 19:21:00	5.2	Flat	DXC4B2P
2025-01-12 19:31:00	13.1	DoubleUp	DXC4B2P
2025-01-12 19:41:00	8.3	DoubleDown	DXC4B2P
2025-01-12 19:48:00	4.9	DoubleDown	DXC4B2P
2025-01-12 19:56:00	8.2	DoubleUp	DXC4B2P
2025-01-12 20:05:00	5.3	DoubleDown	DXC4B2P
2025-01-12 20:13:00	7.5	DoubleUp	DXC4B2P
2025-01-12 20:20:00	7.4	Flat	DXC4B2P
2025-01-12 20:29:00	9.9	DoubleUp	DXC4B2P
2025-01-12 20:39:00	4.6	DoubleDown	DXC4B2P
2025-01-12 20:49:00	9.6	DoubleUp	DXC4B2P
2025-01-12 20:58:00	9.1	DoubleDown	DXC4B2P
2025-01-12 21:08:00	12	DoubleUp	DXC4B2P
2025-01-12 21:18:00	10	DoubleDown	DXC4B2P
2025-01-12 21:26:00	12.6	DoubleUp	DXC4B2P
2025-01-12 21:35:00	7.1	DoubleDown	DXC4B2P
2025-01-12 21:42:00	14.4	DoubleUp	DXC4B2P
2025-01-12 21:49:00	7.1	DoubleDown	DXC4B2P
2025-01-12 21:57:00	3.1	DoubleDown	DXC4B2P
2025-01-12 22:04:00	5.4	DoubleUp	DXC4B2P
2025-01-12 22:14:00	6.2	DoubleUp	DXC4B2P
2025-01-12 22:23:00	8.4	DoubleUp	DXC4B2P
2025-01-12 22:30:00	11.7	DoubleUp	DXC4B2P
2025-01-12 22:37:00	4.2	DoubleDown	DXC4B2P
2025-01-12 22:46:00	11.3	DoubleUp	DXC4B2P
2025-01-12 22:56:00	10.4	DoubleDown	DXC4B2P
2025-01-12 23:03:00	9.6	DoubleDown	DXC4B2P
2025-01-12 23:12:00	4.4	DoubleDown	DXC4B2P
2025-01-12 23:22:00	6.2	DoubleUp	DXC4B2P
2025-01-12 23:32:00	5.7	DoubleDown	DXC4B2P
2025-01-12 23:39:00	7	DoubleUp	DXC4B2P
2025-01-12 23:48:00	6.9	Flat	DXC4B2P
2025-01-12 23:55:00	4.3	DoubleDown	DXC4B2P
2025-01-13 00:03:00	13.5	DoubleUp	DXC4B2P
2025-01-13 00:13:00	4	DoubleDown	DXC4B2P
2025-01-13 00:22:00	6.6	DoubleUp	DXC4B2P
2025-01-13 00:29:00	5.2	DoubleDown	DXC4B2P
2025-01-13 00:39:00	6.8	DoubleUp	DXC4B2P
2025-01-13 00:48:00	4.7	DoubleDown	DXC4B2P
2025-01-13 00:57:00	14.6	DoubleUp	DXC4B2P
2025-01-13 01:05:00	7	DoubleDown	DXC4B2P
2025-01-13 01:12:00	16.1	DoubleUp	DXC4B2P
2025-01-13 01:21:00	7.4	DoubleDown	DXC4B2P
2025-01-13 01:30:00	9.5	DoubleUp	DXC4B2P
2025-01-13 01:39:00	4.8	DoubleDown	DXC4B2P
2025-01-13 01:46:00	7.4	DoubleUp	DXC4B2P
2025-01-13 01:54:00	8.3	DoubleUp	DXC4B2P
2025-01-13 02:02:00	4.7	DoubleDown	DXC4B2P
2025-01-13 02:10:00	8.5	DoubleUp	DXC4B2P
2025-01-13 02:17:00	7.3	DoubleDown	DXC4B2P
2025-01-13 02:26:00	13.6	DoubleUp	DXC4B2P
2025-01-13 02:35:00	8.5	DoubleDown	DXC4B2P
2025-01-13 02:42:00	5.5	DoubleDown	DXC4B2P
2025-01-13 02:52:00	7.2	DoubleUp	DXC4B2P
2025-01-13 03:02:00	3.4	DoubleDown	DXC4B2P
2025-01-13 03:09:00	12.3	DoubleUp	DXC4B2P
2025-01-13 03:19:00	12.3	Flat	DXC4B2P
2025-01-13 03:26:00	10.8	DoubleDown	DXC4B2P
2025-01-13 03:35:00	5.8	DoubleDown	DXC4B2P
2025-01-13 03:45:00	4.1	DoubleDown	DXC4B2P
2025-01-13 03:53:00	11	DoubleUp	DXC4B2P
2025-01-13 04:01:00	5.1	DoubleDown	DXC4B2P
2025-01-13 04:11:00	2.2	DoubleDown	DXC4B2P
2025-01-13 04:20:00	4.6	DoubleUp	DXC4B2P
2025-01-13 04:30:00	11.7	DoubleUp	DXC4B2P
2025-01-13 04:37:00	13.8	DoubleUp	DXC4B2P
2025-01-13 04:46:00	11.1	DoubleDown	DXC4B2P
2025-01-13 04:54:00	11.9	DoubleUp	DXC4B2P
2025-01-13 05:02:00	3.3	DoubleDown	DXC4B2P
2025-01-13 05:11:00	9.6	DoubleUp	DXC4B2P
2025-01-13 05:19:00	3.2	DoubleDown	DXC4B2P
2025-01-13 05:27:00	5.6	DoubleUp	DXC4B2P
2025-01-13 05:37:00	7.3	DoubleUp	DXC4B2P
2025-01-13 05:45:00	7.3	Flat	DXC4B2P
2025-01-13 05:53:00	7.4	Flat	DXC4B2P
2025-01-13 06:02:00	5.9	DoubleDown	DXC4B2P
2025-01-13 06:09:00	16.1	DoubleUp	DXC4B2P
2025-01-13 06:17:00	9.4	DoubleDown	DXC4B2P
2025-01-13 06:24:00	6.6	DoubleDown	DXC4B2P
2025-01-13 06:31:00	7.1	DoubleUp	DXC4B2P
2025-01-13 06:39:00	4.2	DoubleDown	DXC4B2P
2025-01-13 06:48:00	7.2	DoubleUp	DXC4B2P
2025-01-13 06:55:00	6.4	DoubleDown	DXC4B2P
2025-01-13 07:03:00	5.3	DoubleDown	DXC4B2P
2025-01-13 07:12:00	4	DoubleDown	DXC4B2P
2025-01-13 07:19:00	7.6	DoubleUp	DXC4B2P
2025-01-13 07:27:00	9.9	DoubleUp	DXC4B2P
2025-01-13 07:36:00	9	DoubleDown	DXC4B2P
2025-01-13 07:43:00	6.1	DoubleDown	DXC4B2P
2025-01-13 07:51:00	11.4	DoubleUp	DXC4B2P
2025-01-13 08:01:00	8.1	DoubleDown	DXC4B2P
2025-01-13 08:10:00	6.9	DoubleDown	DXC4B2P
2025-01-13 08:19:00	9.2	DoubleUp	DXC4B2P
2025-01-13 08:29:00	9.3	Flat	DXC4B2P
2025-01-13 08:38:00	12.9	DoubleUp	DXC4B2P
2025-01-13 08:48:00	3.2	DoubleDown	DXC4B2P
2025-01-13 08:58:00	15.5	DoubleUp	DXC4B2P
2025-01-13 09:08:00	5	DoubleDown	DXC4B2P
2025-01-13 09:16:00	8.7	DoubleUp	DXC4B2P
2025-01-13 09:23:00	9.4	DoubleUp	DXC4B2P
2025-01-13 09:31:00	14.1	DoubleUp	DXC4B2P
2025-01-13 09:39:00	6.3	DoubleDown	DXC4B2P
2025-01-13 09:48:00	13.3	DoubleUp	DXC4B2P
2025-01-13 09:57:00	16.3	DoubleUp	DXC4B2P
2025-01-13 10:07:00	6.8	DoubleDown	DXC4B2P
2025-01-13 10:14:00	7.8	DoubleUp	DXC4B2P
2025-01-13 10:24:00	3	DoubleDown	DXC4B2P
2025-01-13 10:32:00	5.7	DoubleUp	DXC4B2P
2025-01-13 10:40:00	5.9	SingleUp	DXC4B2P
2025-01-13 10:49:00	2.4	DoubleDown	DXC4B2P
2025-01-13 10:59:00	13.2	DoubleUp	DXC4B2P
2025-01-13 11:06:00	7	DoubleDown	DXC4B2P
2025-01-13 11:14:00	6.2	DoubleDown	DXC4B2P
2025-01-13 11:24:00	13.1	DoubleUp	DXC4B2P
2025-01-13 11:34:00	6	DoubleDown	DXC4B2P
2025-01-13 11:41:00	10.3	DoubleUp	DXC4B2P
2025-01-13 11:50:00	13	DoubleUp	DXC4B2P
2025-01-13 12:00:00	5.8	DoubleDown	DXC4B2P
2025-01-13 12:08:00	9.4	DoubleUp	DXC4B2P
2025-01-13 12:16:00	6.7	DoubleDown	DXC4B2P
2025-01-13 12:23:00	8.2	DoubleUp	DXC4B2P
2025-01-13 12:32:00	9.5	DoubleUp	DXC4B2P
2025-01-13 12:40:00	9.6	Flat	DXC4B2P
2025-01-13 12:50:00	9.8	SingleUp	DXC4B2P
2025-01-13 12:57:00	2.6	DoubleDown	DXC4B2P
2025-01-13 13:05:00	4.3	DoubleUp	DXC4B2P
2025-01-13 13:12:00	7.3	DoubleUp	DXC4B2P
2025-01-13 13:20:00	7.5	SingleUp	DXC4B2P
2025-01-13 13:28:00	10	DoubleUp	DXC4B2P
2025-01-13 13:37:00	8.9	DoubleDown	DXC4B2P
2025-01-13 13:46:00	9.5	DoubleUp	DXC4B2P
2025-01-13 13:54:00	5.6	DoubleDown	DXC4B2P
2025-01-13 14:04:00	4.9	DoubleDown	DXC4B2P
2025-01-13 14:14:00	11.3	DoubleUp	DXC4B2P
2025-01-13 14:23:00	6.9	DoubleDown	DXC4B2P
2025-01-13 14:31:00	14.7	DoubleUp	DXC4B2P
2025-01-13 14:38:00	16.1	DoubleUp	DXC4B2P
2025-01-13 14:46:00	5.6	DoubleDown	DXC4B2P
2025-01-13 14:55:00	13.1	DoubleUp	DXC4B2P
2025-01-13 15:03:00	6	DoubleDown	DXC4B2P
2025-01-13 15:12:00	12.4	DoubleUp	DXC4B2P
2025-01-13 15:22:00	13.4	DoubleUp	DXC4B2P
2025-01-13 15:31:00	4.1	DoubleDown	DXC4B2P
2025-01-13 15:40:00	9.8	DoubleUp	DXC4B2P
2025-01-13 15:48:00	9.6	SingleDown	DXC4B2P
2025-01-13 15:57:00	11.8	DoubleUp	DXC4B2P
2025-01-13 16:07:00	6.6	DoubleDown	DXC4B2P
2025-01-13 16:16:00	8.3	DoubleUp	DXC4B2P
2025-01-13 16:24:00	13.4	DoubleUp	DXC4B2P
2025-01-13 16:33:00	3.6	DoubleDown	DXC4B2P
2025-01-13 16:41:00	6	DoubleUp	DXC4B2P
2025-01-13 16:51:00	5.2	DoubleDown	DXC4B2P
2025-01-13 16:59:00	4.1	DoubleDown	DXC4B2P
2025-01-13 17:08:00	6.8	DoubleUp	DXC4B2P
2025-01-13 17:15:00	13.2	DoubleUp	DXC4B2P
2025-01-13 17:24:00	10.7	DoubleDown	DXC4B2P
2025-01-13 17:34:00	5.5	DoubleDown	DXC4B2P
2025-01-13 17:43:00	9.7	DoubleUp	DXC4B2P
2025-01-13 17:52:00	12.6	DoubleUp	DXC4B2P
2025-01-13 18:00:00	12.5	Flat	DXC4B2P
2025-01-13 18:07:00	13.5	DoubleUp	DXC4B2P
2025-01-13 18:17:00	14.6	DoubleUp	DXC4B2P
2025-01-13 18:25:00	8.3	DoubleDown	DXC4B2P
2025-01-13 18:35:00	8.2	Flat	DXC4B2P
2025-01-13 18:44:00	10.9	DoubleUp	DXC4B2P
2025-01-13 18:54:00	5.3	DoubleDown	DXC4B2P
2025-01-13 19:04:00	8.8	DoubleUp	DXC4B2P
2025-01-13 19:11:00	7.5	DoubleDown	DXC4B2P
2025-01-13 19:19:00	10	DoubleUp	DXC4B2P
2025-01-13 19:28:00	12.8	DoubleUp	DXC4B2P
2025-01-13 19:37:00	15.9	DoubleUp	DXC4B2P
2025-01-13 19:45:00	15.1	DoubleDown	DXC4B2P
2025-01-13 19:55:00	4.8	DoubleDown	DXC4B2P
2025-01-13 20:02:00	12.4	DoubleUp	DXC4B2P
2025-01-13 20:11:00	4.2	DoubleDown	DXC4B2P
2025-01-13 20:21:00	7.7	DoubleUp	DXC4B2P
2025-01-13 20:28:00	10	DoubleUp	DXC4B2P
2025-01-13 20:37:00	4.5	DoubleDown	DXC4B2P
2025-01-13 20:44:00	6.1	DoubleUp	DXC4B2P
2025-01-13 20:53:00	7.9	DoubleUp	DXC4B2P
2025-01-13 21:00:00	8.7	DoubleUp	DXC4B2P
2025-01-13 21:09:00	9.4	DoubleUp	DXC4B2P
2025-01-13 21:19:00	5.2	DoubleDown	DXC4B2P
2025-01-13 21:29:00	6	DoubleUp	DXC4B2P
2025-01-13 21:37:00	4.4	DoubleDown	DXC4B2P
2025-01-13 21:45:00	7	DoubleUp	DXC4B2P
2025-01-13 21:53:00	7.4	DoubleUp	DXC4B2P
2025-01-13 22:00:00	6.2	DoubleDown	DXC4B2P
2025-01-13 22:09:00	3.2	DoubleDown	DXC4B2P
2025-01-13 22:17:00	12.3	DoubleUp	DXC4B2P
2025-01-13 22:25:00	14.9	DoubleUp	DXC4B2P
2025-01-13 22:34:00	8.5	DoubleDown	DXC4B2P
2025-01-13 22:44:00	11.3	DoubleUp	DXC4B2P
2025-01-13 22:54:00	7.2	DoubleDown	DXC4B2P
2025-01-13 23:04:00	12.2	DoubleUp	DXC4B2P
2025-01-13 23:11:00	2.6	DoubleDown	DXC4B2P
2025-01-13 23:20:00	14.3	DoubleUp	DXC4B2P
2025-01-13 23:29:00	8	DoubleDown	DXC4B2P
2025-01-13 23:39:00	5	DoubleDown	DXC4B2P
2025-01-13 23:47:00	6.6	DoubleUp	DXC4B2P
2025-01-13 23:56:00	6.5	Flat	DXC4B2P
2025-01-14 00:04:00	6.2	DoubleDown	DXC4B2P
2025-01-14 00:11:00	5.5	DoubleDown	DXC4B2P
2025-01-14 00:21:00	10.8	DoubleUp	DXC4B2P
2025-01-14 00:29:00	5.7	DoubleDown	DXC4B2P
2025-01-14 00:36:00	10.4	DoubleUp	DXC4B2P
2025-01-14 00:45:00	8.5	DoubleDown	DXC4B2P
2025-01-14 00:53:00	12.4	DoubleUp	DXC4B2P
2025-01-14 01:00:00	4.2	DoubleDown	DXC4B2P
2025-01-14 01:09:00	13.9	DoubleUp	DXC4B2P
2025-01-14 01:16:00	13.6	DoubleDown	DXC4B2P
2025-01-14 01:25:00	6	DoubleDown	DXC4B2P
2025-01-14 01:32:00	10.2	DoubleUp	DXC4B2P
2025-01-14 01:40:00	9.1	DoubleDown	DXC4B2P
2025-01-14 01:50:00	14	DoubleUp	DXC4B2P
2025-01-14 01:59:00	10.9	DoubleDown	DXC4B2P
2025-01-14 02:08:00	11.1	SingleUp	DXC4B2P
2025-01-14 02:16:00	9.6	DoubleDown	DXC4B2P
2025-01-14 02:24:00	15.9	DoubleUp	DXC4B2P
2025-01-14 02:33:00	14.3	DoubleDown	DXC4B2P
2025-01-14 02:40:00	6.6	DoubleDown	DXC4B2P
2025-01-14 02:47:00	15.8	DoubleUp	DXC4B2P
2025-01-14 02:55:00	14.5	DoubleDown	DXC4B2P
2025-01-14 03:04:00	4	DoubleDown	DXC4B2P
2025-01-14 03:12:00	9.5	DoubleUp	DXC4B2P
2025-01-14 03:19:00	8.1	DoubleDown	DXC4B2P
2025-01-14 03:29:00	5	DoubleDown	DXC4B2P
2025-01-14 03:37:00	6.7	DoubleUp	DXC4B2P
2025-01-14 03:46:00	10.7	DoubleUp	DXC4B2P
2025-01-14 03:53:00	8	DoubleDown	DXC4B2P
2025-01-14 04:03:00	5	DoubleDown	DXC4B2P
2025-01-14 04:13:00	10.7	DoubleUp	DXC4B2P
2025-01-14 04:22:00	5.2	DoubleDown	DXC4B2P
2025-01-14 04:30:00	7.9	DoubleUp	DXC4B2P
2025-01-14 04:39:00	15.7	DoubleUp	DXC4B2P
2025-01-14 04:47:00	5.6	DoubleDown	DXC4B2P
2025-01-14 04:57:00	6.3	DoubleUp	DXC4B2P
2025-01-14 05:06:00	7.1	DoubleUp	DXC4B2P
2025-01-14 05:14:00	7.5	DoubleUp	DXC4B2P
2025-01-14 05:22:00	10.4	DoubleUp	DXC4B2P
2025-01-14 05:30:00	5.4	DoubleDown	DXC4B2P
2025-01-14 05:37:00	5.5	Flat	DXC4B2P
2025-01-14 05:44:00	5.4	Flat	DXC4B2P
2025-01-14 05:52:00	11	DoubleUp	DXC4B2P
2025-01-14 06:02:00	5.3	DoubleDown	DXC4B2P
2025-01-14 06:12:00	8.5	DoubleUp	DXC4B2P
2025-01-14 06:20:00	9.9	DoubleUp	DXC4B2P
2025-01-14 06:30:00	7.3	DoubleDown	DXC4B2P
2025-01-14 06:37:00	8.3	DoubleUp	DXC4B2P
2025-01-14 06:47:00	5.6	DoubleDown	DXC4B2P
2025-01-14 06:57:00	9.2	DoubleUp	DXC4B2P
2025-01-14 07:07:00	5.2	DoubleDown	DXC4B2P
2025-01-14 07:16:00	9.6	DoubleUp	DXC4B2P
2025-01-14 07:24:00	7.5	DoubleDown	DXC4B2P
2025-01-14 07:32:00	10.3	DoubleUp	DXC4B2P
2025-01-14 07:39:00	4.4	DoubleDown	DXC4B2P
2025-01-14 07:46:00	8.2	DoubleUp	DXC4B2P
2025-01-14 07:54:00	15.3	DoubleUp	DXC4B2P
2025-01-14 08:02:00	6.2	DoubleDown	DXC4B2P
2025-01-14 08:09:00	5.2	DoubleDown	DXC4B2P
2025-01-14 08:18:00	11.1	DoubleUp	DXC4B2P
2025-01-14 08:28:00	6.7	DoubleDown	DXC4B2P
2025-01-14 08:35:00	7.9	DoubleUp	DXC4B2P
2025-01-14 08:45:00	8.2	DoubleUp	DXC4B2P
2025-01-14 08:53:00	4.6	DoubleDown	DXC4B2P
2025-01-14 09:01:00	12.3	DoubleUp	DXC4B2P
2025-01-14 09:09:00	15.5	DoubleUp	DXC4B2P
2025-01-14 09:19:00	7.3	DoubleDown	DXC4B2P
2025-01-14 09:26:00	14.8	DoubleUp	DXC4B2P
2025-01-14 09:33:00	9.4	DoubleDown	DXC4B2P
2025-01-14 09:42:00	7.9	DoubleDown	DXC4B2P
2025-01-14 09:51:00	12.5	DoubleUp	DXC4B2P
2025-01-14 10:01:00	8.2	DoubleDown	DXC4B2P
2025-01-14 10:08:00	9.2	DoubleUp	DXC4B2P
2025-01-14 10:15:00	4.1	DoubleDown	DXC4B2P
2025-01-14 10:24:00	6.1	DoubleUp	DXC4B2P
2025-01-14 10:32:00	4.6	DoubleDown	DXC4B2P
2025-01-14 10:40:00	3.4	DoubleDown	DXC4B2P
2025-01-14 10:50:00	6.2	DoubleUp	DXC4B2P
2025-01-14 11:00:00	14.7	DoubleUp	DXC4B2P
2025-01-14 11:08:00	8.3	DoubleDown	DXC4B2P
2025-01-14 11:17:00	6.6	DoubleDown	DXC4B2P
2025-01-14 11:26:00	5.2	DoubleDown	DXC4B2P
2025-01-14 11:34:00	14.9	DoubleUp	DXC4B2P
2025-01-14 11:44:00	9.6	DoubleDown	DXC4B2P
2025-01-14 11:54:00	7.4	DoubleDown	DXC4B2P
2025-01-14 12:03:00	13.9	DoubleUp	DXC4B2P
2025-01-14 12:12:00	6.9	DoubleDown	DXC4B2P
2025-01-14 12:20:00	7.4	DoubleUp	DXC4B2P
2025-01-14 12:28:00	7.1	DoubleDown	DXC4B2P
2025-01-14 12:36:00	9.6	DoubleUp	DXC4B2P
2025-01-14 12:46:00	10.3	DoubleUp	DXC4B2P
2025-01-14 12:54:00	4.9	DoubleDown	DXC4B2P
2025-01-14 13:02:00	15.5	DoubleUp	DXC4B2P
2025-01-14 13:09:00	11.8	DoubleDown	DXC4B2P
2025-01-14 13:16:00	6.5	DoubleDown	DXC4B2P
2025-01-14 13:23:00	12.8	DoubleUp	DXC4B2P
2025-01-14 13:30:00	3.8	DoubleDown	DXC4B2P
2025-01-14 13:38:00	9.6	DoubleUp	DXC4B2P
2025-01-14 13:45:00	12.5	DoubleUp	DXC4B2P
2025-01-14 13:55:00	5.8	DoubleDown	DXC4B2P
2025-01-14 14:03:00	16.1	DoubleUp	DXC4B2P
2025-01-14 14:10:00	15.8	DoubleDown	DXC4B2P
2025-01-14 14:18:00	7.4	DoubleDown	DXC4B2P
2025-01-14 14:27:00	5.2	DoubleDown	DXC4B2P
2025-01-14 14:35:00	11.6	DoubleUp	DXC4B2P
2025-01-14 14:44:00	16.4	DoubleUp	DXC4B2P
2025-01-14 14:51:00	9.7	DoubleDown	DXC4B2P
2025-01-14 15:01:00	7.8	DoubleDown	DXC4B2P
2025-01-14 15:09:00	7.4	DoubleDown	DXC4B2P
2025-01-14 15:19:00	4.5	DoubleDown	DXC4B2P
2025-01-14 15:28:00	5.9	DoubleUp	DXC4B2P
2025-01-14 15:38:00	4.4	DoubleDown	DXC4B2P
2025-01-14 15:48:00	8.9	DoubleUp	DXC4B2P
2025-01-14 15:58:00	11.4	DoubleUp	DXC4B2P
2025-01-14 16:05:00	5.8	DoubleDown	DXC4B2P
2025-01-14 16:12:00	6.6	DoubleUp	DXC4B2P
2025-01-14 16:19:00	7.1	DoubleUp	DXC4B2P
2025-01-14 16:28:00	8.3	DoubleUp	DXC4B2P
2025-01-14 16:36:00	10	DoubleUp	DXC4B2P
2025-01-14 16:45:00	8.6	DoubleDown	DXC4B2P
2025-01-14 16:53:00	8.3	DoubleDown	DXC4B2P
2025-01-14 17:01:00	8.9	DoubleUp	DXC4B2P