Name:John Doe	Date Range:2025-01-01 - 2025-01-14
Timestamp	Glucose Value (mmol/L)	Trend Arrow	Transmitter ID
2025-01-01 00:00:00	11.1	Flat	DXC4B2P
2025-01-01 00:07:00	13.1	DoubleUp	DXC4B2P
2025-01-01 00:16:00	8.7	DoubleDown	DXC4B2P
2025-01-01 00:24:00	6.9	DoubleDown	DXC4B2P
2025-01-01 00:34:00	6.6	DoubleDown	DXC4B2P
2025-01-01 00:43:00	8.8	DoubleUp	DXC4B2P
2025-01-01 00:53:00	11.6	DoubleUp	DXC4B2P
2025-01-01 01:00:00	6.1	DoubleDown	DXC4B2P
2025-01-01 01:09:00	15.6	DoubleUp	DXC4B2P
2025-01-01 01:16:00	9.2	DoubleDown	DXC4B2P
2025-01-01 01:23:00	13.7	DoubleUp	DXC4B2P
2025-01-01 01:32:00	2.8	DoubleDown	DXC4B2P
2025-01-01 01:39:00	10.2	DoubleUp	DXC4B2P
2025-01-01 01:48:00	13.7	DoubleUp	DXC4B2P
2025-01-01 01:58:00	13.4	DoubleDown	DXC4B2P
2025-01-01 02:05:00	7.2	DoubleDown	DXC4B2P
2025-01-01 02:14:00	6.1	DoubleDown	DXC4B2P
2025-01-01 02:24:00	9.5	DoubleUp	DXC4B2P
2025-01-01 02:32:00	8.7	DoubleDown	DXC4B2P
2025-01-01 02:41:00	9.1	DoubleUp	DXC4B2P
2025-01-01 02:50:00	12.7	DoubleUp	DXC4B2P
2025-01-01 02:59:00	9.9	DoubleDown	DXC4B2P
2025-01-01 03:08:00	9.9	Flat	DXC4B2P
2025-01-01 03:16:00	7.8	DoubleDown	DXC4B2P
2025-01-01 03:23:00	6.3	DoubleDown	DXC4B2P
2025-01-01 03:32:00	4.8	DoubleDown	DXC4B2P
2025-01-01 03:40:00	12.9	DoubleUp	DXC4B2P
2025-01-01 03:50:00	4.3	DoubleDown	DXC4B2P
2025-01-01 03:57:00	6.2	DoubleUp	DXC4B2P
2025-01-01 04:04:00	7	DoubleUp	DXC4B2P
2025-01-01 04:14:00	7	Flat	DXC4B2P
2025-01-01 04:22:00	6.5	DoubleDown	DXC4B2P
2025-01-01 04:31:00	4.9	DoubleDown	DXC4B2P
2025-01-01 04:38:00	12.1	DoubleUp	DXC4B2P
2025-01-01 04:48:00	9.6	DoubleDown	DXC4B2P
2025-01-01 04:57:00	13.1	DoubleUp	DXC4B2P
2025-01-01 05:05:00	9.2	DoubleDown	DXC4B2P
2025-01-01 05:12:00	14.1	DoubleUp	DXC4B2P
2025-01-01 05:20:00	6.1	DoubleDown	DXC4B2P
2025-01-01 05:27:00	10.2	DoubleUp	DXC4B2P
2025-01-01 05:37:00	11	DoubleUp	DXC4B2P
2025-01-01 05:47:00	2.9	DoubleDown	DXC4B2P
2025-01-01 05:54:00	7.8	DoubleUp	DXC4B2P
2025-01-01 06:01:00	9.2	DoubleUp	DXC4B2P
2025-01-01 06:09:00	5.4	DoubleDown	DXC4B2P
2025-01-01 06:17:00	6.7	DoubleUp	DXC4B2P
2025-01-01 06:26:00	4.7	DoubleDown	DXC4B2P
2025-01-01 06:36:00	10.3	DoubleUp	DXC4B2P
2025-01-01 06:44:00	10.4	Flat	DXC4B2P
2025-01-01 06:54:00	6	DoubleDown	DXC4B2P
2025-01-01 07:02:00	10.4	DoubleUp	DXC4B2P
2025-01-01 07:09:00	6.5	DoubleDown	DXC4B2P
2025-01-01 07:19:00	12.6	DoubleUp	DXC4B2P
2025-01-01 07:26:00	9.4	DoubleDown	DXC4B2P
2025-01-01 07:33:00	14.4	DoubleUp	DXC4B2P
2025-01-01 07:40:00	6.6	DoubleDown	DXC4B2P
2025-01-01 07:47:00	5.4	DoubleDown	DXC4B2P
2025-01-01 07:55:00	6.6	DoubleUp	DXC4B2P
2025-01-01 08:03:00	11.1	DoubleUp	DXC4B2P
2025-01-01 08:12:00	4.9	DoubleDown	DXC4B2P
2025-01-01 08:21:00	5.9	DoubleUp	DXC4B2P
2025-01-01 08:31:00	5.8	Flat	DXC4B2P
2025-01-01 08:38:00	11.5	DoubleUp	DXC4B2P
2025-01-01 08:47:00	5.3	DoubleDown	DXC4B2P
2025-01-01 08:55:00	6.2	DoubleUp	DXC4B2P
2025-01-01 09:02:00	9.5	DoubleUp	DXC4B2P
2025-01-01 09:11:00	9.2	DoubleDown	DXC4B2P
2025-01-01 09:18:00	10.6	DoubleUp	DXC4B2P
2025-01-01 09:28:00	12.1	DoubleUp	DXC4B2P
2025-01-01 09:37:00	10.5	DoubleDown	DXC4B2P
2025-01-01 09:47:00	13.6	DoubleUp	DXC4B2P
2025-01-01 09:56:00	5.6	DoubleDown	DXC4B2P
2025-01-01 10:06:00	10.7	DoubleUp	DXC4B2P
2025-01-01 10:14:00	3.8	DoubleDown	DXC4B2P
2025-01-01 10:24:00	7.2	DoubleUp	DXC4B2P
2025-01-01 10:34:00	6.6	DoubleDown	DXC4B2P
2025-01-01 10:42:00	9.5	DoubleUp	DXC4B2P
2025-01-01 10:50:00	13.6	DoubleUp	DXC4B2P
2025-01-01 10:57:00	5.9	DoubleDown	DXC4B2P
2025-01-01 11:05:00	5.5	DoubleDown	DXC4B2P
2025-01-01 11:12:00	13.7	DoubleUp	DXC4B2P
2025-01-01 11:19:00	7.3	DoubleDown	DXC4B2P
2025-01-01 11:28:00	4.3	DoubleDown	DXC4B2P
2025-01-01 11:36:00	8.5	DoubleUp	DXC4B2P
2025-01-01 11:44:00	12.9	DoubleUp	DXC4B2P
2025-01-01 11:54:00	9.8	DoubleDown	DXC4B2P
2025-01-01 12:01:00	7.2	DoubleDown	DXC4B2P
2025-01-01 12:08:00	4.6	DoubleDown	DXC4B2P
2025-01-01 12:17:00	8.1	DoubleUp	DXC4B2P
2025-01-01 12:26:00	11.5	DoubleUp	DXC4B2P
2025-01-01 12:34:00	7.5	DoubleDown	DXC4B2P
2025-01-01 12:42:00	5	DoubleDown	DXC4B2P
2025-01-01 12:50:00	9.5	DoubleUp	DXC4B2P
2025-01-01 12:57:00	9.4	Flat	DXC4B2P
2025-01-01 13:07:00	8.6	DoubleDown	DXC4B2P
2025-01-01 13:16:00	9.8	DoubleUp	DXC4B2P
2025-01-01 13:26:00	4	DoubleDown	DXC4B2P
2025-01-01 13:34:00	11	DoubleUp	DXC4B2P
2025-01-01 13:41:00	11.9	DoubleUp	DXC4B2P
2025-01-01 13:49:00	10	DoubleDown	DXC4B2P
2025-01-01 13:59:00	5.6	DoubleDown	DXC4B2P
2025-01-01 14:07:00	4.3	DoubleDown	DXC4B2P
2025-01-01 14:14:00	6.6	DoubleUp	DXC4B2P
2025-01-01 14:24:00	6.3	DoubleDown	DXC4B2P
2025-01-01 14:31:00	4.6	DoubleDown	DXC4B2P
2025-01-01 14:38:00	5.1	DoubleUp	DXC4B2P
2025-01-01 14:45:00	13.8	DoubleUp	DXC4B2P
2025-01-01 14:55:00	8.4	DoubleDown	DXC4B2P
2025-01-01 15:05:00	12	DoubleUp	DXC4B2P
2025-01-01 15:14:00	8.7	DoubleDown	DXC4B2P
2025-01-01 15:22:00	8.4	DoubleDown	DXC4B2P
2025-01-01 15:32:00	8.4	Flat	DXC4B2P
2025-01-01 15:42:00	2.3	DoubleDown	DXC4B2P
2025-01-01 15:50:00	6	DoubleUp	DXC4B2P
2025-01-01 16:00:00	6.6	DoubleUp	DXC4B2P
2025-01-01 16:09:00	13.3	DoubleUp	DXC4B2P
2025-01-01 16:18:00	9.8	DoubleDown	DXC4B2P
2025-01-01 16:28:00	5.3	DoubleDown	DXC4B2P
2025-01-01 16:35:00	8.5	DoubleUp	DXC4B2P
2025-01-01 16:45:00	15.7	DoubleUp	DXC4B2P
2025-01-01 16:55:00	12.5	DoubleDown	DXC4B2P
2025-01-01 17:03:00	6	DoubleDown	DXC4B2P
2025-01-01 17:11:00	14.6	DoubleUp	DXC4B2P
2025-01-01 17:19:00	7.8	DoubleDown	DXC4B2P
2025-01-01 17:27:00	4.2	DoubleDown	DXC4B2P
2025-01-01 17:34:00	9.5	DoubleUp	DXC4B2P
2025-01-01 17:43:00	6.1	DoubleDown	DXC4B2P
2025-01-01 17:50:00	7.7	DoubleUp	DXC4B2P
2025-01-01 17:58:00	7.9	SingleUp	DXC4B2P
2025-01-01 18:07:00	7.9	Flat	DXC4B2P
2025-01-01 18:17:00	15	DoubleUp	DXC4B2P
2025-01-01 18:24:00	7	DoubleDown	DXC4B2P
2025-01-01 18:33:00	5.6	DoubleDown	DXC4B2P
2025-01-01 18:41:00	5.7	Flat	DXC4B2P
2025-01-01 18:48:00	4.6	DoubleDown	DXC4B2P
2025-01-01 18:57:00	14.8	DoubleUp	DXC4B2P
2025-01-01 19:05:00	4.1	DoubleDown	DXC4B2P
2025-01-01 19:15:00	9.5	DoubleUp	DXC4B2P
2025-01-01 19:25:00	5.6	DoubleDown	DXC4B2P
2025-01-01 19:33:00	7.7	DoubleUp	DXC4B2P
2025-01-01 19:43:00	14.6	DoubleUp	DXC4B2P
2025-01-01 19:50:00	7.4	DoubleDown	DXC4B2P
2025-01-01 20:00:00	2.3	DoubleDown	DXC4B2P
2025-01-01 20:09:00	5.8	DoubleUp	DXC4B2P
2025-01-01 20:18:00	5.8	Flat	DXC4B2P
2025-01-01 20:26:00	9	DoubleUp	DXC4B2P
2025-01-01 20:35:00	4.2	DoubleDown	DXC4B2P
2025-01-01 20:44:00	14.1	DoubleUp	DXC4B2P
2025-01-01 20:52:00	14.9	DoubleUp	DXC4B2P
2025-01-01 21:01:00	9.7	DoubleDown	DXC4B2P
2025-01-01 21:08:00	9.8	Flat	DXC4B2P
2025-01-01 21:18:00	5.3	DoubleDown	DXC4B2P
2025-01-01 21:25:00	8.7	DoubleUp	DXC4B2P
2025-01-01 21:32:00	6.6	DoubleDown	DXC4B2P
2025-01-01 21:42:00	11.5	DoubleUp	DXC4B2P
2025-01-01 21:52:00	6.5	DoubleDown	DXC4B2P
2025-01-01 21:59:00	8	DoubleUp	DXC4B2P
2025-01-01 22:08:00	7.1	DoubleDown	DXC4B2P
2025-01-01 22:17:00	9.8	DoubleUp	DXC4B2P
2025-01-01 22:25:00	12.7	DoubleUp	DXC4B2P
2025-01-01 22:34:00	8.8	DoubleDown	DXC4B2P
2025-01-01 22:41:00	9.3	DoubleUp	DXC4B2P
2025-01-01 22:49:00	15.4	DoubleUp	DXC4B2P
2025-01-01 22:57:00	7.6	DoubleDown	DXC4B2P
2025-01-01 23:06:00	15.1	DoubleUp	DXC4B2P
2025-01-01 23:14:00	5.2	DoubleDown	DXC4B2P
2025-01-01 23:24:00	5.8	DoubleUp	DXC4B2P
2025-01-01 23:32:00	13.9	DoubleUp	DXC4B2P
2025-01-01 23:41:00	5.8	DoubleDown	DXC4B2P
2025-01-01 23:51:00	4.5	DoubleDown	DXC4B2P
2025-01-02 00:01:00	5.9	DoubleUp	DXC4B2P
2025-01-02 00:08:00	6.3	DoubleUp	DXC4B2P
2025-01-02 00:15:00	12.6	DoubleUp	DXC4B2P
2025-01-02 00:22:00	8.2	DoubleDown	DXC4B2P
2025-01-02 00:31:00	15.2	DoubleUp	DXC4B2P
2025-01-02 00:38:00	4.1	DoubleDown	DXC4B2P
2025-01-02 00:48:00	6.2	DoubleUp	DXC4B2P
2025-01-02 00:57:00	9.4	DoubleUp	DXC4B2P
2025-01-02 01:04:00	8.3	DoubleDown	DXC4B2P
2025-01-02 01:13:00	5.8	DoubleDown	DXC4B2P
2025-01-02 01:22:00	9.5	DoubleUp	DXC4B2P
2025-01-02 01:32:00	9.8	DoubleUp	DXC4B2P
2025-01-02 01:40:00	12.7	DoubleUp	DXC4B2P
2025-01-02 01:48:00	5.6	DoubleDown	DXC4B2P
2025-01-02 01:58:00	5.2	DoubleDown	DXC4B2P
2025-01-02 02:08:00	7.2	DoubleUp	DXC4B2P
2025-01-02 02:17:00	9.6	DoubleUp	DXC4B2P
2025-01-02 02:24:00	6.5	DoubleDown	DXC4B2P
2025-01-02 02:31:00	5	DoubleDown	DXC4B2P
2025-01-02 02:38:00	12.9	DoubleUp	DXC4B2P
2025-01-02 02:46:00	9.3	DoubleDown	DXC4B2P
2025-01-02 02:54:00	11.8	DoubleUp	DXC4B2P
2025-01-02 03:01:00	5.5	DoubleDown	DXC4B2P
2025-01-02 03:10:00	8.6	DoubleUp	DXC4B2P
2025-01-02 03:19:00	13.3	DoubleUp	DXC4B2P
2025-01-02 03:26:00	7.8	DoubleDown	DXC4B2P
2025-01-02 03:35:00	6.5	DoubleDown	DXC4B2P
2025-01-02 03:43:00	9.9	DoubleUp	DXC4B2P
2025-01-02 03:53:00	12.6	DoubleUp	DXC4B2P
2025-01-02 04:00:00	8.1	DoubleDown	DXC4B2P
2025-01-02 04:09:00	8.1	Flat	DXC4B2P
2025-01-02 04:16:00	5.1	DoubleDown	DXC4B2P
2025-01-02 04:24:00	3.9	DoubleDown	DXC4B2P
2025-01-02 04:31:00	3.9	Flat	DXC4B2P
2025-01-02 04:41:00	4.9	DoubleUp	DXC4B2P
2025-01-02 04:50:00	12.6	DoubleUp	DXC4B2P
2025-01-02 05:00:00	4.1	DoubleDown	DXC4B2P
2025-01-02 05:08:00	10.6	DoubleUp	DXC4B2P
2025-01-02 05:16:00	4.7	DoubleDown	DXC4B2P
2025-01-02 05:23:00	7.6	DoubleUp	DXC4B2P
2025-01-02 05:32:00	7.8	SingleUp	DXC4B2P
2025-01-02 05:39:00	6.9	DoubleDown	DXC4B2P
2025-01-02 05:47:00	8.1	DoubleUp	DXC4B2P
2025-01-02 05:54:00	5.2	DoubleDown	DXC4B2P
2025-01-02 06:04:00	4	DoubleDown	DXC4B2P
2025-01-02 06:14:00	7	DoubleUp	DXC4B2P
2025-01-02 06:23:00	9.4	DoubleUp	DXC4B2P
2025-01-02 06:30:00	16	DoubleUp	DXC4B2P
2025-01-02 06:38:00	8.2	DoubleDown	DXC4B2P
2025-01-02 06:48:00	7.4	DoubleDown	DXC4B2P
2025-01-02 06:58:00	9.8	DoubleUp	DXC4B2P
2025-01-02 07:05:00	9.5	DoubleDown	DXC4B2P
2025-01-02 07:13:00	9.8	DoubleUp	DXC4B2P
2025-01-02 07:22:00	3.9	DoubleDown	DXC4B2P
2025-01-02 07:29:00	5.2	DoubleUp	DXC4B2P
2025-01-02 07:36:00	7.8	DoubleUp	DXC4B2P
2025-01-02 07:44:00	10	DoubleUp	DXC4B2P
2025-01-02 07:53:00	6	DoubleDown	DXC4B2P
2025-01-02 08:01:00	12.5	DoubleUp	DXC4B2P
2025-01-02 08:08:00	15.9	DoubleUp	DXC4B2P
2025-01-02 08:18:00	6.3	DoubleDown	DXC4B2P
2025-01-02 08:25:00	10.9	DoubleUp	DXC4B2P
2025-01-02 08:32:00	5.6	DoubleDown	DXC4B2P
2025-01-02 08:41:00	5.5	Flat	DXC4B2P
2025-01-02 08:51:00	5.4	Flat	DXC4B2P
2025-01-02 09:00:00	7.9	DoubleUp	DXC4B2P
2025-01-02 09:10:00	14.2	DoubleUp	DXC4B2P
2025-01-02 09:19:00	5	DoubleDown	DXC4B2P
2025-01-02 09:29:00	11.4	DoubleUp	DXC4B2P
2025-01-02 09:39:00	16	DoubleUp	DXC4B2P
2025-01-02 09:49:00	8.8	DoubleDown	DXC4B2P
2025-01-02 09:56:00	13.7	DoubleUp	DXC4B2P
2025-01-02 10:03:00	8.7	DoubleDown	DXC4B2P
2025-01-02 10:10:00	13.9	DoubleUp	DXC4B2P
2025-01-02 10:18:00	5.4	DoubleDown	DXC4B2P
2025-01-02 10:25:00	5.7	DoubleUp	DXC4B2P
2025-01-02 10:32:00	5.1	DoubleDown	DXC4B2P
2025-01-02 10:42:00	8.9	DoubleUp	DXC4B2P
2025-01-02 10:49:00	6.3	DoubleDown	DXC4B2P
2025-01-02 10:57:00	5.5	DoubleDown	DXC4B2P
2025-01-02 11:05:00	12.1	DoubleUp	DXC4B2P
2025-01-02 11:14:00	12.3	SingleUp	DXC4B2P
2025-01-02 11:21:00	9.1	DoubleDown	DXC4B2P
2025-01-02 11:28:00	12.8	DoubleUp	DXC4B2P
2025-01-02 11:37:00	12.8	Flat	DXC4B2P
2025-01-02 11:47:00	9.7	DoubleDown	DXC4B2P
2025-01-02 11:56:00	10.3	DoubleUp	DXC4B2P
2025-01-02 12:04:00	4.3	DoubleDown	DXC4B2P
2025-01-02 12:11:00	13.9	DoubleUp	DXC4B2P
2025-01-02 12:19:00	4.5	DoubleDown	DXC4B2P
2025-01-02 12:29:00	10.7	DoubleUp	DXC4B2P
2025-01-02 12:36:00	5.8	DoubleDown	DXC4B2P
2025-01-02 12:45:00	13	DoubleUp	DXC4B2P
2025-01-02 12:53:00	6	DoubleDown	DXC4B2P
2025-01-02 13:01:00	6.3	DoubleUp	DXC4B2P
2025-01-02 13:09:00	11.6	DoubleUp	DXC4B2P
2025-01-02 13:16:00	4.1	DoubleDown	DXC4B2P
2025-01-02 13:24:00	15.2	DoubleUp	DXC4B2P
2025-01-02 13:31:00	11.1	DoubleDown	DXC4B2P
2025-01-02 13:39:00	9.6	DoubleDown	DXC4B2P
2025-01-02 13:49:00	12.5	DoubleUp	DXC4B2P
2025-01-02 13:59:00	8.3	DoubleDown	DXC4B2P
2025-01-02 14:08:00	10.8	DoubleUp	DXC4B2P
2025-01-02 14:18:00	4.5	DoubleDown	DXC4B2P
2025-01-02 14:28:00	4.8	DoubleUp	DXC4B2P
2025-01-02 14:37:00	14.9	DoubleUp	DXC4B2P
2025-01-02 14:46:00	10.4	DoubleDown	DXC4B2P
2025-01-02 14:54:00	7.1	DoubleDown	DXC4B2P
2025-01-02 15:04:00	7.2	Flat	DXC4B2P
2025-01-02 15:13:00	12.5	DoubleUp	DXC4B2P
2025-01-02 15:23:00	7	DoubleDown	DXC4B2P
2025-01-02 15:32:00	8.3	DoubleUp	DXC4B2P
2025-01-02 15:40:00	4.5	DoubleDown	DXC4B2P
2025-01-02 15:49:00	10.8	DoubleUp	DXC4B2P
2025-01-02 15:56:00	6.5	DoubleDown	DXC4B2P
2025-01-02 16:03:00	16	DoubleUp	DXC4B2P
2025-01-02 16:12:00	7.5	DoubleDown	DXC4B2P
2025-01-02 16:22:00	3.4	DoubleDown	DXC4B2P
2025-01-02 16:31:00	5.7	DoubleUp	DXC4B2P
2025-01-02 16:38:00	3.3	DoubleDown	DXC4B2P
2025-01-02 16:47:00	12.6	DoubleUp	DXC4B2P
2025-01-02 16:57:00	12.6	Flat	DXC4B2P
2025-01-02 17:05:00	8.9	DoubleDown	DXC4B2P
2025-01-02 17:15:00	4.5	DoubleDown	DXC4B2P
2025-01-02 17:22:00	9.6	DoubleUp	DXC4B2P
2025-01-02 17:30:00	4.4	DoubleDown	DXC4B2P
2025-01-02 17:40:00	4.1	DoubleDown	DXC4B2P
2025-01-02 17:50:00	7.4	DoubleUp	DXC4B2P
2025-01-02 18:00:00	6.1	DoubleDown	DXC4B2P
2025-01-02 18:10:00	5.3	DoubleDown	DXC4B2P
2025-01-02 18:20:00	5.1	SingleDown	DXC4B2P
2025-01-02 18:28:00	11.7	DoubleUp	DXC4B2P
2025-01-02 18:37:00	13.6	DoubleUp	DXC4B2P
2025-01-02 18:46:00	9.1	DoubleDown	DXC4B2P
2025-01-02 18:55:00	4.2	DoubleDown	DXC4B2P
2025-01-02 19:05:00	6.2	DoubleUp	DXC4B2P
2025-01-02 19:14:00	12.4	DoubleUp	DXC4B2P
2025-01-02 19:21:00	8.3	DoubleDown	DXC4B2P
2025-01-02 19:29:00	7.7	DoubleDown	DXC4B2P
2025-01-02 19:39:00	16.4	DoubleUp	DXC4B2P
2025-01-02 19:47:00	11	DoubleDown	DXC4B2P
2025-01-02 19:56:00	5.9	DoubleDown	DXC4B2P
2025-01-02 20:06:00	3.4	DoubleDown	DXC4B2P
2025-01-02 20:14:00	7	DoubleUp	DXC4B2P
2025-01-02 20:23:00	8.6	DoubleUp	DXC4B2P
2025-01-02 20:30:00	5.3	DoubleDown	DXC4B2P
2025-01-02 20:40:00	5.1	SingleDown	DXC4B2P
2025-01-02 20:47:00	6.5	DoubleUp	DXC4B2P
2025-01-02 20:56:00	6.8	DoubleUp	DXC4B2P
2025-01-02 21:04:00	4	DoubleDown	DXC4B2P
2025-01-02 21:11:00	3.3	DoubleDown	DXC4B2P
2025-01-02 21:19:00	4.7	DoubleUp	DXC4B2P
2025-01-02 21:26:00	6.8	DoubleUp	DXC4B2P
2025-01-02 21:34:00	13.6	DoubleUp	DXC4B2P
2025-01-02 21:43:00	8.2	DoubleDown	DXC4B2P
2025-01-02 21:53:00	3.1	DoubleDown	DXC4B2P
2025-01-02 22:00:00	7	DoubleUp	DXC4B2P
2025-01-02 22:08:00	7.5	DoubleUp	DXC4B2P
2025-01-02 22:17:00	4.6	DoubleDown	DXC4B2P
2025-01-02 22:25:00	8.1	DoubleUp	DXC4B2P
2025-01-02 22:32:00	7.6	DoubleDown	DXC4B2P
2025-01-02 22:42:00	9.3	DoubleUp	DXC4B2P
2025-01-02 22:51:00	4.7	DoubleDown	DXC4B2P
2025-01-02 23:00:00	8	DoubleUp	DXC4B2P
2025-01-02 23:08:00	8.8	DoubleUp	DXC4B2P
2025-01-02 23:15:00	16	DoubleUp	DXC4B2P
2025-01-02 23:23:00	10.7	DoubleDown	DXC4B2P
2025-01-02 23:33:00	8.9	DoubleDown	DXC4B2P
2025-01-02 23:42:00	7.6	DoubleDown	DXC4B2P
2025-01-02 23:52:00	7	DoubleDown	DXC4B2P
2025-01-02 23:59:00	8.4	DoubleUp	DXC4B2P
2025-01-03 00:07:00	5.2	DoubleDown	DXC4B2P
2025-01-03 00:16:00	7.6	DoubleUp	DXC4B2P
2025-01-03 00:23:00	8	DoubleUp	DXC4B2P
2025-01-03 00:30:00	6.7	DoubleDown	DXC4B2P
2025-01-03 00:39:00	15.1	DoubleUp	DXC4B2P
2025-01-03 00:49:00	6.7	DoubleDown	DXC4B2P
2025-01-03 00:56:00	12.2	DoubleUp	DXC4B2P
2025-01-03 01:04:00	7	DoubleDown	DXC4B2P
2025-01-03 01:12:00	4.4	DoubleDown	DXC4B2P
2025-01-03 01:19:00	7.7	DoubleUp	DXC4B2P
2025-01-03 01:27:00	7.1	DoubleDown	DXC4B2P
2025-01-03 01:35:00	5.2	DoubleDown	DXC4B2P
2025-01-03 01:42:00	5.8	DoubleUp	DXC4B2P
2025-01-03 01:49:00	4.3	DoubleDown	DXC4B2P
2025-01-03 01:57:00	15.6	DoubleUp	DXC4B2P
2025-01-03 02:07:00	4.6	DoubleDown	DXC4B2P
2025-01-03 02:14:00	8.1	DoubleUp	DXC4B2P
2025-01-03 02:22:00	12.1	DoubleUp	DXC4B2P
2025-01-03 02:31:00	6.1	DoubleDown	DXC4B2P
2025-01-03 02:38:00	13.7	DoubleUp	DXC4B2P
2025-01-03 02:45:00	8.6	DoubleDown	DXC4B2P
2025-01-03 02:54:00	9.4	DoubleUp	DXC4B2P
2025-01-03 03:04:00	5.6	DoubleDown	DXC4B2P
2025-01-03 03:14:00	12.8	DoubleUp	DXC4B2P
2025-01-03 03:24:00	9.2	DoubleDown	DXC4B2P
2025-01-03 03:31:00	9.1	Flat	DXC4B2P
2025-01-03 03:38:00	6.6	DoubleDown	DXC4B2P
2025-01-03 03:48:00	3	DoubleDown	DXC4B2P
2025-01-03 03:55:00	5.2	DoubleUp	DXC4B2P
2025-01-03 04:04:00	6.1	DoubleUp	DXC4B2P
2025-01-03 04:11:00	6.8	DoubleUp	DXC4B2P
2025-01-03 04:20:00	6.3	DoubleDown	DXC4B2P
2025-01-03 04:28:00	7.9	DoubleUp	DXC4B2P
2025-01-03 04:37:00	6.4	DoubleDown	DXC4B2P
2025-01-03 04:47:00	10.7	DoubleUp	DXC4B2P
2025-01-03 04:54:00	6.4	DoubleDown	DXC4B2P
2025-01-03 05:02:00	6.4	Flat	DXC4B2P
2025-01-03 05:09:00	9.1	DoubleUp	DXC4B2P
2025-01-03 05:17:00	4.4	DoubleDown	DXC4B2P
2025-01-03 05:27:00	14.4	DoubleUp	DXC4B2P
2025-01-03 05:35:00	8.7	DoubleDown	DXC4B2P
2025-01-03 05:42:00	11	DoubleUp	DXC4B2P
2025-01-03 05:49:00	5.8	DoubleDown	DXC4B2P
2025-01-03 05:56:00	4.4	DoubleDown	DXC4B2P
2025-01-03 06:03:00	5.6	DoubleUp	DXC4B2P
2025-01-03 06:12:00	8.3	DoubleUp	DXC4B2P
2025-01-03 06:21:00	4.9	DoubleDown	DXC4B2P
2025-01-03 06:28:00	8.1	DoubleUp	DXC4B2P
2025-01-03 06:37:00	12.4	DoubleUp	DXC4B2P
2025-01-03 06:44:00	13	DoubleUp	DXC4B2P
2025-01-03 06:52:00	7.1	DoubleDown	DXC4B2P
2025-01-03 07:00:00	6.1	DoubleDown	DXC4B2P
2025-01-03 07:10:00	7.3	DoubleUp	DXC4B2P
2025-01-03 07:20:00	9.6	DoubleUp	DXC4B2P
2025-01-03 07:27:00	15.1	DoubleUp	DXC4B2P
2025-01-03 07:37:00	6.8	DoubleDown	DXC4B2P
2025-01-03 07:46:00	5	DoubleDown	DXC4B2P
2025-01-03 07:53:00	12.4	DoubleUp	DXC4B2P
2025-01-03 08:03:00	9.4	DoubleDown	DXC4B2P
2025-01-03 08:10:00	5.1	DoubleDown	DXC4B2P
2025-01-03 08:18:00	11	DoubleUp	DXC4B2P
2025-01-03 08:27:00	11.1	Flat	DXC4B2P
2025-01-03 08:36:00	7.2	DoubleDown	DXC4B2P
2025-01-03 08:43:00	8.8	DoubleUp	DXC4B2P
2025-01-03 08:51:00	7.9	DoubleDown	DXC4B2P
2025-01-03 09:01:00	15.9	DoubleUp	DXC4B2P
2025-01-03 09:11:00	10.7	DoubleDown	DXC4B2P
2025-01-03 09:21:00	5.5	DoubleDown	DXC4B2P
2025-01-03 09:28:00	7.3	DoubleUp	DXC4B2P
2025-01-03 09:38:00	4.2	DoubleDown	DXC4B2P
2025-01-03 09:48:00	6.6	DoubleUp	DXC4B2P
2025-01-03 09:55:00	9.6	DoubleUp	DXC4B2P
2025-01-03 10:04:00	2.5	DoubleDown	DXC4B2P
2025-01-03 10:11:00	15.2	DoubleUp	DXC4B2P
2025-01-03 10:21:00	8.5	DoubleDown	DXC4B2P
2025-01-03 10:28:00	4.9	DoubleDown	DXC4B2P
2025-01-03 10:38:00	13	DoubleUp	DXC4B2P
2025-01-03 10:46:00	9.3	DoubleDown	DXC4B2P
2025-01-03 10:54:00	14.9	DoubleUp	DXC4B2P
2025-01-03 11:02:00	8.4	DoubleDown	DXC4B2P
2025-01-03 11:12:00	9.9	DoubleUp	DXC4B2P
2025-01-03 11:20:00	7.8	DoubleDown	DXC4B2P
2025-01-03 11:28:00	2.9	DoubleDown	DXC4B2P
2025-01-03 11:38:00	3.9	DoubleUp	DXC4B2P
2025-01-03 11:46:00	8.5	DoubleUp	DXC4B2P
2025-01-03 11:54:00	7.2	DoubleDown	DXC4B2P
2025-01-03 12:02:00	9.2	DoubleUp	DXC4B2P
2025-01-03 12:10:00	5.5	DoubleDown	DXC4B2P
2025-01-03 12:17:00	7.3	DoubleUp	DXC4B2P
2025-01-03 12:25:00	4.9	DoubleDown	DXC4B2P
2025-01-03 12:33:00	7.6	DoubleUp	DXC4B2P
2025-01-03 12:43:00	9.6	DoubleUp	DXC4B2P
2025-01-03 12:51:00	8	DoubleDown	DXC4B2P
2025-01-03 12:59:00	5.1	DoubleDown	DXC4B2P
2025-01-03 13:09:00	5	Flat	DXC4B2P
2025-01-03 13:18:00	7.4	DoubleUp	DXC4B2P
2025-01-03 13:25:00	9.4	DoubleUp	DXC4B2P
2025-01-03 13:35:00	10.3	DoubleUp	DXC4B2P
2025-01-03 13:42:00	10.9	DoubleUp	DXC4B2P
2025-01-03 13:49:00	8.2	DoubleDown	DXC4B2P
2025-01-03 13:56:00	4.6	DoubleDown	DXC4B2P
2025-01-03 14:06:00	10.8	DoubleUp	DXC4B2P
2025-01-03 14:15:00	9.9	DoubleDown	DXC4B2P
2025-01-03 14:25:00	12.1	DoubleUp	DXC4B2P
2025-01-03 14:32:00	9.2	DoubleDown	DXC4B2P
2025-01-03 14:39:00	7.5	DoubleDown	DXC4B2P
2025-01-03 14:46:00	9.4	DoubleUp	DXC4B2P
2025-01-03 14:53:00	4.2	DoubleDown	DXC4B2P
2025-01-03 15:03:00	3	DoubleDown	DXC4B2P
2025-01-03 15:12:00	6.6	DoubleUp	DXC4B2P
2025-01-03 15:20:00	11	DoubleUp	DXC4B2P
2025-01-03 15:30:00	4.3	DoubleDown	DXC4B2P
2025-01-03 15:39:00	8.6	DoubleUp	DXC4B2P
2025-01-03 15:47:00	15.6	DoubleUp	DXC4B2P
2025-01-03 15:54:00	7.6	DoubleDown	DXC4B2P
2025-01-03 16:02:00	12.4	DoubleUp	DXC4B2P
2025-01-03 16:11:00	9.5	DoubleDown	DXC4B2P
2025-01-03 16:18:00	3.7	DoubleDown	DXC4B2P
2025-01-03 16:28:00	12	DoubleUp	DXC4B2P
2025-01-03 16:36:00	6.5	DoubleDown	DXC4B2P
2025-01-03 16:44:00	12.6	DoubleUp	DXC4B2P
2025-01-03 16:53:00	9	DoubleDown	DXC4B2P
2025-01-03 17:03:00	11.6	DoubleUp	DXC4B2P
2025-01-03 17:13:00	8.2	DoubleDown	DXC4B2P
2025-01-03 17:21:00	11.2	DoubleUp	DXC4B2P
2025-01-03 17:29:00	4.7	DoubleDown	DXC4B2P
2025-01-03 17:36:00	4	DoubleDown	DXC4B2P
2025-01-03 17:44:00	8.9	DoubleUp	DXC4B2P
2025-01-03 17:53:00	7.3	DoubleDown	DXC4B2P
2025-01-03 18:03:00	8.3	DoubleUp	DXC4B2P
2025-01-03 18:10:00	6.5	DoubleDown	DXC4B2P
2025-01-03 18:19:00	4.2	DoubleDown	DXC4B2P
2025-01-03 18:26:00	9.3	DoubleUp	DXC4B2P
2025-01-03 18:36:00	8.1	DoubleDown	DXC4B2P
2025-01-03 18:44:00	15.8	DoubleUp	DXC4B2P
2025-01-03 18:54:00	7.9	DoubleDown	DXC4B2P
2025-01-03 19:04:00	6.5	DoubleDown	DXC4B2P
2025-01-03 19:12:00	14.1	DoubleUp	DXC4B2P
2025-01-03 19:20:00	10	DoubleDown	DXC4B2P
2025-01-03 19:30:00	9.5	DoubleDown	DXC4B2P
2025-01-03 19:40:00	4.8	DoubleDown	DXC4B2P
2025-01-03 19:47:00	14.4	DoubleUp	DXC4B2P
2025-01-03 19:55:00	7.7	DoubleDown	DXC4B2P
2025-01-03 20:04:00	8.8	DoubleUp	DXC4B2P
2025-01-03 20:12:00	13.4	DoubleUp	DXC4B2P
2025-01-03 20:19:00	3.9	DoubleDown	DXC4B2P
2025-01-03 20:29:00	6.2	DoubleUp	DXC4B2P
2025-01-03 20:39:00	5.1	DoubleDown	DXC4B2P
2025-01-03 20:46:00	12	DoubleUp	DXC4B2P
2025-01-03 20:56:00	7.6	DoubleDown	DXC4B2P
2025-01-03 21:04:00	8.2	DoubleUp	DXC4B2P
2025-01-03 21:13:00	5.7	DoubleDown	DXC4B2P
2025-01-03 21:22:00	4	DoubleDown	DXC4B2P
2025-01-03 21:32:00	4.7	DoubleUp	DXC4B2P
2025-01-03 21:40:00	4.6	Flat	DXC4B2P
2025-01-03 21:47:00	5.6	DoubleUp	DXC4B2P
2025-01-03 21:57:00	9.7	DoubleUp	DXC4B2P
2025-01-03 22:06:00	10.4	DoubleUp	DXC4B2P
2025-01-03 22:15:00	4.8	DoubleDown	DXC4B2P
2025-01-03 22:23:00	9.7	DoubleUp	DXC4B2P
2025-01-03 22:32:00	3.9	DoubleDown	DXC4B2P
2025-01-03 22:42:00	7	DoubleUp	DXC4B2P
2025-01-03 22:52:00	12.7	DoubleUp	DXC4B2P
2025-01-03 23:00:00	13.5	DoubleUp	DXC4B2P
2025-01-03 23:07:00	12.5	DoubleDown	DXC4B2P
2025-01-03 23:15:00	7.3	DoubleDown	DXC4B2P
2025-01-03 23:23:00	5.7	DoubleDown	DXC4B2P
2025-01-03 23:30:00	4	DoubleDown	DXC4B2P
2025-01-03 23:38:00	6.8	DoubleUp	DXC4B2P
2025-01-03 23:47:00	4.3	DoubleDown	DXC4B2P
2025-01-03 23:57:00	10.2	DoubleUp	DXC4B2P
2025-01-04 00:06:00	13.6	DoubleUp	DXC4B2P
2025-01-04 00:16:00	5.3	DoubleDown	DXC4B2P
2025-01-04 00:24:00	10.6	DoubleUp	DXC4B2P
2025-01-04 00:32:00	9.9	DoubleDown	DXC4B2P
2025-01-04 00:40:00	8	DoubleDown	DXC4B2P
2025-01-04 00:50:00	8.8	DoubleUp	DXC4B2P
2025-01-04 00:57:00	6.9	DoubleDown	DXC4B2P
2025-01-04 01:05:00	5.1	DoubleDown	DXC4B2P
2025-01-04 01:14:00	5	Flat	DXC4B2P
2025-01-04 01:24:00	8.1	DoubleUp	DXC4B2P
2025-01-04 01:32:00	9	DoubleUp	DXC4B2P
2025-01-04 01:42:00	3.7	DoubleDown	DXC4B2P
2025-01-04 01:50:00	8.6	DoubleUp	DXC4B2P
2025-01-04 02:00:00	8.2	DoubleDown	DXC4B2P
2025-01-04 02:09:00	8.4	SingleUp	DXC4B2P
2025-01-04 02:16:00	8.7	DoubleUp	DXC4B2P
2025-01-04 02:25:00	13.2	DoubleUp	DXC4B2P
2025-01-04 02:33:00	6.4	DoubleDown	DXC4B2P
2025-01-04 02:42:00	4.2	DoubleDown	DXC4B2P
2025-01-04 02:51:00	7.7	DoubleUp	DXC4B2P
2025-01-04 03:01:00	8.4	DoubleUp	DXC4B2P
2025-01-04 03:10:00	4.6	DoubleDown	DXC4B2P
2025-01-04 03:19:00	4.5	Flat	DXC4B2P
2025-01-04 03:27:00	8.6	DoubleUp	DXC4B2P
2025-01-04 03:34:00	4.2	DoubleDown	DXC4B2P
2025-01-04 03:42:00	8	DoubleUp	DXC4B2P
2025-01-04 03:52:00	10.6	DoubleUp	DXC4B2P
2025-01-04 04:00:00	9.4	DoubleDown	DXC4B2P
2025-01-04 04:07:00	6.8	DoubleDown	DXC4B2P
2025-01-04 04:14:00	9	DoubleUp	DXC4B2P
2025-01-04 04:23:00	13.5	DoubleUp	DXC4B2P
2025-01-04 04:31:00	7	DoubleDown	DXC4B2P
2025-01-04 04:39:00	9	DoubleUp	DXC4B2P
2025-01-04 04:47:00	13.6	DoubleUp	DXC4B2P
2025-01-04 04:56:00	7.1	DoubleDown	DXC4B2P
2025-01-04 05:04:00	6.4	DoubleDown	DXC4B2P
2025-01-04 05:13:00	8.3	DoubleUp	DXC4B2P
2025-01-04 05:20:00	12.8	DoubleUp	DXC4B2P
2025-01-04 05:27:00	7.3	DoubleDown	DXC4B2P
2025-01-04 05:37:00	5.8	DoubleDown	DXC4B2P
2025-01-04 05:45:00	15	DoubleUp	DXC4B2P
2025-01-04 05:54:00	7.6	DoubleDown	DXC4B2P
2025-01-04 06:03:00	6	DoubleDown	DXC4B2P
2025-01-04 06:10:00	5.3	DoubleDown	DXC4B2P
2025-01-04 06:19:00	13.2	DoubleUp	DXC4B2P
2025-01-04 06:26:00	5.6	DoubleDown	DXC4B2P
2025-01-04 06:34:00	12.1	DoubleUp	DXC4B2P
2025-01-04 06:41:00	8.6	DoubleDown	DXC4B2P
2025-01-04 06:51:00	11.9	DoubleUp	DXC4B2P
2025-01-04 06:58:00	11.3	DoubleDown	DXC4B2P
2025-01-04 07:07:00	10	DoubleDown	DXC4B2P
2025-01-04 07:15:00	5.5	DoubleDown	DXC4B2P
2025-01-04 07:22:00	3.9	DoubleDown	DXC4B2P
2025-01-04 07:31:00	8.5	DoubleUp	DXC4B2P
2025-01-04 07:38:00	6.6	DoubleDown	DXC4B2P
2025-01-04 07:45:00	7.2	DoubleUp	DXC4B2P
2025-01-04 07:53:00	12.2	DoubleUp	DXC4B2P
2025-01-04 08:03:00	4.9	DoubleDown	DXC4B2P
2025-01-04 08:13:00	12.4	DoubleUp	DXC4B2P
2025-01-04 08:21:00	11.1	DoubleDown	DXC4B2P
2025-01-04 08:29:00	8.7	DoubleDown	DXC4B2P
2025-01-04 08:38:00	5.9	DoubleDown	DXC4B2P
2025-01-04 08:47:00	6.5	DoubleUp	DXC4B2P
2025-01-04 08:54:00	5.2	DoubleDown	DXC4B2P
2025-01-04 09:04:00	10.3	DoubleUp	DXC4B2P
2025-01-04 09:14:00	12.6	DoubleUp	DXC4B2P
2025-01-04 09:22:00	9.9	DoubleDown	DXC4B2P
2025-01-04 09:30:00	7.4	DoubleDown	DXC4B2P
2025-01-04 09:39:00	10.4	DoubleUp	DXC4B2P
2025-01-04 09:49:00	10.9	DoubleUp	DXC4B2P
2025-01-04 09:58:00	15.9	DoubleUp	DXC4B2P
2025-01-04 10:06:00	9.6	DoubleDown	DXC4B2P
2025-01-04 10:15:00	3.1	DoubleDown	DXC4B2P
2025-01-04 10:22:00	9.1	DoubleUp	DXC4B2P
2025-01-04 10:29:00	7.2	DoubleDown	DXC4B2P
2025-01-04 10:38:00	13.7	DoubleUp	DXC4B2P
2025-01-04 10:48:00	5.4	DoubleDown	DXC4B2P
2025-01-04 10:56:00	16.4	DoubleUp	DXC4B2P
2025-01-04 11:06:00	11.8	DoubleDown	DXC4B2P
2025-01-04 11:14:00	6.4	DoubleDown	DXC4B2P
2025-01-04 11:23:00	4.3	DoubleDown	DXC4B2P
2025-01-04 11:31:00	14.3	DoubleUp	DXC4B2P
2025-01-04 11:39:00	5.7	DoubleDown	DXC4B2P
2025-01-04 11:49:00	12.2	DoubleUp	DXC4B2P
2025-01-04 11:59:00	7.1	DoubleDown	DXC4B2P
2025-01-04 12:07:00	3.8	DoubleDown	DXC4B2P
2025-01-04 12:16:00	5.1	DoubleUp	DXC4B2P
2025-01-04 12:24:00	8.2	DoubleUp	DXC4B2P
2025-01-04 12:31:00	5.8	DoubleDown	DXC4B2P
2025-01-04 12:38:00	4.6	DoubleDown	DXC4B2P
2025-01-04 12:46:00	6.8	DoubleUp	DXC4B2P
2025-01-04 12:53:00	5.6	DoubleDown	DXC4B2P
2025-01-04 13:00:00	14.6	DoubleUp	DXC4B2P
2025-01-04 13:10:00	5.3	DoubleDown	DXC4B2P
2025-01-04 13:19:00	7.3	DoubleUp	DXC4B2P
2025-01-04 13:26:00	6.1	DoubleDown	DXC4B2P
2025-01-04 13:36:00	15.1	DoubleUp	DXC4B2P
2025-01-04 13:46:00	7.8	DoubleDown	DXC4B2P
2025-01-04 13:54:00	9.4	DoubleUp	DXC4B2P
2025-01-04 14:01:00	10	DoubleUp	DXC4B2P
2025-01-04 14:11:00	9.4	DoubleDown	DXC4B2P
2025-01-04 14:18:00	8.1	DoubleDown	DXC4B2P
2025-01-04 14:27:00	14.1	DoubleUp	DXC4B2P
2025-01-04 14:36:00	14.3	SingleUp	DXC4B2P
2025-01-04 14:46:00	9.4	DoubleDown	DXC4B2P
2025-01-04 14:53:00	15.8	DoubleUp	DXC4B2P
2025-01-04 15:03:00	14.6	DoubleDown	DXC4B2P
2025-01-04 15:11:00	5.6	DoubleDown	DXC4B2P
2025-01-04 15:20:00	9.8	DoubleUp	DXC4B2P
2025-01-04 15:28:00	5.9	DoubleDown	DXC4B2P
2025-01-04 15:37:00	5.6	DoubleDown	DXC4B2P
2025-01-04 15:47:00	15.7	DoubleUp	DXC4B2P
2025-01-04 15:54:00	6.1	DoubleDown	DXC4B2P
2025-01-04 16:02:00	7.3	DoubleUp	DXC4B2P
2025-01-04 16:12:00	11.6	DoubleUp	DXC4B2P
2025-01-04 16:22:00	9.4	DoubleDown	DXC4B2P
2025-01-04 16:31:00	11.2	DoubleUp	DXC4B2P
2025-01-04 16:38:00	4.1	DoubleDown	DXC4B2P
2025-01-04 16:47:00	6.3	DoubleUp	DXC4B2P
2025-01-04 16:55:00	11.8	DoubleUp	DXC4B2P
2025-01-04 17:02:00	6.5	DoubleDown	DXC4B2P
2025-01-04 17:12:00	11.2	DoubleUp	DXC4B2P
2025-01-04 17:20:00	4.7	DoubleDown	DXC4B2P
2025-01-04 17:27:00	6.5	DoubleUp	DXC4B2P
2025-01-04 17:34:00	12.9	DoubleUp	DXC4B2P
2025-01-04 17:43:00	4.5	DoubleDown	DXC4B2P
2025-01-04 17:52:00	8	DoubleUp	DXC4B2P
2025-01-04 17:59:00	4.4	DoubleDown	DXC4B2P
2025-01-04 18:09:00	8.2	DoubleUp	DXC4B2P
2025-01-04 18:16:00	6.6	DoubleDown	DXC4B2P
2025-01-04 18:25:00	7	DoubleUp	DXC4B2P
2025-01-04 18:32:00	5.9	DoubleDown	DXC4B2P
2025-01-04 18:42:00	9	DoubleUp	DXC4B2P
2025-01-04 18:51:00	6.5	DoubleDown	DXC4B2P
2025-01-04 18:59:00	9.4	DoubleUp	DXC4B2P
2025-01-04 19:07:00	5.8	DoubleDown	DXC4B2P
2025-01-04 19:14:00	8.8	DoubleUp	DXC4B2P
2025-01-04 19:22:00	9.5	DoubleUp	DXC4B2P
2025-01-04 19:30:00	6.9	DoubleDown	DXC4B2P
2025-01-04 19:39:00	10	DoubleUp	DXC4B2P
2025-01-04 19:48:00	4.5	DoubleDown	DXC4B2P
2025-01-04 19:56:00	5.8	DoubleUp	DXC4B2P
2025-01-04 20:06:00	3.9	DoubleDown	DXC4B2P
2025-01-04 20:16:00	9.3	DoubleUp	DXC4B2P
2025-01-04 20:25:00	9.6	DoubleUp	DXC4B2P
2025-01-04 20:34:00	13.9	DoubleUp	DXC4B2P
2025-01-04 20:41:00	8.8	DoubleDown	DXC4B2P
2025-01-04 20:50:00	8.8	Flat	DXC4B2P
2025-01-04 21:00:00	8	DoubleDown	DXC4B2P
2025-01-04 21:08:00	7.5	DoubleDown	DXC4B2P
2025-01-04 21:18:00	5.4	DoubleDown	DXC4B2P
2025-01-04 21:26:00	12.1	DoubleUp	DXC4B2P
2025-01-04 21:33:00	16.3	DoubleUp	DXC4B2P
2025-01-04 21:43:00	8	DoubleDown	DXC4B2P
2025-01-04 21:52:00	13.5	DoubleUp	DXC4B2P
2025-01-04 22:00:00	9.2	DoubleDown	DXC4B2P
2025-01-04 22:09:00	4.8	DoubleDown	DXC4B2P
2025-01-04 22:16:00	8.9	DoubleUp	DXC4B2P
2025-01-04 22:24:00	13	DoubleUp	DXC4B2P
2025-01-04 22:32:00	6.7	DoubleDown	DXC4B2P
2025-01-04 22:42:00	4.3	DoubleDown	DXC4B2P
2025-01-04 22:52:00	8.7	DoubleUp	DXC4B2P
2025-01-04 23:02:00	8.4	DoubleDown	DXC4B2P
2025-01-04 23:11:00	8.5	Flat	DXC4B2P
2025-01-04 23:20:00	7.7	DoubleDown	DXC4B2P
2025-01-04 23:28:00	9.5	DoubleUp	DXC4B2P
2025-01-04 23:35:00	8.5	DoubleDown	DXC4B2P
2025-01-04 23:43:00	12.4	DoubleUp	DXC4B2P
2025-01-04 23:51:00	10.9	DoubleDown	DXC4B2P
2025-01-04 23:58:00	12.5	DoubleUp	DXC4B2P
2025-01-05 00:07:00	5.2	DoubleDown	DXC4B2P
2025-01-05 00:15:00	4.3	DoubleDown	DXC4B2P
2025-01-05 00:25:00	8.7	DoubleUp	DXC4B2P
2025-01-05 00:33:00	5.7	DoubleDown	DXC4B2P
2025-01-05 00:42:00	9.6	DoubleUp	DXC4B2P
2025-01-05 00:49:00	7.3	DoubleDown	DXC4B2P
2025-01-05 00:57:00	7.3	Flat	DXC4B2P
2025-01-05 01:04:00	9.6	DoubleUp	DXC4B2P
2025-01-05 01:11:00	4.6	DoubleDown	DXC4B2P
2025-01-05 01:19:00	7.3	DoubleUp	DXC4B2P
2025-01-05 01:27:00	6	DoubleDown	DXC4B2P
2025-01-05 01:34:00	13	DoubleUp	DXC4B2P
2025-01-05 01:42:00	8.7	DoubleDown	DXC4B2P
2025-01-05 01:52:00	6.7	DoubleDown	DXC4B2P
2025-01-05 02:01:00	6.5	SingleDown	DXC4B2P
2025-01-05 02:10:00	4.9	DoubleDown	DXC4B2P
2025-01-05 02:19:00	5	Flat	DXC4B2P
2025-01-05 02:26:00	5.6	DoubleUp	DXC4B2P
2025-01-05 02:36:00	7	DoubleUp	DXC4B2P
2025-01-05 02:44:00	5.7	DoubleDown	DXC4B2P
2025-01-05 02:51:00	7.9	DoubleUp	DXC4B2P
2025-01-05 02:59:00	4.1	DoubleDown	DXC4B2P
2025-01-05 03:09:00	4.9	DoubleUp	DXC4B2P
2025-01-05 03:16:00	7.7	DoubleUp	DXC4B2P
2025-01-05 03:25:00	6.9	DoubleDown	DXC4B2P
2025-01-05 03:33:00	15	DoubleUp	DXC4B2P
2025-01-05 03:40:00	12.6	DoubleDown	DXC4B2P
2025-01-05 03:50:00	7.8	DoubleDown	DXC4B2P
2025-01-05 03:58:00	5.5	DoubleDown	DXC4B2P
2025-01-05 04:08:00	7.7	DoubleUp	DXC4B2P
2025-01-05 04:16:00	9.5	DoubleUp	DXC4B2P
2025-01-05 04:24:00	7.2	DoubleDown	DXC4B2P
2025-01-05 04:32:00	12.9	DoubleUp	DXC4B2P
2025-01-05 04:41:00	3.3	DoubleDown	DXC4B2P
2025-01-05 04:51:00	11.7	DoubleUp	DXC4B2P
2025-01-05 04:58:00	12	DoubleUp	DXC4B2P
2025-01-05 05:08:00	4.4	DoubleDown	DXC4B2P
2025-01-05 05:16:00	10.6	DoubleUp	DXC4B2P
2025-01-05 05:25:00	11	DoubleUp	DXC4B2P
2025-01-05 05:34:00	4.3	DoubleDown	DXC4B2P
2025-01-05 05:44:00	9.1	DoubleUp	DXC4B2P
2025-01-05 05:53:00	15	DoubleUp	DXC4B2P
2025-01-05 06:01:00	7.4	DoubleDown	DXC4B2P
2025-01-05 06:09:00	11.6	DoubleUp	DXC4B2P
2025-01-05 06:16:00	6	DoubleDown	DXC4B2P
2025-01-05 06:25:00	5.9	Flat	DXC4B2P
2025-01-05 06:33:00	13.6	DoubleUp	DXC4B2P
2025-01-05 06:42:00	6.6	DoubleDown	DXC4B2P
2025-01-05 06:51:00	11.4	DoubleUp	DXC4B2P
2025-01-05 06:59:00	13.2	DoubleUp	DXC4B2P
2025-01-05 07:08:00	5	DoubleDown	DXC4B2P
2025-01-05 07:17:00	13.1	DoubleUp	DXC4B2P
2025-01-05 07:26:00	10	DoubleDown	DXC4B2P
2025-01-05 07:33:00	15.7	DoubleUp	DXC4B2P
2025-01-05 07:42:00	14.2	DoubleDown	DXC4B2P
2025-01-05 07:52:00	9.5	DoubleDown	DXC4B2P
2025-01-05 08:01:00	9.8	DoubleUp	DXC4B2P
2025-01-05 08:11:00	4.1	DoubleDown	DXC4B2P
2025-01-05 08:20:00	3.2	DoubleDown	DXC4B2P
2025-01-05 08:27:00	8	DoubleUp	DXC4B2P
2025-01-05 08:36:00	8.6	DoubleUp	DXC4B2P
2025-01-05 08:43:00	8.7	Flat	DXC4B2P
2025-01-05 08:53:00	7.7	DoubleDown	DXC4B2P
2025-01-05 09:03:00	11.1	DoubleUp	DXC4B2P
2025-01-05 09:12:00	12.2	DoubleUp	DXC4B2P
2025-01-05 09:19:00	4.4	DoubleDown	DXC4B2P
2025-01-05 09:26:00	16.1	DoubleUp	DXC4B2P
2025-01-05 09:33:00	5.9	DoubleDown	DXC4B2P
2025-01-05 09:41:00	5.5	DoubleDown	DXC4B2P
2025-01-05 09:49:00	14.3	DoubleUp	DXC4B2P
2025-01-05 09:59:00	9	DoubleDown	DXC4B2P
2025-01-05 10:07:00	12.1	DoubleUp	DXC4B2P
2025-01-05 10:14:00	9.7	DoubleDown	DXC4B2P
2025-01-05 10:23:00	15.9	DoubleUp	DXC4B2P
2025-01-05 10:30:00	8	DoubleDown	DXC4B2P
2025-01-05 10:40:00	16.5	DoubleUp	DXC4B2P
2025-01-05 10:47:00	10.5	DoubleDown	DXC4B2P
2025-01-05 10:57:00	10.3	SingleDown	DXC4B2P
2025-01-05 11:05:00	5.1	DoubleDown	DXC4B2P
2025-01-05 11:15:00	3.1	DoubleDown	DXC4B2P
2025-01-05 11:22:00	10.3	DoubleUp	DXC4B2P
2025-01-05 11:29:00	6.5	DoubleDown	DXC4B2P
2025-01-05 11:39:00	10.8	DoubleUp	DXC4B2P
2025-01-05 11:47:00	10.9	Flat	DXC4B2P
2025-01-05 11:56:00	6.9	DoubleDown	DXC4B2P
2025-01-05 12:06:00	11.5	DoubleUp	DXC4B2P
2025-01-05 12:15:00	9.7	DoubleDown	DXC4B2P
2025-01-05 12:23:00	8	DoubleDown	DXC4B2P
2025-01-05 12:32:00	5.9	DoubleDown	DXC4B2P
2025-01-05 12:41:00	10	DoubleUp	DXC4B2P
2025-01-05 12:51:00	4.8	DoubleDown	DXC4B2P
2025-01-05 13:01:00	7.8	DoubleUp	DXC4B2P
2025-01-05 13:10:00	4.6	DoubleDown	DXC4B2P
2025-01-05 13:18:00	13.4	DoubleUp	DXC4B2P
2025-01-05 13:26:00	7	DoubleDown	DXC4B2P
2025-01-05 13:36:00	9.5	DoubleUp	DXC4B2P
2025-01-05 13:45:00	13.9	DoubleUp	DXC4B2P
2025-01-05 13:54:00	9.6	DoubleDown	DXC4B2P
2025-01-05 14:04:00	14.6	DoubleUp	DXC4B2P
2025-01-05 14:12:00	11	DoubleDown	DXC4B2P
2025-01-05 14:19:00	8.8	DoubleDown	DXC4B2P
2025-01-05 14:28:00	5.3	DoubleDown	DXC4B2P
2025-01-05 14:36:00	7.7	DoubleUp	DXC4B2P
2025-01-05 14:45:00	7.6	Flat	DXC4B2P
2025-01-05 14:54:00	13.3	DoubleUp	DXC4B2P
2025-01-05 15:03:00	15.7	DoubleUp	DXC4B2P
2025-01-05 15:13:00	11.8	DoubleDown	DXC4B2P
2025-01-05 15:20:00	4.6	DoubleDown	DXC4B2P
2025-01-05 15:29:00	7.2	DoubleUp	DXC4B2P
2025-01-05 15:38:00	9.7	DoubleUp	DXC4B2P
2025-01-05 15:47:00	7	DoubleDown	DXC4B2P
2025-01-05 15:54:00	5.8	DoubleDown	DXC4B2P
2025-01-05 16:03:00	16.3	DoubleUp	DXC4B2P
2025-01-05 16:13:00	4.9	DoubleDown	DXC4B2P
2025-01-05 16:22:00	3.4	DoubleDown	DXC4B2P
2025-01-05 16:32:00	7.2	DoubleUp	DXC4B2P
2025-01-05 16:42:00	15.5	DoubleUp	DXC4B2P
2025-01-05 16:49:00	16.4	DoubleUp	DXC4B2P
2025-01-05 16:58:00	10	DoubleDown	DXC4B2P
2025-01-05 17:06:00	10.2	SingleUp	DXC4B2P
2025-01-05 17:14:00	14.2	DoubleUp	DXC4B2P
2025-01-05 17:24:00	4.2	DoubleDown	DXC4B2P
2025-01-05 17:31:00	8.9	DoubleUp	DXC4B2P
2025-01-05 17:38:00	8.5	DoubleDown	DXC4B2P
2025-01-05 17:48:00	4.5	DoubleDown	DXC4B2P
2025-01-05 17:58:00	6.3	DoubleUp	DXC4B2P
2025-01-05 18:08:00	8.2	DoubleUp	DXC4B2P
2025-01-05 18:18:00	9.3	DoubleUp	DXC4B2P
2025-01-05 18:25:00	6.4	DoubleDown	DXC4B2P
2025-01-05 18:34:00	8.9	DoubleUp	DXC4B2P
2025-01-05 18:44:00	8.7	SingleDown	DXC4B2P
2025-01-05 18:52:00	7.7	DoubleDown	DXC4B2P
2025-01-05 19:02:00	11.7	DoubleUp	DXC4B2P
2025-01-05 19:09:00	9	DoubleDown	DXC4B2P
2025-01-05 19:19:00	8.3	DoubleDown	DXC4B2P
2025-01-05 19:28:00	7.7	DoubleDown	DXC4B2P
2025-01-05 19:36:00	6.6	DoubleDown	DXC4B2P
2025-01-05 19:43:00	13.9	DoubleUp	DXC4B2P
2025-01-05 19:53:00	8.8	DoubleDown	DXC4B2P
2025-01-05 20:00:00	6.4	DoubleDown	DXC4B2P
2025-01-05 20:09:00	8.3	DoubleUp	DXC4B2P
2025-01-05 20:17:00	9.8	DoubleUp	DXC4B2P
2025-01-05 20:24:00	16	DoubleUp	DXC4B2P
2025-01-05 20:32:00	6.2	DoubleDown	DXC4B2P
2025-01-05 20:40:00	3.5	DoubleDown	DXC4B2P
2025-01-05 20:50:00	15.8	DoubleUp	DXC4B2P
2025-01-05 20:57:00	5.9	DoubleDown	DXC4B2P
2025-01-05 21:06:00	14.3	DoubleUp	DXC4B2P
2025-01-05 21:13:00	4	DoubleDown	DXC4B2P
2025-01-05 21:20:00	7.1	DoubleUp	DXC4B2P
2025-01-05 21:29:00	7.4	DoubleUp	DXC4B2P
2025-01-05 21:36:00	8.3	DoubleUp	DXC4B2P
2025-01-05 21:46:00	12.4	DoubleUp	DXC4B2P
2025-01-05 21:55:00	8.8	DoubleDown	DXC4B2P
2025-01-05 22:03:00	9.1	DoubleUp	DXC4B2P
2025-01-05 22:12:00	10.3	DoubleUp	DXC4B2P
2025-01-05 22:21:00	6.2	DoubleDown	DXC4B2P
2025-01-05 22:28:00	9.7	DoubleUp	DXC4B2P
2025-01-05 22:35:00	6.1	DoubleDown	DXC4B2P
2025-01-05 22:44:00	4.4	DoubleDown	DXC4B2P
2025-01-05 22:52:00	4.8	DoubleUp	DXC4B2P
2025-01-05 23:01:00	7.7	DoubleUp	DXC4B2P
2025-01-05 23:09:00	4.8	DoubleDown	DXC4B2P
2025-01-05 23:16:00	6.2	DoubleUp	DXC4B2P
2025-01-05 23:24:00	6.3	Flat	DXC4B2P
2025-01-05 23:32:00	11.3	DoubleUp	DXC4B2P
2025-01-05 23:41:00	6.2	DoubleDown	DXC4B2P
2025-01-05 23:51:00	11.7	DoubleUp	DXC4B2P
2025-01-06 00:01:00	8.2	DoubleDown	DXC4B2P
2025-01-06 00:09:00	11	DoubleUp	DXC4B2P
2025-01-06 00:17:00	13.6	DoubleUp	DXC4B2P
2025-01-06 00:27:00	13.9	DoubleUp	DXC4B2P
2025-01-06 00:34:00	10.3	DoubleDown	DXC4B2P
2025-01-06 00:43:00	6.3	DoubleDown	DXC4B2P
2025-01-06 00:52:00	10.3	DoubleUp	DXC4B2P
2025-01-06 00:59:00	9.9	DoubleDown	DXC4B2P
2025-01-06 01:07:00	5.1	DoubleDown	DXC4B2P
2025-01-06 01:15:00	11.5	DoubleUp	DXC4B2P
2025-01-06 01:23:00	4.7	DoubleDown	DXC4B2P
2025-01-06 01:31:00	13.2	DoubleUp	DXC4B2P
2025-01-06 01:38:00	5.8	DoubleDown	DXC4B2P
2025-01-06 01:45:00	9.9	DoubleUp	DXC4B2P
2025-01-06 01:54:00	4.4	DoubleDown	DXC4B2P
2025-01-06 02:01:00	4.8	DoubleUp	DXC4B2P
2025-01-06 02:10:00	9.8	DoubleUp	DXC4B2P
2025-01-06 02:20:00	5.6	DoubleDown	DXC4B2P
2025-01-06 02:27:00	6.7	DoubleUp	DXC4B2P
2025-01-06 02:34:00	8.1	DoubleUp	DXC4B2P
2025-01-06 02:44:00	8.6	DoubleUp	DXC4B2P
2025-01-06 02:54:00	6	DoubleDown	DXC4B2P
2025-01-06 03:03:00	13.2	DoubleUp	DXC4B2P
2025-01-06 03:12:00	5.9	DoubleDown	DXC4B2P
2025-01-06 03:20:00	4.6	DoubleDown	DXC4B2P
2025-01-06 03:30:00	10.2	DoubleUp	DXC4B2P
2025-01-06 03:39:00	5.8	DoubleDown	DXC4B2P
2025-01-06 03:46:00	9	DoubleUp	DXC4B2P
2025-01-06 03:54:00	12.8	DoubleUp	DXC4B2P
2025-01-06 04:03:00	7.5	DoubleDown	DXC4B2P
2025-01-06 04:11:00	5.2	DoubleDown	DXC4B2P
2025-01-06 04:21:00	13.3	DoubleUp	DXC4B2P
2025-01-06 04:29:00	9.1	DoubleDown	DXC4B2P
2025-01-06 04:36:00	6.3	DoubleDown	DXC4B2P
2025-01-06 04:45:00	7.5	DoubleUp	DXC4B2P
2025-01-06 04:52:00	12.1	DoubleUp	DXC4B2P
2025-01-06 04:59:00	14.4	DoubleUp	DXC4B2P
2025-01-06 05:08:00	8	DoubleDown	DXC4B2P
2025-01-06 05:18:00	7	DoubleDown	DXC4B2P
2025-01-06 05:28:00	5.8	DoubleDown	DXC4B2P
2025-01-06 05:37:00	7.8	DoubleUp	DXC4B2P
2025-01-06 05:47:00	6.8	DoubleDown	DXC4B2P
2025-01-06 05:57:00	7	SingleUp	DXC4B2P
2025-01-06 06:07:00	4.2	DoubleDown	DXC4B2P
2025-01-06 06:17:00	11.7	DoubleUp	DXC4B2P
2025-01-06 06:24:00	13.2	DoubleUp	DXC4B2P
2025-01-06 06:31:00	6.8	DoubleDown	DXC4B2P
2025-01-06 06:40:00	4.6	DoubleDown	DXC4B2P
2025-01-06 06:47:00	7.6	DoubleUp	DXC4B2P
2025-01-06 06:55:00	16.1	DoubleUp	DXC4B2P
2025-01-06 07:02:00	9.1	DoubleDown	DXC4B2P
2025-01-06 07:09:00	7.8	DoubleDown	DXC4B2P
2025-01-06 07:17:00	7	DoubleDown	DXC4B2P
2025-01-06 07:25:00	7.2	SingleUp	DXC4B2P
2025-01-06 07:34:00	5.7	DoubleDown	DXC4B2P
2025-01-06 07:44:00	15.3	DoubleUp	DXC4B2P
2025-01-06 07:53:00	8.8	DoubleDown	DXC4B2P
2025-01-06 08:02:00	3.1	DoubleDown	DXC4B2P
2025-01-06 08:09:00	8.2	DoubleUp	DXC4B2P
2025-01-06 08:16:00	7.2	DoubleDown	DXC4B2P
2025-01-06 08:26:00	6.8	DoubleDown	DXC4B2P
2025-01-06 08:35:00	14.3	DoubleUp	DXC4B2P
2025-01-06 08:44:00	10.7	DoubleDown	DXC4B2P
2025-01-06 08:53:00	15.4	DoubleUp	DXC4B2P
2025-01-06 09:01:00	13.6	DoubleDown	DXC4B2P
2025-01-06 09:10:00	9.9	DoubleDown	DXC4B2P
2025-01-06 09:18:00	6.2	DoubleDown	DXC4B2P
2025-01-06 09:26:00	7.7	DoubleUp	DXC4B2P
2025-01-06 09:33:00	11.5	DoubleUp	DXC4B2P
2025-01-06 09:40:00	4.4	DoubleDown	DXC4B2P
2025-01-06 09:49:00	6.9	DoubleUp	DXC4B2P
2025-01-06 09:58:00	5.9	DoubleDown	DXC4B2P
2025-01-06 10:07:00	3.9	DoubleDown	DXC4B2P
2025-01-06 10:15:00	6.3	DoubleUp	DXC4B2P
2025-01-06 10:23:00	5.4	DoubleDown	DXC4B2P
2025-01-06 10:31:00	6.4	DoubleUp	DXC4B2P
2025-01-06 10:41:00	5	DoubleDown	DXC4B2P
2025-01-06 10:51:00	9.2	DoubleUp	DXC4B2P
2025-01-06 11:01:00	8.1	DoubleDown	DXC4B2P
2025-01-06 11:11:00	6.6	DoubleDown	DXC4B2P
2025-01-06 11:20:00	11.1	DoubleUp	DXC4B2P
2025-01-06 11:28:00	13.6	DoubleUp	DXC4B2P
2025-01-06 11:36:00	6.9	DoubleDown	DXC4B2P
2025-01-06 11:44:00	7.4	DoubleUp	DXC4B2P
2025-01-06 11:52:00	10.7	DoubleUp	DXC4B2P
2025-01-06 12:01:00	6	DoubleDown	DXC4B2P
2025-01-06 12:09:00	4.6	DoubleDown	DXC4B2P
2025-01-06 12:19:00	11.6	DoubleUp	DXC4B2P
2025-01-06 12:26:00	6.8	DoubleDown	DXC4B2P
2025-01-06 12:33:00	10.9	DoubleUp	DXC4B2P
2025-01-06 12:41:00	4.6	DoubleDown	DXC4B2P
2025-01-06 12:48:00	16.2	DoubleUp	DXC4B2P
2025-01-06 12:56:00	8.1	DoubleDown	DXC4B2P
2025-01-06 13:06:00	4	DoubleDown	DXC4B2P
2025-01-06 13:16:00	9	DoubleUp	DXC4B2P
2025-01-06 13:25:00	8.4	DoubleDown	DXC4B2P
2025-01-06 13:33:00	8.2	SingleDown	DXC4B2P
2025-01-06 13:43:00	7.3	DoubleDown	DXC4B2P
2025-01-06 13:52:00	3.4	DoubleDown	DXC4B2P
2025-01-06 14:02:00	15.4	DoubleUp	DXC4B2P
2025-01-06 14:10:00	15.1	DoubleDown	DXC4B2P
2025-01-06 14:19:00	4.8	DoubleDown	DXC4B2P
2025-01-06 14:29:00	6.4	DoubleUp	DXC4B2P
2025-01-06 14:36:00	2.6	DoubleDown	DXC4B2P
2025-01-06 14:43:00	9.8	DoubleUp	DXC4B2P
2025-01-06 14:51:00	9.3	DoubleDown	DXC4B2P
2025-01-06 15:01:00	9.3	Flat	DXC4B2P
2025-01-06 15:09:00	10.5	DoubleUp	DXC4B2P
2025-01-06 15:18:00	6.9	DoubleDown	DXC4B2P
2025-01-06 15:28:00	7.4	DoubleUp	DXC4B2P
2025-01-06 15:38:00	14.8	DoubleUp	DXC4B2P
2025-01-06 15:48:00	5.9	DoubleDown	DXC4B2P
2025-01-06 15:58:00	5.2	DoubleDown	DXC4B2P
2025-01-06 16:05:00	6.6	DoubleUp	DXC4B2P
2025-01-06 16:12:00	10.2	DoubleUp	DXC4B2P
2025-01-06 16:21:00	4.6	DoubleDown	DXC4B2P
2025-01-06 16:29:00	5.7	DoubleUp	DXC4B2P
2025-01-06 16:38:00	8.7	DoubleUp	DXC4B2P
2025-01-06 16:48:00	13.8	DoubleUp	DXC4B2P
2025-01-06 16:56:00	8.7	DoubleDown	DXC4B2P
2025-01-06 17:04:00	9.7	DoubleUp	DXC4B2P
2025-01-06 17:12:00	12.8	DoubleUp	DXC4B2P
2025-01-06 17:19:00	11.3	DoubleDown	DXC4B2P
2025-01-06 17:27:00	9	DoubleDown	DXC4B2P
2025-01-06 17:34:00	9.8	DoubleUp	DXC4B2P
2025-01-06 17:42:00	6.6	DoubleDown	DXC4B2P
2025-01-06 17:51:00	6	DoubleDown	DXC4B2P
2025-01-06 18:01:00	10.3	DoubleUp	DXC4B2P
2025-01-06 18:09:00	5.6	DoubleDown	DXC4B2P
2025-01-06 18:17:00	8.4	DoubleUp	DXC4B2P
2025-01-06 18:26:00	9.4	DoubleUp	DXC4B2P
2025-01-06 18:34:00	5.7	DoubleDown	DXC4B2P
2025-01-06 18:42:00	5.3	DoubleDown	DXC4B2P
2025-01-06 18:49:00	5	DoubleDown	DXC4B2P
2025-01-06 18:59:00	16	DoubleUp	DXC4B2P
2025-01-06 19:06:00	6	DoubleDown	DXC4B2P
2025-01-06 19:14:00	13.5	DoubleUp	DXC4B2P
2025-01-06 19:24:00	8.2	DoubleDown	DXC4B2P
2025-01-06 19:31:00	9.4	DoubleUp	DXC4B2P
2025-01-06 19:38:00	11.7	DoubleUp	DXC4B2P
2025-01-06 19:45:00	7.9	DoubleDown	DXC4B2P
2025-01-06 19:53:00	8.1	SingleUp	DXC4B2P
2025-01-06 20:03:00	4.1	DoubleDown	DXC4B2P
2025-01-06 20:13:00	13	DoubleUp	DXC4B2P
2025-01-06 20:23:00	8.9	DoubleDown	DXC4B2P
2025-01-06 20:30:00	5.1	DoubleDown	DXC4B2P
2025-01-06 20:37:00	4.2	DoubleDown	DXC4B2P
2025-01-06 20:46:00	6.7	DoubleUp	DXC4B2P
2025-01-06 20:54:00	6.7	Flat	DXC4B2P
2025-01-06 21:02:00	13.6	DoubleUp	DXC4B2P
2025-01-06 21:09:00	12.9	DoubleDown	DXC4B2P
2025-01-06 21:16:00	14.3	DoubleUp	DXC4B2P
2025-01-06 21:25:00	5.7	DoubleDown	DXC4B2P
2025-01-06 21:33:00	9.4	DoubleUp	DXC4B2P
2025-01-06 21:41:00	5.6	DoubleDown	DXC4B2P
2025-01-06 21:50:00	8.9	DoubleUp	DXC4B2P
2025-01-06 21:59:00	13.6	DoubleUp	DXC4B2P
2025-01-06 22:08:00	9.4	DoubleDown	DXC4B2P
2025-01-06 22:15:00	5.4	DoubleDown	DXC4B2P
2025-01-06 22:25:00	10.6	DoubleUp	DXC4B2P
2025-01-06 22:34:00	7.4	DoubleDown	DXC4B2P
2025-01-06 22:43:00	8.7	DoubleUp	DXC4B2P
2025-01-06 22:52:00	8.2	DoubleDown	DXC4B2P
2025-01-06 23:02:00	4.6	DoubleDown	DXC4B2P
2025-01-06 23:10:00	6.6	DoubleUp	DXC4B2P
2025-01-06 23:17:00	7.6	DoubleUp	DXC4B2P
2025-01-06 23:27:00	4.3	DoubleDown	DXC4B2P
2025-01-06 23:34:00	10.6	DoubleUp	DXC4B2P
2025-01-06 23:43:00	7.9	DoubleDown	DXC4B2P
2025-01-06 23:50:00	8.7	DoubleUp	DXC4B2P
2025-01-07 00:00:00	13.1	DoubleUp	DXC4B2P
2025-01-07 00:07:00	10.6	DoubleDown	DXC4B2P
2025-01-07 00:17:00	8.9	DoubleDown	DXC4B2P
2025-01-07 00:24:00	8	DoubleDown	DXC4B2P
2025-01-07 00:33:00	6.6	DoubleDown	DXC4B2P
2025-01-07 00:40:00	8.3	DoubleUp	DXC4B2P
2025-01-07 00:48:00	7	DoubleDown	DXC4B2P
2025-01-07 00:57:00	4.7	DoubleDown	DXC4B2P
2025-01-07 01:06:00	4.1	DoubleDown	DXC4B2P
2025-01-07 01:16:00	8.8	DoubleUp	DXC4B2P
2025-01-07 01:23:00	6.9	DoubleDown	DXC4B2P
2025-01-07 01:31:00	12.5	DoubleUp	DXC4B2P
2025-01-07 01:38:00	11.3	DoubleDown	DXC4B2P
2025-01-07 01:47:00	4.2	DoubleDown	DXC4B2P
2025-01-07 01:57:00	11.9	DoubleUp	DXC4B2P
2025-01-07 02:04:00	8.4	DoubleDown	DXC4B2P
2025-01-07 02:12:00	7.9	DoubleDown	DXC4B2P
2025-01-07 02:20:00	8	Flat	DXC4B2P
2025-01-07 02:30:00	6	DoubleDown	DXC4B2P
2025-01-07 02:39:00	10.5	DoubleUp	DXC4B2P
2025-01-07 02:49:00	7.4	DoubleDown	DXC4B2P
2025-01-07 02:58:00	8.7	DoubleUp	DXC4B2P
2025-01-07 03:05:00	9.5	DoubleUp	DXC4B2P
2025-01-07 03:13:00	10.8	DoubleUp	DXC4B2P
2025-01-07 03:20:00	5.6	DoubleDown	DXC4B2P
2025-01-07 03:28:00	7.4	DoubleUp	DXC4B2P
2025-01-07 03:36:00	9.6	DoubleUp	DXC4B2P
2025-01-07 03:46:00	9.7	Flat	DXC4B2P
2025-01-07 03:55:00	6.2	DoubleDown	DXC4B2P
2025-01-07 04:03:00	10.1	DoubleUp	DXC4B2P
2025-01-07 04:10:00	9.7	DoubleDown	DXC4B2P
2025-01-07 04:17:00	7.3	DoubleDown	DXC4B2P
2025-01-07 04:24:00	6.5	DoubleDown	DXC4B2P
2025-01-07 04:33:00	8.1	DoubleUp	DXC4B2P
2025-01-07 04:40:00	8.7	DoubleUp	DXC4B2P
2025-01-07 04:50:00	11.9	DoubleUp	DXC4B2P
2025-01-07 04:58:00	7.1	DoubleDown	DXC4B2P
2025-01-07 05:08:00	10	DoubleUp	DXC4B2P
2025-01-07 05:17:00	6.3	DoubleDown	DXC4B2P
2025-01-07 05:26:00	5.2	DoubleDown	DXC4B2P
2025-01-07 05:35:00	4.7	DoubleDown	DXC4B2P
2025-01-07 05:45:00	5.9	DoubleUp	DXC4B2P
2025-01-07 05:53:00	5.1	DoubleDown	DXC4B2P
2025-01-07 06:03:00	4.3	DoubleDown	DXC4B2P
2025-01-07 06:12:00	8.2	DoubleUp	DXC4B2P
2025-01-07 06:21:00	5.2	DoubleDown	DXC4B2P
2025-01-07 06:31:00	8.8	DoubleUp	DXC4B2P
2025-01-07 06:41:00	11.7	DoubleUp	DXC4B2P
2025-01-07 06:50:00	12.1	DoubleUp	DXC4B2P
2025-01-07 07:00:00	5.8	DoubleDown	DXC4B2P
2025-01-07 07:08:00	11	DoubleUp	DXC4B2P
2025-01-07 07:17:00	4.5	DoubleDown	DXC4B2P
2025-01-07 07:27:00	5.1	DoubleUp	DXC4B2P
2025-01-07 07:37:00	6.7	DoubleUp	DXC4B2P
2025-01-07 07:44:00	7.6	DoubleUp	DXC4B2P
2025-01-07 07:53:00	4.1	DoubleDown	DXC4B2P
2025-01-07 08:02:00	5	DoubleUp	DXC4B2P
2025-01-07 08:10:00	4.9	Flat	DXC4B2P
2025-01-07 08:17:00	16.1	DoubleUp	DXC4B2P
2025-01-07 08:24:00	13.4	DoubleDown	DXC4B2P
2025-01-07 08:34:00	6.6	DoubleDown	DXC4B2P
2025-01-07 08:42:00	13.7	DoubleUp	DXC4B2P
2025-01-07 08:51:00	7.7	DoubleDown	DXC4B2P
2025-01-07 08:59:00	4.6	DoubleDown	DXC4B2P
2025-01-07 09:09:00	8.2	DoubleUp	DXC4B2P
2025-01-07 09:19:00	4.7	DoubleDown	DXC4B2P
2025-01-07 09:28:00	9.2	DoubleUp	DXC4B2P
2025-01-07 09:38:00	3.1	DoubleDown	DXC4B2P
2025-01-07 09:48:00	4.1	DoubleUp	DXC4B2P
2025-01-07 09:58:00	7.9	DoubleUp	DXC4B2P
2025-01-07 10:08:00	8.3	DoubleUp	DXC4B2P
2025-01-07 10:15:00	8.4	Flat	DXC4B2P
2025-01-07 10:22:00	11.9	DoubleUp	DXC4B2P
2025-01-07 10:31:00	6.3	DoubleDown	DXC4B2P
2025-01-07 10:39:00	4.5	DoubleDown	DXC4B2P
2025-01-07 10:47:00	9.8	DoubleUp	DXC4B2P
2025-01-07 10:54:00	8.8	DoubleDown	DXC4B2P
2025-01-07 11:01:00	8	DoubleDown	DXC4B2P
2025-01-07 11:11:00	12.5	DoubleUp	DXC4B2P
2025-01-07 11:19:00	5.5	DoubleDown	DXC4B2P
2025-01-07 11:26:00	3.7	DoubleDown	DXC4B2P
2025-01-07 11:33:00	11	DoubleUp	DXC4B2P
2025-01-07 11:43:00	14	DoubleUp	DXC4B2P
2025-01-07 11:53:00	10	DoubleDown	DXC4B2P
2025-01-07 12:03:00	8.9	DoubleDown	DXC4B2P
2025-01-07 12:11:00	8.9	Flat	DXC4B2P
2025-01-07 12:19:00	5.8	DoubleDown	DXC4B2P
2025-01-07 12:28:00	9.5	DoubleUp	DXC4B2P
2025-01-07 12:35:00	5.4	DoubleDown	DXC4B2P
2025-01-07 12:45:00	5.2	SingleDown	DXC4B2P
2025-01-07 12:52:00	7.9	DoubleUp	DXC4B2P
2025-01-07 13:02:00	4.7	DoubleDown	DXC4B2P
2025-01-07 13:11:00	4.2	DoubleDown	DXC4B2P
2025-01-07 13:18:00	8.2	DoubleUp	DXC4B2P
2025-01-07 13:25:00	6.2	DoubleDown	DXC4B2P
2025-01-07 13:34:00	3.4	DoubleDown	DXC4B2P
2025-01-07 13:41:00	8.1	DoubleUp	DXC4B2P
2025-01-07 13:49:00	6.1	DoubleDown	DXC4B2P
2025-01-07 13:59:00	9.1	DoubleUp	DXC4B2P
2025-01-07 14:06:00	8.6	DoubleDown	DXC4B2P
2025-01-07 14:16:00	8.7	Flat	DXC4B2P
2025-01-07 14:25:00	7.7	DoubleDown	DXC4B2P
2025-01-07 14:32:00	10.5	DoubleUp	DXC4B2P
2025-01-07 14:39:00	8.3	DoubleDown	DXC4B2P
2025-01-07 14:46:00	7.8	DoubleDown	DXC4B2P
2025-01-07 14:55:00	3.7	DoubleDown	DXC4B2P
2025-01-07 15:02:00	8.5	DoubleUp	DXC4B2P
2025-01-07 15:09:00	9	DoubleUp	DXC4B2P
2025-01-07 15:19:00	10.2	DoubleUp	DXC4B2P
2025-01-07 15:28:00	6.4	DoubleDown	DXC4B2P
2025-01-07 15:38:00	5.1	DoubleDown	DXC4B2P
2025-01-07 15:46:00	4.3	DoubleDown	DXC4B2P
2025-01-07 15:55:00	9.4	DoubleUp	DXC4B2P
2025-01-07 16:03:00	7.9	DoubleDown	DXC4B2P
2025-01-07 16:12:00	5.6	DoubleDown	DXC4B2P
2025-01-07 16:22:00	8.3	DoubleUp	DXC4B2P
2025-01-07 16:29:00	9.1	DoubleUp	DXC4B2P
2025-01-07 16:38:00	4.7	DoubleDown	DXC4B2P
2025-01-07 16:46:00	12.6	DoubleUp	DXC4B2P
2025-01-07 16:53:00	8.5	DoubleDown	DXC4B2P
2025-01-07 17:03:00	9.9	DoubleUp	DXC4B2P
2025-01-07 17:12:00	9	DoubleDown	DXC4B2P
2025-01-07 17:19:00	6.3	DoubleDown	DXC4B2P
2025-01-07 17:26:00	4.3	DoubleDown	DXC4B2P
2025-01-07 17:35:00	15.2	DoubleUp	DXC4B2P
2025-01-07 17:45:00	15.8	DoubleUp	DXC4B2P
2025-01-07 17:52:00	6.5	DoubleDown	DXC4B2P
2025-01-07 18:01:00	8.9	DoubleUp	DXC4B2P
2025-01-07 18:10:00	6	DoubleDown	DXC4B2P
2025-01-07 18:18:00	5	DoubleDown	DXC4B2P
2025-01-07 18:25:00	14.5	DoubleUp	DXC4B2P
2025-01-07 18:33:00	15.9	DoubleUp	DXC4B2P
2025-01-07 18:43:00	4	DoubleDown	DXC4B2P
2025-01-07 18:53:00	9	DoubleUp	DXC4B2P
2025-01-07 19:03:00	4.1	DoubleDown	DXC4B2P
2025-01-07 19:13:00	8.7	DoubleUp	DXC4B2P
2025-01-07 19:20:00	9.9	DoubleUp	DXC4B2P
2025-01-07 19:29:00	4.5	DoubleDown	DXC4B2P
2025-01-07 19:38:00	4.8	DoubleUp	DXC4B2P
2025-01-07 19:45:00	8.3	DoubleUp	DXC4B2P
2025-01-07 19:55:00	9.4	DoubleUp	DXC4B2P
2025-01-07 20:02:00	6.3	DoubleDown	DXC4B2P
2025-01-07 20:12:00	9.1	DoubleUp	DXC4B2P
2025-01-07 20:22:00	7.4	DoubleDown	DXC4B2P
2025-01-07 20:32:00	8.3	DoubleUp	DXC4B2P
2025-01-07 20:42:00	12.5	DoubleUp	DXC4B2P
2025-01-07 20:49:00	9.3	DoubleDown	DXC4B2P
2025-01-07 20:58:00	11.7	DoubleUp	DXC4B2P
2025-01-07 21:06:00	7.9	DoubleDown	DXC4B2P
2025-01-07 21:14:00	9.9	DoubleUp	DXC4B2P
2025-01-07 21:22:00	5.6	DoubleDown	DXC4B2P
2025-01-07 21:30:00	9.9	DoubleUp	DXC4B2P
2025-01-07 21:38:00	4.8	DoubleDown	DXC4B2P
2025-01-07 21:45:00	9.2	DoubleUp	DXC4B2P
2025-01-07 21:52:00	5.4	DoubleDown	DXC4B2P
2025-01-07 21:59:00	3.6	DoubleDown	DXC4B2P
2025-01-07 22:08:00	5.4	DoubleUp	DXC4B2P
2025-01-07 22:15:00	12.2	DoubleUp	DXC4B2P
2025-01-07 22:25:00	5.1	DoubleDown	DXC4B2P
2025-01-07 22:34:00	3.9	DoubleDown	DXC4B2P
2025-01-07 22:42:00	5	DoubleUp	DXC4B2P
2025-01-07 22:50:00	10.8	DoubleUp	DXC4B2P
2025-01-07 22:57:00	4.1	DoubleDown	DXC4B2P
2025-01-07 23:04:00	12.2	DoubleUp	DXC4B2P
2025-01-07 23:11:00	7.6	DoubleDown	DXC4B2P
2025-01-07 23:19:00	6.7	DoubleDown	DXC4B2P
2025-01-07 23:28:00	6.9	SingleUp	DXC4B2P
2025-01-07 23:38:00	11.8	DoubleUp	DXC4B2P
2025-01-07 23:48:00	8	DoubleDown	DXC4B2P
2025-01-07 23:57:00	7.1	DoubleDown	DXC4B2P
2025-01-08 00:04:00	6.6	DoubleDown	DXC4B2P
2025-01-08 00:12:00	9.8	DoubleUp	DXC4B2P
2025-01-08 00:20:00	4.6	DoubleDown	DXC4B2P
2025-01-08 00:28:00	11.6	DoubleUp	DXC4B2P
2025-01-08 00:35:00	4.5	DoubleDown	DXC4B2P
2025-01-08 00:45:00	12.7	DoubleUp	DXC4B2P
2025-01-08 00:54:00	10.4	DoubleDown	DXC4B2P
2025-01-08 01:02:00	5.9	DoubleDown	DXC4B2P
2025-01-08 01:12:00	9.6	DoubleUp	DXC4B2P
2025-01-08 01:21:00	13.5	DoubleUp	DXC4B2P
2025-01-08 01:30:00	14.9	DoubleUp	DXC4B2P
2025-01-08 01:37:00	13.2	DoubleDown	DXC4B2P
2025-01-08 01:44:00	12.2	DoubleDown	DXC4B2P
2025-01-08 01:52:00	11.9	DoubleDown	DXC4B2P
2025-01-08 02:00:00	13.1	DoubleUp	DXC4B2P
2025-01-08 02:08:00	6.1	DoubleDown	DXC4B2P
2025-01-08 02:18:00	9.5	DoubleUp	DXC4B2P
2025-01-08 02:28:00	6.2	DoubleDown	DXC4B2P
2025-01-08 02:37:00	11.4	DoubleUp	DXC4B2P
2025-01-08 02:46:00	8.4	DoubleDown	DXC4B2P
2025-01-08 02:53:00	9	DoubleUp	DXC4B2P
2025-01-08 03:01:00	5.9	DoubleDown	DXC4B2P
2025-01-08 03:11:00	7.5	DoubleUp	DXC4B2P
2025-01-08 03:20:00	7.4	Flat	DXC4B2P
2025-01-08 03:27:00	5.7	DoubleDown	DXC4B2P
2025-01-08 03:36:00	5.2	DoubleDown	DXC4B2P
2025-01-08 03:43:00	10.9	DoubleUp	DXC4B2P
2025-01-08 03:53:00	4.4	DoubleDown	DXC4B2P
2025-01-08 04:02:00	6.4	DoubleUp	DXC4B2P
2025-01-08 04:11:00	13	DoubleUp	DXC4B2P
2025-01-08 04:19:00	3.9	DoubleDown	DXC4B2P
2025-01-08 04:27:00	5	DoubleUp	DXC4B2P
2025-01-08 04:34:00	4.4	DoubleDown	DXC4B2P
2025-01-08 04:44:00	6.6	DoubleUp	DXC4B2P
2025-01-08 04:51:00	11.8	DoubleUp	DXC4B2P
2025-01-08 05:01:00	3.3	DoubleDown	DXC4B2P
2025-01-08 05:09:00	13.3	DoubleUp	DXC4B2P
2025-01-08 05:16:00	4.5	DoubleDown	DXC4B2P
2025-01-08 05:26:00	5.7	DoubleUp	DXC4B2P
2025-01-08 05:35:00	8.9	DoubleUp	DXC4B2P
2025-01-08 05:43:00	5.8	DoubleDown	DXC4B2P
2025-01-08 05:51:00	8.9	DoubleUp	DXC4B2P
2025-01-08 05:59:00	4.4	DoubleDown	DXC4B2P
2025-01-08 06:06:00	2.4	DoubleDown	DXC4B2P
2025-01-08 06:16:00	14.3	DoubleUp	DXC4B2P
2025-01-08 06:25:00	5.9	DoubleDown	DXC4B2P
2025-01-08 06:32:00	7.7	DoubleUp	DXC4B2P
2025-01-08 06:39:00	5.6	DoubleDown	DXC4B2P
2025-01-08 06:48:00	13.7	DoubleUp	DXC4B2P
2025-01-08 06:55:00	11.3	DoubleDown	DXC4B2P
2025-01-08 07:03:00	4.1	DoubleDown	DXC4B2P
2025-01-08 07:12:00	3.7	DoubleDown	DXC4B2P
2025-01-08 07:21:00	5.3	DoubleUp	DXC4B2P
2025-01-08 07:31:00	8.5	DoubleUp	DXC4B2P
2025-01-08 07:41:00	12	DoubleUp	DXC4B2P
2025-01-08 07:48:00	9.9	DoubleDown	DXC4B2P
2025-01-08 07:57:00	15.8	DoubleUp	DXC4B2P
2025-01-08 08:05:00	6.6	DoubleDown	DXC4B2P
2025-01-08 08:13:00	15.4	DoubleUp	DXC4B2P
2025-01-08 08:22:00	7	DoubleDown	DXC4B2P
2025-01-08 08:30:00	11.3	DoubleUp	DXC4B2P
2025-01-08 08:39:00	8.8	DoubleDown	DXC4B2P
2025-01-08 08:48:00	6.5	DoubleDown	DXC4B2P
2025-01-08 08:57:00	8.3	DoubleUp	DXC4B2P
2025-01-08 09:05:00	12.9	DoubleUp	DXC4B2P
2025-01-08 09:14:00	8.3	DoubleDown	DXC4B2P
2025-01-08 09:22:00	6.6	DoubleDown	DXC4B2P
2025-01-08 09:29:00	12.3	DoubleUp	DXC4B2P
2025-01-08 09:37:00	2.8	DoubleDown	DXC4B2P
2025-01-08 09:47:00	12.3	DoubleUp	DXC4B2P
2025-01-08 09:56:00	12.9	DoubleUp	DXC4B2P
2025-01-08 10:06:00	8.4	DoubleDown	DXC4B2P
2025-01-08 10:15:00	4.9	DoubleDown	DXC4B2P
2025-01-08 10:22:00	10.9	DoubleUp	DXC4B2P
2025-01-08 10:31:00	4.7	DoubleDown	DXC4B2P
2025-01-08 10:39:00	9.9	DoubleUp	DXC4B2P
2025-01-08 10:47:00	12.8	DoubleUp	DXC4B2P
2025-01-08 10:57:00	13.2	DoubleUp	DXC4B2P
2025-01-08 11:04:00	9.3	DoubleDown	DXC4B2P
2025-01-08 11:14:00	8.8	DoubleDown	DXC4B2P
2025-01-08 11:21:00	5.3	DoubleDown	DXC4B2P
2025-01-08 11:29:00	9.4	DoubleUp	DXC4B2P
2025-01-08 11:36:00	6.5	DoubleDown	DXC4B2P
2025-01-08 11:44:00	7.8	DoubleUp	DXC4B2P
2025-01-08 11:53:00	6.3	DoubleDown	DXC4B2P
2025-01-08 12:02:00	5.9	DoubleDown	DXC4B2P
2025-01-08 12:11:00	7.7	DoubleUp	DXC4B2P
2025-01-08 12:21:00	6.8	DoubleDown	DXC4B2P
2025-01-08 12:29:00	9.5	DoubleUp	DXC4B2P
2025-01-08 12:37:00	5.5	DoubleDown	DXC4B2P
2025-01-08 12:46:00	8.9	DoubleUp	DXC4B2P
2025-01-08 12:53:00	4.8	DoubleDown	DXC4B2P
2025-01-08 13:03:00	8.2	DoubleUp	DXC4B2P
2025-01-08 13:11:00	16.3	DoubleUp	DXC4B2P
2025-01-08 13:21:00	7	DoubleDown	DXC4B2P
2025-01-08 13:29:00	5.5	DoubleDown	DXC4B2P
2025-01-08 13:39:00	14.7	DoubleUp	DXC4B2P
2025-01-08 13:47:00	6.6	DoubleDown	DXC4B2P
2025-01-08 13:57:00	7.3	DoubleUp	DXC4B2P
2025-01-08 14:04:00	14.3	DoubleUp	DXC4B2P
2025-01-08 14:14:00	6.4	DoubleDown	DXC4B2P
2025-01-08 14:23:00	9.5	DoubleUp	DXC4B2P
2025-01-08 14:30:00	5.5	DoubleDown	DXC4B2P
2025-01-08 14:39:00	7.8	DoubleUp	DXC4B2P
2025-01-08 14:46:00	7.2	DoubleDown	DXC4B2P
2025-01-08 14:55:00	8.8	DoubleUp	DXC4B2P
2025-01-08 15:02:00	13.4	DoubleUp	DXC4B2P
2025-01-08 15:09:00	5.2	DoubleDown	DXC4B2P
2025-01-08 15:17:00	5.3	Flat	DXC4B2P
2025-01-08 15:25:00	10.6	DoubleUp	DXC4B2P
2025-01-08 15:33:00	4.7	DoubleDown	DXC4B2P
2025-01-08 15:40:00	11.9	DoubleUp	DXC4B2P
2025-01-08 15:49:00	15.6	DoubleUp	DXC4B2P
2025-01-08 15:59:00	9.1	DoubleDown	DXC4B2P
2025-01-08 16:09:00	7.8	DoubleDown	DXC4B2P
2025-01-08 16:19:00	4.6	DoubleDown	DXC4B2P
2025-01-08 16:26:00	9.2	DoubleUp	DXC4B2P
2025-01-08 16:36:00	7.8	DoubleDown	DXC4B2P
2025-01-08 16:44:00	10.9	DoubleUp	DXC4B2P
2025-01-08 16:54:00	7.4	DoubleDown	DXC4B2P
2025-01-08 17:03:00	8.3	DoubleUp	DXC4B2P
2025-01-08 17:11:00	11.6	DoubleUp	DXC4B2P
2025-01-08 17:18:00	4.7	DoubleDown	DXC4B2P
2025-01-08 17:27:00	4.5	SingleDown	DXC4B2P
2025-01-08 17:37:00	6.3	DoubleUp	DXC4B2P
2025-01-08 17:46:00	8.4	DoubleUp	DXC4B2P
2025-01-08 17:54:00	10.3	DoubleUp	DXC4B2P
2025-01-08 18:04:00	6.2	DoubleDown	DXC4B2P
2025-01-08 18:14:00	8.3	DoubleUp	DXC4B2P
2025-01-08 18:22:00	7.6	DoubleDown	DXC4B2P
2025-01-08 18:30:00	13.3	DoubleUp	DXC4B2P
2025-01-08 18:40:00	4	DoubleDown	DXC4B2P
2025-01-08 18:49:00	6.3	DoubleUp	DXC4B2P
2025-01-08 18:57:00	9.5	DoubleUp	DXC4B2P
2025-01-08 19:07:00	4.3	DoubleDown	DXC4B2P
2025-01-08 19:14:00	13.4	DoubleUp	DXC4B2P
2025-01-08 19:22:00	16.5	DoubleUp	DXC4B2P
2025-01-08 19:32:00	10	DoubleDown	DXC4B2P
2025-01-08 19:41:00	3.6	DoubleDown	DXC4B2P
2025-01-08 19:50:00	6.1	DoubleUp	DXC4B2P
2025-01-08 19:58:00	5.7	DoubleDown	DXC4B2P
2025-01-08 20:05:00	9.9	DoubleUp	DXC4B2P
2025-01-08 20:12:00	7.2	DoubleDown	DXC4B2P
2025-01-08 20:21:00	8.9	DoubleUp	DXC4B2P
2025-01-08 20:29:00	4.6	DoubleDown	DXC4B2P
2025-01-08 20:39:00	9.1	DoubleUp	DXC4B2P
2025-01-08 20:47:00	6.8	DoubleDown	DXC4B2P
2025-01-08 20:55:00	14.1	DoubleUp	DXC4B2P
2025-01-08 21:04:00	7.5	DoubleDown	DXC4B2P
2025-01-08 21:12:00	13.4	DoubleUp	DXC4B2P
2025-01-08 21:22:00	9	DoubleDown	DXC4B2P
2025-01-08 21:30:00	4.5	DoubleDown	DXC4B2P
2025-01-08 21:40:00	15.1	DoubleUp	DXC4B2P
2025-01-08 21:49:00	4.5	DoubleDown	DXC4B2P
2025-01-08 21:56:00	9.1	DoubleUp	DXC4B2P
2025-01-08 22:03:00	16	DoubleUp	DXC4B2P
2025-01-08 22:12:00	5.1	DoubleDown	DXC4B2P
2025-01-08 22:22:00	8.7	DoubleUp	DXC4B2P
2025-01-08 22:29:00	6.2	DoubleDown	DXC4B2P
2025-01-08 22:39:00	7.2	DoubleUp	DXC4B2P
2025-01-08 22:47:00	9.9	DoubleUp	DXC4B2P
2025-01-08 22:55:00	4.5	DoubleDown	DXC4B2P
2025-01-08 23:05:00	6.4	DoubleUp	DXC4B2P
2025-01-08 23:12:00	7.4	DoubleUp	DXC4B2P
2025-01-08 23:22:00	10	DoubleUp	DXC4B2P
2025-01-08 23:30:00	9.6	DoubleDown	DXC4B2P
2025-01-08 23:37:00	8	DoubleDown	DXC4B2P
2025-01-08 23:47:00	8.8	DoubleUp	DXC4B2P
2025-01-08 23:55:00	6.4	DoubleDown	DXC4B2P
2025-01-09 00:04:00	5.8	DoubleDown	DXC4B2P
2025-01-09 00:13:00	6.2	DoubleUp	DXC4B2P
2025-01-09 00:20:00	4.8	DoubleDown	DXC4B2P
2025-01-09 00:30:00	7.4	DoubleUp	DXC4B2P
2025-01-09 00:37:00	9.9	DoubleUp	DXC4B2P
2025-01-09 00:45:00	5.4	DoubleDown	DXC4B2P
2025-01-09 00:53:00	6.2	DoubleUp	DXC4B2P
2025-01-09 01:00:00	5.1	DoubleDown	DXC4B2P
2025-01-09 01:07:00	8.2	DoubleUp	DXC4B2P
2025-01-09 01:17:00	4.9	DoubleDown	DXC4B2P
2025-01-09 01:25:00	3.7	DoubleDown	DXC4B2P
2025-01-09 01:34:00	5	DoubleUp	DXC4B2P
2025-01-09 01:41:00	5.6	DoubleUp	DXC4B2P
2025-01-09 01:49:00	6.9	DoubleUp	DXC4B2P
2025-01-09 01:57:00	7.2	DoubleUp	DXC4B2P
2025-01-09 02:06:00	8.4	DoubleUp	DXC4B2P
2025-01-09 02:16:00	12.3	DoubleUp	DXC4B2P
2025-01-09 02:24:00	11	DoubleDown	DXC4B2P
2025-01-09 02:31:00	5.3	DoubleDown	DXC4B2P
2025-01-09 02:40:00	4	DoubleDown	DXC4B2P
2025-01-09 02:48:00	9	DoubleUp	DXC4B2P
2025-01-09 02:57:00	7.4	DoubleDown	DXC4B2P
2025-01-09 03:05:00	2.8	DoubleDown	DXC4B2P
2025-01-09 03:12:00	9.8	DoubleUp	DXC4B2P
2025-01-09 03:22:00	9.7	Flat	DXC4B2P
2025-01-09 03:32:00	9.7	Flat	DXC4B2P
2025-01-09 03:42:00	9.1	DoubleDown	DXC4B2P
2025-01-09 03:50:00	6.9	DoubleDown	DXC4B2P
2025-01-09 04:00:00	5.2	DoubleDown	DXC4B2P
2025-01-09 04:07:00	7.3	DoubleUp	DXC4B2P
2025-01-09 04:16:00	6.2	DoubleDown	DXC4B2P
2025-01-09 04:23:00	6.4	SingleUp	DXC4B2P
2025-01-09 04:32:00	9.1	DoubleUp	DXC4B2P
2025-01-09 04:39:00	13.1	DoubleUp	DXC4B2P
2025-01-09 04:49:00	7.4	DoubleDown	DXC4B2P
2025-01-09 04:57:00	9.2	DoubleUp	DXC4B2P
2025-01-09 05:06:00	3.4	DoubleDown	DXC4B2P
2025-01-09 05:15:00	13.9	DoubleUp	DXC4B2P
2025-01-09 05:25:00	11.3	DoubleDown	DXC4B2P
2025-01-09 05:33:00	12.6	DoubleUp	DXC4B2P
2025-01-09 05:41:00	14.1	DoubleUp	DXC4B2P
2025-01-09 05:49:00	4.8	DoubleDown	DXC4B2P
2025-01-09 05:58:00	6.9	DoubleUp	DXC4B2P
2025-01-09 06:08:00	5.3	DoubleDown	DXC4B2P
2025-01-09 06:17:00	8	DoubleUp	DXC4B2P
2025-01-09 06:24:00	14.2	DoubleUp	DXC4B2P
2025-01-09 06:32:00	5.9	DoubleDown	DXC4B2P
2025-01-09 06:41:00	10	DoubleUp	DXC4B2P
2025-01-09 06:51:00	8.4	DoubleDown	DXC4B2P
2025-01-09 07:00:00	6.8	DoubleDown	DXC4B2P
2025-01-09 07:10:00	14	DoubleUp	DXC4B2P
2025-01-09 07:19:00	12.5	DoubleDown	DXC4B2P
2025-01-09 07:29:00	15.4	DoubleUp	DXC4B2P
2025-01-09 07:39:00	5.5	DoubleDown	DXC4B2P
2025-01-09 07:46:00	11.1	DoubleUp	DXC4B2P
2025-01-09 07:54:00	11.2	Flat	DXC4B2P
2025-01-09 08:04:00	4.8	DoubleDown	DXC4B2P
2025-01-09 08:13:00	7.9	DoubleUp	DXC4B2P
2025-01-09 08:21:00	10.6	DoubleUp	DXC4B2P
2025-01-09 08:28:00	5.4	DoubleDown	DXC4B2P
2025-01-09 08:37:00	6.7	DoubleUp	DXC4B2P
2025-01-09 08:45:00	4.6	DoubleDown	DXC4B2P
2025-01-09 08:55:00	11.9	DoubleUp	DXC4B2P
2025-01-09 09:03:00	6.5	DoubleDown	DXC4B2P
2025-01-09 09:12:00	6.5	Flat	DXC4B2P
2025-01-09 09:20:00	4.2	DoubleDown	DXC4B2P
2025-01-09 09:27:00	8.2	DoubleUp	DXC4B2P
2025-01-09 09:34:00	4.4	DoubleDown	DXC4B2P
2025-01-09 09:42:00	6.4	DoubleUp	DXC4B2P
2025-01-09 09:52:00	12	DoubleUp	DXC4B2P
2025-01-09 10:00:00	9.6	DoubleDown	DXC4B2P
2025-01-09 10:09:00	6	DoubleDown	DXC4B2P
2025-01-09 10:19:00	6.7	DoubleUp	DXC4B2P
2025-01-09 10:27:00	4	DoubleDown	DXC4B2P
2025-01-09 10:36:00	8.6	DoubleUp	DXC4B2P
2025-01-09 10:44:00	4.3	DoubleDown	DXC4B2P
2025-01-09 10:52:00	14.3	DoubleUp	DXC4B2P
2025-01-09 10:59:00	9.2	DoubleDown	DXC4B2P
2025-01-09 11:07:00	5.5	DoubleDown	DXC4B2P
2025-01-09 11:17:00	5.9	DoubleUp	DXC4B2P
2025-01-09 11:24:00	7.7	DoubleUp	DXC4B2P
2025-01-09 11:32:00	7.4	DoubleDown	DXC4B2P
2025-01-09 11:41:00	4.6	DoubleDown	DXC4B2P
2025-01-09 11:51:00	5.5	DoubleUp	DXC4B2P
2025-01-09 12:00:00	5.7	SingleUp	DXC4B2P
2025-01-09 12:08:00	13.1	DoubleUp	DXC4B2P
2025-01-09 12:18:00	6.9	DoubleDown	DXC4B2P
2025-01-09 12:27:00	8	DoubleUp	DXC4B2P
2025-01-09 12:36:00	6.5	DoubleDown	DXC4B2P
2025-01-09 12:45:00	4.1	DoubleDown	DXC4B2P
2025-01-09 12:55:00	6.6	DoubleUp	DXC4B2P
2025-01-09 13:05:00	8	DoubleUp	DXC4B2P
2025-01-09 13:15:00	11.9	DoubleUp	DXC4B2P
2025-01-09 13:24:00	12.1	SingleUp	DXC4B2P
2025-01-09 13:33:00	8.4	DoubleDown	DXC4B2P
2025-01-09 13:42:00	2.5	DoubleDown	DXC4B2P
2025-01-09 13:51:00	5.1	DoubleUp	DXC4B2P
2025-01-09 14:00:00	9.9	DoubleUp	DXC4B2P
2025-01-09 14:10:00	4	DoubleDown	DXC4B2P
2025-01-09 14:19:00	7.2	DoubleUp	DXC4B2P
2025-01-09 14:28:00	13.8	DoubleUp	DXC4B2P
2025-01-09 14:36:00	15.6	DoubleUp	DXC4B2P
2025-01-09 14:44:00	7	DoubleDown	DXC4B2P
2025-01-09 14:53:00	8.2	DoubleUp	DXC4B2P
2025-01-09 15:02:00	15.5	DoubleUp	DXC4B2P
2025-01-09 15:09:00	15.1	DoubleDown	DXC4B2P
2025-01-09 15:17:00	8.3	DoubleDown	DXC4B2P
2025-01-09 15:27:00	5	DoubleDown	DXC4B2P
2025-01-09 15:35:00	5.3	DoubleUp	DXC4B2P
2025-01-09 15:43:00	13.1	DoubleUp	DXC4B2P
2025-01-09 15:50:00	4.4	DoubleDown	DXC4B2P
2025-01-09 15:59:00	6.3	DoubleUp	DXC4B2P
2025-01-09 16:06:00	5.9	DoubleDown	DXC4B2P
2025-01-09 16:16:00	8.2	DoubleUp	DXC4B2P
2025-01-09 16:26:00	13.3	DoubleUp	DXC4B2P
2025-01-09 16:35:00	9.6	DoubleDown	DXC4B2P
2025-01-09 16:42:00	6	DoubleDown	DXC4B2P
2025-01-09 16:49:00	7.6	DoubleUp	DXC4B2P
2025-01-09 16:57:00	15.1	DoubleUp	DXC4B2P
2025-01-09 17:04:00	6.2	DoubleDown	DXC4B2P
2025-01-09 17:13:00	9	DoubleUp	DXC4B2P
2025-01-09 17:21:00	2.5	DoubleDown	DXC4B2P
2025-01-09 17:31:00	7.6	DoubleUp	DXC4B2P
2025-01-09 17:39:00	5.5	DoubleDown	DXC4B2P
2025-01-09 17:46:00	5.9	DoubleUp	DXC4B2P
2025-01-09 17:54:00	3.3	DoubleDown	DXC4B2P
2025-01-09 18:02:00	8.4	DoubleUp	DXC4B2P
2025-01-09 18:12:00	6.1	DoubleDown	DXC4B2P
2025-01-09 18:19:00	6.9	DoubleUp	DXC4B2P
2025-01-09 18:27:00	10	DoubleUp	DXC4B2P
2025-01-09 18:35:00	7.6	DoubleDown	DXC4B2P
2025-01-09 18:45:00	10.9	DoubleUp	DXC4B2P
2025-01-09 18:53:00	7	DoubleDown	DXC4B2P
2025-01-09 19:01:00	6.8	SingleDown	DXC4B2P
2025-01-09 19:11:00	9.9	DoubleUp	DXC4B2P
2025-01-09 19:19:00	7.1	DoubleDown	DXC4B2P
2025-01-09 19:26:00	4.3	DoubleDown	DXC4B2P
2025-01-09 19:34:00	9.9	DoubleUp	DXC4B2P
2025-01-09 19:44:00	7.2	DoubleDown	DXC4B2P
2025-01-09 19:53:00	12	DoubleUp	DXC4B2P
2025-01-09 20:02:00	5.6	DoubleDown	DXC4B2P
2025-01-09 20:11:00	9.9	DoubleUp	DXC4B2P
2025-01-09 20:20:00	6.8	DoubleDown	DXC4B2P
2025-01-09 20:30:00	5.2	DoubleDown	DXC4B2P
2025-01-09 20:38:00	5.4	SingleUp	DXC4B2P
2025-01-09 20:48:00	5.2	SingleDown	DXC4B2P
2025-01-09 20:55:00	4.2	DoubleDown	DXC4B2P
2025-01-09 21:04:00	7.6	DoubleUp	DXC4B2P
2025-01-09 21:12:00	8.5	DoubleUp	DXC4B2P
2025-01-09 21:21:00	9.4	DoubleUp	DXC4B2P
2025-01-09 21:30:00	2.4	DoubleDown	DXC4B2P
2025-01-09 21:39:00	7.7	DoubleUp	DXC4B2P
2025-01-09 21:47:00	5.3	DoubleDown	DXC4B2P
2025-01-09 21:57:00	10.1	DoubleUp	DXC4B2P
2025-01-09 22:05:00	8.7	DoubleDown	DXC4B2P
2025-01-09 22:14:00	8.7	Flat	DXC4B2P
2025-01-09 22:21:00	8.8	Flat	DXC4B2P
2025-01-09 22:28:00	9.4	DoubleUp	DXC4B2P
2025-01-09 22:37:00	10.5	DoubleUp	DXC4B2P
2025-01-09 22:44:00	15.5	DoubleUp	DXC4B2P
2025-01-09 22:52:00	13.3	DoubleDown	DXC4B2P
2025-01-09 23:00:00	13.6	DoubleUp	DXC4B2P
2025-01-09 23:09:00	5.9	DoubleDown	DXC4B2P
2025-01-09 23:16:00	15.6	DoubleUp	DXC4B2P
2025-01-09 23:26:00	7.8	DoubleDown	DXC4B2P
2025-01-09 23:34:00	4.2	DoubleDown	DXC4B2P
2025-01-09 23:43:00	4.4	SingleUp	DXC4B2P
2025-01-09 23:53:00	10.1	DoubleUp	DXC4B2P
2025-01-10 00:01:00	14.8	DoubleUp	DXC4B2P
2025-01-10 00:11:00	12.1	DoubleDown	DXC4B2P
2025-01-10 00:20:00	5.6	DoubleDown	DXC4B2P
2025-01-10 00:30:00	4.7	DoubleDown	DXC4B2P
2025-01-10 00:39:00	4.7	Flat	DXC4B2P
2025-01-10 00:49:00	5.1	DoubleUp	DXC4B2P
2025-01-10 00:58:00	11.4	DoubleUp	DXC4B2P
2025-01-10 01:06:00	8.9	DoubleDown	DXC4B2P
2025-01-10 01:16:00	5.3	DoubleDown	DXC4B2P
2025-01-10 01:25:00	5	DoubleDown	DXC4B2P
2025-01-10 01:32:00	5	Flat	DXC4B2P
2025-01-10 01:41:00	11.7	DoubleUp	DXC4B2P
2025-01-10 01:49:00	5.6	DoubleDown	DXC4B2P
2025-01-10 01:58:00	5	DoubleDown	DXC4B2P
2025-01-10 02:07:00	8.7	DoubleUp	DXC4B2P
2025-01-10 02:16:00	8.7	Flat	DXC4B2P
2025-01-10 02:26:00	4	DoubleDown	DXC4B2P
2025-01-10 02:36:00	5.8	DoubleUp	DXC4B2P
2025-01-10 02:46:00	6	SingleUp	DXC4B2P
2025-01-10 02:55:00	5.5	DoubleDown	DXC4B2P
2025-01-10 03:04:00	13	DoubleUp	DXC4B2P
2025-01-10 03:14:00	10.4	DoubleDown	DXC4B2P
2025-01-10 03:21:00	8	DoubleDown	DXC4B2P
2025-01-10 03:31:00	11.9	DoubleUp	DXC4B2P
2025-01-10 03:39:00	8.7	DoubleDown	DXC4B2P
2025-01-10 03:46:00	10.5	DoubleUp	DXC4B2P
2025-01-10 03:56:00	2.3	DoubleDown	DXC4B2P
2025-01-10 04:04:00	4.9	DoubleUp	DXC4B2P
2025-01-10 04:12:00	6.4	DoubleUp	DXC4B2P
2025-01-10 04:19:00	7.4	DoubleUp	DXC4B2P
2025-01-10 04:26:00	14.4	DoubleUp	DXC4B2P
2025-01-10 04:34:00	6.5	DoubleDown	DXC4B2P
2025-01-10 04:43:00	12.7	DoubleUp	DXC4B2P
2025-01-10 04:53:00	14.7	DoubleUp	DXC4B2P
2025-01-10 05:01:00	7.9	DoubleDown	DXC4B2P
2025-01-10 05:10:00	9.7	DoubleUp	DXC4B2P
2025-01-10 05:17:00	4.6	DoubleDown	DXC4B2P
2025-01-10 05:26:00	4	DoubleDown	DXC4B2P
2025-01-10 05:36:00	13.5	DoubleUp	DXC4B2P
2025-01-10 05:44:00	7.2	DoubleDown	DXC4B2P
2025-01-10 05:53:00	7	SingleDown	DXC4B2P
2025-01-10 06:00:00	16	DoubleUp	DXC4B2P
2025-01-10 06:09:00	3.9	DoubleDown	DXC4B2P
2025-01-10 06:17:00	11.8	DoubleUp	DXC4B2P
2025-01-10 06:27:00	12.4	DoubleUp	DXC4B2P
2025-01-10 06:35:00	10.8	DoubleDown	DXC4B2P
2025-01-10 06:43:00	5.6	DoubleDown	DXC4B2P
2025-01-10 06:52:00	5.1	DoubleDown	DXC4B2P
2025-01-10 06:59:00	4.5	DoubleDown	DXC4B2P
2025-01-10 07:09:00	8.3	DoubleUp	DXC4B2P
2025-01-10 07:17:00	7.6	DoubleDown	DXC4B2P
2025-01-10 07:27:00	8.9	DoubleUp	DXC4B2P
2025-01-10 07:37:00	5.9	DoubleDown	DXC4B2P
2025-01-10 07:46:00	3.4	DoubleDown	DXC4B2P
2025-01-10 07:56:00	14.6	DoubleUp	DXC4B2P
2025-01-10 08:04:00	13.3	DoubleDown	DXC4B2P
2025-01-10 08:11:00	13	DoubleDown	DXC4B2P
2025-01-10 08:18:00	9	DoubleDown	DXC4B2P
2025-01-10 08:25:00	7.1	DoubleDown	DXC4B2P
2025-01-10 08:32:00	12.9	DoubleUp	DXC4B2P
2025-01-10 08:42:00	12.8	Flat	DXC4B2P
2025-01-10 08:51:00	3.9	DoubleDown	DXC4B2P
2025-01-10 09:00:00	6.2	DoubleUp	DXC4B2P
2025-01-10 09:07:00	7.6	DoubleUp	DXC4B2P
2025-01-10 09:14:00	4.3	DoubleDown	DXC4B2P
2025-01-10 09:24:00	9.6	DoubleUp	DXC4B2P
2025-01-10 09:34:00	15.7	DoubleUp	DXC4B2P
2025-01-10 09:42:00	8.4	DoubleDown	DXC4B2P
2025-01-10 09:49:00	9.5	DoubleUp	DXC4B2P
2025-01-10 09:59:00	6.6	DoubleDown	DXC4B2P
2025-01-10 10:09:00	2.8	DoubleDown	DXC4B2P
2025-01-10 10:16:00	15.9	DoubleUp	DXC4B2P
2025-01-10 10:26:00	8.9	DoubleDown	DXC4B2P
2025-01-10 10:35:00	9.3	DoubleUp	DXC4B2P
2025-01-10 10:45:00	9.5	SingleUp	DXC4B2P
2025-01-10 10:53:00	5.6	DoubleDown	DXC4B2P
2025-01-10 11:02:00	8.3	DoubleUp	DXC4B2P
2025-01-10 11:11:00	9.8	DoubleUp	DXC4B2P
2025-01-10 11:19:00	6.8	DoubleDown	DXC4B2P
2025-01-10 11:29:00	9.9	DoubleUp	DXC4B2P
2025-01-10 11:39:00	15.6	DoubleUp	DXC4B2P
2025-01-10 11:46:00	5.8	DoubleDown	DXC4B2P
2025-01-10 11:55:00	2.4	DoubleDown	DXC4B2P
2025-01-10 12:03:00	11.8	DoubleUp	DXC4B2P
2025-01-10 12:10:00	8	DoubleDown	DXC4B2P
2025-01-10 12:19:00	11.2	DoubleUp	DXC4B2P
2025-01-10 12:27:00	8.7	DoubleDown	DXC4B2P
2025-01-10 12:37:00	8.7	Flat	DXC4B2P
2025-01-10 12:45:00	13.7	DoubleUp	DXC4B2P
2025-01-10 12:55:00	6	DoubleDown	DXC4B2P
2025-01-10 13:03:00	8.7	DoubleUp	DXC4B2P
2025-01-10 13:12:00	10.1	DoubleUp	DXC4B2P
2025-01-10 13:19:00	4.4	DoubleDown	DXC4B2P
2025-01-10 13:27:00	9.1	DoubleUp	DXC4B2P
2025-01-10 13:36:00	5	DoubleDown	DXC4B2P
2025-01-10 13:43:00	14.7	DoubleUp	DXC4B2P
2025-01-10 13:51:00	9.9	DoubleDown	DXC4B2P
2025-01-10 13:59:00	10.7	DoubleUp	DXC4B2P
2025-01-10 14:09:00	7.6	DoubleDown	DXC4B2P
2025-01-10 14:17:00	14.7	DoubleUp	DXC4B2P
2025-01-10 14:26:00	5.4	DoubleDown	DXC4B2P
2025-01-10 14:36:00	6.3	DoubleUp	DXC4B2P
2025-01-10 14:43:00	4.3	DoubleDown	DXC4B2P
2025-01-10 14:50:00	5.6	DoubleUp	DXC4B2P
2025-01-10 14:59:00	8.4	DoubleUp	DXC4B2P
2025-01-10 15:06:00	10.2	DoubleUp	DXC4B2P
2025-01-10 15:16:00	11.3	DoubleUp	DXC4B2P
2025-01-10 15:24:00	9.8	DoubleDown	DXC4B2P
2025-01-10 15:33:00	3.4	DoubleDown	DXC4B2P
2025-01-10 15:41:00	9.5	DoubleUp	DXC4B2P
2025-01-10 15:48:00	9.1	DoubleDown	DXC4B2P
2025-01-10 15:56:00	9.7	DoubleUp	DXC4B2P
2025-01-10 16:03:00	7.8	DoubleDown	DXC4B2P
2025-01-10 16:10:00	5.3	DoubleDown	DXC4B2P
2025-01-10 16:19:00	4.8	DoubleDown	DXC4B2P
2025-01-10 16:29:00	5.1	DoubleUp	DXC4B2P
2025-01-10 16:36:00	6.4	DoubleUp	DXC4B2P
2025-01-10 16:45:00	9.5	DoubleUp	DXC4B2P
2025-01-10 16:53:00	13.4	DoubleUp	DXC4B2P
2025-01-10 17:00:00	7.5	DoubleDown	DXC4B2P
2025-01-10 17:10:00	8.2	DoubleUp	DXC4B2P
2025-01-10 17:19:00	6.9	DoubleDown	DXC4B2P
2025-01-10 17:29:00	5.1	DoubleDown	DXC4B2P
2025-01-10 17:39:00	9.7	DoubleUp	DXC4B2P
2025-01-10 17:46:00	14.9	DoubleUp	DXC4B2P
2025-01-10 17:56:00	10.4	DoubleDown	DXC4B2P
2025-01-10 18:03:00	8	DoubleDown	DXC4B2P
2025-01-10 18:10:00	5	DoubleDown	DXC4B2P
2025-01-10 18:17:00	5.2	SingleUp	DXC4B2P
2025-01-10 18:26:00	3.6	DoubleDown	DXC4B2P
2025-01-10 18:33:00	8.3	DoubleUp	DXC4B2P
2025-01-10 18:40:00	8.2	Flat	DXC4B2P
2025-01-10 18:50:00	16.1	DoubleUp	DXC4B2P
2025-01-10 18:59:00	4.2	DoubleDown	DXC4B2P
2025-01-10 19:09:00	6.2	DoubleUp	DXC4B2P
2025-01-10 19:19:00	10.6	DoubleUp	DXC4B2P
2025-01-10 19:26:00	9.7	DoubleDown	DXC4B2P
2025-01-10 19:33:00	5.2	DoubleDown	DXC4B2P
2025-01-10 19:42:00	4.9	DoubleDown	DXC4B2P
2025-01-10 19:52:00	15.9	DoubleUp	DXC4B2P
2025-01-10 20:02:00	5.1	DoubleDown	DXC4B2P
2025-01-10 20:11:00	5.6	DoubleUp	DXC4B2P
2025-01-10 20:20:00	7.4	DoubleUp	DXC4B2P
2025-01-10 20:28:00	7.3	Flat	DXC4B2P
2025-01-10 20:38:00	5.5	DoubleDown	DXC4B2P
2025-01-10 20:45:00	15.4	DoubleUp	DXC4B2P
2025-01-10 20:52:00	5.7	DoubleDown	DXC4B2P
2025-01-10 21:02:00	10.2	DoubleUp	DXC4B2P
2025-01-10 21:09:00	3.8	DoubleDown	DXC4B2P
2025-01-10 21:18:00	10	DoubleUp	DXC4B2P
2025-01-10 21:26:00	3.9	DoubleDown	DXC4B2P
2025-01-10 21:36:00	5.8	DoubleUp	DXC4B2P
2025-01-10 21:45:00	3.2	DoubleDown	DXC4B2P
2025-01-10 21:54:00	3.2	Flat	DXC4B2P
2025-01-10 22:01:00	5.2	DoubleUp	DXC4B2P
2025-01-10 22:11:00	8.8	DoubleUp	DXC4B2P
2025-01-10 22:21:00	6.5	DoubleDown	DXC4B2P
2025-01-10 22:30:00	5	DoubleDown	DXC4B2P
2025-01-10 22:38:00	6.7	DoubleUp	DXC4B2P
2025-01-10 22:48:00	8.9	DoubleUp	DXC4B2P
2025-01-10 22:55:00	3.1	DoubleDown	DXC4B2P
2025-01-10 23:04:00	6.5	DoubleUp	DXC4B2P
2025-01-10 23:14:00	10.9	DoubleUp	DXC4B2P
2025-01-10 23:23:00	4.3	DoubleDown	DXC4B2P
2025-01-10 23:32:00	9.7	DoubleUp	DXC4B2P
2025-01-10 23:40:00	16.1	DoubleUp	DXC4B2P
2025-01-10 23:47:00	5.4	DoubleDown	DXC4B2P
2025-01-10 23:54:00	9.2	DoubleUp	DXC4B2P
2025-01-11 00:04:00	9.1	Flat	DXC4B2P
2025-01-11 00:13:00	11.3	DoubleUp	DXC4B2P
2025-01-11 00:23:00	5	DoubleDown	DXC4B2P
2025-01-11 00:31:00	12.7	DoubleUp	DXC4B2P
2025-01-11 00:41:00	5.1	DoubleDown	DXC4B2P
2025-01-11 00:51:00	5.7	DoubleUp	DXC4B2P
2025-01-11 00:59:00	8.5	DoubleUp	DXC4B2P
2025-01-11 01:06:00	4.5	DoubleDown	DXC4B2P
2025-01-11 01:13:00	4.1	DoubleDown	DXC4B2P
2025-01-11 01:20:00	2.8	DoubleDown	DXC4B2P
2025-01-11 01:30:00	9.4	DoubleUp	DXC4B2P
2025-01-11 01:37:00	7.7	DoubleDown	DXC4B2P
2025-01-11 01:47:00	5.4	DoubleDown	DXC4B2P
2025-01-11 01:57:00	13.4	DoubleUp	DXC4B2P
2025-01-11 02:06:00	6.4	DoubleDown	DXC4B2P
2025-01-11 02:13:00	6.8	DoubleUp	DXC4B2P
2025-01-11 02:20:00	5.4	DoubleDown	DXC4B2P
2025-01-11 02:27:00	8.7	DoubleUp	DXC4B2P
2025-01-11 02:35:00	9.6	DoubleUp	DXC4B2P
2025-01-11 02:43:00	7	DoubleDown	DXC4B2P
2025-01-11 02:51:00	5.3	DoubleDown	DXC4B2P
2025-01-11 03:01:00	8	DoubleUp	DXC4B2P
2025-01-11 03:08:00	11.6	DoubleUp	DXC4B2P
2025-01-11 03:17:00	5	DoubleDown	DXC4B2P
2025-01-11 03:25:00	5.7	DoubleUp	DXC4B2P
2025-01-11 03:35:00	7.3	DoubleUp	DXC4B2P
2025-01-11 03:44:00	8.5	DoubleUp	DXC4B2P
2025-01-11 03:52:00	7.5	DoubleDown	DXC4B2P
2025-01-11 04:02:00	12.9	DoubleUp	DXC4B2P
2025-01-11 04:09:00	14	DoubleUp	DXC4B2P
2025-01-11 04:16:00	9	DoubleDown	DXC4B2P
2025-01-11 04:23:00	6.8	DoubleDown	DXC4B2P
2025-01-11 04:32:00	9.5	DoubleUp	DXC4B2P
2025-01-11 04:40:00	6.3	DoubleDown	DXC4B2P
2025-01-11 04:47:00	16.2	DoubleUp	DXC4B2P
2025-01-11 04:54:00	14.1	DoubleDown	DXC4B2P
2025-01-11 05:04:00	13	DoubleDown	DXC4B2P
2025-01-11 05:13:00	10.7	DoubleDown	DXC4B2P
2025-01-11 05:23:00	8.3	DoubleDown	DXC4B2P
2025-01-11 05:33:00	8.3	Flat	DXC4B2P
2025-01-11 05:43:00	9.6	DoubleUp	DXC4B2P
2025-01-11 05:51:00	6.1	DoubleDown	DXC4B2P
2025-01-11 06:01:00	11.8	DoubleUp	DXC4B2P
2025-01-11 06:10:00	4.9	DoubleDown	DXC4B2P
2025-01-11 06:19:00	9.4	DoubleUp	DXC4B2P
2025-01-11 06:27:00	7.5	DoubleDown	DXC4B2P
2025-01-11 06:34:00	5.2	DoubleDown	DXC4B2P
2025-01-11 06:42:00	5.4	SingleUp	DXC4B2P
2025-01-11 06:50:00	13.5	DoubleUp	DXC4B2P
2025-01-11 06:58:00	4	DoubleDown	DXC4B2P
2025-01-11 07:08:00	13.4	DoubleUp	DXC4B2P
2025-01-11 07:17:00	4.5	DoubleDown	DXC4B2P
2025-01-11 07:25:00	10.9	DoubleUp	DXC4B2P
2025-01-11 07:33:00	7.8	DoubleDown	DXC4B2P
2025-01-11 07:43:00	9.8	DoubleUp	DXC4B2P
2025-01-11 07:51:00	13.6	DoubleUp	DXC4B2P
2025-01-11 08:00:00	6.1	DoubleDown	DXC4B2P
2025-01-11 08:07:00	9.9	DoubleUp	DXC4B2P
2025-01-11 08:17:00	9.3	DoubleDown	DXC4B2P
2025-01-11 08:25:00	13	DoubleUp	DXC4B2P
2025-01-11 08:34:00	4.9	DoubleDown	DXC4B2P
2025-01-11 08:42:00	5.8	DoubleUp	DXC4B2P
2025-01-11 08:52:00	11.5	DoubleUp	DXC4B2P
2025-01-11 09:02:00	5.4	DoubleDown	DXC4B2P
2025-01-11 09:09:00	4	DoubleDown	DXC4B2P
2025-01-11 09:16:00	4.5	DoubleUp	DXC4B2P
2025-01-11 09:24:00	6.5	DoubleUp	DXC4B2P
2025-01-11 09:31:00	10.5	DoubleUp	DXC4B2P
2025-01-11 09:38:00	3.4	DoubleDown	DXC4B2P
2025-01-11 09:48:00	8.7	DoubleUp	DXC4B2P
2025-01-11 09:57:00	14.4	DoubleUp	DXC4B2P
2025-01-11 10:07:00	14.3	Flat	DXC4B2P
2025-01-11 10:16:00	4.1	DoubleDown	DXC4B2P
2025-01-11 10:24:00	8.3	DoubleUp	DXC4B2P
2025-01-11 10:33:00	8.2	Flat	DXC4B2P
2025-01-11 10:42:00	6.7	DoubleDown	DXC4B2P
2025-01-11 10:51:00	7.7	DoubleUp	DXC4B2P
2025-01-11 10:59:00	9	DoubleUp	DXC4B2P
2025-01-11 11:07:00	9.7	DoubleUp	DXC4B2P
2025-01-11 11:17:00	15	DoubleUp	DXC4B2P
2025-01-11 11:26:00	9.8	DoubleDown	DXC4B2P
2025-01-11 11:34:00	10.5	DoubleUp	DXC4B2P
2025-01-11 11:43:00	9.2	DoubleDown	DXC4B2P
2025-01-11 11:50:00	8.3	DoubleDown	DXC4B2P
2025-01-11 11:57:00	13.5	DoubleUp	DXC4B2P
2025-01-11 12:07:00	8.1	DoubleDown	DXC4B2P
2025-01-11 12:17:00	5.6	DoubleDown	DXC4B2P
2025-01-11 12:27:00	11.3	DoubleUp	DXC4B2P
2025-01-11 12:37:00	8.8	DoubleDown	DXC4B2P
2025-01-11 12:44:00	7.5	DoubleDown	DXC4B2P
2025-01-11 12:54:00	11.4	DoubleUp	DXC4B2P
2025-01-11 13:03:00	8.7	DoubleDown	DXC4B2P
2025-01-11 13:11:00	10.4	DoubleUp	DXC4B2P
2025-01-11 13:20:00	5.1	DoubleDown	DXC4B2P
2025-01-11 13:30:00	4.3	DoubleDown	DXC4B2P
2025-01-11 13:39:00	13	DoubleUp	DXC4B2P
2025-01-11 13:47:00	7	DoubleDown	DXC4B2P
2025-01-11 13:56:00	6.2	DoubleDown	DXC4B2P
2025-01-11 14:03:00	8.8	DoubleUp	DXC4B2P
2025-01-11 14:10:00	9.6	DoubleUp	DXC4B2P
2025-01-11 14:17:00	6.2	DoubleDown	DXC4B2P
2025-01-11 14:26:00	13.8	DoubleUp	DXC4B2P
2025-01-11 14:36:00	2.5	DoubleDown	DXC4B2P
2025-01-11 14:43:00	11.7	DoubleUp	DXC4B2P
2025-01-11 14:53:00	5.5	DoubleDown	DXC4B2P
2025-01-11 15:03:00	10.4	DoubleUp	DXC4B2P
2025-01-11 15:10:00	16.1	DoubleUp	DXC4B2P
2025-01-11 15:18:00	12.5	DoubleDown	DXC4B2P
2025-01-11 15:26:00	9.8	DoubleDown	DXC4B2P
2025-01-11 15:35:00	5.8	DoubleDown	DXC4B2P
2025-01-11 15:43:00	4.6	DoubleDown	DXC4B2P
2025-01-11 15:53:00	7.4	DoubleUp	DXC4B2P
2025-01-11 16:01:00	6.6	DoubleDown	DXC4B2P
2025-01-11 16:11:00	14.7	DoubleUp	DXC4B2P
2025-01-11 16:19:00	13.3	DoubleDown	DXC4B2P
2025-01-11 16:27:00	7.9	DoubleDown	DXC4B2P
2025-01-11 16:36:00	9.5	DoubleUp	DXC4B2P
2025-01-11 16:44:00	3.9	DoubleDown	DXC4B2P
2025-01-11 16:54:00	6.7	DoubleUp	DXC4B2P
2025-01-11 17:03:00	12	DoubleUp	DXC4B2P
2025-01-11 17:10:00	9.1	DoubleDown	DXC4B2P
2025-01-11 17:19:00	8.1	DoubleDown	DXC4B2P
2025-01-11 17:28:00	11.3	DoubleUp	DXC4B2P
2025-01-11 17:36:00	14.3	DoubleUp	DXC4B2P
2025-01-11 17:46:00	7.2	DoubleDown	DXC4B2P
2025-01-11 17:56:00	12	DoubleUp	DXC4B2P
2025-01-11 18:03:00	4.1	DoubleDown	DXC4B2P
2025-01-11 18:11:00	7.8	DoubleUp	DXC4B2P
2025-01-11 18:18:00	5.3	DoubleDown	DXC4B2P
2025-01-11 18:26:00	4.1	DoubleDown	DXC4B2P
2025-01-11 18:33:00	7	DoubleUp	DXC4B2P
2025-01-11 18:42:00	5.9	DoubleDown	DXC4B2P
2025-01-11 18:50:00	4.4	DoubleDown	DXC4B2P
2025-01-11 18:57:00	11.2	DoubleUp	DXC4B2P
2025-01-11 19:07:00	11.7	DoubleUp	DXC4B2P
2025-01-11 19:17:00	6.9	DoubleDown	DXC4B2P
2025-01-11 19:25:00	8.5	DoubleUp	DXC4B2P
2025-01-11 19:33:00	13.7	DoubleUp	DXC4B2P
2025-01-11 19:40:00	14.6	DoubleUp	DXC4B2P
2025-01-11 19:50:00	11.3	DoubleDown	DXC4B2P
2025-01-11 19:58:00	6.5	DoubleDown	DXC4B2P
2025-01-11 20:05:00	7.7	DoubleUp	DXC4B2P
2025-01-11 20:13:00	6.4	DoubleDown	DXC4B2P
2025-01-11 20:23:00	8.8	DoubleUp	DXC4B2P
2025-01-11 20:30:00	10.4	DoubleUp	DXC4B2P
2025-01-11 20:37:00	8.3	DoubleDown	DXC4B2P
2025-01-11 20:46:00	2.6	DoubleDown	DXC4B2P
2025-01-11 20:53:00	4.4	DoubleUp	DXC4B2P
2025-01-11 21:00:00	4.1	DoubleDown	DXC4B2P
2025-01-11 21:07:00	6.4	DoubleUp	DXC4B2P
2025-01-11 21:17:00	4.9	DoubleDown	DXC4B2P
2025-01-11 21:27:00	5.3	DoubleUp	DXC4B2P
2025-01-11 21:37:00	9.4	DoubleUp	DXC4B2P
2025-01-11 21:45:00	7.5	DoubleDown	DXC4B2P
2025-01-11 21:55:00	15.9	DoubleUp	DXC4B2P
2025-01-11 22:02:00	9.4	DoubleDown	DXC4B2P
2025-01-11 22:10:00	7.7	DoubleDown	DXC4B2P
2025-01-11 22:19:00	10.4	DoubleUp	DXC4B2P
2025-01-11 22:29:00	7.3	DoubleDown	DXC4B2P
2025-01-11 22:39:00	6.3	DoubleDown	DXC4B2P
2025-01-11 22:47:00	10.7	DoubleUp	DXC4B2P
2025-01-11 22:55:00	13	DoubleUp	DXC4B2P
2025-01-11 23:03:00	7.8	DoubleDown	DXC4B2P
2025-01-11 23:13:00	6.6	DoubleDown	DXC4B2P
2025-01-11 23:21:00	8.7	DoubleUp	DXC4B2P
2025-01-11 23:31:00	10.5	DoubleUp	DXC4B2P
2025-01-11 23:41:00	5.1	DoubleDown	DXC4B2P
2025-01-11 23:50:00	8.8	DoubleUp	DXC4B2P
2025-01-12 00:00:00	9.8	DoubleUp	DXC4B2P
2025-01-12 00:09:00	6.8	DoubleDown	DXC4B2P
2025-01-12 00:18:00	9.1	DoubleUp	DXC4B2P
2025-01-12 00:28:00	8.3	DoubleDown	DXC4B2P
2025-01-12 00:38:00	6.8	DoubleDown	DXC4B2P
2025-01-12 00:48:00	10.7	DoubleUp	DXC4B2P
2025-01-12 00:57:00	15	DoubleUp	DXC4B2P
2025-01-12 01:06:00	7.9	DoubleDown	DXC4B2P
2025-01-12 01:15:00	5.9	DoubleDown	DXC4B2P
2025-01-12 01:23:00	5.7	SingleDown	DXC4B2P
2025-01-12 01:33:00	9.7	DoubleUp	DXC4B2P
2025-01-12 01:42:00	7.4	DoubleDown	DXC4B2P
2025-01-12 01:52:00	13.5	DoubleUp	DXC4B2P
2025-01-12 02:02:00	12.5	DoubleDown	DXC4B2P
2025-01-12 02:10:00	4.2	DoubleDown	DXC4B2P
2025-01-12 02:20:00	5.9	DoubleUp	DXC4B2P
2025-01-12 02:27:00	15.1	DoubleUp	DXC4B2P
2025-01-12 02:35:00	7.7	DoubleDown	DXC4B2P
2025-01-12 02:42:00	7.1	DoubleDown	DXC4B2P
2025-01-12 02:50:00	4.9	DoubleDown	DXC4B2P
2025-01-12 02:58:00	13.1	DoubleUp	DXC4B2P
2025-01-12 03:06:00	10.9	DoubleDown	DXC4B2P
2025-01-12 03:15:00	11.8	DoubleUp	DXC4B2P
2025-01-12 03:22:00	9.3	DoubleDown	DXC4B2P
2025-01-12 03:31:00	11.1	DoubleUp	DXC4B2P
2025-01-12 03:40:00	9.1	DoubleDown	DXC4B2P
2025-01-12 03:48:00	3.8	DoubleDown	DXC4B2P
2025-01-12 03:58:00	10.3	DoubleUp	DXC4B2P
2025-01-12 04:08:00	9.9	DoubleDown	DXC4B2P
2025-01-12 04:15:00	8.5	DoubleDown	DXC4B2P
2025-01-12 04:24:00	7.8	DoubleDown	DXC4B2P
2025-01-12 04:32:00	5.2	DoubleDown	DXC4B2P
2025-01-12 04:39:00	15.4	DoubleUp	DXC4B2P
2025-01-12 04:49:00	8.4	DoubleDown	DXC4B2P
2025-01-12 04:59:00	6.2	DoubleDown	DXC4B2P
2025-01-12 05:07:00	4.6	DoubleDown	DXC4B2P
2025-01-12 05:16:00	5.5	DoubleUp	DXC4B2P
2025-01-12 05:25:00	11.2	DoubleUp	DXC4B2P
2025-01-12 05:34:00	10.5	DoubleDown	DXC4B2P
2025-01-12 05:43:00	7.4	DoubleDown	DXC4B2P
2025-01-12 05:50:00	5	DoubleDown	DXC4B2P
2025-01-12 05:57:00	13.7	DoubleUp	DXC4B2P
2025-01-12 06:07:00	5	DoubleDown	DXC4B2P
2025-01-12 06:14:00	8.8	DoubleUp	DXC4B2P
2025-01-12 06:22:00	7.1	DoubleDown	DXC4B2P
2025-01-12 06:32:00	6.9	SingleDown	DXC4B2P
2025-01-12 06:41:00	11.4	DoubleUp	DXC4B2P
2025-01-12 06:49:00	9	DoubleDown	DXC4B2P
2025-01-12 06:56:00	6.2	DoubleDown	DXC4B2P
2025-01-12 07:04:00	4.1	DoubleDown	DXC4B2P
2025-01-12 07:14:00	13.8	DoubleUp	DXC4B2P
2025-01-12 07:21:00	9.1	DoubleDown	DXC4B2P
2025-01-12 07:30:00	6.7	DoubleDown	DXC4B2P
2025-01-12 07:37:00	13.9	DoubleUp	DXC4B2P
2025-01-12 07:44:00	9.1	DoubleDown	DXC4B2P
2025-01-12 07:52:00	7.7	DoubleDown	DXC4B2P
2025-01-12 08:01:00	10	DoubleUp	DXC4B2P
2025-01-12 08:09:00	9.7	DoubleDown	DXC4B2P
2025-01-12 08:19:00	4.5	DoubleDown	DXC4B2P
2025-01-12 08:27:00	6.2	DoubleUp	DXC4B2P
2025-01-12 08:37:00	8.8	DoubleUp	DXC4B2P
2025-01-12 08:46:00	14.1	DoubleUp	DXC4B2P
2025-01-12 08:53:00	14.5	DoubleUp	DXC4B2P
2025-01-12 09:01:00	13.1	DoubleDown	DXC4B2P
2025-01-12 09:09:00	2.5	DoubleDown	DXC4B2P
2025-01-12 09:17:00	15.6	DoubleUp	DXC4B2P
2025-01-12 09:24:00	4.6	DoubleDown	DXC4B2P
2025-01-12 09:32:00	5.5	DoubleUp	DXC4B2P
2025-01-12 09:39:00	7	DoubleUp	DXC4B2P
2025-01-12 09:49:00	9.4	DoubleUp	DXC4B2P
2025-01-12 09:56:00	4	DoubleDown	DXC4B2P
2025-01-12 10:03:00	10.6	DoubleUp	DXC4B2P
2025-01-12 10:10:00	7.2	DoubleDown	DXC4B2P
2025-01-12 10:17:00	7.6	DoubleUp	DXC4B2P
2025-01-12 10:27:00	7.1	DoubleDown	DXC4B2P
2025-01-12 10:35:00	8	DoubleUp	DXC4B2P
2025-01-12 10:42:00	2.8	DoubleDown	DXC4B2P
2025-01-12 10:50:00	6.9	DoubleUp	DXC4B2P
2025-01-12 10:57:00	4	DoubleDown	DXC4B2P
2025-01-12 11:07:00	9.4	DoubleUp	DXC4B2P
2025-01-12 11:15:00	13.7	DoubleUp	DXC4B2P
2025-01-12 11:23:00	5.1	DoubleDown	DXC4B2P
2025-01-12 11:32:00	9.2	DoubleUp	DXC4B2P
2025-01-12 11:42:00	3	DoubleDown	DXC4B2P
2025-01-12 11:52:00	10.4	DoubleUp	DXC4B2P
2025-01-12 12:02:00	7.3	DoubleDown	DXC4B2P
2025-01-12 12:09:00	8.9	DoubleUp	DXC4B2P
2025-01-12 12:18:00	13.8	DoubleUp	DXC4B2P
2025-01-12 12:26:00	14.4	DoubleUp	DXC4B2P
2025-01-12 12:36:00	11	DoubleDown	DXC4B2P
2025-01-12 12:43:00	6.3	DoubleDown	DXC4B2P
2025-01-12 12:52:00	13.1	DoubleUp	DXC4B2P
2025-01-12 12:59:00	9	DoubleDown	DXC4B2P
2025-01-12 13:07:00	8.6	DoubleDown	DXC4B2P
2025-01-12 13:17:00	10.1	DoubleUp	DXC4B2P
2025-01-12 13:27:00	5.2	DoubleDown	DXC4B2P
2025-01-12 13:34:00	4.5	DoubleDown	DXC4B2P
2025-01-12 13:44:00	10.7	DoubleUp	DXC4B2P
2025-01-12 13:54:00	12.3	DoubleUp	DXC4B2P
2025-01-12 14:01:00	14.2	DoubleUp	DXC4B2P
2025-01-12 14:10:00	9.6	DoubleDown	DXC4B2P
2025-01-12 14:18:00	6.9	DoubleDown	DXC4B2P
2025-01-12 14:26:00	3.2	DoubleDown	DXC4B2P
2025-01-12 14:34:00	13.3	DoubleUp	DXC4B2P
2025-01-12 14:44:00	5.3	DoubleDown	DXC4B2P
2025-01-12 14:54:00	8.6	DoubleUp	DXC4B2P
2025-01-12 15:01:00	4.6	DoubleDown	DXC4B2P
2025-01-12 15:08:00	13.2	DoubleUp	DXC4B2P
2025-01-12 15:18:00	9.7	DoubleDown	DXC4B2P
2025-01-12 15:27:00	5.7	DoubleDown	DXC4B2P
2025-01-12 15:34:00	9.5	DoubleUp	DXC4B2P
2025-01-12 15:44:00	7.4	DoubleDown	DXC4B2P
2025-01-12 15:51:00	9.5	DoubleUp	DXC4B2P
2025-01-12 15:59:00	7.7	DoubleDown	DXC4B2P
2025-01-12 16:07:00	13.2	DoubleUp	DXC4B2P
2025-01-12 16:15:00	4.2	DoubleDown	DXC4B2P
2025-01-12 16:25:00	4.7	DoubleUp	DXC4B2P
2025-01-12 16:35:00	13.3	DoubleUp	DXC4B2P
2025-01-12 16:45:00	10.2	DoubleDown	DXC4B2P
2025-01-12 16:53:00	8.9	DoubleDown	DXC4B2P
2025-01-12 17:03:00	8.4	DoubleDown	DXC4B2P
2025-01-12 17:11:00	8.3	Flat	DXC4B2P
2025-01-12 17:18:00	11	DoubleUp	DXC4B2P
2025-01-12 17:28:00	16.5	DoubleUp	DXC4B2P
2025-01-12 17:35:00	5.9	DoubleDown	DXC4B2P
2025-01-12 17:44:00	9.1	DoubleUp	DXC4B2P
2025-01-12 17:52:00	3.9	DoubleDown	DXC4B2P
2025-01-12 18:00:00	13.6	DoubleUp	DXC4B2P
2025-01-12 18:10:00	9.2	DoubleDown	DXC4B2P
2025-01-12 18:20:00	4.1	DoubleDown	DXC4B2P
2025-01-12 18:27:00	4.1	Flat	DXC4B2P
2025-01-12 18:34:00	10.3	DoubleUp	DXC4B2P
2025-01-12 18:42:00	15.8	DoubleUp	DXC4B2P
2025-01-12 18:52:00	8.2	DoubleDown	DXC4B2P
2025-01-12 19:02:00	8.1	Flat	DXC4B2P
2025-01-12 19:09:00	9.4	DoubleUp	DXC4B2P
2025-01-12 19:17:00	9.7	DoubleUp	DXC4B2P
2025-01-12 19:24:00	13.4	DoubleUp	DXC4B2P
2025-01-12 19:32:00	13.2	SingleDown	DXC4B2P
2025-01-12 19:40:00	6.6	DoubleDown	DXC4B2P
2025-01-12 19:47:00	10.4	DoubleUp	DXC4B2P
2025-01-12 19:57:00	9.3	DoubleDown	DXC4B2P
2025-01-12 20:07:00	15.9	DoubleUp	DXC4B2P
2025-01-12 20:16:00	14.3	DoubleDown	DXC4B2P
2025-01-12 20:23:00	15.3	DoubleUp	DXC4B2P
2025-01-12 20:30:00	8.9	DoubleDown	DXC4B2P
2025-01-12 20:37:00	12.1	DoubleUp	DXC4B2P
2025-01-12 20:45:00	9.6	DoubleDown	DXC4B2P
2025-01-12 20:55:00	10.7	DoubleUp	DXC4B2P
2025-01-12 21:03:00	5	DoubleDown	DXC4B2P
2025-01-12 21:11:00	7.8	DoubleUp	DXC4B2P
2025-01-12 21:20:00	7.5	DoubleDown	DXC4B2P
2025-01-12 21:30:00	8.5	DoubleUp	DXC4B2P
2025-01-12 21:38:00	9.4	DoubleUp	DXC4B2P
2025-01-12 21:48:00	8.4	DoubleDown	DXC4B2P
2025-01-12 21:55:00	12.8	DoubleUp	DXC4B2P
2025-01-12 22:05:00	13	SingleUp	DXC4B2P
2025-01-12 22:14:00	12.3	DoubleDown	DXC4B2P
2025-01-12 22:22:00	9	DoubleDown	DXC4B2P
2025-01-12 22:30:00	5.5	DoubleDown	DXC4B2P
2025-01-12 22:40:00	4.4	DoubleDown	DXC4B2P
2025-01-12 22:50:00	3.3	DoubleDown	DXC4B2P
2025-01-12 22:58:00	5.5	DoubleUp	DXC4B2P
2025-01-12 23:05:00	8.6	DoubleUp	DXC4B2P
2025-01-12 23:12:00	12.7	DoubleUp	DXC4B2P
2025-01-12 23:19:00	6.5	DoubleDown	DXC4B2P
2025-01-12 23:27:00	5.3	DoubleDown	DXC4B2P
2025-01-12 23:34:00	9.8	DoubleUp	DXC4B2P
2025-01-12 23:41:00	5.6	DoubleDown	DXC4B2P
2025-01-12 23:51:00	9.4	DoubleUp	DXC4B2P
2025-01-13 00:00:00	8.7	DoubleDown	DXC4B2P
2025-01-13 00:07:00	15.9	DoubleUp	DXC4B2P
2025-01-13 00:15:00	7.4	DoubleDown	DXC4B2P
2025-01-13 00:24:00	8.4	DoubleUp	DXC4B2P
2025-01-13 00:32:00	16.2	DoubleUp	DXC4B2P
2025-01-13 00:42:00	5.8	DoubleDown	DXC4B2P
2025-01-13 00:52:00	4	DoubleDown	DXC4B2P
2025-01-13 01:00:00	7.9	DoubleUp	DXC4B2P
2025-01-13 01:10:00	6.9	DoubleDown	DXC4B2P
2025-01-13 01:20:00	12.5	DoubleUp	DXC4B2P
2025-01-13 01:29:00	7.6	DoubleDown	DXC4B2P
2025-01-13 01:39:00	2.7	DoubleDown	DXC4B2P
2025-01-13 01:49:00	11.3	DoubleUp	DXC4B2P
2025-01-13 01:59:00	5.8	DoubleDown	DXC4B2P
2025-01-13 02:06:00	4.2	DoubleDown	DXC4B2P
2025-01-13 02:14:00	6	DoubleUp	DXC4B2P
2025-01-13 02:23:00	6.6	DoubleUp	DXC4B2P
2025-01-13 02:33:00	15.2	DoubleUp	DXC4B2P
2025-01-13 02:43:00	8.8	DoubleDown	DXC4B2P
2025-01-13 02:53:00	8.3	DoubleDown	DXC4B2P
2025-01-13 03:03:00	12.3	DoubleUp	DXC4B2P
2025-01-13 03:10:00	7.1	DoubleDown	DXC4B2P
2025-01-13 03:19:00	13.1	DoubleUp	DXC4B2P
2025-01-13 03:28:00	6.2	DoubleDown	DXC4B2P
2025-01-13 03:35:00	5.4	DoubleDown	DXC4B2P
2025-01-13 03:42:00	5.7	DoubleUp	DXC4B2P
2025-01-13 03:49:00	7.6	DoubleUp	DXC4B2P
2025-01-13 03:57:00	12.2	DoubleUp	DXC4B2P
2025-01-13 04:05:00	4.6	DoubleDown	DXC4B2P
2025-01-13 04:14:00	5.3	DoubleUp	DXC4B2P
2025-01-13 04:23:00	8.8	DoubleUp	DXC4B2P
2025-01-13 04:33:00	5.9	DoubleDown	DXC4B2P
2025-01-13 04:40:00	13.8	DoubleUp	DXC4B2P
2025-01-13 04:50:00	5.9	DoubleDown	DXC4B2P
2025-01-13 04:57:00	8.1	DoubleUp	DXC4B2P
2025-01-13 05:07:00	9.4	DoubleUp	DXC4B2P
2025-01-13 05:15:00	7.3	DoubleDown	DXC4B2P
2025-01-13 05:23:00	8.2	DoubleUp	DXC4B2P
2025-01-13 05:33:00	6.9	DoubleDown	DXC4B2P
2025-01-13 05:41:00	15.4	DoubleUp	DXC4B2P
2025-01-13 05:50:00	10.8	DoubleDown	DXC4B2P
2025-01-13 05:57:00	8.5	DoubleDown	DXC4B2P
2025-01-13 06:04:00	8.1	DoubleDown	DXC4B2P
2025-01-13 06:12:00	6.8	DoubleDown	DXC4B2P
2025-01-13 06:19:00	6.6	SingleDown	DXC4B2P
2025-01-13 06:27:00	5.3	DoubleDown	DXC4B2P
2025-01-13 06:35:00	11.1	DoubleUp	DXC4B2P
2025-01-13 06:44:00	4.3	DoubleDown	DXC4B2P
2025-01-13 06:51:00	13.9	DoubleUp	DXC4B2P
2025-01-13 07:01:00	6.7	DoubleDown	DXC4B2P
2025-01-13 07:09:00	9.1	DoubleUp	DXC4B2P
2025-01-13 07:18:00	9	Flat	DXC4B2P
2025-01-13 07:25:00	8.3	DoubleDown	DXC4B2P
2025-01-13 07:35:00	11.3	DoubleUp	DXC4B2P
2025-01-13 07:43:00	5	DoubleDown	DXC4B2P
2025-01-13 07:53:00	5.1	Flat	DXC4B2P
2025-01-13 08:02:00	6.5	DoubleUp	DXC4B2P
2025-01-13 08:11:00	4.7	DoubleDown	DXC4B2P
2025-01-13 08:20:00	4.1	DoubleDown	DXC4B2P
2025-01-13 08:30:00	6.7	DoubleUp	DXC4B2P
2025-01-13 08:39:00	9.8	DoubleUp	DXC4B2P
2025-01-13 08:48:00	10.4	DoubleUp	DXC4B2P
2025-01-13 08:57:00	6.1	DoubleDown	DXC4B2P
2025-01-13 09:04:00	3	DoubleDown	DXC4B2P
2025-01-13 09:12:00	9.5	DoubleUp	DXC4B2P
2025-01-13 09:21:00	8.8	DoubleDown	DXC4B2P
2025-01-13 09:30:00	7.7	DoubleDown	DXC4B2P
2025-01-13 09:39:00	9.7	DoubleUp	DXC4B2P
2025-01-13 09:46:00	7	DoubleDown	DXC4B2P
2025-01-13 09:56:00	8.1	DoubleUp	DXC4B2P
2025-01-13 10:05:00	6.6	DoubleDown	DXC4B2P
2025-01-13 10:13:00	4.4	DoubleDown	DXC4B2P
2025-01-13 10:22:00	12.6	DoubleUp	DXC4B2P
2025-01-13 10:32:00	4.1	DoubleDown	DXC4B2P
2025-01-13 10:41:00	5	DoubleUp	DXC4B2P
2025-01-13 10:49:00	6.1	DoubleUp	DXC4B2P
2025-01-13 10:58:00	9	DoubleUp	DXC4B2P
2025-01-13 11:07:00	5.4	DoubleDown	DXC4B2P
2025-01-13 11:17:00	8	DoubleUp	DXC4B2P
2025-01-13 11:27:00	4.9	DoubleDown	DXC4B2P
2025-01-13 11:35:00	13.1	DoubleUp	DXC4B2P
2025-01-13 11:42:00	10	DoubleDown	DXC4B2P
2025-01-13 11:50:00	9.2	DoubleDown	DXC4B2P
2025-01-13 12:00:00	14.6	DoubleUp	DXC4B2P
2025-01-13 12:08:00	7.2	DoubleDown	DXC4B2P
2025-01-13 12:18:00	7	SingleDown	DXC4B2P
2025-01-13 12:28:00	6.1	DoubleDown	DXC4B2P
2025-01-13 12:36:00	4.5	DoubleDown	DXC4B2P
2025-01-13 12:44:00	10.2	DoubleUp	DXC4B2P
2025-01-13 12:54:00	7.7	DoubleDown	DXC4B2P
2025-01-13 13:03:00	16	DoubleUp	DXC4B2P
2025-01-13 13:10:00	13	DoubleDown	DXC4B2P
2025-01-13 13:19:00	6.4	DoubleDown	DXC4B2P
2025-01-13 13:28:00	7	DoubleUp	DXC4B2P
2025-01-13 13:38:00	9.2	DoubleUp	DXC4B2P
2025-01-13 13:48:00	8.2	DoubleDown	DXC4B2P
2025-01-13 13:56:00	6.2	DoubleDown	DXC4B2P
2025-01-13 14:06:00	5.2	DoubleDown	DXC4B2P
2025-01-13 14:16:00	6.3	DoubleUp	DXC4B2P
2025-01-13 14:23:00	4.2	DoubleDown	DXC4B2P
2025-01-13 14:31:00	6.9	DoubleUp	DXC4B2P
2025-01-13 14:39:00	6.8	Flat	DXC4B2P
2025-01-13 14:48:00	15.8	DoubleUp	DXC4B2P
2025-01-13 14:57:00	4	DoubleDown	DXC4B2P
2025-01-13 15:06:00	4.2	SingleUp	DXC4B2P
2025-01-13 15:14:00	13.5	DoubleUp	DXC4B2P
2025-01-13 15:22:00	9.5	DoubleDown	DXC4B2P
2025-01-13 15:30:00	5	DoubleDown	DXC4B2P
2025-01-13 15:38:00	4	DoubleDown	DXC4B2P
2025-01-13 15:46:00	2.7	DoubleDown	DXC4B2P
2025-01-13 15:56:00	7	DoubleUp	DXC4B2P
2025-01-13 16:03:00	8.8	DoubleUp	DXC4B2P
2025-01-13 16:11:00	7.3	DoubleDown	DXC4B2P
2025-01-13 16:19:00	4	DoubleDown	DXC4B2P
2025-01-13 16:29:00	7	DoubleUp	DXC4B2P
2025-01-13 16:38:00	5.3	DoubleDown	DXC4B2P
2025-01-13 16:45:00	5.4	Flat	DXC4B2P
2025-01-13 16:53:00	3	DoubleDown	DXC4B2P
2025-01-13 17:00:00	12.9	DoubleUp	DXC4B2P
2025-01-13 17:10:00	6.3	DoubleDown	DXC4B2P
2025-01-13 17:20:00	4.8	DoubleDown	DXC4B2P
2025-01-13 17:27:00	9.5	DoubleUp	DXC4B2P
2025-01-13 17:37:00	11.1	DoubleUp	DXC4B2P
2025-01-13 17:44:00	15.7	DoubleUp	DXC4B2P
2025-01-13 17:52:00	7.6	DoubleDown	DXC4B2P
2025-01-13 18:00:00	6.1	DoubleDown	DXC4B2P
2025-01-13 18:08:00	8.5	DoubleUp	DXC4B2P
2025-01-13 18:17:00	4.6	DoubleDown	DXC4B2P
2025-01-13 18:24:00	4.5	Flat	DXC4B2P
2025-01-13 18:32:00	4.9	DoubleUp	DXC4B2P
2025-01-13 18:41:00	11.2	DoubleUp	DXC4B2P
2025-01-13 18:49:00	5.3	DoubleDown	DXC4B2P
2025-01-13 18:59:00	6.8	DoubleUp	DXC4B2P
2025-01-13 19:09:00	11.7	DoubleUp	DXC4B2P
2025-01-13 19:18:00	9.1	DoubleDown	DXC4B2P
2025-01-13 19:27:00	10	DoubleUp	DXC4B2P
2025-01-13 19:37:00	6.8	DoubleDown	DXC4B2P
2025-01-13 19:46:00	9.5	DoubleUp	DXC4B2P
2025-01-13 19:53:00	7.6	DoubleDown	DXC4B2P
2025-01-13 20:01:00	3.6	DoubleDown	DXC4B2P
2025-01-13 20:09:00	6.9	DoubleUp	DXC4B2P
2025-01-13 20:17:00	3.3	DoubleDown	DXC4B2P
2025-01-13 20:24:00	5.4	DoubleUp	DXC4B2P
2025-01-13 20:31:00	5.5	Flat	DXC4B2P
2025-01-13 20:38:00	7.3	DoubleUp	DXC4B2P
2025-01-13 20:48:00	5.7	DoubleDown	DXC4B2P
2025-01-13 20:55:00	4.7	DoubleDown	DXC4B2P
2025-01-13 21:04:00	7.7	DoubleUp	DXC4B2P
2025-01-13 21:14:00	8.6	DoubleUp	DXC4B2P
2025-01-13 21:22:00	13.5	DoubleUp	DXC4B2P
2025-01-13 21:31:00	12.5	DoubleDown	DXC4B2P
2025-01-13 21:39:00	5.2	DoubleDown	DXC4B2P
2025-01-13 21:46:00	9.3	DoubleUp	DXC4B2P
2025-01-13 21:56:00	6.7	DoubleDown	DXC4B2P
2025-01-13 22:03:00	10.8	DoubleUp	DXC4B2P
2025-01-13 22:10:00	6.4	DoubleDown	DXC4B2P
2025-01-13 22:18:00	4.9	DoubleDown	DXC4B2P
2025-01-13 22:27:00	5.5	DoubleUp	DXC4B2P
2025-01-13 22:35:00	16	DoubleUp	DXC4B2P
2025-01-13 22:43:00	5.9	DoubleDown	DXC4B2P
2025-01-13 22:51:00	4.6	DoubleDown	DXC4B2P
2025-01-13 23:01:00	13.9	DoubleUp	DXC4B2P
2025-01-13 23:08:00	12.3	DoubleDown	DXC4B2P
2025-01-13 23:16:00	5.2	DoubleDown	DXC4B2P
2025-01-13 23:25:00	7.3	DoubleUp	DXC4B2P
2025-01-13 23:34:00	8.7	DoubleUp	DXC4B2P
2025-01-13 23:44:00	14.7	DoubleUp	DXC4B2P
2025-01-13 23:52:00	4.4	DoubleDown	DXC4B2P
2025-01-14 00:01:00	7.9	DoubleUp	DXC4B2P
2025-01-14 00:10:00	7.8	Flat	DXC4B2P
2025-01-14 00:18:00	10.9	DoubleUp	DXC4B2P
2025-01-14 00:27:00	7.6	DoubleDown	DXC4B2P
2025-01-14 00:37:00	6.5	DoubleDown	DXC4B2P
2025-01-14 00:46:00	13.3	DoubleUp	DXC4B2P
2025-01-14 00:53:00	12.2	DoubleDown	DXC4B2P
2025-01-14 01:02:00	13.8	DoubleUp	DXC4B2P
2025-01-14 01:12:00	9.3	DoubleDown	DXC4B2P
2025-01-14 01:19:00	6.3	DoubleDown	DXC4B2P
2025-01-14 01:26:00	6.5	SingleUp	DXC4B2P
2025-01-14 01:33:00	15.4	DoubleUp	DXC4B2P
2025-01-14 01:41:00	10.7	DoubleDown	DXC4B2P
2025-01-14 01:49:00	4.9	DoubleDown	DXC4B2P
2025-01-14 01:58:00	7.8	DoubleUp	DXC4B2P
2025-01-14 02:08:00	3.9	DoubleDown	DXC4B2P
2025-01-14 02:18:00	4.1	SingleUp	DXC4B2P
2025-01-14 02:25:00	4.8	DoubleUp	DXC4B2P
2025-01-14 02:33:00	11.4	DoubleUp	DXC4B2P
2025-01-14 02:43:00	8.9	DoubleDown	DXC4B2P
2025-01-14 02:53:00	8.1	DoubleDown	DXC4B2P
2025-01-14 03:03:00	11.9	DoubleUp	DXC4B2P
2025-01-14 03:11:00	9.8	DoubleDown	DXC4B2P
2025-01-14 03:18:00	5.8	DoubleDown	DXC4B2P
2025-01-14 03:28:00	8.6	DoubleUp	DXC4B2P
2025-01-14 03:37:00	13.7	DoubleUp	DXC4B2P
2025-01-14 03:45:00	5.9	DoubleDown	DXC4B2P
2025-01-14 03:55:00	4	DoubleDown	DXC4B2P
2025-01-14 04:03:00	6.9	DoubleUp	DXC4B2P
2025-01-14 04:10:00	9.8	DoubleUp	DXC4B2P
2025-01-14 04:18:00	7.1	DoubleDown	DXC4B2P
2025-01-14 04:28:00	6.1	DoubleDown	DXC4B2P
2025-01-14 04:35:00	8.3	DoubleUp	DXC4B2P
2025-01-14 04:44:00	7.5	DoubleDown	DXC4B2P
2025-01-14 04:51:00	7.9	DoubleUp	DXC4B2P
2025-01-14 04:58:00	9.8	DoubleUp	DXC4B2P
2025-01-14 05:07:00	4.4	DoubleDown	DXC4B2P
2025-01-14 05:14:00	9.2	DoubleUp	DXC4B2P
2025-01-14 05:23:00	9.1	Flat	DXC4B2P
2025-01-14 05:30:00	7.7	DoubleDown	DXC4B2P
2025-01-14 05:39:00	7.1	DoubleDown	DXC4B2P
2025-01-14 05:47:00	6.6	DoubleDown	DXC4B2P
2025-01-14 05:56:00	8.4	DoubleUp	DXC4B2P
2025-01-14 06:03:00	9.1	DoubleUp	DXC4B2P
2025-01-14 06:11:00	15.1	DoubleUp	DXC4B2P
2025-01-14 06:20:00	8	DoubleDown	DXC4B2P
2025-01-14 06:27:00	14.2	DoubleUp	DXC4B2P
2025-01-14 06:35:00	4.1	DoubleDown	DXC4B2P
2025-01-14 06:43:00	5.3	DoubleUp	DXC4B2P
2025-01-14 06:52:00	11.8	DoubleUp	DXC4B2P
2025-01-14 07:00:00	7.1	DoubleDown	DXC4B2P
2025-01-14 07:08:00	8	DoubleUp	DXC4B2P
2025-01-14 07:17:00	5.1	DoubleDown	DXC4B2P
2025-01-14 07:27:00	8.2	DoubleUp	DXC4B2P
2025-01-14 07:34:00	4.8	DoubleDown	DXC4B2P
2025-01-14 07:42:00	4.6	SingleDown	DXC4B2P
2025-01-14 07:50:00	12.3	DoubleUp	DXC4B2P
2025-01-14 07:57:00	10.8	DoubleDown	DXC4B2P
2025-01-14 08:04:00	6	DoubleDown	DXC4B2P
2025-01-14 08:13:00	10.4	DoubleUp	DXC4B2P
2025-01-14 08:23:00	15.2	DoubleUp	DXC4B2P
2025-01-14 08:30:00	15.9	DoubleUp	DXC4B2P
2025-01-14 08:39:00	9.6	DoubleDown	DXC4B2P
2025-01-14 08:49:00	6.9	DoubleDown	DXC4B2P
2025-01-14 08:58:00	4.1	DoubleDown	DXC4B2P
2025-01-14 09:08:00	5.7	DoubleUp	DXC4B2P
2025-01-14 09:16:00	7.3	DoubleUp	DXC4B2P
2025-01-14 09:26:00	5.1	DoubleDown	DXC4B2P
2025-01-14 09:33:00	7.5	DoubleUp	DXC4B2P
2025-01-14 09:40:00	6.4	DoubleDown	DXC4B2P
2025-01-14 09:50:00	7.4	DoubleUp	DXC4B2P
2025-01-14 09:59:00	5.1	DoubleDown	DXC4B2P
2025-01-14 10:08:00	4.1	DoubleDown	DXC4B2P
2025-01-14 10:15:00	8.1	DoubleUp	DXC4B2P
2025-01-14 10:25:00	4.1	DoubleDown	DXC4B2P
2025-01-14 10:33:00	7	DoubleUp	DXC4B2P
2025-01-14 10:41:00	7	Flat	DXC4B2P
2025-01-14 10:50:00	8.4	DoubleUp	DXC4B2P
2025-01-14 10:57:00	11	DoubleUp	DXC4B2P
2025-01-14 11:07:00	9.5	DoubleDown	DXC4B2P
2025-01-14 11:15:00	5.4	DoubleDown	DXC4B2P
2025-01-14 11:23:00	12.3	DoubleUp	DXC4B2P
2025-01-14 11:31:00	5.8	DoubleDown	DXC4B2P
2025-01-14 11:41:00	14.3	DoubleUp	DXC4B2P
2025-01-14 11:50:00	9.8	DoubleDown	DXC4B2P
2025-01-14 11:57:00	9.9	Flat	DXC4B2P
2025-01-14 12:04:00	4.8	DoubleDown	DXC4B2P
2025-01-14 12:14:00	6.4	DoubleUp	DXC4B2P
2025-01-14 12:24:00	16.2	DoubleUp	DXC4B2P
2025-01-14 12:34:00	6.9	DoubleDown	DXC4B2P
2025-01-14 12:43:00	14.9	DoubleUp	DXC4B2P
2025-01-14 12:51:00	5.3	DoubleDown	DXC4B2P
2025-01-14 12:59:00	6.8	DoubleUp	DXC4B2P
2025-01-14 13:09:00	5.8	DoubleDown	DXC4B2P
2025-01-14 13:18:00	11.5	DoubleUp	DXC4B2P
2025-01-14 13:28:00	16.2	DoubleUp	DXC4B2P
2025-01-14 13:36:00	7.6	DoubleDown	DXC4B2P
2025-01-14 13:43:00	12.5	DoubleUp	DXC4B2P
2025-01-14 13:51:00	9.8	DoubleDown	DXC4B2P
2025-01-14 13:58:00	6.9	DoubleDown	DXC4B2P
2025-01-14 14:07:00	6.3	DoubleDown	DXC4B2P
2025-01-14 14:16:00	4.1	DoubleDown	DXC4B2P
2025-01-14 14:24:00	14.5	DoubleUp	DXC4B2P
2025-01-14 14:31:00	10.3	DoubleDown	DXC4B2P
2025-01-14 14:40:00	9.4	DoubleDown	DXC4B2P
2025-01-14 14:50:00	13.1	DoubleUp	DXC4B2P
2025-01-14 14:59:00	5.4	DoubleDown	DXC4B2P
2025-01-14 15:08:00	12.3	DoubleUp	DXC4B2P
2025-01-14 15:17:00	6.6	DoubleDown	DXC4B2P
2025-01-14 15:26:00	13.4	DoubleUp	DXC4B2P
2025-01-14 15:34:00	9.6	DoubleDown	DXC4B2P
2025-01-14 15:41:00	5.4	DoubleDown	DXC4B2P
2025-01-14 15:50:00	8.6	DoubleUp	DXC4B2P
2025-01-14 15:57:00	5.2	DoubleDown	DXC4B2P
2025-01-14 16:07:00	5.1	Flat	DXC4B2P
2025-01-14 16:16:00	5.5	DoubleUp	DXC4B2P
2025-01-14 16:23:00	7.4	DoubleUp	DXC4B2P
2025-01-14 16:32:00	14.1	DoubleUp	DXC4B2P
2025-01-14 16:41:00	11.6	DoubleDown	DXC4B2P
2025-01-14 16:49:00	5.8	DoubleDown	DXC4B2P
2025-01-14 16:58:00	7.1	DoubleUp	DXC4B2P
2025-01-14 17:07:00	15.2	DoubleUp	DXC4B2P
2025-01-14 17:16:00	5.2	DoubleDown	DXC4B2P