Name:John Doe	Date Range:2025-01-01 - 2025-01-14
Timestamp	Glucose Value (mg/dL)	Trend Arrow	Transmitter ID
2025-01-05 15:59:57	101	SingleDown	DXC4B2P
2025-01-05 16:02:51	111	SingleUp	DXC4B2P
2025-01-05 16:05:44	100	SingleDown	DXC4B2P
2025-01-05 16:08:37	102	FortyFiveUp	DXC4B2P
2025-01-05 16:11:30	114	SingleUp	DXC4B2P
2025-01-05 16:14:23	102	SingleDown	DXC4B2P
2025-01-05 16:17:17	119	SingleUp	DXC4B2P
2025-01-05 16:20:10	123	SingleUp	DXC4B2P
2025-01-05 16:23:03	108	SingleDown	DXC4B2P
2025-01-05 16:25:56	129	SingleUp	DXC4B2P
2025-01-05 16:28:49	105	SingleDown	DXC4B2P
2025-01-05 16:31:43	125	SingleUp	DXC4B2P
2025-01-05 16:34:36	127	FortyFiveUp	DXC4B2P
2025-01-05 16:37:29	120	SingleDown	DXC4B2P
2025-01-05 16:40:22	130	SingleUp	DXC4B2P
2025-01-05 16:43:15	127	SingleDown	DXC4B2P
2025-01-05 16:46:09	100	SingleDown	DXC4B2P
2025-01-05 16:49:02	119	SingleUp	DXC4B2P
2025-01-05 16:51:55	112	SingleDown	DXC4B2P
2025-01-05 16:54:48	114	FortyFiveUp	DXC4B2P
2025-01-05 16:57:41	114	Flat	DXC4B2P
2025-01-05 17:00:35	122	SingleUp	DXC4B2P
2025-01-05 17:03:28	102	SingleDown	DXC4B2P
2025-01-05 17:06:21	102	Flat	DXC4B2P
2025-01-05 17:09:14	123	SingleUp	DXC4B2P
2025-01-05 17:12:07	110	SingleDown	DXC4B2P
2025-01-05 17:15:01	121	SingleUp	DXC4B2P
2025-01-05 17:17:54	108	SingleDown	DXC4B2P
2025-01-05 17:20:47	113	SingleUp	DXC4B2P
2025-01-05 17:23:40	123	SingleUp	DXC4B2P
2025-01-05 17:26:33	102	SingleDown	DXC4B2P
2025-01-05 17:29:27	125	SingleUp	DXC4B2P
2025-01-05 17:32:20	115	SingleDown	DXC4B2P
2025-01-05 17:35:13	101	SingleDown	DXC4B2P
2025-01-05 17:38:06	106	SingleUp	DXC4B2P
2025-01-05 17:40:59	125	SingleUp	DXC4B2P
2025-01-05 17:43:52	110	SingleDown	DXC4B2P
2025-01-05 17:46:46	116	SingleUp	DXC4B2P
2025-01-05 17:49:39	109	SingleDown	DXC4B2P
2025-01-05 17:52:32	126	SingleUp	DXC4B2P
2025-01-05 17:55:25	118	SingleDown	DXC4B2P
2025-01-05 17:58:18	105	SingleDown	DXC4B2P
2025-01-05 18:01:12	124	SingleUp	DXC4B2P
2025-01-05 18:04:05	119	SingleDown	DXC4B2P
2025-01-05 18:06:58	128	SingleUp	DXC4B2P
2025-01-05 18:09:51	113	SingleDown	DXC4B2P
2025-01-05 18:12:44	103	SingleDown	DXC4B2P
2025-01-05 18:15:38	126	SingleUp	DXC4B2P
2025-01-05 18:18:31	105	SingleDown	DXC4B2P
2025-01-05 18:21:24	109	SingleUp	DXC4B2P
2025-01-05 18:24:17	126	SingleUp	DXC4B2P
2025-01-05 18:27:10	108	SingleDown	DXC4B2P
2025-01-05 18:30:04	108	Flat	DXC4B2P
2025-01-05 18:32:57	117	SingleUp	DXC4B2P
2025-01-05 18:35:50	113	SingleDown	DXC4B2P
2025-01-05 18:38:43	112	Flat	DXC4B2P
2025-01-05 18:41:36	118	SingleUp	DXC4B2P
2025-01-05 18:44:30	119	Flat	DXC4B2P
2025-01-05 18:47:23	126	SingleUp	DXC4B2P
2025-01-05 18:50:16	128	FortyFiveUp	DXC4B2P
2025-01-05 18:53:09	104	SingleDown	DXC4B2P
2025-01-05 18:56:02	110	SingleUp	DXC4B2P
2025-01-05 18:58:56	106	SingleDown	DXC4B2P
2025-01-05 19:01:49	135	SingleUp	DXC4B2P
2025-01-05 19:04:42	113	SingleDown	DXC4B2P
2025-01-05 19:07:35	120	SingleUp	DXC4B2P
2025-01-05 19:10:28	119	Flat	DXC4B2P
2025-01-05 19:13:22	121	FortyFiveUp	DXC4B2P
2025-01-05 19:16:15	137	SingleUp	DXC4B2P
2025-01-05 19:19:08	133	SingleDown	DXC4B2P
2025-01-05 19:22:01	129	SingleDown	DXC4B2P
2025-01-05 19:24:54	130	Flat	DXC4B2P
2025-01-05 19:27:48	138	SingleUp	DXC4B2P
2025-01-05 19:30:41	137	Flat	DXC4B2P
2025-01-05 19:33:34	111	SingleDown	DXC4B2P
2025-01-05 19:36:27	123	SingleUp	DXC4B2P
2025-01-05 19:39:20	125	FortyFiveUp	DXC4B2P
2025-01-05 19:42:13	127	FortyFiveUp	DXC4B2P
2025-01-05 19:45:07	138	SingleUp	DXC4B2P
2025-01-05 19:48:00	123	SingleDown	DXC4B2P
2025-01-05 19:50:53	130	SingleUp	DXC4B2P
2025-01-05 19:53:46	118	SingleDown	DXC4B2P
2025-01-05 19:56:39	138	SingleUp	DXC4B2P
2025-01-05 19:59:33	115	SingleDown	DXC4B2P
2025-01-05 20:02:26	150	SingleUp	DXC4B2P
2025-01-05 20:05:19	139	SingleDown	DXC4B2P
2025-01-05 20:08:12	150	SingleUp	DXC4B2P
2025-01-05 20:11:05	139	SingleDown	DXC4B2P
2025-01-05 20:13:59	138	Flat	DXC4B2P
2025-01-05 20:16:52	159	SingleUp	DXC4B2P
2025-01-05 20:19:45	136	SingleDown	DXC4B2P
2025-01-05 20:22:38	153	SingleUp	DXC4B2P
2025-01-05 20:25:31	161	SingleUp	DXC4B2P
2025-01-05 20:28:25	161	Flat	DXC4B2P
2025-01-05 20:31:18	141	SingleDown	DXC4B2P
2025-01-05 20:34:11	144	SingleUp	DXC4B2P
2025-01-05 20:37:04	139	SingleDown	DXC4B2P
2025-01-05 20:39:57	155	SingleUp	DXC4B2P
2025-01-05 20:42:51	160	SingleUp	DXC4B2P
2025-01-05 20:45:44	140	SingleDown	DXC4B2P
2025-01-05 20:48:37	148	SingleUp	DXC4B2P
2025-01-05 20:51:30	154	SingleUp	DXC4B2P
2025-01-05 20:54:23	139	SingleDown	DXC4B2P
2025-01-05 20:57:17	150	SingleUp	DXC4B2P
2025-01-05 21:00:10	138	SingleDown	DXC4B2P
2025-01-05 21:03:03	154	SingleUp	DXC4B2P
2025-01-05 21:05:56	148	SingleDown	DXC4B2P
2025-01-05 21:08:49	158	SingleUp	DXC4B2P
2025-01-05 21:11:43	150	SingleDown	DXC4B2P
2025-01-05 21:14:36	137	SingleDown	DXC4B2P
2025-01-05 21:17:29	138	Flat	DXC4B2P
2025-01-05 21:20:22	139	Flat	DXC4B2P
2025-01-05 21:23:15	163	SingleUp	DXC4B2P
2025-01-05 21:26:08	164	Flat	DXC4B2P
2025-01-05 21:29:02	154	SingleDown	DXC4B2P
2025-01-05 21:31:55	161	SingleUp	DXC4B2P
2025-01-05 21:34:48	161	Flat	DXC4B2P
2025-01-05 21:37:41	151	SingleDown	DXC4B2P
2025-01-05 21:40:34	159	SingleUp	DXC4B2P
2025-01-05 21:43:28	148	SingleDown	DXC4B2P
2025-01-05 21:46:21	162	SingleUp	DXC4B2P
2025-01-05 21:49:14	156	SingleDown	DXC4B2P
2025-01-05 21:52:07	157	Flat	DXC4B2P
2025-01-05 21:55:00	154	SingleDown	DXC4B2P
2025-01-05 21:57:54	164	SingleUp	DXC4B2P
2025-01-05 22:00:47	108	SingleDown	DXC4B2P
2025-01-05 22:03:40	114	SingleUp	DXC4B2P
2025-01-05 22:06:33	86	SingleDown	DXC4B2P
2025-01-05 22:09:26	89	SingleUp	DXC4B2P
2025-01-05 22:12:20	112	SingleUp	DXC4B2P
2025-01-05 22:15:13	112	Flat	DXC4B2P
2025-01-05 22:18:06	86	SingleDown	DXC4B2P
2025-01-05 22:20:59	87	Flat	DXC4B2P
2025-01-05 22:23:52	111	SingleUp	DXC4B2P
2025-01-05 22:26:46	90	SingleDown	DXC4B2P
2025-01-05 22:29:39	99	SingleUp	DXC4B2P
2025-01-05 22:32:32	114	SingleUp	DXC4B2P
2025-01-05 22:35:25	101	SingleDown	DXC4B2P
2025-01-05 22:38:18	89	SingleDown	DXC4B2P
2025-01-05 22:41:12	109	SingleUp	DXC4B2P
2025-01-05 22:44:05	115	SingleUp	DXC4B2P
2025-01-05 22:46:58	99	SingleDown	DXC4B2P
2025-01-05 22:49:51	86	SingleDown	DXC4B2P
2025-01-05 22:52:44	93	SingleUp	DXC4B2P
2025-01-05 22:55:38	92	Flat	DXC4B2P
2025-01-05 22:58:31	104	SingleUp	DXC4B2P
2025-01-05 23:01:24	98	SingleDown	DXC4B2P
2025-01-05 23:04:17	88	SingleDown	DXC4B2P
2025-01-05 23:07:10	109	SingleUp	DXC4B2P
2025-01-05 23:10:04	80	SingleDown	DXC4B2P
2025-01-05 23:12:57	104	SingleUp	DXC4B2P
2025-01-05 23:15:50	100	SingleDown	DXC4B2P
2025-01-05 23:18:43	87	SingleDown	DXC4B2P
2025-01-05 23:21:36	81	SingleDown	DXC4B2P
2025-01-05 23:24:29	109	SingleUp	DXC4B2P
2025-01-05 23:27:23	87	SingleDown	DXC4B2P
2025-01-05 23:30:16	84	SingleDown	DXC4B2P
2025-01-05 23:33:09	107	SingleUp	DXC4B2P
2025-01-05 23:36:02	110	SingleUp	DXC4B2P
2025-01-05 23:38:55	81	SingleDown	DXC4B2P
2025-01-05 23:41:49	82	Flat	DXC4B2P
2025-01-05 23:44:42	97	SingleUp	DXC4B2P
2025-01-05 23:47:35	95	FortyFiveDown	DXC4B2P
2025-01-05 23:50:28	87	SingleDown	DXC4B2P
2025-01-05 23:53:21	93	SingleUp	DXC4B2P
2025-01-05 23:56:15	86	SingleDown	DXC4B2P
2025-01-05 23:59:08	83	SingleDown	DXC4B2P
2025-01-06 00:02:01	100	SingleUp	DXC4B2P
2025-01-06 00:04:54	95	SingleDown	DXC4B2P
2025-01-06 00:07:47	97	FortyFiveUp	DXC4B2P
2025-01-06 00:10:41	96	Flat	DXC4B2P
2025-01-06 00:13:34	93	SingleDown	DXC4B2P
2025-01-06 00:16:27	80	SingleDown	DXC4B2P
2025-01-06 00:19:20	101	SingleUp	DXC4B2P
2025-01-06 00:22:13	102	Flat	DXC4B2P
2025-01-06 00:25:07	103	Flat	DXC4B2P
2025-01-06 00:28:00	84	SingleDown	DXC4B2P
2025-01-06 00:30:53	86	FortyFiveUp	DXC4B2P
2025-01-06 00:33:46	99	SingleUp	DXC4B2P
2025-01-06 00:36:39	94	SingleDown	DXC4B2P
2025-01-06 00:39:33	84	SingleDown	DXC4B2P
2025-01-06 00:42:26	103	SingleUp	DXC4B2P
2025-01-06 00:45:19	84	SingleDown	DXC4B2P
2025-01-06 00:48:12	81	SingleDown	DXC4B2P
2025-01-06 00:51:05	100	SingleUp	DXC4B2P
2025-01-06 00:53:59	93	SingleDown	DXC4B2P
2025-01-06 00:56:52	82	SingleDown	DXC4B2P
2025-01-06 00:59:45	99	SingleUp	DXC4B2P
2025-01-06 01:02:38	85	SingleDown	DXC4B2P
2025-01-06 01:05:31	74	SingleDown	DXC4B2P
2025-01-06 01:08:25	93	SingleUp	DXC4B2P
2025-01-06 01:11:18	93	Flat	DXC4B2P
2025-01-06 01:14:11	99	SingleUp	DXC4B2P
2025-01-06 01:17:04	84	SingleDown	DXC4B2P
2025-01-06 01:19:57	73	SingleDown	DXC4B2P
2025-01-06 01:22:50	86	SingleUp	DXC4B2P
2025-01-06 01:25:44	89	SingleUp	DXC4B2P
2025-01-06 01:28:37	74	SingleDown	DXC4B2P
2025-01-06 01:31:30	99	SingleUp	DXC4B2P
2025-01-06 01:34:23	72	SingleDown	DXC4B2P
2025-01-06 01:37:16	98	SingleUp	DXC4B2P
2025-01-06 01:40:10	92	SingleDown	DXC4B2P
2025-01-06 01:43:03	83	SingleDown	DXC4B2P
2025-01-06 01:45:56	85	FortyFiveUp	DXC4B2P
2025-01-06 01:48:49	89	SingleUp	DXC4B2P
2025-01-06 01:51:42	89	Flat	DXC4B2P
2025-01-06 01:54:36	87	FortyFiveDown	DXC4B2P
2025-01-06 01:57:29	95	SingleUp	DXC4B2P
2025-01-06 02:00:22	92	SingleDown	DXC4B2P
2025-01-06 02:03:15	78	SingleDown	DXC4B2P
2025-01-06 02:06:08	79	Flat	DXC4B2P
2025-01-06 02:09:02	78	Flat	DXC4B2P
2025-01-06 02:11:55	84	SingleUp	DXC4B2P
2025-01-06 02:14:48	89	SingleUp	DXC4B2P
2025-01-06 02:17:41	82	SingleDown	DXC4B2P
2025-01-06 02:20:34	81	Flat	DXC4B2P
2025-01-06 02:23:28	78	SingleDown	DXC4B2P
2025-01-06 02:26:21	91	SingleUp	DXC4B2P
2025-01-06 02:29:14	71	SingleDown	DXC4B2P
2025-01-06 02:32:07	78	SingleUp	DXC4B2P
2025-01-06 02:35:00	78	Flat	DXC4B2P
2025-01-06 02:37:54	71	SingleDown	DXC4B2P
2025-01-06 02:40:47	72	Flat	DXC4B2P
2025-01-06 02:43:40	91	SingleUp	DXC4B2P
2025-01-06 02:46:33	67	SingleDown	DXC4B2P
2025-01-06 02:49:26	80	SingleUp	DXC4B2P
2025-01-06 02:52:20	84	SingleUp	DXC4B2P
2025-01-06 02:55:13	86	FortyFiveUp	DXC4B2P
2025-01-06 02:58:06	87	Flat	DXC4B2P
2025-01-06 03:00:59	112	SingleUp	DXC4B2P
2025-01-06 03:03:52	112	Flat	DXC4B2P
2025-01-06 03:06:46	98	SingleDown	DXC4B2P
2025-01-06 03:09:39	114	SingleUp	DXC4B2P
2025-01-06 03:12:32	122	SingleUp	DXC4B2P
2025-01-06 03:15:25	103	SingleDown	DXC4B2P
2025-01-06 03:18:18	106	SingleUp	DXC4B2P
2025-01-06 03:21:11	115	SingleUp	DXC4B2P
2025-01-06 03:24:05	122	SingleUp	DXC4B2P
2025-01-06 03:26:58	121	Flat	DXC4B2P
2025-01-06 03:29:51	105	SingleDown	DXC4B2P
2025-01-06 03:32:44	100	SingleDown	DXC4B2P
2025-01-06 03:35:37	108	SingleUp	DXC4B2P
2025-01-06 03:38:31	118	SingleUp	DXC4B2P
2025-01-06 03:41:24	99	SingleDown	DXC4B2P
2025-01-06 03:44:17	108	SingleUp	DXC4B2P
2025-01-06 03:47:10	104	SingleDown	DXC4B2P
2025-01-06 03:50:03	118	SingleUp	DXC4B2P
2025-01-06 03:52:57	119	Flat	DXC4B2P
2025-01-06 03:55:50	96	SingleDown	DXC4B2P
2025-01-06 03:58:43	117	SingleUp	DXC4B2P
2025-01-06 04:01:36	106	SingleDown	DXC4B2P
2025-01-06 04:04:29	100	SingleDown	DXC4B2P
2025-01-06 04:07:23	109	SingleUp	DXC4B2P
2025-01-06 04:10:16	122	SingleUp	DXC4B2P
2025-01-06 04:13:09	117	SingleDown	DXC4B2P
2025-01-06 04:16:02	115	FortyFiveDown	DXC4B2P
2025-01-06 04:18:55	106	SingleDown	DXC4B2P
2025-01-06 04:21:49	126	SingleUp	DXC4B2P
2025-01-06 04:24:42	112	SingleDown	DXC4B2P
2025-01-06 04:27:35	117	SingleUp	DXC4B2P
2025-01-06 04:30:28	125	SingleUp	DXC4B2P
2025-01-06 04:33:21	106	SingleDown	DXC4B2P
2025-01-06 04:36:15	112	SingleUp	DXC4B2P
2025-01-06 04:39:08	103	SingleDown	DXC4B2P
2025-01-06 04:42:01	115	SingleUp	DXC4B2P
2025-01-06 04:44:54	102	SingleDown	DXC4B2P
2025-01-06 04:47:47	117	SingleUp	DXC4B2P
2025-01-06 04:50:41	128	SingleUp	DXC4B2P
2025-01-06 04:53:34	110	SingleDown	DXC4B2P
2025-01-06 04:56:27	104	SingleDown	DXC4B2P
2025-01-06 04:59:20	114	SingleUp	DXC4B2P
2025-01-06 05:02:13	124	SingleUp	DXC4B2P
2025-01-06 05:05:07	123	Flat	DXC4B2P
2025-01-06 05:08:00	132	SingleUp	DXC4B2P
2025-01-06 05:10:53	117	SingleDown	DXC4B2P
2025-01-06 05:13:46	115	FortyFiveDown	DXC4B2P
2025-01-06 05:16:39	117	FortyFiveUp	DXC4B2P
2025-01-06 05:19:32	116	Flat	DXC4B2P
2025-01-06 05:22:26	105	SingleDown	DXC4B2P
2025-01-06 05:25:19	111	SingleUp	DXC4B2P
2025-01-06 05:28:12	122	SingleUp	DXC4B2P
2025-01-06 05:31:05	118	SingleDown	DXC4B2P
2025-01-06 05:33:58	113	SingleDown	DXC4B2P
2025-01-06 05:36:52	133	SingleUp	DXC4B2P
2025-01-06 05:39:45	130	SingleDown	DXC4B2P
2025-01-06 05:42:38	108	SingleDown	DXC4B2P
2025-01-06 05:45:31	134	SingleUp	DXC4B2P
2025-01-06 05:48:24	107	SingleDown	DXC4B2P
2025-01-06 05:51:18	125	SingleUp	DXC4B2P
2025-01-06 05:54:11	126	Flat	DXC4B2P
2025-01-06 05:57:04	123	SingleDown	DXC4B2P
2025-01-06 05:59:57	134	SingleUp	DXC4B2P
2025-01-06 06:02:50	140	SingleUp	DXC4B2P
2025-01-06 06:05:44	117	SingleDown	DXC4B2P
2025-01-06 06:08:37	115	FortyFiveDown	DXC4B2P
2025-01-06 06:11:30	116	Flat	DXC4B2P
2025-01-06 06:14:23	128	SingleUp	DXC4B2P
2025-01-06 06:17:16	119	SingleDown	DXC4B2P
2025-01-06 06:20:10	130	SingleUp	DXC4B2P
2025-01-06 06:23:03	136	SingleUp	DXC4B2P
2025-01-06 06:25:56	121	SingleDown	DXC4B2P
2025-01-06 06:28:49	129	SingleUp	DXC4B2P
2025-01-06 06:31:42	138	SingleUp	DXC4B2P
2025-01-06 06:34:36	124	SingleDown	DXC4B2P
2025-01-06 06:37:29	112	SingleDown	DXC4B2P
2025-01-06 06:40:22	128	SingleUp	DXC4B2P
2025-01-06 06:43:15	131	SingleUp	DXC4B2P
2025-01-06 06:46:08	121	SingleDown	DXC4B2P
2025-01-06 06:49:02	114	SingleDown	DXC4B2P
2025-01-06 06:51:55	110	SingleDown	DXC4B2P
2025-01-06 06:54:48	112	FortyFiveUp	DXC4B2P
2025-01-06 06:57:41	129	SingleUp	DXC4B2P
2025-01-06 07:00:34	133	SingleUp	DXC4B2P
2025-01-06 07:03:27	121	SingleDown	DXC4B2P
2025-01-06 07:06:21	144	SingleUp	DXC4B2P
2025-01-06 07:09:14	115	SingleDown	DXC4B2P
2025-01-06 07:12:07	135	SingleUp	DXC4B2P
2025-01-06 07:15:00	132	SingleDown	DXC4B2P
2025-01-06 07:17:53	128	SingleDown	DXC4B2P
2025-01-06 07:20:47	115	SingleDown	DXC4B2P
2025-01-06 07:23:40	124	SingleUp	DXC4B2P
2025-01-06 07:26:33	138	SingleUp	DXC4B2P
2025-01-06 07:29:26	140	FortyFiveUp	DXC4B2P
2025-01-06 07:32:19	130	SingleDown	DXC4B2P
2025-01-06 07:35:13	125	SingleDown	DXC4B2P
2025-01-06 07:38:06	135	SingleUp	DXC4B2P
2025-01-06 07:40:59	127	SingleDown	DXC4B2P
2025-01-06 07:43:52	137	SingleUp	DXC4B2P
2025-01-06 07:46:45	134	SingleDown	DXC4B2P
2025-01-06 07:49:39	137	SingleUp	DXC4B2P
2025-01-06 07:52:32	119	SingleDown	DXC4B2P
2025-01-06 07:55:25	129	SingleUp	DXC4B2P
2025-01-06 07:58:18	123	SingleDown	DXC4B2P
2025-01-06 08:01:11	110	SingleDown	DXC4B2P
2025-01-06 08:04:05	131	SingleUp	DXC4B2P
2025-01-06 08:06:58	131	Flat	DXC4B2P
2025-01-06 08:09:51	110	SingleDown	DXC4B2P
2025-01-06 08:12:44	123	SingleUp	DXC4B2P
2025-01-06 08:15:37	112	SingleDown	DXC4B2P
2025-01-06 08:18:31	129	SingleUp	DXC4B2P
2025-01-06 08:21:24	120	SingleDown	DXC4B2P
2025-01-06 08:24:17	135	SingleUp	DXC4B2P
2025-01-06 08:27:10	117	SingleDown	DXC4B2P
2025-01-06 08:30:03	130	SingleUp	DXC4B2P
2025-01-06 08:32:57	113	SingleDown	DXC4B2P
2025-01-06 08:35:50	121	SingleUp	DXC4B2P
2025-01-06 08:38:43	110	SingleDown	DXC4B2P
2025-01-06 08:41:36	129	SingleUp	DXC4B2P
2025-01-06 08:44:29	124	SingleDown	DXC4B2P
2025-01-06 08:47:23	131	SingleUp	DXC4B2P
2025-01-06 08:50:16	130	Flat	DXC4B2P
2025-01-06 08:53:09	118	SingleDown	DXC4B2P
2025-01-06 08:56:02	130	SingleUp	DXC4B2P
2025-01-06 08:58:55	106	SingleDown	DXC4B2P
2025-01-06 09:01:48	134	SingleUp	DXC4B2P
2025-01-06 09:04:42	163	SingleUp	DXC4B2P
2025-01-06 09:07:35	161	FortyFiveDown	DXC4B2P
2025-01-06 09:10:28	153	SingleDown	DXC4B2P
2025-01-06 09:13:21	134	SingleDown	DXC4B2P
2025-01-06 09:16:14	156	SingleUp	DXC4B2P
2025-01-06 09:19:08	137	SingleDown	DXC4B2P
2025-01-06 09:22:01	159	SingleUp	DXC4B2P
2025-01-06 09:24:54	155	SingleDown	DXC4B2P
2025-01-06 09:27:47	156	Flat	DXC4B2P
2025-01-06 09:30:40	163	SingleUp	DXC4B2P
2025-01-06 09:33:34	144	SingleDown	DXC4B2P
2025-01-06 09:36:27	155	SingleUp	DXC4B2P
2025-01-06 09:39:20	156	Flat	DXC4B2P
2025-01-06 09:42:13	139	SingleDown	DXC4B2P
2025-01-06 09:45:06	153	SingleUp	DXC4B2P
2025-01-06 09:48:00	145	SingleDown	DXC4B2P
2025-01-06 09:50:53	142	SingleDown	DXC4B2P
2025-01-06 09:53:46	154	SingleUp	DXC4B2P
2025-01-06 09:56:39	139	SingleDown	DXC4B2P
2025-01-06 09:59:32	139	Flat	DXC4B2P
2025-01-06 10:02:26	170	SingleUp	DXC4B2P
2025-01-06 10:05:19	173	SingleUp	DXC4B2P
2025-01-06 10:08:12	146	SingleDown	DXC4B2P
2025-01-06 10:11:05	151	SingleUp	DXC4B2P
2025-01-06 10:13:58	161	SingleUp	DXC4B2P
2025-01-06 10:16:52	165	SingleUp	DXC4B2P
2025-01-06 10:19:45	156	SingleDown	DXC4B2P
2025-01-06 10:22:38	171	SingleUp	DXC4B2P
2025-01-06 10:25:31	166	SingleDown	DXC4B2P
2025-01-06 10:28:24	170	SingleUp	DXC4B2P
2025-01-06 10:31:18	154	SingleDown	DXC4B2P
2025-01-06 10:34:11	164	SingleUp	DXC4B2P
2025-01-06 10:37:04	155	SingleDown	DXC4B2P
2025-01-06 10:39:57	175	SingleUp	DXC4B2P
2025-01-06 10:42:50	170	SingleDown	DXC4B2P
2025-01-06 10:45:44	164	SingleDown	DXC4B2P
2025-01-06 10:48:37	172	SingleUp	DXC4B2P
2025-01-06 10:51:30	151	SingleDown	DXC4B2P
2025-01-06 10:54:23	148	SingleDown	DXC4B2P
2025-01-06 10:57:16	173	SingleUp	DXC4B2P
2025-01-06 11:00:09	160	SingleDown	DXC4B2P
2025-01-06 11:03:03	140	SingleDown	DXC4B2P
2025-01-06 11:05:56	139	Flat	DXC4B2P
2025-01-06 11:08:49	157	SingleUp	DXC4B2P
2025-01-06 11:11:42	146	SingleDown	DXC4B2P
2025-01-06 11:14:35	140	SingleDown	DXC4B2P
2025-01-06 11:17:29	161	SingleUp	DXC4B2P
2025-01-06 11:20:22	146	SingleDown	DXC4B2P
2025-01-06 11:23:15	137	SingleDown	DXC4B2P
2025-01-06 11:26:08	152	SingleUp	DXC4B2P
2025-01-06 11:29:01	154	FortyFiveUp	DXC4B2P
2025-01-06 11:31:55	158	SingleUp	DXC4B2P
2025-01-06 11:34:48	140	SingleDown	DXC4B2P
2025-01-06 11:37:41	154	SingleUp	DXC4B2P
2025-01-06 11:40:34	152	FortyFiveDown	DXC4B2P
2025-01-06 11:43:27	144	SingleDown	DXC4B2P
2025-01-06 11:46:21	153	SingleUp	DXC4B2P
2025-01-06 11:49:14	153	Flat	DXC4B2P
2025-01-06 11:52:07	140	SingleDown	DXC4B2P
2025-01-06 11:55:00	136	SingleDown	DXC4B2P
2025-01-06 11:57:53	156	SingleUp	DXC4B2P
2025-01-06 12:00:47	136	SingleDown	DXC4B2P
2025-01-06 12:03:40	119	SingleDown	DXC4B2P
2025-01-06 12:06:33	144	SingleUp	DXC4B2P
2025-01-06 12:09:26	122	SingleDown	DXC4B2P
2025-01-06 12:12:19	142	SingleUp	DXC4B2P
2025-01-06 12:15:13	133	SingleDown	DXC4B2P
2025-01-06 12:18:06	119	SingleDown	DXC4B2P
2025-01-06 12:20:59	138	SingleUp	DXC4B2P
2025-01-06 12:23:52	144	SingleUp	DXC4B2P
2025-01-06 12:26:45	119	SingleDown	DXC4B2P
2025-01-06 12:29:39	122	SingleUp	DXC4B2P
2025-01-06 12:32:32	133	SingleUp	DXC4B2P
2025-01-06 12:35:25	129	SingleDown	DXC4B2P
2025-01-06 12:38:18	141	SingleUp	DXC4B2P
2025-01-06 12:41:11	120	SingleDown	DXC4B2P
2025-01-06 12:44:05	128	SingleUp	DXC4B2P
2025-01-06 12:46:58	142	SingleUp	DXC4B2P
2025-01-06 12:49:51	121	SingleDown	DXC4B2P
2025-01-06 12:52:44	143	SingleUp	DXC4B2P
2025-01-06 12:55:37	132	SingleDown	DXC4B2P
2025-01-06 12:58:30	140	SingleUp	DXC4B2P
2025-01-06 13:01:24	162	SingleUp	DXC4B2P
2025-01-06 13:04:17	171	SingleUp	DXC4B2P
2025-01-06 13:07:10	146	SingleDown	DXC4B2P
2025-01-06 13:10:03	166	SingleUp	DXC4B2P
2025-01-06 13:12:56	173	SingleUp	DXC4B2P
2025-01-06 13:15:50	160	SingleDown	DXC4B2P
2025-01-06 13:18:43	152	SingleDown	DXC4B2P
2025-01-06 13:21:36	153	Flat	DXC4B2P
2025-01-06 13:24:29	157	SingleUp	DXC4B2P
2025-01-06 13:27:22	152	SingleDown	DXC4B2P
2025-01-06 13:30:16	146	SingleDown	DXC4B2P
2025-01-06 13:33:09	152	SingleUp	DXC4B2P
2025-01-06 13:36:02	172	SingleUp	DXC4B2P
2025-01-06 13:38:55	175	SingleUp	DXC4B2P
2025-01-06 13:41:48	160	SingleDown	DXC4B2P
2025-01-06 13:44:42	166	SingleUp	DXC4B2P
2025-01-06 13:47:35	171	SingleUp	DXC4B2P
2025-01-06 13:50:28	150	SingleDown	DXC4B2P
2025-01-06 13:53:21	162	SingleUp	DXC4B2P
2025-01-06 13:56:14	172	SingleUp	DXC4B2P
2025-01-06 13:59:08	155	SingleDown	DXC4B2P
2025-01-06 14:02:01	147	SingleDown	DXC4B2P
2025-01-06 14:04:54	173	SingleUp	DXC4B2P
2025-01-06 14:07:47	154	SingleDown	DXC4B2P
2025-01-06 14:10:40	172	SingleUp	DXC4B2P
2025-01-06 14:13:34	174	FortyFiveUp	DXC4B2P
2025-01-06 14:16:27	156	SingleDown	DXC4B2P
2025-01-06 14:19:20	173	SingleUp	DXC4B2P
2025-01-06 14:22:13	162	SingleDown	DXC4B2P
2025-01-06 14:25:06	165	SingleUp	DXC4B2P
2025-01-06 14:28:00	153	SingleDown	DXC4B2P
2025-01-06 14:30:53	166	SingleUp	DXC4B2P
2025-01-06 14:33:46	151	SingleDown	DXC4B2P
2025-01-06 14:36:39	174	SingleUp	DXC4B2P
2025-01-06 14:39:32	174	Flat	DXC4B2P
2025-01-06 14:42:26	163	SingleDown	DXC4B2P
2025-01-06 14:45:19	149	SingleDown	DXC4B2P
2025-01-06 14:48:12	164	SingleUp	DXC4B2P
2025-01-06 14:51:05	168	SingleUp	DXC4B2P
2025-01-06 14:53:58	163	SingleDown	DXC4B2P
2025-01-06 14:56:51	156	SingleDown	DXC4B2P
2025-01-06 14:59:45	155	Flat	DXC4B2P
2025-01-06 15:02:38	103	SingleDown	DXC4B2P
2025-01-06 15:05:31	110	SingleUp	DXC4B2P
2025-01-06 15:08:24	116	SingleUp	DXC4B2P
2025-01-06 15:11:17	113	SingleDown	DXC4B2P
2025-01-06 15:14:11	120	SingleUp	DXC4B2P
2025-01-06 15:17:04	106	SingleDown	DXC4B2P
2025-01-06 15:19:57	127	SingleUp	DXC4B2P
2025-01-06 15:22:50	120	SingleDown	DXC4B2P
2025-01-06 15:25:43	121	Flat	DXC4B2P
2025-01-06 15:28:37	109	SingleDown	DXC4B2P
2025-01-06 15:31:30	115	SingleUp	DXC4B2P
2025-01-06 15:34:23	126	SingleUp	DXC4B2P
2025-01-06 15:37:16	118	SingleDown	DXC4B2P
2025-01-06 15:40:09	104	SingleDown	DXC4B2P
2025-01-06 15:43:03	108	SingleUp	DXC4B2P
2025-01-06 15:45:56	111	SingleUp	DXC4B2P
2025-01-06 15:48:49	125	SingleUp	DXC4B2P
2025-01-06 15:51:42	121	SingleDown	DXC4B2P
2025-01-06 15:54:35	119	FortyFiveDown	DXC4B2P
2025-01-06 15:57:29	121	FortyFiveUp	DXC4B2P
2025-01-06 16:00:22	113	SingleDown	DXC4B2P
2025-01-06 16:03:15	120	SingleUp	DXC4B2P
2025-01-06 16:06:08	105	SingleDown	DXC4B2P
2025-01-06 16:09:01	120	SingleUp	DXC4B2P
2025-01-06 16:11:55	126	SingleUp	DXC4B2P
2025-01-06 16:14:48	113	SingleDown	DXC4B2P
2025-01-06 16:17:41	124	SingleUp	DXC4B2P
2025-01-06 16:20:34	116	SingleDown	DXC4B2P
2025-01-06 16:23:27	117	Flat	DXC4B2P
2025-01-06 16:26:21	106	SingleDown	DXC4B2P
2025-01-06 16:29:14	126	SingleUp	DXC4B2P
2025-01-06 16:32:07	109	SingleDown	DXC4B2P
2025-01-06 16:35:00	102	SingleDown	DXC4B2P
2025-01-06 16:37:53	115	SingleUp	DXC4B2P
2025-01-06 16:40:46	113	FortyFiveDown	DXC4B2P
2025-01-06 16:43:40	108	SingleDown	DXC4B2P
2025-01-06 16:46:33	121	SingleUp	DXC4B2P
2025-01-06 16:49:26	115	SingleDown	DXC4B2P
2025-01-06 16:52:19	120	SingleUp	DXC4B2P
2025-01-06 16:55:12	104	SingleDown	DXC4B2P
2025-01-06 16:58:06	125	SingleUp	DXC4B2P
2025-01-06 17:00:59	101	SingleDown	DXC4B2P
2025-01-06 17:03:52	124	SingleUp	DXC4B2P
2025-01-06 17:06:45	127	SingleUp	DXC4B2P
2025-01-06 17:09:38	110	SingleDown	DXC4B2P
2025-01-06 17:12:32	119	SingleUp	DXC4B2P
2025-01-06 17:15:25	118	Flat	DXC4B2P
2025-01-06 17:18:18	104	SingleDown	DXC4B2P
2025-01-06 17:21:11	129	SingleUp	DXC4B2P
2025-01-06 17:24:04	125	SingleDown	DXC4B2P
2025-01-06 17:26:58	116	SingleDown	DXC4B2P
2025-01-06 17:29:51	109	SingleDown	DXC4B2P
2025-01-06 17:32:44	108	Flat	DXC4B2P
2025-01-06 17:35:37	107	Flat	DXC4B2P
2025-01-06 17:38:30	107	Flat	DXC4B2P
2025-01-06 17:41:24	106	Flat	DXC4B2P
2025-01-06 17:44:17	105	Flat	DXC4B2P
2025-01-06 17:47:10	130	SingleUp	DXC4B2P
2025-01-06 17:50:03	128	FortyFiveDown	DXC4B2P
2025-01-06 17:52:56	120	SingleDown	DXC4B2P
2025-01-06 17:55:50	118	FortyFiveDown	DXC4B2P
2025-01-06 17:58:43	127	SingleUp	DXC4B2P
2025-01-06 18:01:36	115	SingleDown	DXC4B2P
2025-01-06 18:04:29	117	FortyFiveUp	DXC4B2P
2025-01-06 18:07:22	115	FortyFiveDown	DXC4B2P
2025-01-06 18:10:16	103	SingleDown	DXC4B2P
2025-01-06 18:13:09	113	SingleUp	DXC4B2P
2025-01-06 18:16:02	129	SingleUp	DXC4B2P
2025-01-06 18:18:55	112	SingleDown	DXC4B2P
2025-01-06 18:21:48	111	Flat	DXC4B2P
2025-01-06 18:24:42	116	SingleUp	DXC4B2P
2025-01-06 18:27:35	108	SingleDown	DXC4B2P
2025-01-06 18:30:28	129	SingleUp	DXC4B2P
2025-01-06 18:33:21	107	SingleDown	DXC4B2P
2025-01-06 18:36:14	115	SingleUp	DXC4B2P
2025-01-06 18:39:07	130	SingleUp	DXC4B2P
2025-01-06 18:42:01	113	SingleDown	DXC4B2P
2025-01-06 18:44:54	107	SingleDown	DXC4B2P
2025-01-06 18:47:47	117	SingleUp	DXC4B2P
2025-01-06 18:50:40	102	SingleDown	DXC4B2P
2025-01-06 18:53:33	130	SingleUp	DXC4B2P
2025-01-06 18:56:27	104	SingleDown	DXC4B2P
2025-01-06 18:59:20	125	SingleUp	DXC4B2P
2025-01-06 19:02:13	121	SingleDown	DXC4B2P
2025-01-06 19:05:06	121	Flat	DXC4B2P
2025-01-06 19:07:59	124	SingleUp	DXC4B2P
2025-01-06 19:10:53	124	Flat	DXC4B2P
2025-01-06 19:13:46	128	SingleUp	DXC4B2P
2025-01-06 19:16:39	134	SingleUp	DXC4B2P
2025-01-06 19:19:32	112	SingleDown	DXC4B2P
2025-01-06 19:22:25	128	SingleUp	DXC4B2P
2025-01-06 19:25:19	131	SingleUp	DXC4B2P
2025-01-06 19:28:12	116	SingleDown	DXC4B2P
2025-01-06 19:31:05	139	SingleUp	DXC4B2P
2025-01-06 19:33:58	135	SingleDown	DXC4B2P
2025-01-06 19:36:51	123	SingleDown	DXC4B2P
2025-01-06 19:39:45	139	SingleUp	DXC4B2P
2025-01-06 19:42:38	118	SingleDown	DXC4B2P
2025-01-06 19:45:31	112	SingleDown	DXC4B2P
2025-01-06 19:48:24	138	SingleUp	DXC4B2P
2025-01-06 19:51:17	130	SingleDown	DXC4B2P
2025-01-06 19:54:11	113	SingleDown	DXC4B2P
2025-01-06 19:57:04	121	SingleUp	DXC4B2P
2025-01-06 19:59:57	114	SingleDown	DXC4B2P
2025-01-06 20:02:50	147	SingleUp	DXC4B2P
2025-01-06 20:05:43	151	SingleUp	DXC4B2P
2025-01-06 20:08:37	163	SingleUp	DXC4B2P
2025-01-06 20:11:30	153	SingleDown	DXC4B2P
2025-01-06 20:14:23	138	SingleDown	DXC4B2P
2025-01-06 20:17:16	151	SingleUp	DXC4B2P
2025-01-06 20:20:09	164	SingleUp	DXC4B2P
2025-01-06 20:23:03	142	SingleDown	DXC4B2P
2025-01-06 20:25:56	138	SingleDown	DXC4B2P
2025-01-06 20:28:49	136	FortyFiveDown	DXC4B2P
2025-01-06 20:31:42	165	SingleUp	DXC4B2P
2025-01-06 20:34:35	151	SingleDown	DXC4B2P
2025-01-06 20:37:28	137	SingleDown	DXC4B2P
2025-01-06 20:40:22	153	SingleUp	DXC4B2P
2025-01-06 20:43:15	138	SingleDown	DXC4B2P
2025-01-06 20:46:08	161	SingleUp	DXC4B2P
2025-01-06 20:49:01	137	SingleDown	DXC4B2P
2025-01-06 20:51:54	143	SingleUp	DXC4B2P
2025-01-06 20:54:48	150	SingleUp	DXC4B2P
2025-01-06 20:57:41	165	SingleUp	DXC4B2P
2025-01-06 21:00:34	147	SingleDown	DXC4B2P
2025-01-06 21:03:27	158	SingleUp	DXC4B2P
2025-01-06 21:06:20	137	SingleDown	DXC4B2P
2025-01-06 21:09:14	155	SingleUp	DXC4B2P
2025-01-06 21:12:07	138	SingleDown	DXC4B2P
2025-01-06 21:15:00	161	SingleUp	DXC4B2P
2025-01-06 21:17:53	148	SingleDown	DXC4B2P
2025-01-06 21:20:46	161	SingleUp	DXC4B2P
2025-01-06 21:23:40	150	SingleDown	DXC4B2P
2025-01-06 21:26:33	146	SingleDown	DXC4B2P
2025-01-06 21:29:26	163	SingleUp	DXC4B2P
2025-01-06 21:32:19	157	SingleDown	DXC4B2P
2025-01-06 21:35:12	158	Flat	DXC4B2P
2025-01-06 21:38:06	143	SingleDown	DXC4B2P
2025-01-06 21:40:59	140	SingleDown	DXC4B2P
2025-01-06 21:43:52	158	SingleUp	DXC4B2P
2025-01-06 21:46:45	163	SingleUp	DXC4B2P
2025-01-06 21:49:38	140	SingleDown	DXC4B2P
2025-01-06 21:52:32	148	SingleUp	DXC4B2P
2025-01-06 21:55:25	157	SingleUp	DXC4B2P
2025-01-06 21:58:18	140	SingleDown	DXC4B2P
2025-01-06 22:01:11	89	SingleDown	DXC4B2P
2025-01-06 22:04:04	86	SingleDown	DXC4B2P
2025-01-06 22:06:58	92	SingleUp	DXC4B2P
2025-01-06 22:09:51	89	SingleDown	DXC4B2P
2025-01-06 22:12:44	102	SingleUp	DXC4B2P
2025-01-06 22:15:37	110	SingleUp	DXC4B2P
2025-01-06 22:18:30	96	SingleDown	DXC4B2P
2025-01-06 22:21:24	108	SingleUp	DXC4B2P
2025-01-06 22:24:17	94	SingleDown	DXC4B2P
2025-01-06 22:27:10	99	SingleUp	DXC4B2P
2025-01-06 22:30:03	112	SingleUp	DXC4B2P
2025-01-06 22:32:56	102	SingleDown	DXC4B2P
2025-01-06 22:35:49	96	SingleDown	DXC4B2P
2025-01-06 22:38:43	98	FortyFiveUp	DXC4B2P
2025-01-06 22:41:36	109	SingleUp	DXC4B2P
2025-01-06 22:44:29	92	SingleDown	DXC4B2P
2025-01-06 22:47:22	105	SingleUp	DXC4B2P
2025-01-06 22:50:15	102	SingleDown	DXC4B2P
2025-01-06 22:53:09	85	SingleDown	DXC4B2P
2025-01-06 22:56:02	97	SingleUp	DXC4B2P
2025-01-06 22:58:55	98	Flat	DXC4B2P
2025-01-06 23:01:48	86	SingleDown	DXC4B2P
2025-01-06 23:04:41	88	FortyFiveUp	DXC4B2P
2025-01-06 23:07:35	109	SingleUp	DXC4B2P
2025-01-06 23:10:28	109	Flat	DXC4B2P
2025-01-06 23:13:21	94	SingleDown	DXC4B2P
2025-01-06 23:16:14	100	SingleUp	DXC4B2P
2025-01-06 23:19:07	106	SingleUp	DXC4B2P
2025-01-06 23:22:01	104	FortyFiveDown	DXC4B2P
2025-01-06 23:24:54	82	SingleDown	DXC4B2P
2025-01-06 23:27:47	101	SingleUp	DXC4B2P
2025-01-06 23:30:40	98	SingleDown	DXC4B2P
2025-01-06 23:33:33	91	SingleDown	DXC4B2P
2025-01-06 23:36:27	92	Flat	DXC4B2P
2025-01-06 23:39:20	101	SingleUp	DXC4B2P
2025-01-06 23:42:13	83	SingleDown	DXC4B2P
2025-01-06 23:45:06	101	SingleUp	DXC4B2P
2025-01-06 23:47:59	104	SingleUp	DXC4B2P
2025-01-06 23:50:53	95	SingleDown	DXC4B2P
2025-01-06 23:53:46	108	SingleUp	DXC4B2P
2025-01-06 23:56:39	88	SingleDown	DXC4B2P
2025-01-06 23:59:32	97	SingleUp	DXC4B2P
2025-01-07 00:02:25	88	SingleDown	DXC4B2P
2025-01-07 00:05:19	83	SingleDown	DXC4B2P
2025-01-07 00:08:12	88	SingleUp	DXC4B2P
2025-01-07 00:11:05	91	SingleUp	DXC4B2P
2025-01-07 00:13:58	81	SingleDown	DXC4B2P
2025-01-07 00:16:51	82	Flat	DXC4B2P
2025-01-07 00:19:45	88	SingleUp	DXC4B2P
2025-01-07 00:22:38	90	FortyFiveUp	DXC4B2P
2025-01-07 00:25:31	98	SingleUp	DXC4B2P
2025-01-07 00:28:24	101	SingleUp	DXC4B2P
2025-01-07 00:31:17	87	SingleDown	DXC4B2P
2025-01-07 00:34:10	77	SingleDown	DXC4B2P
2025-01-07 00:37:04	83	SingleUp	DXC4B2P
2025-01-07 00:39:57	96	SingleUp	DXC4B2P
2025-01-07 00:42:50	94	FortyFiveDown	DXC4B2P
2025-01-07 00:45:43	96	FortyFiveUp	DXC4B2P
2025-01-07 00:48:36	95	Flat	DXC4B2P
2025-01-07 00:51:30	77	SingleDown	DXC4B2P
2025-01-07 00:54:23	77	Flat	DXC4B2P
2025-01-07 00:57:16	79	FortyFiveUp	DXC4B2P
2025-01-07 01:00:09	80	Flat	DXC4B2P
2025-01-07 01:03:02	81	Flat	DXC4B2P
2025-01-07 01:05:56	96	SingleUp	DXC4B2P
2025-01-07 01:08:49	98	FortyFiveUp	DXC4B2P
2025-01-07 01:11:42	76	SingleDown	DXC4B2P
2025-01-07 01:14:35	88	SingleUp	DXC4B2P
2025-01-07 01:17:28	80	SingleDown	DXC4B2P
2025-01-07 01:20:22	75	SingleDown	DXC4B2P
2025-01-07 01:23:15	92	SingleUp	DXC4B2P
2025-01-07 01:26:08	97	SingleUp	DXC4B2P
2025-01-07 01:29:01	83	SingleDown	DXC4B2P
2025-01-07 01:31:54	98	SingleUp	DXC4B2P
2025-01-07 01:34:48	80	SingleDown	DXC4B2P
2025-01-07 01:37:41	72	SingleDown	DXC4B2P
2025-01-07 01:40:34	87	SingleUp	DXC4B2P
2025-01-07 01:43:27	83	SingleDown	DXC4B2P
2025-01-07 01:46:20	92	SingleUp	DXC4B2P
2025-01-07 01:49:14	83	SingleDown	DXC4B2P
2025-01-07 01:52:07	95	SingleUp	DXC4B2P
2025-01-07 01:55:00	82	SingleDown	DXC4B2P
2025-01-07 01:57:53	86	SingleUp	DXC4B2P
2025-01-07 02:00:46	95	SingleUp	DXC4B2P
2025-01-07 02:03:40	75	SingleDown	DXC4B2P
2025-01-07 02:06:33	76	Flat	DXC4B2P
2025-01-07 02:09:26	88	SingleUp	DXC4B2P
2025-01-07 02:12:19	65	SingleDown	DXC4B2P
2025-01-07 02:15:12	67	FortyFiveUp	DXC4B2P
2025-01-07 02:18:05	76	SingleUp	DXC4B2P
2025-01-07 02:20:59	76	Flat	DXC4B2P
2025-01-07 02:23:52	88	SingleUp	DXC4B2P
2025-01-07 02:26:45	85	SingleDown	DXC4B2P
2025-01-07 02:29:38	66	SingleDown	DXC4B2P
2025-01-07 02:32:31	76	SingleUp	DXC4B2P
2025-01-07 02:35:25	65	SingleDown	DXC4B2P
2025-01-07 02:38:18	85	SingleUp	DXC4B2P
2025-01-07 02:41:11	71	SingleDown	DXC4B2P
2025-01-07 02:44:04	89	SingleUp	DXC4B2P
2025-01-07 02:46:57	78	SingleDown	DXC4B2P
2025-01-07 02:49:51	67	SingleDown	DXC4B2P
2025-01-07 02:52:44	84	SingleUp	DXC4B2P
2025-01-07 02:55:37	87	SingleUp	DXC4B2P
2025-01-07 02:58:30	70	SingleDown	DXC4B2P
2025-01-07 03:01:23	114	SingleUp	DXC4B2P
2025-01-07 03:04:17	109	SingleDown	DXC4B2P
2025-01-07 03:07:10	119	SingleUp	DXC4B2P
2025-01-07 03:10:03	114	SingleDown	DXC4B2P
2025-01-07 03:12:56	117	SingleUp	DXC4B2P
2025-01-07 03:15:49	108	SingleDown	DXC4B2P
2025-01-07 03:18:43	95	SingleDown	DXC4B2P
2025-01-07 03:21:36	109	SingleUp	DXC4B2P
2025-01-07 03:24:29	115	SingleUp	DXC4B2P
2025-01-07 03:27:22	96	SingleDown	DXC4B2P
2025-01-07 03:30:15	99	SingleUp	DXC4B2P
2025-01-07 03:33:09	106	SingleUp	DXC4B2P
2025-01-07 03:36:02	95	SingleDown	DXC4B2P
2025-01-07 03:38:55	114	SingleUp	DXC4B2P
2025-01-07 03:41:48	119	SingleUp	DXC4B2P
2025-01-07 03:44:41	101	SingleDown	DXC4B2P
2025-01-07 03:47:35	118	SingleUp	DXC4B2P
2025-01-07 03:50:28	100	SingleDown	DXC4B2P
2025-01-07 03:53:21	104	SingleUp	DXC4B2P
2025-01-07 03:56:14	105	Flat	DXC4B2P
2025-01-07 03:59:07	96	SingleDown	DXC4B2P
2025-01-07 04:02:01	104	SingleUp	DXC4B2P
2025-01-07 04:04:54	120	SingleUp	DXC4B2P
2025-01-07 04:07:47	106	SingleDown	DXC4B2P
2025-01-07 04:10:40	114	SingleUp	DXC4B2P
2025-01-07 04:13:33	105	SingleDown	DXC4B2P
2025-01-07 04:16:26	122	SingleUp	DXC4B2P
2025-01-07 04:19:20	112	SingleDown	DXC4B2P
2025-01-07 04:22:13	115	SingleUp	DXC4B2P
2025-01-07 04:25:06	122	SingleUp	DXC4B2P
2025-01-07 04:27:59	108	SingleDown	DXC4B2P
2025-01-07 04:30:52	126	SingleUp	DXC4B2P
2025-01-07 04:33:46	115	SingleDown	DXC4B2P
2025-01-07 04:36:39	109	SingleDown	DXC4B2P
2025-01-07 04:39:32	114	SingleUp	DXC4B2P
2025-01-07 04:42:25	110	SingleDown	DXC4B2P
2025-01-07 04:45:18	105	SingleDown	DXC4B2P
2025-01-07 04:48:12	120	SingleUp	DXC4B2P
2025-01-07 04:51:05	128	SingleUp	DXC4B2P
2025-01-07 04:53:58	110	SingleDown	DXC4B2P
2025-01-07 04:56:51	110	Flat	DXC4B2P
2025-01-07 04:59:44	110	Flat	DXC4B2P
2025-01-07 05:02:38	113	SingleUp	DXC4B2P
2025-01-07 05:05:31	131	SingleUp	DXC4B2P
2025-01-07 05:08:24	135	SingleUp	DXC4B2P
2025-01-07 05:11:17	129	SingleDown	DXC4B2P
2025-01-07 05:14:10	115	SingleDown	DXC4B2P
2025-01-07 05:17:04	130	SingleUp	DXC4B2P
2025-01-07 05:19:57	110	SingleDown	DXC4B2P
2025-01-07 05:22:50	114	SingleUp	DXC4B2P
2025-01-07 05:25:43	114	Flat	DXC4B2P
2025-01-07 05:28:36	120	SingleUp	DXC4B2P
2025-01-07 05:31:30	130	SingleUp	DXC4B2P
2025-01-07 05:34:23	113	SingleDown	DXC4B2P
2025-01-07 05:37:16	112	Flat	DXC4B2P
2025-01-07 05:40:09	121	SingleUp	DXC4B2P
2025-01-07 05:43:02	125	SingleUp	DXC4B2P
2025-01-07 05:45:56	109	SingleDown	DXC4B2P
2025-01-07 05:48:49	128	SingleUp	DXC4B2P
2025-01-07 05:51:42	129	Flat	DXC4B2P
2025-01-07 05:54:35	119	SingleDown	DXC4B2P
2025-01-07 05:57:28	106	SingleDown	DXC4B2P
2025-01-07 06:00:22	114	SingleUp	DXC4B2P
2025-01-07 06:03:15	137	SingleUp	DXC4B2P
2025-01-07 06:06:08	124	SingleDown	DXC4B2P
2025-01-07 06:09:01	124	Flat	DXC4B2P
2025-01-07 06:11:54	124	Flat	DXC4B2P
2025-01-07 06:14:47	111	SingleDown	DXC4B2P
2025-01-07 06:17:41	113	FortyFiveUp	DXC4B2P
2025-01-07 06:20:34	128	SingleUp	DXC4B2P
2025-01-07 06:23:27	125	SingleDown	DXC4B2P
2025-01-07 06:26:20	139	SingleUp	DXC4B2P
2025-01-07 06:29:13	124	SingleDown	DXC4B2P
2025-01-07 06:32:07	127	SingleUp	DXC4B2P
2025-01-07 06:35:00	136	SingleUp	DXC4B2P
2025-01-07 06:37:53	136	Flat	DXC4B2P
2025-01-07 06:40:46	134	FortyFiveDown	DXC4B2P
2025-01-07 06:43:39	137	SingleUp	DXC4B2P
2025-01-07 06:46:33	113	SingleDown	DXC4B2P
2025-01-07 06:49:26	137	SingleUp	DXC4B2P
2025-01-07 06:52:19	134	SingleDown	DXC4B2P
2025-01-07 06:55:12	118	SingleDown	DXC4B2P
2025-01-07 06:58:05	138	SingleUp	DXC4B2P
2025-01-07 07:00:59	144	SingleUp	DXC4B2P
2025-01-07 07:03:52	125	SingleDown	DXC4B2P
2025-01-07 07:06:45	126	Flat	DXC4B2P
2025-01-07 07:09:38	144	SingleUp	DXC4B2P
2025-01-07 07:12:31	123	SingleDown	DXC4B2P
2025-01-07 07:15:25	141	SingleUp	DXC4B2P
2025-01-07 07:18:18	119	SingleDown	DXC4B2P
2025-01-07 07:21:11	119	Flat	DXC4B2P
2025-01-07 07:24:04	134	SingleUp	DXC4B2P
2025-01-07 07:26:57	131	SingleDown	DXC4B2P
2025-01-07 07:29:51	140	SingleUp	DXC4B2P
2025-01-07 07:32:44	145	SingleUp	DXC4B2P
2025-01-07 07:35:37	137	SingleDown	DXC4B2P
2025-01-07 07:38:30	126	SingleDown	DXC4B2P
2025-01-07 07:41:23	126	Flat	DXC4B2P
2025-01-07 07:44:17	131	SingleUp	DXC4B2P
2025-01-07 07:47:10	130	Flat	DXC4B2P
2025-01-07 07:50:03	133	SingleUp	DXC4B2P
2025-01-07 07:52:56	123	SingleDown	DXC4B2P
2025-01-07 07:55:49	144	SingleUp	DXC4B2P
2025-01-07 07:58:43	138	SingleDown	DXC4B2P
2025-01-07 08:01:36	127	SingleDown	DXC4B2P
2025-01-07 08:04:29	133	SingleUp	DXC4B2P
2025-01-07 08:07:22	113	SingleDown	DXC4B2P
2025-01-07 08:10:15	131	SingleUp	DXC4B2P
2025-01-07 08:13:08	131	Flat	DXC4B2P
2025-01-07 08:16:02	115	SingleDown	DXC4B2P
2025-01-07 08:18:55	108	SingleDown	DXC4B2P
2025-01-07 08:21:48	128	SingleUp	DXC4B2P
2025-01-07 08:24:41	110	SingleDown	DXC4B2P
2025-01-07 08:27:34	118	SingleUp	DXC4B2P
2025-01-07 08:30:28	113	SingleDown	DXC4B2P
2025-01-07 08:33:21	115	FortyFiveUp	DXC4B2P
2025-01-07 08:36:14	110	SingleDown	DXC4B2P
2025-01-07 08:39:07	121	SingleUp	DXC4B2P
2025-01-07 08:42:00	134	SingleUp	DXC4B2P
2025-01-07 08:44:54	106	SingleDown	DXC4B2P
2025-01-07 08:47:47	128	SingleUp	DXC4B2P
2025-01-07 08:50:40	107	SingleDown	DXC4B2P
2025-01-07 08:53:33	114	SingleUp	DXC4B2P
2025-01-07 08:56:26	134	SingleUp	DXC4B2P
2025-01-07 08:59:20	108	SingleDown	DXC4B2P
2025-01-07 09:02:13	146	SingleUp	DXC4B2P
2025-01-07 09:05:06	135	SingleDown	DXC4B2P
2025-01-07 09:07:59	151	SingleUp	DXC4B2P
2025-01-07 09:10:52	144	SingleDown	DXC4B2P
2025-01-07 09:13:46	146	FortyFiveUp	DXC4B2P
2025-01-07 09:16:39	136	SingleDown	DXC4B2P
2025-01-07 09:19:32	142	SingleUp	DXC4B2P
2025-01-07 09:22:25	134	SingleDown	DXC4B2P
2025-01-07 09:25:18	139	SingleUp	DXC4B2P
2025-01-07 09:28:12	163	SingleUp	DXC4B2P
2025-01-07 09:31:05	163	Flat	DXC4B2P
2025-01-07 09:33:58	135	SingleDown	DXC4B2P
2025-01-07 09:36:51	144	SingleUp	DXC4B2P
2025-01-07 09:39:44	157	SingleUp	DXC4B2P
2025-01-07 09:42:38	136	SingleDown	DXC4B2P
2025-01-07 09:45:31	151	SingleUp	DXC4B2P
2025-01-07 09:48:24	140	SingleDown	DXC4B2P
2025-01-07 09:51:17	145	SingleUp	DXC4B2P
2025-01-07 09:54:10	148	SingleUp	DXC4B2P
2025-01-07 09:57:04	157	SingleUp	DXC4B2P
2025-01-07 09:59:57	148	SingleDown	DXC4B2P
2025-01-07 10:02:50	149	Flat	DXC4B2P
2025-01-07 10:05:43	153	SingleUp	DXC4B2P
2025-01-07 10:08:36	170	SingleUp	DXC4B2P
2025-01-07 10:11:29	152	SingleDown	DXC4B2P
2025-01-07 10:14:23	162	SingleUp	DXC4B2P
2025-01-07 10:17:16	165	SingleUp	DXC4B2P
2025-01-07 10:20:09	149	SingleDown	DXC4B2P
2025-01-07 10:23:02	172	SingleUp	DXC4B2P
2025-01-07 10:25:55	167	SingleDown	DXC4B2P
2025-01-07 10:28:49	161	SingleDown	DXC4B2P
2025-01-07 10:31:42	150	SingleDown	DXC4B2P
2025-01-07 10:34:35	170	SingleUp	DXC4B2P
2025-01-07 10:37:28	161	SingleDown	DXC4B2P
2025-01-07 10:40:21	161	Flat	DXC4B2P
2025-01-07 10:43:15	171	SingleUp	DXC4B2P
2025-01-07 10:46:08	165	SingleDown	DXC4B2P
2025-01-07 10:49:01	173	SingleUp	DXC4B2P
2025-01-07 10:51:54	150	SingleDown	DXC4B2P
2025-01-07 10:54:47	175	SingleUp	DXC4B2P
2025-01-07 10:57:41	160	SingleDown	DXC4B2P
2025-01-07 11:00:34	150	SingleDown	DXC4B2P
2025-01-07 11:03:27	151	Flat	DXC4B2P
2025-01-07 11:06:20	138	SingleDown	DXC4B2P
2025-01-07 11:09:13	137	Flat	DXC4B2P
2025-01-07 11:12:07	156	SingleUp	DXC4B2P
2025-01-07 11:15:00	143	SingleDown	DXC4B2P
2025-01-07 11:17:53	146	SingleUp	DXC4B2P
2025-01-07 11:20:46	145	Flat	DXC4B2P
2025-01-07 11:23:39	162	SingleUp	DXC4B2P
2025-01-07 11:26:33	145	SingleDown	DXC4B2P
2025-01-07 11:29:26	156	SingleUp	DXC4B2P
2025-01-07 11:32:19	158	FortyFiveUp	DXC4B2P
2025-01-07 11:35:12	142	SingleDown	DXC4B2P
2025-01-07 11:38:05	137	SingleDown	DXC4B2P
2025-01-07 11:40:59	134	SingleDown	DXC4B2P
2025-01-07 11:43:52	156	SingleUp	DXC4B2P
2025-01-07 11:46:45	149	SingleDown	DXC4B2P
2025-01-07 11:49:38	160	SingleUp	DXC4B2P
2025-01-07 11:52:31	139	SingleDown	DXC4B2P
2025-01-07 11:55:24	137	FortyFiveDown	DXC4B2P
2025-01-07 11:58:18	142	SingleUp	DXC4B2P
2025-01-07 12:01:11	121	SingleDown	DXC4B2P
2025-01-07 12:04:04	136	SingleUp	DXC4B2P
2025-01-07 12:06:57	119	SingleDown	DXC4B2P
2025-01-07 12:09:50	126	SingleUp	DXC4B2P
2025-01-07 12:12:44	135	SingleUp	DXC4B2P
2025-01-07 12:15:37	136	Flat	DXC4B2P
2025-01-07 12:18:30	135	Flat	DXC4B2P
2025-01-07 12:21:23	124	SingleDown	DXC4B2P
2025-01-07 12:24:16	122	FortyFiveDown	DXC4B2P
2025-01-07 12:27:10	140	SingleUp	DXC4B2P
2025-01-07 12:30:03	139	Flat	DXC4B2P
2025-01-07 12:32:56	139	Flat	DXC4B2P
2025-01-07 12:35:49	132	SingleDown	DXC4B2P
2025-01-07 12:38:42	136	SingleUp	DXC4B2P
2025-01-07 12:41:36	134	FortyFiveDown	DXC4B2P
2025-01-07 12:44:29	121	SingleDown	DXC4B2P
2025-01-07 12:47:22	144	SingleUp	DXC4B2P
2025-01-07 12:50:15	136	SingleDown	DXC4B2P
2025-01-07 12:53:08	124	SingleDown	DXC4B2P
2025-01-07 12:56:02	136	SingleUp	DXC4B2P
2025-01-07 12:58:55	131	SingleDown	DXC4B2P
2025-01-07 13:01:48	175	SingleUp	DXC4B2P
2025-01-07 13:04:41	166	SingleDown	DXC4B2P
2025-01-07 13:07:34	168	FortyFiveUp	DXC4B2P
2025-01-07 13:10:28	167	Flat	DXC4B2P
2025-01-07 13:13:21	166	Flat	DXC4B2P
2025-01-07 13:16:14	168	FortyFiveUp	DXC4B2P
2025-01-07 13:19:07	174	SingleUp	DXC4B2P
2025-01-07 13:22:00	157	SingleDown	DXC4B2P
2025-01-07 13:24:54	165	SingleUp	DXC4B2P
2025-01-07 13:27:47	160	SingleDown	DXC4B2P
2025-01-07 13:30:40	150	SingleDown	DXC4B2P
2025-01-07 13:33:33	166	SingleUp	DXC4B2P
2025-01-07 13:36:26	160	SingleDown	DXC4B2P
2025-01-07 13:39:20	164	SingleUp	DXC4B2P
2025-01-07 13:42:13	152	SingleDown	DXC4B2P
2025-01-07 13:45:06	175	SingleUp	DXC4B2P
2025-01-07 13:47:59	162	SingleDown	DXC4B2P
2025-01-07 13:50:52	151	SingleDown	DXC4B2P
2025-01-07 13:53:45	161	SingleUp	DXC4B2P
2025-01-07 13:56:39	160	Flat	DXC4B2P
2025-01-07 13:59:32	162	FortyFiveUp	DXC4B2P
2025-01-07 14:02:25	155	SingleDown	DXC4B2P
2025-01-07 14:05:18	146	SingleDown	DXC4B2P
2025-01-07 14:08:11	155	SingleUp	DXC4B2P
2025-01-07 14:11:05	172	SingleUp	DXC4B2P
2025-01-07 14:13:58	169	SingleDown	DXC4B2P
2025-01-07 14:16:51	161	SingleDown	DXC4B2P
2025-01-07 14:19:44	156	SingleDown	DXC4B2P
2025-01-07 14:22:37	147	SingleDown	DXC4B2P
2025-01-07 14:25:31	149	FortyFiveUp	DXC4B2P
2025-01-07 14:28:24	149	Flat	DXC4B2P
2025-01-07 14:31:17	148	Flat	DXC4B2P
2025-01-07 14:34:10	171	SingleUp	DXC4B2P
2025-01-07 14:37:03	174	SingleUp	DXC4B2P
2025-01-07 14:39:57	170	SingleDown	DXC4B2P
2025-01-07 14:42:50	170	Flat	DXC4B2P
2025-01-07 14:45:43	165	SingleDown	DXC4B2P
2025-01-07 14:48:36	168	SingleUp	DXC4B2P
2025-01-07 14:51:29	164	SingleDown	DXC4B2P
2025-01-07 14:54:23	148	SingleDown	DXC4B2P
2025-01-07 14:57:16	157	SingleUp	DXC4B2P
2025-01-07 15:00:09	121	SingleDown	DXC4B2P
2025-01-07 15:03:02	108	SingleDown	DXC4B2P
2025-01-07 15:05:55	124	SingleUp	DXC4B2P
2025-01-07 15:08:49	119	SingleDown	DXC4B2P
2025-01-07 15:11:42	113	SingleDown	DXC4B2P
2025-01-07 15:14:35	125	SingleUp	DXC4B2P
2025-01-07 15:17:28	110	SingleDown	DXC4B2P
2025-01-07 15:20:21	117	SingleUp	DXC4B2P
2025-01-07 15:23:15	128	SingleUp	DXC4B2P
2025-01-07 15:26:08	113	SingleDown	DXC4B2P
2025-01-07 15:29:01	104	SingleDown	DXC4B2P
2025-01-07 15:31:54	109	SingleUp	DXC4B2P
2025-01-07 15:34:47	118	SingleUp	DXC4B2P
2025-01-07 15:37:41	106	SingleDown	DXC4B2P
2025-01-07 15:40:34	111	SingleUp	DXC4B2P
2025-01-07 15:43:27	116	SingleUp	DXC4B2P
2025-01-07 15:46:20	101	SingleDown	DXC4B2P
2025-01-07 15:49:13	126	SingleUp	DXC4B2P
2025-01-07 15:52:06	119	SingleDown	DXC4B2P
2025-01-07 15:55:00	124	SingleUp	DXC4B2P
2025-01-07 15:57:53	119	SingleDown	DXC4B2P
2025-01-07 16:00:46	110	SingleDown	DXC4B2P
2025-01-07 16:03:39	110	Flat	DXC4B2P
2025-01-07 16:06:32	116	SingleUp	DXC4B2P
2025-01-07 16:09:26	102	SingleDown	DXC4B2P
2025-01-07 16:12:19	101	Flat	DXC4B2P
2025-01-07 16:15:12	108	SingleUp	DXC4B2P
2025-01-07 16:18:05	102	SingleDown	DXC4B2P
2025-01-07 16:20:58	106	SingleUp	DXC4B2P
2025-01-07 16:23:52	105	Flat	DXC4B2P
2025-01-07 16:26:45	124	SingleUp	DXC4B2P
2025-01-07 16:29:38	123	Flat	DXC4B2P
2025-01-07 16:32:31	105	SingleDown	DXC4B2P
2025-01-07 16:35:24	127	SingleUp	DXC4B2P
2025-01-07 16:38:18	113	SingleDown	DXC4B2P
2025-01-07 16:41:11	120	SingleUp	DXC4B2P
2025-01-07 16:44:04	118	FortyFiveDown	DXC4B2P
2025-01-07 16:46:57	122	SingleUp	DXC4B2P
2025-01-07 16:49:50	118	SingleDown	DXC4B2P
2025-01-07 16:52:44	111	SingleDown	DXC4B2P
2025-01-07 16:55:37	123	SingleUp	DXC4B2P
2025-01-07 16:58:30	129	SingleUp	DXC4B2P
2025-01-07 17:01:23	124	SingleDown	DXC4B2P
2025-01-07 17:04:16	130	SingleUp	DXC4B2P
2025-01-07 17:07:10	110	SingleDown	DXC4B2P
2025-01-07 17:10:03	113	SingleUp	DXC4B2P
2025-01-07 17:12:56	104	SingleDown	DXC4B2P
2025-01-07 17:15:49	128	SingleUp	DXC4B2P
2025-01-07 17:18:42	102	SingleDown	DXC4B2P
2025-01-07 17:21:36	121	SingleUp	DXC4B2P
2025-01-07 17:24:29	117	SingleDown	DXC4B2P
2025-01-07 17:27:22	130	SingleUp	DXC4B2P
2025-01-07 17:30:15	116	SingleDown	DXC4B2P
2025-01-07 17:33:08	108	SingleDown	DXC4B2P
2025-01-07 17:36:02	102	SingleDown	DXC4B2P
2025-01-07 17:38:55	100	FortyFiveDown	DXC4B2P
2025-01-07 17:41:48	106	SingleUp	DXC4B2P
2025-01-07 17:44:41	101	SingleDown	DXC4B2P
2025-01-07 17:47:34	114	SingleUp	DXC4B2P
2025-01-07 17:50:27	112	FortyFiveDown	DXC4B2P
2025-01-07 17:53:21	106	SingleDown	DXC4B2P
2025-01-07 17:56:14	103	SingleDown	DXC4B2P
2025-01-07 17:59:07	106	SingleUp	DXC4B2P
2025-01-07 18:02:00	121	SingleUp	DXC4B2P
2025-01-07 18:04:53	112	SingleDown	DXC4B2P
2025-01-07 18:07:47	108	SingleDown	DXC4B2P
2025-01-07 18:10:40	111	SingleUp	DXC4B2P
2025-01-07 18:13:33	103	SingleDown	DXC4B2P
2025-01-07 18:16:26	122	SingleUp	DXC4B2P
2025-01-07 18:19:19	110	SingleDown	DXC4B2P
2025-01-07 18:22:13	126	SingleUp	DXC4B2P
2025-01-07 18:25:06	126	Flat	DXC4B2P
2025-01-07 18:27:59	103	SingleDown	DXC4B2P
2025-01-07 18:30:52	111	SingleUp	DXC4B2P
2025-01-07 18:33:45	120	SingleUp	DXC4B2P
2025-01-07 18:36:39	108	SingleDown	DXC4B2P
2025-01-07 18:39:32	105	SingleDown	DXC4B2P
2025-01-07 18:42:25	121	SingleUp	DXC4B2P
2025-01-07 18:45:18	118	SingleDown	DXC4B2P
2025-01-07 18:48:11	105	SingleDown	DXC4B2P
2025-01-07 18:51:05	125	SingleUp	DXC4B2P
2025-01-07 18:53:58	128	SingleUp	DXC4B2P
2025-01-07 18:56:51	125	SingleDown	DXC4B2P
2025-01-07 18:59:44	105	SingleDown	DXC4B2P
2025-01-07 19:02:37	121	SingleUp	DXC4B2P
2025-01-07 19:05:31	115	SingleDown	DXC4B2P
2025-01-07 19:08:24	138	SingleUp	DXC4B2P
2025-01-07 19:11:17	123	SingleDown	DXC4B2P
2025-01-07 19:14:10	131	SingleUp	DXC4B2P
2025-01-07 19:17:03	132	Flat	DXC4B2P
2025-01-07 19:19:57	120	SingleDown	DXC4B2P
2025-01-07 19:22:50	110	SingleDown	DXC4B2P
2025-01-07 19:25:43	135	SingleUp	DXC4B2P
2025-01-07 19:28:36	138	SingleUp	DXC4B2P
2025-01-07 19:31:29	137	Flat	DXC4B2P
2025-01-07 19:34:23	119	SingleDown	DXC4B2P
2025-01-07 19:37:16	130	SingleUp	DXC4B2P
2025-01-07 19:40:09	111	SingleDown	DXC4B2P
2025-01-07 19:43:02	117	SingleUp	DXC4B2P
2025-01-07 19:45:55	133	SingleUp	DXC4B2P
2025-01-07 19:48:48	129	SingleDown	DXC4B2P
2025-01-07 19:51:42	111	SingleDown	DXC4B2P
2025-01-07 19:54:35	129	SingleUp	DXC4B2P
2025-01-07 19:57:28	134	SingleUp	DXC4B2P
2025-01-07 20:00:21	157	SingleUp	DXC4B2P
2025-01-07 20:03:14	155	FortyFiveDown	DXC4B2P
2025-01-07 20:06:08	138	SingleDown	DXC4B2P
2025-01-07 20:09:01	159	SingleUp	DXC4B2P
2025-01-07 20:11:54	153	SingleDown	DXC4B2P
2025-01-07 20:14:47	151	FortyFiveDown	DXC4B2P
2025-01-07 20:17:40	163	SingleUp	DXC4B2P
2025-01-07 20:20:34	164	Flat	DXC4B2P
2025-01-07 20:23:27	143	SingleDown	DXC4B2P
2025-01-07 20:26:20	166	SingleUp	DXC4B2P
2025-01-07 20:29:13	143	SingleDown	DXC4B2P
2025-01-07 20:32:06	147	SingleUp	DXC4B2P
2025-01-07 20:35:00	147	Flat	DXC4B2P
2025-01-07 20:37:53	146	Flat	DXC4B2P
2025-01-07 20:40:46	137	SingleDown	DXC4B2P
2025-01-07 20:43:39	158	SingleUp	DXC4B2P
2025-01-07 20:46:32	158	Flat	DXC4B2P
2025-01-07 20:49:26	164	SingleUp	DXC4B2P
2025-01-07 20:52:19	152	SingleDown	DXC4B2P
2025-01-07 20:55:12	140	SingleDown	DXC4B2P
2025-01-07 20:58:05	143	SingleUp	DXC4B2P
2025-01-07 21:00:58	149	SingleUp	DXC4B2P
2025-01-07 21:03:52	156	SingleUp	DXC4B2P
2025-01-07 21:06:45	140	SingleDown	DXC4B2P
2025-01-07 21:09:38	148	SingleUp	DXC4B2P
2025-01-07 21:12:31	158	SingleUp	DXC4B2P
2025-01-07 21:15:24	139	SingleDown	DXC4B2P
2025-01-07 21:18:18	155	SingleUp	DXC4B2P
2025-01-07 21:21:11	150	SingleDown	DXC4B2P
2025-01-07 21:24:04	153	SingleUp	DXC4B2P
2025-01-07 21:26:57	158	SingleUp	DXC4B2P
2025-01-07 21:29:50	137	SingleDown	DXC4B2P
2025-01-07 21:32:43	161	SingleUp	DXC4B2P
2025-01-07 21:35:37	155	SingleDown	DXC4B2P
2025-01-07 21:38:30	154	Flat	DXC4B2P
2025-01-07 21:41:23	157	SingleUp	DXC4B2P
2025-01-07 21:44:16	162	SingleUp	DXC4B2P
2025-01-07 21:47:09	142	SingleDown	DXC4B2P
2025-01-07 21:50:03	158	SingleUp	DXC4B2P
2025-01-07 21:52:56	156	FortyFiveDown	DXC4B2P
2025-01-07 21:55:49	144	SingleDown	DXC4B2P
2025-01-07 21:58:42	146	FortyFiveUp	DXC4B2P
2025-01-07 22:01:35	111	SingleDown	DXC4B2P
2025-01-07 22:04:29	100	SingleDown	DXC4B2P
2025-01-07 22:07:22	97	SingleDown	DXC4B2P
2025-01-07 22:10:15	95	FortyFiveDown	DXC4B2P
2025-01-07 22:13:08	90	SingleDown	DXC4B2P
2025-01-07 22:16:01	108	SingleUp	DXC4B2P
2025-01-07 22:18:55	100	SingleDown	DXC4B2P
2025-01-07 22:21:48	95	SingleDown	DXC4B2P
2025-01-07 22:24:41	88	SingleDown	DXC4B2P
2025-01-07 22:27:34	100	SingleUp	DXC4B2P
2025-01-07 22:30:27	97	SingleDown	DXC4B2P
2025-01-07 22:33:21	89	SingleDown	DXC4B2P
2025-01-07 22:36:14	98	SingleUp	DXC4B2P
2025-01-07 22:39:07	103	SingleUp	DXC4B2P
2025-01-07 22:42:00	87	SingleDown	DXC4B2P
2025-01-07 22:44:53	88	Flat	DXC4B2P
2025-01-07 22:47:47	96	SingleUp	DXC4B2P
2025-01-07 22:50:40	101	SingleUp	DXC4B2P
2025-01-07 22:53:33	90	SingleDown	DXC4B2P
2025-01-07 22:56:26	86	SingleDown	DXC4B2P
2025-01-07 22:59:19	110	SingleUp	DXC4B2P
2025-01-07 23:02:13	100	SingleDown	DXC4B2P
2025-01-07 23:05:06	95	SingleDown	DXC4B2P
2025-01-07 23:07:59	82	SingleDown	DXC4B2P
2025-01-07 23:10:52	81	Flat	DXC4B2P
2025-01-07 23:13:45	99	SingleUp	DXC4B2P
2025-01-07 23:16:39	90	SingleDown	DXC4B2P
2025-01-07 23:19:32	104	SingleUp	DXC4B2P
2025-01-07 23:22:25	82	SingleDown	DXC4B2P
2025-01-07 23:25:18	103	SingleUp	DXC4B2P
2025-01-07 23:28:11	102	Flat	DXC4B2P
2025-01-07 23:31:04	100	FortyFiveDown	DXC4B2P
2025-01-07 23:33:58	103	SingleUp	DXC4B2P
2025-01-07 23:36:51	98	SingleDown	DXC4B2P
2025-01-07 23:39:44	99	Flat	DXC4B2P
2025-01-07 23:42:37	96	SingleDown	DXC4B2P
2025-01-07 23:45:30	84	SingleDown	DXC4B2P
2025-01-07 23:48:24	104	SingleUp	DXC4B2P
2025-01-07 23:51:17	83	SingleDown	DXC4B2P
2025-01-07 23:54:10	99	SingleUp	DXC4B2P
2025-01-07 23:57:03	97	FortyFiveDown	DXC4B2P
2025-01-07 23:59:56	96	Flat	DXC4B2P
2025-01-08 00:02:50	97	Flat	DXC4B2P
2025-01-08 00:05:43	89	SingleDown	DXC4B2P
2025-01-08 00:08:36	77	SingleDown	DXC4B2P
2025-01-08 00:11:29	76	Flat	DXC4B2P
2025-01-08 00:14:22	85	SingleUp	DXC4B2P
2025-01-08 00:17:16	93	SingleUp	DXC4B2P
2025-01-08 00:20:09	97	SingleUp	DXC4B2P
2025-01-08 00:23:02	97	Flat	DXC4B2P
2025-01-08 00:25:55	91	SingleDown	DXC4B2P
2025-01-08 00:28:48	94	SingleUp	DXC4B2P
2025-01-08 00:31:42	90	SingleDown	DXC4B2P
2025-01-08 00:34:35	102	SingleUp	DXC4B2P
2025-01-08 00:37:28	94	SingleDown	DXC4B2P
2025-01-08 00:40:21	78	SingleDown	DXC4B2P
2025-01-08 00:43:14	86	SingleUp	DXC4B2P
2025-01-08 00:46:08	78	SingleDown	DXC4B2P
2025-01-08 00:49:01	93	SingleUp	DXC4B2P
2025-01-08 00:51:54	105	SingleUp	DXC4B2P
2025-01-08 00:54:47	97	SingleDown	DXC4B2P
2025-01-08 00:57:40	96	Flat	DXC4B2P
2025-01-08 01:00:34	91	SingleDown	DXC4B2P
2025-01-08 01:03:27	72	SingleDown	DXC4B2P
2025-01-08 01:06:20	79	SingleUp	DXC4B2P
2025-01-08 01:09:13	97	SingleUp	DXC4B2P
2025-01-08 01:12:06	92	SingleDown	DXC4B2P
2025-01-08 01:15:00	85	SingleDown	DXC4B2P
2025-01-08 01:17:53	95	SingleUp	DXC4B2P
2025-01-08 01:20:46	76	SingleDown	DXC4B2P
2025-01-08 01:23:39	71	SingleDown	DXC4B2P
2025-01-08 01:26:32	94	SingleUp	DXC4B2P
2025-01-08 01:29:25	95	Flat	DXC4B2P
2025-01-08 01:32:19	99	SingleUp	DXC4B2P
2025-01-08 01:35:12	99	Flat	DXC4B2P
2025-01-08 01:38:05	79	SingleDown	DXC4B2P
2025-01-08 01:40:58	89	SingleUp	DXC4B2P
2025-01-08 01:43:51	75	SingleDown	DXC4B2P
2025-01-08 01:46:45	83	SingleUp	DXC4B2P
2025-01-08 01:49:38	100	SingleUp	DXC4B2P
2025-01-08 01:52:31	99	Flat	DXC4B2P
2025-01-08 01:55:24	84	SingleDown	DXC4B2P
2025-01-08 01:58:17	88	SingleUp	DXC4B2P
2025-01-08 02:01:11	72	SingleDown	DXC4B2P
2025-01-08 02:04:04	81	SingleUp	DXC4B2P
2025-01-08 02:06:57	91	SingleUp	DXC4B2P
2025-01-08 02:09:50	75	SingleDown	DXC4B2P
2025-01-08 02:12:43	91	SingleUp	DXC4B2P
2025-01-08 02:15:37	65	SingleDown	DXC4B2P
2025-01-08 02:18:30	72	SingleUp	DXC4B2P
2025-01-08 02:21:23	93	SingleUp	DXC4B2P
2025-01-08 02:24:16	79	SingleDown	DXC4B2P
2025-01-08 02:27:09	72	SingleDown	DXC4B2P
2025-01-08 02:30:03	70	FortyFiveDown	DXC4B2P
2025-01-08 02:32:56	87	SingleUp	DXC4B2P
2025-01-08 02:35:49	70	SingleDown	DXC4B2P
2025-01-08 02:38:42	84	SingleUp	DXC4B2P
2025-01-08 02:41:35	81	SingleDown	DXC4B2P
2025-01-08 02:44:29	69	SingleDown	DXC4B2P
2025-01-08 02:47:22	65	SingleDown	DXC4B2P
2025-01-08 02:50:15	78	SingleUp	DXC4B2P
2025-01-08 02:53:08	89	SingleUp	DXC4B2P
2025-01-08 02:56:01	75	SingleDown	DXC4B2P
2025-01-08 02:58:55	75	Flat	DXC4B2P
2025-01-08 03:01:48	110	SingleUp	DXC4B2P
2025-01-08 03:04:41	108	FortyFiveDown	DXC4B2P
2025-01-08 03:07:34	97	SingleDown	DXC4B2P
2025-01-08 03:10:27	96	Flat	DXC4B2P
2025-01-08 03:13:21	117	SingleUp	DXC4B2P
2025-01-08 03:16:14	98	SingleDown	DXC4B2P
2025-01-08 03:19:07	98	Flat	DXC4B2P
2025-01-08 03:22:00	119	SingleUp	DXC4B2P
2025-01-08 03:24:53	103	SingleDown	DXC4B2P
2025-01-08 03:27:46	111	SingleUp	DXC4B2P
2025-01-08 03:30:40	98	SingleDown	DXC4B2P
2025-01-08 03:33:33	118	SingleUp	DXC4B2P
2025-01-08 03:36:26	105	SingleDown	DXC4B2P
2025-01-08 03:39:19	112	SingleUp	DXC4B2P
2025-01-08 03:42:12	124	SingleUp	DXC4B2P
2025-01-08 03:45:06	124	Flat	DXC4B2P
2025-01-08 03:47:59	104	SingleDown	DXC4B2P
2025-01-08 03:50:52	123	SingleUp	DXC4B2P
2025-01-08 03:53:45	106	SingleDown	DXC4B2P
2025-01-08 03:56:38	122	SingleUp	DXC4B2P
2025-01-08 03:59:32	101	SingleDown	DXC4B2P
2025-01-08 04:02:25	127	SingleUp	DXC4B2P
2025-01-08 04:05:18	101	SingleDown	DXC4B2P
2025-01-08 04:08:11	106	SingleUp	DXC4B2P
2025-01-08 04:11:04	114	SingleUp	DXC4B2P
2025-01-08 04:13:58	130	SingleUp	DXC4B2P
2025-01-08 04:16:51	126	SingleDown	DXC4B2P
2025-01-08 04:19:44	127	Flat	DXC4B2P
2025-01-08 04:22:37	122	SingleDown	DXC4B2P
2025-01-08 04:25:30	109	SingleDown	DXC4B2P
2025-01-08 04:28:24	110	Flat	DXC4B2P
2025-01-08 04:31:17	118	SingleUp	DXC4B2P
2025-01-08 04:34:10	110	SingleDown	DXC4B2P
2025-01-08 04:37:03	102	SingleDown	DXC4B2P
2025-01-08 04:39:56	128	SingleUp	DXC4B2P
2025-01-08 04:42:50	127	Flat	DXC4B2P
2025-01-08 04:45:43	125	FortyFiveDown	DXC4B2P
2025-01-08 04:48:36	118	SingleDown	DXC4B2P
2025-01-08 04:51:29	114	SingleDown	DXC4B2P
2025-01-08 04:54:22	113	Flat	DXC4B2P
2025-01-08 04:57:16	114	Flat	DXC4B2P
2025-01-08 05:00:09	113	Flat	DXC4B2P
2025-01-08 05:03:02	108	SingleDown	DXC4B2P
2025-01-08 05:05:55	112	SingleUp	DXC4B2P
2025-01-08 05:08:48	132	SingleUp	DXC4B2P
2025-01-08 05:11:42	109	SingleDown	DXC4B2P
2025-01-08 05:14:35	106	SingleDown	DXC4B2P
2025-01-08 05:17:28	107	Flat	DXC4B2P
2025-01-08 05:20:21	127	SingleUp	DXC4B2P
2025-01-08 05:23:14	134	SingleUp	DXC4B2P
2025-01-08 05:26:07	131	SingleDown	DXC4B2P
2025-01-08 05:29:01	114	SingleDown	DXC4B2P
2025-01-08 05:31:54	106	SingleDown	DXC4B2P
2025-01-08 05:34:47	127	SingleUp	DXC4B2P
2025-01-08 05:37:40	129	FortyFiveUp	DXC4B2P
2025-01-08 05:40:33	130	Flat	DXC4B2P
2025-01-08 05:43:27	129	Flat	DXC4B2P
2025-01-08 05:46:20	124	SingleDown	DXC4B2P
2025-01-08 05:49:13	108	SingleDown	DXC4B2P
2025-01-08 05:52:06	132	SingleUp	DXC4B2P
2025-01-08 05:54:59	132	Flat	DXC4B2P
2025-01-08 05:57:53	135	SingleUp	DXC4B2P
2025-01-08 06:00:46	126	SingleDown	DXC4B2P
2025-01-08 06:03:39	119	SingleDown	DXC4B2P
2025-01-08 06:06:32	111	SingleDown	DXC4B2P
2025-01-08 06:09:25	111	Flat	DXC4B2P
2025-01-08 06:12:19	133	SingleUp	DXC4B2P
2025-01-08 06:15:12	131	FortyFiveDown	DXC4B2P
2025-01-08 06:18:05	126	SingleDown	DXC4B2P
2025-01-08 06:20:58	123	SingleDown	DXC4B2P
2025-01-08 06:23:51	119	SingleDown	DXC4B2P
2025-01-08 06:26:45	133	SingleUp	DXC4B2P
2025-01-08 06:29:38	115	SingleDown	DXC4B2P
2025-01-08 06:32:31	111	SingleDown	DXC4B2P
2025-01-08 06:35:24	135	SingleUp	DXC4B2P
2025-01-08 06:38:17	134	Flat	DXC4B2P
2025-01-08 06:41:11	118	SingleDown	DXC4B2P
2025-01-08 06:44:04	113	SingleDown	DXC4B2P
2025-01-08 06:46:57	128	SingleUp	DXC4B2P
2025-01-08 06:49:50	136	SingleUp	DXC4B2P
2025-01-08 06:52:43	122	SingleDown	DXC4B2P
2025-01-08 06:55:37	116	SingleDown	DXC4B2P
2025-01-08 06:58:30	113	SingleDown	DXC4B2P
2025-01-08 07:01:23	138	SingleUp	DXC4B2P
2025-01-08 07:04:16	122	SingleDown	DXC4B2P
2025-01-08 07:07:09	145	SingleUp	DXC4B2P
2025-01-08 07:10:02	133	SingleDown	DXC4B2P
2025-01-08 07:12:56	136	SingleUp	DXC4B2P
2025-01-08 07:15:49	141	SingleUp	DXC4B2P
2025-01-08 07:18:42	132	SingleDown	DXC4B2P
2025-01-08 07:21:35	133	Flat	DXC4B2P
2025-01-08 07:24:28	127	SingleDown	DXC4B2P
2025-01-08 07:27:22	117	SingleDown	DXC4B2P
2025-01-08 07:30:15	141	SingleUp	DXC4B2P
2025-01-08 07:33:08	145	SingleUp	DXC4B2P
2025-01-08 07:36:01	143	FortyFiveDown	DXC4B2P
2025-01-08 07:38:54	130	SingleDown	DXC4B2P
2025-01-08 07:41:48	118	SingleDown	DXC4B2P
2025-01-08 07:44:41	138	SingleUp	DXC4B2P
2025-01-08 07:47:34	119	SingleDown	DXC4B2P
2025-01-08 07:50:27	127	SingleUp	DXC4B2P
2025-01-08 07:53:20	126	Flat	DXC4B2P
2025-01-08 07:56:14	126	Flat	DXC4B2P
2025-01-08 07:59:07	140	SingleUp	DXC4B2P
2025-01-08 08:02:00	114	SingleDown	DXC4B2P
2025-01-08 08:04:53	112	FortyFiveDown	DXC4B2P
2025-01-08 08:07:46	135	SingleUp	DXC4B2P
2025-01-08 08:10:40	116	SingleDown	DXC4B2P
2025-01-08 08:13:33	118	FortyFiveUp	DXC4B2P
2025-01-08 08:16:26	108	SingleDown	DXC4B2P
2025-01-08 08:19:19	107	Flat	DXC4B2P
2025-01-08 08:22:12	128	SingleUp	DXC4B2P
2025-01-08 08:25:06	129	Flat	DXC4B2P
2025-01-08 08:27:59	133	SingleUp	DXC4B2P
2025-01-08 08:30:52	114	SingleDown	DXC4B2P
2025-01-08 08:33:45	120	SingleUp	DXC4B2P
2025-01-08 08:36:38	119	Flat	DXC4B2P
2025-01-08 08:39:32	106	SingleDown	DXC4B2P
2025-01-08 08:42:25	126	SingleUp	DXC4B2P
2025-01-08 08:45:18	134	SingleUp	DXC4B2P
2025-01-08 08:48:11	131	SingleDown	DXC4B2P
2025-01-08 08:51:04	107	SingleDown	DXC4B2P
2025-01-08 08:53:58	134	SingleUp	DXC4B2P
2025-01-08 08:56:51	114	SingleDown	DXC4B2P
2025-01-08 08:59:44	118	SingleUp	DXC4B2P
2025-01-08 09:02:37	160	SingleUp	DXC4B2P
2025-01-08 09:05:30	160	Flat	DXC4B2P
2025-01-08 09:08:23	152	SingleDown	DXC4B2P
2025-01-08 09:11:17	142	SingleDown	DXC4B2P
2025-01-08 09:14:10	157	SingleUp	DXC4B2P
2025-01-08 09:17:03	154	SingleDown	DXC4B2P
2025-01-08 09:19:56	156	FortyFiveUp	DXC4B2P
2025-01-08 09:22:49	139	SingleDown	DXC4B2P
2025-01-08 09:25:43	157	SingleUp	DXC4B2P
2025-01-08 09:28:36	156	Flat	DXC4B2P
2025-01-08 09:31:29	160	SingleUp	DXC4B2P
2025-01-08 09:34:22	140	SingleDown	DXC4B2P
2025-01-08 09:37:15	150	SingleUp	DXC4B2P
2025-01-08 09:40:09	143	SingleDown	DXC4B2P
2025-01-08 09:43:02	156	SingleUp	DXC4B2P
2025-01-08 09:45:55	153	SingleDown	DXC4B2P
2025-01-08 09:48:48	134	SingleDown	DXC4B2P
2025-01-08 09:51:41	134	Flat	DXC4B2P
2025-01-08 09:54:35	138	SingleUp	DXC4B2P
2025-01-08 09:57:28	155	SingleUp	DXC4B2P
2025-01-08 10:00:21	171	SingleUp	DXC4B2P
2025-01-08 10:03:14	153	SingleDown	DXC4B2P
2025-01-08 10:06:07	163	SingleUp	DXC4B2P
2025-01-08 10:09:01	169	SingleUp	DXC4B2P
2025-01-08 10:11:54	150	SingleDown	DXC4B2P
2025-01-08 10:14:47	173	SingleUp	DXC4B2P
2025-01-08 10:17:40	164	SingleDown	DXC4B2P
2025-01-08 10:20:33	164	Flat	DXC4B2P
2025-01-08 10:23:27	154	SingleDown	DXC4B2P
2025-01-08 10:26:20	157	SingleUp	DXC4B2P
2025-01-08 10:29:13	165	SingleUp	DXC4B2P
2025-01-08 10:32:06	154	SingleDown	DXC4B2P
2025-01-08 10:34:59	164	SingleUp	DXC4B2P
2025-01-08 10:37:53	166	FortyFiveUp	DXC4B2P
2025-01-08 10:40:46	147	SingleDown	DXC4B2P
2025-01-08 10:43:39	168	SingleUp	DXC4B2P
2025-01-08 10:46:32	171	SingleUp	DXC4B2P
2025-01-08 10:49:25	172	Flat	DXC4B2P
2025-01-08 10:52:19	165	SingleDown	DXC4B2P
2025-01-08 10:55:12	150	SingleDown	DXC4B2P
2025-01-08 10:58:05	164	SingleUp	DXC4B2P
2025-01-08 11:00:58	138	SingleDown	DXC4B2P
2025-01-08 11:03:51	156	SingleUp	DXC4B2P
2025-01-08 11:06:44	140	SingleDown	DXC4B2P
2025-01-08 11:09:38	144	SingleUp	DXC4B2P
2025-01-08 11:12:31	134	SingleDown	DXC4B2P
2025-01-08 11:15:24	151	SingleUp	DXC4B2P
2025-01-08 11:18:17	153	FortyFiveUp	DXC4B2P
2025-01-08 11:21:10	154	Flat	DXC4B2P
2025-01-08 11:24:04	138	SingleDown	DXC4B2P
2025-01-08 11:26:57	162	SingleUp	DXC4B2P
2025-01-08 11:29:50	138	SingleDown	DXC4B2P
2025-01-08 11:32:43	144	SingleUp	DXC4B2P
2025-01-08 11:35:36	155	SingleUp	DXC4B2P
2025-01-08 11:38:30	144	SingleDown	DXC4B2P
2025-01-08 11:41:23	136	SingleDown	DXC4B2P
2025-01-08 11:44:16	153	SingleUp	DXC4B2P
2025-01-08 11:47:09	148	SingleDown	DXC4B2P
2025-01-08 11:50:02	137	SingleDown	DXC4B2P
2025-01-08 11:52:56	150	SingleUp	DXC4B2P
2025-01-08 11:55:49	151	Flat	DXC4B2P
2025-01-08 11:58:42	145	SingleDown	DXC4B2P
2025-01-08 12:01:35	134	SingleDown	DXC4B2P
2025-01-08 12:04:28	131	SingleDown	DXC4B2P
2025-01-08 12:07:22	140	SingleUp	DXC4B2P
2025-01-08 12:10:15	125	SingleDown	DXC4B2P
2025-01-08 12:13:08	134	SingleUp	DXC4B2P
2025-01-08 12:16:01	129	SingleDown	DXC4B2P
2025-01-08 12:18:54	116	SingleDown	DXC4B2P
2025-01-08 12:21:48	141	SingleUp	DXC4B2P
2025-01-08 12:24:41	132	SingleDown	DXC4B2P
2025-01-08 12:27:34	139	SingleUp	DXC4B2P
2025-01-08 12:30:27	139	Flat	DXC4B2P
2025-01-08 12:33:20	124	SingleDown	DXC4B2P
2025-01-08 12:36:14	119	SingleDown	DXC4B2P
2025-01-08 12:39:07	140	SingleUp	DXC4B2P
2025-01-08 12:42:00	123	SingleDown	DXC4B2P
2025-01-08 12:44:53	116	SingleDown	DXC4B2P
2025-01-08 12:47:46	135	SingleUp	DXC4B2P
2025-01-08 12:50:40	128	SingleDown	DXC4B2P
2025-01-08 12:53:33	130	FortyFiveUp	DXC4B2P
2025-01-08 12:56:26	136	SingleUp	DXC4B2P
2025-01-08 12:59:19	123	SingleDown	DXC4B2P
2025-01-08 13:02:12	172	SingleUp	DXC4B2P
2025-01-08 13:05:05	163	SingleDown	DXC4B2P
2025-01-08 13:07:59	175	SingleUp	DXC4B2P
2025-01-08 13:10:52	154	SingleDown	DXC4B2P
2025-01-08 13:13:45	160	SingleUp	DXC4B2P
2025-01-08 13:16:38	154	SingleDown	DXC4B2P
2025-01-08 13:19:31	174	SingleUp	DXC4B2P
2025-01-08 13:22:25	158	SingleDown	DXC4B2P
2025-01-08 13:25:18	171	SingleUp	DXC4B2P
2025-01-08 13:28:11	171	Flat	DXC4B2P
2025-01-08 13:31:04	148	SingleDown	DXC4B2P
2025-01-08 13:33:57	165	SingleUp	DXC4B2P
2025-01-08 13:36:51	166	Flat	DXC4B2P
2025-01-08 13:39:44	151	SingleDown	DXC4B2P
2025-01-08 13:42:37	152	Flat	DXC4B2P
2025-01-08 13:45:30	161	SingleUp	DXC4B2P
2025-01-08 13:48:23	166	SingleUp	DXC4B2P
2025-01-08 13:51:17	151	SingleDown	DXC4B2P
2025-01-08 13:54:10	150	Flat	DXC4B2P
2025-01-08 13:57:03	172	SingleUp	DXC4B2P
2025-01-08 13:59:56	163	SingleDown	DXC4B2P
2025-01-08 14:02:49	156	SingleDown	DXC4B2P
2025-01-08 14:05:43	153	SingleDown	DXC4B2P
2025-01-08 14:08:36	166	SingleUp	DXC4B2P
2025-01-08 14:11:29	148	SingleDown	DXC4B2P
2025-01-08 14:14:22	173	SingleUp	DXC4B2P
2025-01-08 14:17:15	149	SingleDown	DXC4B2P
2025-01-08 14:20:09	164	SingleUp	DXC4B2P
2025-01-08 14:23:02	147	SingleDown	DXC4B2P
2025-01-08 14:25:55	148	Flat	DXC4B2P
2025-01-08 14:28:48	153	SingleUp	DXC4B2P
2025-01-08 14:31:41	148	SingleDown	DXC4B2P
2025-01-08 14:34:35	168	SingleUp	DXC4B2P
2025-01-08 14:37:28	175	SingleUp	DXC4B2P
2025-01-08 14:40:21	156	SingleDown	DXC4B2P
2025-01-08 14:43:14	157	Flat	DXC4B2P
2025-01-08 14:46:07	167	SingleUp	DXC4B2P
2025-01-08 14:49:01	153	SingleDown	DXC4B2P
2025-01-08 14:51:54	154	Flat	DXC4B2P
2025-01-08 14:54:47	159	SingleUp	DXC4B2P
2025-01-08 14:57:40	166	SingleUp	DXC4B2P
2025-01-08 15:00:33	106	SingleDown	DXC4B2P
2025-01-08 15:03:26	116	SingleUp	DXC4B2P
2025-01-08 15:06:20	114	FortyFiveDown	DXC4B2P
2025-01-08 15:09:13	125	SingleUp	DXC4B2P
2025-01-08 15:12:06	129	SingleUp	DXC4B2P
2025-01-08 15:14:59	100	SingleDown	DXC4B2P
2025-01-08 15:17:52	119	SingleUp	DXC4B2P
2025-01-08 15:20:46	126	SingleUp	DXC4B2P
2025-01-08 15:23:39	116	SingleDown	DXC4B2P
2025-01-08 15:26:32	128	SingleUp	DXC4B2P
2025-01-08 15:29:25	128	Flat	DXC4B2P
2025-01-08 15:32:18	123	SingleDown	DXC4B2P
2025-01-08 15:35:12	121	FortyFiveDown	DXC4B2P
2025-01-08 15:38:05	130	SingleUp	DXC4B2P
2025-01-08 15:40:58	109	SingleDown	DXC4B2P
2025-01-08 15:43:51	112	SingleUp	DXC4B2P
2025-01-08 15:46:44	106	SingleDown	DXC4B2P
2025-01-08 15:49:38	125	SingleUp	DXC4B2P
2025-01-08 15:52:31	119	SingleDown	DXC4B2P
2025-01-08 15:55:24	122	SingleUp	DXC4B2P
2025-01-08 15:58:17	128	SingleUp	DXC4B2P
2025-01-08 16:01:10	101	SingleDown	DXC4B2P
2025-01-08 16:04:04	118	SingleUp	DXC4B2P
2025-01-08 16:06:57	107	SingleDown	DXC4B2P
2025-01-08 16:09:50	102	SingleDown	DXC4B2P
2025-01-08 16:12:43	127	SingleUp	DXC4B2P
2025-01-08 16:15:36	111	SingleDown	DXC4B2P
2025-01-08 16:18:30	118	SingleUp	DXC4B2P
2025-01-08 16:21:23	130	SingleUp	DXC4B2P
2025-01-08 16:24:16	104	SingleDown	DXC4B2P
2025-01-08 16:27:09	105	Flat	DXC4B2P
2025-01-08 16:30:02	113	SingleUp	DXC4B2P
2025-01-08 16:32:56	106	SingleDown	DXC4B2P
2025-01-08 16:35:49	109	SingleUp	DXC4B2P
2025-01-08 16:38:42	110	Flat	DXC4B2P
2025-01-08 16:41:35	111	Flat	DXC4B2P
2025-01-08 16:44:28	115	SingleUp	DXC4B2P
2025-01-08 16:47:21	125	SingleUp	DXC4B2P
2025-01-08 16:50:15	129	SingleUp	DXC4B2P
2025-01-08 16:53:08	129	Flat	DXC4B2P
2025-01-08 16:56:01	123	SingleDown	DXC4B2P
2025-01-08 16:58:54	102	SingleDown	DXC4B2P
2025-01-08 17:01:47	101	Flat	DXC4B2P
2025-01-08 17:04:41	111	SingleUp	DXC4B2P
2025-01-08 17:07:34	117	SingleUp	DXC4B2P
2025-01-08 17:10:27	110	SingleDown	DXC4B2P
2025-01-08 17:13:20	107	SingleDown	DXC4B2P
2025-01-08 17:16:13	110	SingleUp	DXC4B2P
2025-01-08 17:19:07	111	Flat	DXC4B2P
2025-01-08 17:22:00	128	SingleUp	DXC4B2P
2025-01-08 17:24:53	122	SingleDown	DXC4B2P
2025-01-08 17:27:46	121	Flat	DXC4B2P
2025-01-08 17:30:39	112	SingleDown	DXC4B2P
2025-01-08 17:33:33	112	Flat	DXC4B2P
2025-01-08 17:36:26	107	SingleDown	DXC4B2P
2025-01-08 17:39:19	106	Flat	DXC4B2P
2025-01-08 17:42:12	121	SingleUp	DXC4B2P
2025-01-08 17:45:05	113	SingleDown	DXC4B2P
2025-01-08 17:47:59	127	SingleUp	DXC4B2P
2025-01-08 17:50:52	113	SingleDown	DXC4B2P
2025-01-08 17:53:45	119	SingleUp	DXC4B2P
2025-01-08 17:56:38	110	SingleDown	DXC4B2P
2025-01-08 17:59:31	130	SingleUp	DXC4B2P
2025-01-08 18:02:25	120	SingleDown	DXC4B2P
2025-01-08 18:05:18	109	SingleDown	DXC4B2P
2025-01-08 18:08:11	101	SingleDown	DXC4B2P
2025-01-08 18:11:04	117	SingleUp	DXC4B2P
2025-01-08 18:13:57	128	SingleUp	DXC4B2P
2025-01-08 18:16:51	115	SingleDown	DXC4B2P
2025-01-08 18:19:44	116	Flat	DXC4B2P
2025-01-08 18:22:37	129	SingleUp	DXC4B2P
2025-01-08 18:25:30	121	SingleDown	DXC4B2P
2025-01-08 18:28:23	116	SingleDown	DXC4B2P
2025-01-08 18:31:17	105	SingleDown	DXC4B2P
2025-01-08 18:34:10	106	Flat	DXC4B2P
2025-01-08 18:37:03	127	SingleUp	DXC4B2P
2025-01-08 18:39:56	104	SingleDown	DXC4B2P
2025-01-08 18:42:49	128	SingleUp	DXC4B2P
2025-01-08 18:45:42	123	SingleDown	DXC4B2P
2025-01-08 18:48:36	113	SingleDown	DXC4B2P
2025-01-08 18:51:29	109	SingleDown	DXC4B2P
2025-01-08 18:54:22	127	SingleUp	DXC4B2P
2025-01-08 18:57:15	116	SingleDown	DXC4B2P
2025-01-08 19:00:08	139	SingleUp	DXC4B2P
2025-01-08 19:03:02	116	SingleDown	DXC4B2P
2025-01-08 19:05:55	137	SingleUp	DXC4B2P
2025-01-08 19:08:48	139	FortyFiveUp	DXC4B2P
2025-01-08 19:11:41	120	SingleDown	DXC4B2P
2025-01-08 19:14:34	125	SingleUp	DXC4B2P
2025-01-08 19:17:28	133	SingleUp	DXC4B2P
2025-01-08 19:20:21	127	SingleDown	DXC4B2P
2025-01-08 19:23:14	136	SingleUp	DXC4B2P
2025-01-08 19:26:07	119	SingleDown	DXC4B2P
2025-01-08 19:29:00	137	SingleUp	DXC4B2P
2025-01-08 19:31:54	133	SingleDown	DXC4B2P
2025-01-08 19:34:47	119	SingleDown	DXC4B2P
2025-01-08 19:37:40	129	SingleUp	DXC4B2P
2025-01-08 19:40:33	118	SingleDown	DXC4B2P
2025-01-08 19:43:26	124	SingleUp	DXC4B2P
2025-01-08 19:46:20	115	SingleDown	DXC4B2P
2025-01-08 19:49:13	114	Flat	DXC4B2P
2025-01-08 19:52:06	111	SingleDown	DXC4B2P
2025-01-08 19:54:59	135	SingleUp	DXC4B2P
2025-01-08 19:57:52	119	SingleDown	DXC4B2P
2025-01-08 20:00:46	156	SingleUp	DXC4B2P
2025-01-08 20:03:39	164	SingleUp	DXC4B2P
2025-01-08 20:06:32	162	FortyFiveDown	DXC4B2P
2025-01-08 20:09:25	146	SingleDown	DXC4B2P
2025-01-08 20:12:18	157	SingleUp	DXC4B2P
2025-01-08 20:15:12	157	Flat	DXC4B2P
2025-01-08 20:18:05	162	SingleUp	DXC4B2P
2025-01-08 20:20:58	150	SingleDown	DXC4B2P
2025-01-08 20:23:51	147	SingleDown	DXC4B2P
2025-01-08 20:26:44	153	SingleUp	DXC4B2P
2025-01-08 20:29:38	146	SingleDown	DXC4B2P
2025-01-08 20:32:31	159	SingleUp	DXC4B2P
2025-01-08 20:35:24	166	SingleUp	DXC4B2P
2025-01-08 20:38:17	149	SingleDown	DXC4B2P
2025-01-08 20:41:10	159	SingleUp	DXC4B2P
2025-01-08 20:44:03	144	SingleDown	DXC4B2P
2025-01-08 20:46:57	150	SingleUp	DXC4B2P
2025-01-08 20:49:50	141	SingleDown	DXC4B2P
2025-01-08 20:52:43	147	SingleUp	DXC4B2P
2025-01-08 20:55:36	150	SingleUp	DXC4B2P
2025-01-08 20:58:29	163	SingleUp	DXC4B2P
2025-01-08 21:01:23	138	SingleDown	DXC4B2P
2025-01-08 21:04:16	143	SingleUp	DXC4B2P
2025-01-08 21:07:09	160	SingleUp	DXC4B2P
2025-01-08 21:10:02	141	SingleDown	DXC4B2P
2025-01-08 21:12:55	160	SingleUp	DXC4B2P
2025-01-08 21:15:49	158	FortyFiveDown	DXC4B2P
2025-01-08 21:18:42	147	SingleDown	DXC4B2P
2025-01-08 21:21:35	157	SingleUp	DXC4B2P
2025-01-08 21:24:28	155	FortyFiveDown	DXC4B2P
2025-01-08 21:27:21	154	Flat	DXC4B2P
2025-01-08 21:30:15	154	Flat	DXC4B2P
2025-01-08 21:33:08	136	SingleDown	DXC4B2P
2025-01-08 21:36:01	163	SingleUp	DXC4B2P
2025-01-08 21:38:54	150	SingleDown	DXC4B2P
2025-01-08 21:41:47	149	Flat	DXC4B2P
2025-01-08 21:44:41	162	SingleUp	DXC4B2P
2025-01-08 21:47:34	158	SingleDown	DXC4B2P
2025-01-08 21:50:27	163	SingleUp	DXC4B2P
2025-01-08 21:53:20	166	SingleUp	DXC4B2P
2025-01-08 21:56:13	142	SingleDown	DXC4B2P
2025-01-08 21:59:07	149	SingleUp	DXC4B2P
2025-01-08 22:02:00	108	SingleDown	DXC4B2P
2025-01-08 22:04:53	113	SingleUp	DXC4B2P
2025-01-08 22:07:46	86	SingleDown	DXC4B2P
2025-01-08 22:10:39	98	SingleUp	DXC4B2P
2025-01-08 22:13:33	96	FortyFiveDown	DXC4B2P
2025-01-08 22:16:26	101	SingleUp	DXC4B2P
2025-01-08 22:19:19	104	SingleUp	DXC4B2P
2025-01-08 22:22:12	95	SingleDown	DXC4B2P
2025-01-08 22:25:05	90	SingleDown	DXC4B2P
2025-01-08 22:27:59	88	FortyFiveDown	DXC4B2P
2025-01-08 22:30:52	106	SingleUp	DXC4B2P
2025-01-08 22:33:45	86	SingleDown	DXC4B2P
2025-01-08 22:36:38	88	FortyFiveUp	DXC4B2P
2025-01-08 22:39:31	103	SingleUp	DXC4B2P
2025-01-08 22:42:24	109	SingleUp	DXC4B2P
2025-01-08 22:45:18	90	SingleDown	DXC4B2P
2025-01-08 22:48:11	108	SingleUp	DXC4B2P
2025-01-08 22:51:04	93	SingleDown	DXC4B2P
2025-01-08 22:53:57	110	SingleUp	DXC4B2P
2025-01-08 22:56:50	100	SingleDown	DXC4B2P
2025-01-08 22:59:44	86	SingleDown	DXC4B2P
2025-01-08 23:02:37	106	SingleUp	DXC4B2P
2025-01-08 23:05:30	85	SingleDown	DXC4B2P
2025-01-08 23:08:23	97	SingleUp	DXC4B2P
2025-01-08 23:11:16	103	SingleUp	DXC4B2P
2025-01-08 23:14:10	92	SingleDown	DXC4B2P
2025-01-08 23:17:03	110	SingleUp	DXC4B2P
2025-01-08 23:19:56	93	SingleDown	DXC4B2P
2025-01-08 23:22:49	101	SingleUp	DXC4B2P
2025-01-08 23:25:42	96	SingleDown	DXC4B2P
2025-01-08 23:28:36	84	SingleDown	DXC4B2P
2025-01-08 23:31:29	106	SingleUp	DXC4B2P
2025-01-08 23:34:22	96	SingleDown	DXC4B2P
2025-01-08 23:37:15	87	SingleDown	DXC4B2P
2025-01-08 23:40:08	95	SingleUp	DXC4B2P
2025-01-08 23:43:02	108	SingleUp	DXC4B2P
2025-01-08 23:45:55	83	SingleDown	DXC4B2P
2025-01-08 23:48:48	97	SingleUp	DXC4B2P
2025-01-08 23:51:41	84	SingleDown	DXC4B2P
2025-01-08 23:54:34	108	SingleUp	DXC4B2P
2025-01-08 23:57:28	88	SingleDown	DXC4B2P
2025-01-09 00:00:21	92	SingleUp	DXC4B2P
2025-01-09 00:03:14	92	Flat	DXC4B2P
2025-01-09 00:06:07	76	SingleDown	DXC4B2P
2025-01-09 00:09:00	92	SingleUp	DXC4B2P
2025-01-09 00:11:54	101	SingleUp	DXC4B2P
2025-01-09 00:14:47	76	SingleDown	DXC4B2P
2025-01-09 00:17:40	103	SingleUp	DXC4B2P
2025-01-09 00:20:33	86	SingleDown	DXC4B2P
2025-01-09 00:23:26	97	SingleUp	DXC4B2P
2025-01-09 00:26:20	92	SingleDown	DXC4B2P
2025-01-09 00:29:13	83	SingleDown	DXC4B2P
2025-01-09 00:32:06	101	SingleUp	DXC4B2P
2025-01-09 00:34:59	103	FortyFiveUp	DXC4B2P
2025-01-09 00:37:52	100	SingleDown	DXC4B2P
2025-01-09 00:40:45	101	Flat	DXC4B2P
2025-01-09 00:43:39	78	SingleDown	DXC4B2P
2025-01-09 00:46:32	80	FortyFiveUp	DXC4B2P
2025-01-09 00:49:25	79	Flat	DXC4B2P
2025-01-09 00:52:18	104	SingleUp	DXC4B2P
2025-01-09 00:55:11	81	SingleDown	DXC4B2P
2025-01-09 00:58:05	105	SingleUp	DXC4B2P
2025-01-09 01:00:58	90	SingleDown	DXC4B2P
2025-01-09 01:03:51	94	SingleUp	DXC4B2P
2025-01-09 01:06:44	71	SingleDown	DXC4B2P
2025-01-09 01:09:37	79	SingleUp	DXC4B2P
2025-01-09 01:12:31	72	SingleDown	DXC4B2P
2025-01-09 01:15:24	89	SingleUp	DXC4B2P
2025-01-09 01:18:17	89	Flat	DXC4B2P
2025-01-09 01:21:10	79	SingleDown	DXC4B2P
2025-01-09 01:24:03	92	SingleUp	DXC4B2P
2025-01-09 01:26:57	87	SingleDown	DXC4B2P
2025-01-09 01:29:50	80	SingleDown	DXC4B2P
2025-01-09 01:32:43	71	SingleDown	DXC4B2P
2025-01-09 01:35:36	95	SingleUp	DXC4B2P
2025-01-09 01:38:29	88	SingleDown	DXC4B2P
2025-01-09 01:41:23	76	SingleDown	DXC4B2P
2025-01-09 01:44:16	90	SingleUp	DXC4B2P
2025-01-09 01:47:09	94	SingleUp	DXC4B2P
2025-01-09 01:50:02	94	Flat	DXC4B2P
2025-01-09 01:52:55	88	SingleDown	DXC4B2P
2025-01-09 01:55:49	72	SingleDown	DXC4B2P
2025-01-09 01:58:42	95	SingleUp	DXC4B2P
2025-01-09 02:01:35	91	SingleDown	DXC4B2P
2025-01-09 02:04:28	68	SingleDown	DXC4B2P
2025-01-09 02:07:21	72	SingleUp	DXC4B2P
2025-01-09 02:10:15	91	SingleUp	DXC4B2P
2025-01-09 02:13:08	82	SingleDown	DXC4B2P
2025-01-09 02:16:01	93	SingleUp	DXC4B2P
2025-01-09 02:18:54	87	SingleDown	DXC4B2P
2025-01-09 02:21:47	87	Flat	DXC4B2P
2025-01-09 02:24:40	83	SingleDown	DXC4B2P
2025-01-09 02:27:34	92	SingleUp	DXC4B2P
2025-01-09 02:30:27	80	SingleDown	DXC4B2P
2025-01-09 02:33:20	79	Flat	DXC4B2P
2025-01-09 02:36:13	75	SingleDown	DXC4B2P
2025-01-09 02:39:06	70	SingleDown	DXC4B2P
2025-01-09 02:42:00	94	SingleUp	DXC4B2P
2025-01-09 02:44:53	87	SingleDown	DXC4B2P
2025-01-09 02:47:46	89	FortyFiveUp	DXC4B2P
2025-01-09 02:50:39	93	SingleUp	DXC4B2P
2025-01-09 02:53:32	79	SingleDown	DXC4B2P
2025-01-09 02:56:26	72	SingleDown	DXC4B2P
2025-01-09 02:59:19	88	SingleUp	DXC4B2P
2025-01-09 03:02:12	100	SingleUp	DXC4B2P
2025-01-09 03:05:05	123	SingleUp	DXC4B2P
2025-01-09 03:07:58	99	SingleDown	DXC4B2P
2025-01-09 03:10:52	97	FortyFiveDown	DXC4B2P
2025-01-09 03:13:45	111	SingleUp	DXC4B2P
2025-01-09 03:16:38	105	SingleDown	DXC4B2P
2025-01-09 03:19:31	101	SingleDown	DXC4B2P
2025-01-09 03:22:24	104	SingleUp	DXC4B2P
2025-01-09 03:25:18	119	SingleUp	DXC4B2P
2025-01-09 03:28:11	104	SingleDown	DXC4B2P
2025-01-09 03:31:04	122	SingleUp	DXC4B2P
2025-01-09 03:33:57	116	SingleDown	DXC4B2P
2025-01-09 03:36:50	103	SingleDown	DXC4B2P
2025-01-09 03:39:44	103	Flat	DXC4B2P
2025-01-09 03:42:37	112	SingleUp	DXC4B2P
2025-01-09 03:45:30	106	SingleDown	DXC4B2P
2025-01-09 03:48:23	108	FortyFiveUp	DXC4B2P
2025-01-09 03:51:16	111	SingleUp	DXC4B2P
2025-01-09 03:54:10	104	SingleDown	DXC4B2P
2025-01-09 03:57:03	123	SingleUp	DXC4B2P
2025-01-09 03:59:56	116	SingleDown	DXC4B2P
2025-01-09 04:02:49	115	Flat	DXC4B2P
2025-01-09 04:05:42	123	SingleUp	DXC4B2P
2025-01-09 04:08:36	118	SingleDown	DXC4B2P
2025-01-09 04:11:29	122	SingleUp	DXC4B2P
2025-01-09 04:14:22	119	SingleDown	DXC4B2P
2025-01-09 04:17:15	102	SingleDown	DXC4B2P
2025-01-09 04:20:08	103	Flat	DXC4B2P
2025-01-09 04:23:01	104	Flat	DXC4B2P
2025-01-09 04:25:55	116	SingleUp	DXC4B2P
2025-01-09 04:28:48	112	SingleDown	DXC4B2P
2025-01-09 04:31:41	112	Flat	DXC4B2P
2025-01-09 04:34:34	102	SingleDown	DXC4B2P
2025-01-09 04:37:27	115	SingleUp	DXC4B2P
2025-01-09 04:40:21	106	SingleDown	DXC4B2P
2025-01-09 04:43:14	116	SingleUp	DXC4B2P
2025-01-09 04:46:07	125	SingleUp	DXC4B2P
2025-01-09 04:49:00	104	SingleDown	DXC4B2P
2025-01-09 04:51:53	128	SingleUp	DXC4B2P
2025-01-09 04:54:47	105	SingleDown	DXC4B2P
2025-01-09 04:57:40	120	SingleUp	DXC4B2P
2025-01-09 05:00:33	132	SingleUp	DXC4B2P
2025-01-09 05:03:26	134	FortyFiveUp	DXC4B2P
2025-01-09 05:06:19	114	SingleDown	DXC4B2P
2025-01-09 05:09:13	127	SingleUp	DXC4B2P
2025-01-09 05:12:06	129	FortyFiveUp	DXC4B2P
2025-01-09 05:14:59	124	SingleDown	DXC4B2P
2025-01-09 05:17:52	129	SingleUp	DXC4B2P
2025-01-09 05:20:45	124	SingleDown	DXC4B2P
2025-01-09 05:23:39	109	SingleDown	DXC4B2P
2025-01-09 05:26:32	116	SingleUp	DXC4B2P
2025-01-09 05:29:25	110	SingleDown	DXC4B2P
2025-01-09 05:32:18	120	SingleUp	DXC4B2P
2025-01-09 05:35:11	117	SingleDown	DXC4B2P
2025-01-09 05:38:05	119	FortyFiveUp	DXC4B2P
2025-01-09 05:40:58	115	SingleDown	DXC4B2P
2025-01-09 05:43:51	116	Flat	DXC4B2P
2025-01-09 05:46:44	130	SingleUp	DXC4B2P
2025-01-09 05:49:37	115	SingleDown	DXC4B2P
2025-01-09 05:52:31	112	SingleDown	DXC4B2P
2025-01-09 05:55:24	105	SingleDown	DXC4B2P
2025-01-09 05:58:17	113	SingleUp	DXC4B2P
2025-01-09 06:01:10	122	SingleUp	DXC4B2P
2025-01-09 06:04:03	135	SingleUp	DXC4B2P
2025-01-09 06:06:57	138	SingleUp	DXC4B2P
2025-01-09 06:09:50	126	SingleDown	DXC4B2P
2025-01-09 06:12:43	113	SingleDown	DXC4B2P
2025-01-09 06:15:36	125	SingleUp	DXC4B2P
2025-01-09 06:18:29	137	SingleUp	DXC4B2P
2025-01-09 06:21:22	135	FortyFiveDown	DXC4B2P
2025-01-09 06:24:16	140	SingleUp	DXC4B2P
2025-01-09 06:27:09	123	SingleDown	DXC4B2P
2025-01-09 06:30:02	127	SingleUp	DXC4B2P
2025-01-09 06:32:55	132	SingleUp	DXC4B2P
2025-01-09 06:35:48	120	SingleDown	DXC4B2P
2025-01-09 06:38:42	132	SingleUp	DXC4B2P
2025-01-09 06:41:35	110	SingleDown	DXC4B2P
2025-01-09 06:44:28	139	SingleUp	DXC4B2P
2025-01-09 06:47:21	128	SingleDown	DXC4B2P
2025-01-09 06:50:14	110	SingleDown	DXC4B2P
2025-01-09 06:53:08	116	SingleUp	DXC4B2P
2025-01-09 06:56:01	116	Flat	DXC4B2P
2025-01-09 06:58:54	138	SingleUp	DXC4B2P
2025-01-09 07:01:47	136	FortyFiveDown	DXC4B2P
2025-01-09 07:04:40	142	SingleUp	DXC4B2P
2025-01-09 07:07:34	142	Flat	DXC4B2P
2025-01-09 07:10:27	130	SingleDown	DXC4B2P
2025-01-09 07:13:20	130	Flat	DXC4B2P
2025-01-09 07:16:13	123	SingleDown	DXC4B2P
2025-01-09 07:19:06	130	SingleUp	DXC4B2P
2025-01-09 07:22:00	133	SingleUp	DXC4B2P
2025-01-09 07:24:53	119	SingleDown	DXC4B2P
2025-01-09 07:27:46	134	SingleUp	DXC4B2P
2025-01-09 07:30:39	133	Flat	DXC4B2P
2025-01-09 07:33:32	116	SingleDown	DXC4B2P
2025-01-09 07:36:26	121	SingleUp	DXC4B2P
2025-01-09 07:39:19	140	SingleUp	DXC4B2P
2025-01-09 07:42:12	118	SingleDown	DXC4B2P
2025-01-09 07:45:05	122	SingleUp	DXC4B2P
2025-01-09 07:47:58	144	SingleUp	DXC4B2P
2025-01-09 07:50:52	128	SingleDown	DXC4B2P
2025-01-09 07:53:45	119	SingleDown	DXC4B2P
2025-01-09 07:56:38	134	SingleUp	DXC4B2P
2025-01-09 07:59:31	144	SingleUp	DXC4B2P
2025-01-09 08:02:24	106	SingleDown	DXC4B2P
2025-01-09 08:05:18	120	SingleUp	DXC4B2P
2025-01-09 08:08:11	110	SingleDown	DXC4B2P
2025-01-09 08:11:04	112	FortyFiveUp	DXC4B2P
2025-01-09 08:13:57	133	SingleUp	DXC4B2P
2025-01-09 08:16:50	116	SingleDown	DXC4B2P
2025-01-09 08:19:43	132	SingleUp	DXC4B2P
2025-01-09 08:22:37	114	SingleDown	DXC4B2P
2025-01-09 08:25:30	119	SingleUp	DXC4B2P
2025-01-09 08:28:23	118	Flat	DXC4B2P
2025-01-09 08:31:16	105	SingleDown	DXC4B2P
2025-01-09 08:34:09	134	SingleUp	DXC4B2P
2025-01-09 08:37:03	130	SingleDown	DXC4B2P
2025-01-09 08:39:56	126	SingleDown	DXC4B2P
2025-01-09 08:42:49	112	SingleDown	DXC4B2P
2025-01-09 08:45:42	115	SingleUp	DXC4B2P
2025-01-09 08:48:35	126	SingleUp	DXC4B2P
2025-01-09 08:51:29	126	Flat	DXC4B2P
2025-01-09 08:54:22	128	FortyFiveUp	DXC4B2P
2025-01-09 08:57:15	114	SingleDown	DXC4B2P
2025-01-09 09:00:08	154	SingleUp	DXC4B2P
2025-01-09 09:03:01	138	SingleDown	DXC4B2P
2025-01-09 09:05:55	139	Flat	DXC4B2P
2025-01-09 09:08:48	149	SingleUp	DXC4B2P
2025-01-09 09:11:41	155	SingleUp	DXC4B2P
2025-01-09 09:14:34	162	SingleUp	DXC4B2P
2025-01-09 09:17:27	144	SingleDown	DXC4B2P
2025-01-09 09:20:21	148	SingleUp	DXC4B2P
2025-01-09 09:23:14	161	SingleUp	DXC4B2P
2025-01-09 09:26:07	139	SingleDown	DXC4B2P
2025-01-09 09:29:00	149	SingleUp	DXC4B2P
2025-01-09 09:31:53	157	SingleUp	DXC4B2P
2025-01-09 09:34:47	137	SingleDown	DXC4B2P
2025-01-09 09:37:40	159	SingleUp	DXC4B2P
2025-01-09 09:40:33	151	SingleDown	DXC4B2P
2025-01-09 09:43:26	151	Flat	DXC4B2P
2025-01-09 09:46:19	158	SingleUp	DXC4B2P
2025-01-09 09:49:13	135	SingleDown	DXC4B2P
2025-01-09 09:52:06	154	SingleUp	DXC4B2P
2025-01-09 09:54:59	159	SingleUp	DXC4B2P
2025-01-09 09:57:52	154	SingleDown	DXC4B2P
2025-01-09 10:00:45	173	SingleUp	DXC4B2P
2025-01-09 10:03:39	163	SingleDown	DXC4B2P
2025-01-09 10:06:32	170	SingleUp	DXC4B2P
2025-01-09 10:09:25	152	SingleDown	DXC4B2P
2025-01-09 10:12:18	152	Flat	DXC4B2P
2025-01-09 10:15:11	146	SingleDown	DXC4B2P
2025-01-09 10:18:04	152	SingleUp	DXC4B2P
2025-01-09 10:20:58	147	SingleDown	DXC4B2P
2025-01-09 10:23:51	150	SingleUp	DXC4B2P
2025-01-09 10:26:44	170	SingleUp	DXC4B2P
2025-01-09 10:29:37	162	SingleDown	DXC4B2P
2025-01-09 10:32:30	156	SingleDown	DXC4B2P
2025-01-09 10:35:24	165	SingleUp	DXC4B2P
2025-01-09 10:38:17	149	SingleDown	DXC4B2P
2025-01-09 10:41:10	147	FortyFiveDown	DXC4B2P
2025-01-09 10:44:03	149	FortyFiveUp	DXC4B2P
2025-01-09 10:46:56	172	SingleUp	DXC4B2P
2025-01-09 10:49:50	168	SingleDown	DXC4B2P
2025-01-09 10:52:43	172	SingleUp	DXC4B2P
2025-01-09 10:55:36	165	SingleDown	DXC4B2P
2025-01-09 10:58:29	155	SingleDown	DXC4B2P
2025-01-09 11:01:22	143	SingleDown	DXC4B2P
2025-01-09 11:04:16	156	SingleUp	DXC4B2P
2025-01-09 11:07:09	150	SingleDown	DXC4B2P
2025-01-09 11:10:02	157	SingleUp	DXC4B2P
2025-01-09 11:12:55	142	SingleDown	DXC4B2P
2025-01-09 11:15:48	155	SingleUp	DXC4B2P
2025-01-09 11:18:42	153	FortyFiveDown	DXC4B2P
2025-01-09 11:21:35	148	SingleDown	DXC4B2P
2025-01-09 11:24:28	155	SingleUp	DXC4B2P
2025-01-09 11:27:21	156	Flat	DXC4B2P
2025-01-09 11:30:14	134	SingleDown	DXC4B2P
2025-01-09 11:33:08	163	SingleUp	DXC4B2P
2025-01-09 11:36:01	159	SingleDown	DXC4B2P
2025-01-09 11:38:54	159	Flat	DXC4B2P
2025-01-09 11:41:47	137	SingleDown	DXC4B2P
2025-01-09 11:44:40	162	SingleUp	DXC4B2P
2025-01-09 11:47:34	144	SingleDown	DXC4B2P
2025-01-09 11:50:27	160	SingleUp	DXC4B2P
2025-01-09 11:53:20	153	SingleDown	DXC4B2P
2025-01-09 11:56:13	153	Flat	DXC4B2P
2025-01-09 11:59:06	147	SingleDown	DXC4B2P
2025-01-09 12:01:59	131	SingleDown	DXC4B2P
2025-01-09 12:04:53	138	SingleUp	DXC4B2P
2025-01-09 12:07:46	134	SingleDown	DXC4B2P
2025-01-09 12:10:39	137	SingleUp	DXC4B2P
2025-01-09 12:13:32	125	SingleDown	DXC4B2P
2025-01-09 12:16:25	142	SingleUp	DXC4B2P
2025-01-09 12:19:19	142	Flat	DXC4B2P
2025-01-09 12:22:12	129	SingleDown	DXC4B2P
2025-01-09 12:25:05	125	SingleDown	DXC4B2P
2025-01-09 12:27:58	143	SingleUp	DXC4B2P
2025-01-09 12:30:51	119	SingleDown	DXC4B2P
2025-01-09 12:33:45	134	SingleUp	DXC4B2P
2025-01-09 12:36:38	127	SingleDown	DXC4B2P
2025-01-09 12:39:31	125	FortyFiveDown	DXC4B2P
2025-01-09 12:42:24	139	SingleUp	DXC4B2P
2025-01-09 12:45:17	143	SingleUp	DXC4B2P
2025-01-09 12:48:11	118	SingleDown	DXC4B2P
2025-01-09 12:51:04	136	SingleUp	DXC4B2P
2025-01-09 12:53:57	121	SingleDown	DXC4B2P
2025-01-09 12:56:50	142	SingleUp	DXC4B2P
2025-01-09 12:59:43	143	Flat	DXC4B2P
2025-01-09 13:02:37	167	SingleUp	DXC4B2P
2025-01-09 13:05:30	163	SingleDown	DXC4B2P
2025-01-09 13:08:23	159	SingleDown	DXC4B2P
2025-01-09 13:11:16	156	SingleDown	DXC4B2P
2025-01-09 13:14:09	161	SingleUp	DXC4B2P
2025-01-09 13:17:03	152	SingleDown	DXC4B2P
2025-01-09 13:19:56	171	SingleUp	DXC4B2P
2025-01-09 13:22:49	157	SingleDown	DXC4B2P
2025-01-09 13:25:42	154	SingleDown	DXC4B2P
2025-01-09 13:28:35	153	Flat	DXC4B2P
2025-01-09 13:31:29	174	SingleUp	DXC4B2P
2025-01-09 13:34:22	150	SingleDown	DXC4B2P
2025-01-09 13:37:15	170	SingleUp	DXC4B2P
2025-01-09 13:40:08	155	SingleDown	DXC4B2P
2025-01-09 13:43:01	172	SingleUp	DXC4B2P
2025-01-09 13:45:55	158	SingleDown	DXC4B2P
2025-01-09 13:48:48	155	SingleDown	DXC4B2P
2025-01-09 13:51:41	148	SingleDown	DXC4B2P
2025-01-09 13:54:34	164	SingleUp	DXC4B2P
2025-01-09 13:57:27	158	SingleDown	DXC4B2P
2025-01-09 14:00:20	150	SingleDown	DXC4B2P
2025-01-09 14:03:14	173	SingleUp	DXC4B2P
2025-01-09 14:06:07	147	SingleDown	DXC4B2P
2025-01-09 14:09:00	168	SingleUp	DXC4B2P
2025-01-09 14:11:53	162	SingleDown	DXC4B2P
2025-01-09 14:14:46	148	SingleDown	DXC4B2P
2025-01-09 14:17:40	156	SingleUp	DXC4B2P
2025-01-09 14:20:33	168	SingleUp	DXC4B2P
2025-01-09 14:23:26	164	SingleDown	DXC4B2P
2025-01-09 14:26:19	148	SingleDown	DXC4B2P
2025-01-09 14:29:12	154	SingleUp	DXC4B2P
2025-01-09 14:32:06	170	SingleUp	DXC4B2P
2025-01-09 14:34:59	147	SingleDown	DXC4B2P
2025-01-09 14:37:52	174	SingleUp	DXC4B2P
2025-01-09 14:40:45	151	SingleDown	DXC4B2P
2025-01-09 14:43:38	166	SingleUp	DXC4B2P
2025-01-09 14:46:32	147	SingleDown	DXC4B2P
2025-01-09 14:49:25	168	SingleUp	DXC4B2P
2025-01-09 14:52:18	163	SingleDown	DXC4B2P
2025-01-09 14:55:11	153	SingleDown	DXC4B2P
2025-01-09 14:58:04	169	SingleUp	DXC4B2P
2025-01-09 15:00:58	122	SingleDown	DXC4B2P
2025-01-09 15:03:51	129	SingleUp	DXC4B2P
2025-01-09 15:06:44	121	SingleDown	DXC4B2P
2025-01-09 15:09:37	119	FortyFiveDown	DXC4B2P
2025-01-09 15:12:30	127	SingleUp	DXC4B2P
2025-01-09 15:15:24	130	SingleUp	DXC4B2P
2025-01-09 15:18:17	121	SingleDown	DXC4B2P
2025-01-09 15:21:10	120	Flat	DXC4B2P
2025-01-09 15:24:03	112	SingleDown	DXC4B2P
2025-01-09 15:26:56	130	SingleUp	DXC4B2P
2025-01-09 15:29:50	124	SingleDown	DXC4B2P
2025-01-09 15:32:43	116	SingleDown	DXC4B2P
2025-01-09 15:35:36	113	SingleDown	DXC4B2P
2025-01-09 15:38:29	104	SingleDown	DXC4B2P
2025-01-09 15:41:22	120	SingleUp	DXC4B2P
2025-01-09 15:44:16	116	SingleDown	DXC4B2P
2025-01-09 15:47:09	123	SingleUp	DXC4B2P
2025-01-09 15:50:02	126	SingleUp	DXC4B2P
2025-01-09 15:52:55	117	SingleDown	DXC4B2P
2025-01-09 15:55:48	129	SingleUp	DXC4B2P
2025-01-09 15:58:41	108	SingleDown	DXC4B2P
2025-01-09 16:01:35	117	SingleUp	DXC4B2P
2025-01-09 16:04:28	126	SingleUp	DXC4B2P
2025-01-09 16:07:21	118	SingleDown	DXC4B2P
2025-01-09 16:10:14	123	SingleUp	DXC4B2P
2025-01-09 16:13:07	129	SingleUp	DXC4B2P
2025-01-09 16:16:01	104	SingleDown	DXC4B2P
2025-01-09 16:18:54	115	SingleUp	DXC4B2P
2025-01-09 16:21:47	117	FortyFiveUp	DXC4B2P
2025-01-09 16:24:40	126	SingleUp	DXC4B2P
2025-01-09 16:27:33	103	SingleDown	DXC4B2P
2025-01-09 16:30:27	127	SingleUp	DXC4B2P
2025-01-09 16:33:20	122	SingleDown	DXC4B2P
2025-01-09 16:36:13	101	SingleDown	DXC4B2P
2025-01-09 16:39:06	117	SingleUp	DXC4B2P
2025-01-09 16:41:59	111	SingleDown	DXC4B2P
2025-01-09 16:44:53	107	SingleDown	DXC4B2P
2025-01-09 16:47:46	114	SingleUp	DXC4B2P
2025-01-09 16:50:39	125	SingleUp	DXC4B2P
2025-01-09 16:53:32	101	SingleDown	DXC4B2P
2025-01-09 16:56:25	113	SingleUp	DXC4B2P
2025-01-09 16:59:19	121	SingleUp	DXC4B2P
2025-01-09 17:02:12	127	SingleUp	DXC4B2P
2025-01-09 17:05:05	103	SingleDown	DXC4B2P
2025-01-09 17:07:58	106	SingleUp	DXC4B2P
2025-01-09 17:10:51	119	SingleUp	DXC4B2P
2025-01-09 17:13:45	128	SingleUp	DXC4B2P
2025-01-09 17:16:38	126	FortyFiveDown	DXC4B2P
2025-01-09 17:19:31	120	SingleDown	DXC4B2P
2025-01-09 17:22:24	101	SingleDown	DXC4B2P
2025-01-09 17:25:17	106	SingleUp	DXC4B2P
2025-01-09 17:28:11	102	SingleDown	DXC4B2P
2025-01-09 17:31:04	102	Flat	DXC4B2P
2025-01-09 17:33:57	101	Flat	DXC4B2P
2025-01-09 17:36:50	108	SingleUp	DXC4B2P
2025-01-09 17:39:43	106	FortyFiveDown	DXC4B2P
2025-01-09 17:42:37	127	SingleUp	DXC4B2P
2025-01-09 17:45:30	119	SingleDown	DXC4B2P
2025-01-09 17:48:23	129	SingleUp	DXC4B2P
2025-01-09 17:51:16	100	SingleDown	DXC4B2P
2025-01-09 17:54:09	123	SingleUp	DXC4B2P
2025-01-09 17:57:02	126	SingleUp	DXC4B2P
2025-01-09 17:59:56	106	SingleDown	DXC4B2P
2025-01-09 18:02:49	118	SingleUp	DXC4B2P
2025-01-09 18:05:42	102	SingleDown	DXC4B2P
2025-01-09 18:08:35	121	SingleUp	DXC4B2P
2025-01-09 18:11:28	123	FortyFiveUp	DXC4B2P
2025-01-09 18:14:22	120	SingleDown	DXC4B2P
2025-01-09 18:17:15	126	SingleUp	DXC4B2P
2025-01-09 18:20:08	120	SingleDown	DXC4B2P
2025-01-09 18:23:01	126	SingleUp	DXC4B2P
2025-01-09 18:25:54	106	SingleDown	DXC4B2P
2025-01-09 18:28:48	118	SingleUp	DXC4B2P
2025-01-09 18:31:41	115	SingleDown	DXC4B2P
2025-01-09 18:34:34	115	Flat	DXC4B2P
2025-01-09 18:37:27	129	SingleUp	DXC4B2P
2025-01-09 18:40:20	102	SingleDown	DXC4B2P
2025-01-09 18:43:14	111	SingleUp	DXC4B2P
2025-01-09 18:46:07	125	SingleUp	DXC4B2P
2025-01-09 18:49:00	102	SingleDown	DXC4B2P
2025-01-09 18:51:53	101	Flat	DXC4B2P
2025-01-09 18:54:46	121	SingleUp	DXC4B2P
2025-01-09 18:57:40	124	SingleUp	DXC4B2P
2025-01-09 19:00:33	119	SingleDown	DXC4B2P
2025-01-09 19:03:26	136	SingleUp	DXC4B2P
2025-01-09 19:06:19	111	SingleDown	DXC4B2P
2025-01-09 19:09:12	130	SingleUp	DXC4B2P
2025-01-09 19:12:06	111	SingleDown	DXC4B2P
2025-01-09 19:14:59	129	SingleUp	DXC4B2P
2025-01-09 19:17:52	112	SingleDown	DXC4B2P
2025-01-09 19:20:45	126	SingleUp	DXC4B2P
2025-01-09 19:23:38	121	SingleDown	DXC4B2P
2025-01-09 19:26:32	130	SingleUp	DXC4B2P
2025-01-09 19:29:25	117	SingleDown	DXC4B2P
2025-01-09 19:32:18	134	SingleUp	DXC4B2P
2025-01-09 19:35:11	114	SingleDown	DXC4B2P
2025-01-09 19:38:04	115	Flat	DXC4B2P
2025-01-09 19:40:58	123	SingleUp	DXC4B2P
2025-01-09 19:43:51	110	SingleDown	DXC4B2P
2025-01-09 19:46:44	135	SingleUp	DXC4B2P
2025-01-09 19:49:37	126	SingleDown	DXC4B2P
2025-01-09 19:52:30	137	SingleUp	DXC4B2P
2025-01-09 19:55:23	127	SingleDown	DXC4B2P
2025-01-09 19:58:17	116	SingleDown	DXC4B2P
2025-01-09 20:01:10	140	SingleUp	DXC4B2P
2025-01-09 20:04:03	149	SingleUp	DXC4B2P
2025-01-09 20:06:56	145	SingleDown	DXC4B2P
2025-01-09 20:09:49	164	SingleUp	DXC4B2P
2025-01-09 20:12:43	153	SingleDown	DXC4B2P
2025-01-09 20:15:36	164	SingleUp	DXC4B2P
2025-01-09 20:18:29	139	SingleDown	DXC4B2P
2025-01-09 20:21:22	149	SingleUp	DXC4B2P
2025-01-09 20:24:15	153	SingleUp	DXC4B2P
2025-01-09 20:27:09	159	SingleUp	DXC4B2P
2025-01-09 20:30:02	155	SingleDown	DXC4B2P
2025-01-09 20:32:55	150	SingleDown	DXC4B2P
2025-01-09 20:35:48	141	SingleDown	DXC4B2P
2025-01-09 20:38:41	156	SingleUp	DXC4B2P
2025-01-09 20:41:35	139	SingleDown	DXC4B2P
2025-01-09 20:44:28	143	SingleUp	DXC4B2P
2025-01-09 20:47:21	150	SingleUp	DXC4B2P
2025-01-09 20:50:14	161	SingleUp	DXC4B2P
2025-01-09 20:53:07	157	SingleDown	DXC4B2P
2025-01-09 20:56:01	138	SingleDown	DXC4B2P
2025-01-09 20:58:54	156	SingleUp	DXC4B2P
2025-01-09 21:01:47	147	SingleDown	DXC4B2P
2025-01-09 21:04:40	148	Flat	DXC4B2P
2025-01-09 21:07:33	145	SingleDown	DXC4B2P
2025-01-09 21:10:27	155	SingleUp	DXC4B2P
2025-01-09 21:13:20	149	SingleDown	DXC4B2P
2025-01-09 21:16:13	144	SingleDown	DXC4B2P
2025-01-09 21:19:06	149	SingleUp	DXC4B2P
2025-01-09 21:21:59	149	Flat	DXC4B2P
2025-01-09 21:24:53	139	SingleDown	DXC4B2P
2025-01-09 21:27:46	164	SingleUp	DXC4B2P
2025-01-09 21:30:39	140	SingleDown	DXC4B2P
2025-01-09 21:33:32	140	Flat	DXC4B2P
2025-01-09 21:36:25	155	SingleUp	DXC4B2P
2025-01-09 21:39:18	159	SingleUp	DXC4B2P
2025-01-09 21:42:12	154	SingleDown	DXC4B2P
2025-01-09 21:45:05	162	SingleUp	DXC4B2P
2025-01-09 21:47:58	155	SingleDown	DXC4B2P
2025-01-09 21:50:51	152	SingleDown	DXC4B2P
2025-01-09 21:53:44	150	FortyFiveDown	DXC4B2P
2025-01-09 21:56:38	163	SingleUp	DXC4B2P
2025-01-09 21:59:31	162	Flat	DXC4B2P
2025-01-09 22:02:24	91	SingleDown	DXC4B2P
2025-01-09 22:05:17	112	SingleUp	DXC4B2P
2025-01-09 22:08:10	94	SingleDown	DXC4B2P
2025-01-09 22:11:04	104	SingleUp	DXC4B2P
2025-01-09 22:13:57	96	SingleDown	DXC4B2P
2025-01-09 22:16:50	89	SingleDown	DXC4B2P
2025-01-09 22:19:43	101	SingleUp	DXC4B2P
2025-01-09 22:22:36	90	SingleDown	DXC4B2P
2025-01-09 22:25:30	95	SingleUp	DXC4B2P
2025-01-09 22:28:23	87	SingleDown	DXC4B2P
2025-01-09 22:31:16	90	SingleUp	DXC4B2P
2025-01-09 22:34:09	103	SingleUp	DXC4B2P
2025-01-09 22:37:02	97	SingleDown	DXC4B2P
2025-01-09 22:39:56	110	SingleUp	DXC4B2P
2025-01-09 22:42:49	106	SingleDown	DXC4B2P
2025-01-09 22:45:42	108	FortyFiveUp	DXC4B2P
2025-01-09 22:48:35	89	SingleDown	DXC4B2P
2025-01-09 22:51:28	113	SingleUp	DXC4B2P
2025-01-09 22:54:22	106	SingleDown	DXC4B2P
2025-01-09 22:57:15	96	SingleDown	DXC4B2P
2025-01-09 23:00:08	104	SingleUp	DXC4B2P
2025-01-09 23:03:01	107	SingleUp	DXC4B2P
2025-01-09 23:05:54	102	SingleDown	DXC4B2P
2025-01-09 23:08:48	107	SingleUp	DXC4B2P
2025-01-09 23:11:41	110	SingleUp	DXC4B2P
2025-01-09 23:14:34	96	SingleDown	DXC4B2P
2025-01-09 23:17:27	90	SingleDown	DXC4B2P
2025-01-09 23:20:20	83	SingleDown	DXC4B2P
2025-01-09 23:23:14	95	SingleUp	DXC4B2P
2025-01-09 23:26:07	100	SingleUp	DXC4B2P
2025-01-09 23:29:00	83	SingleDown	DXC4B2P
2025-01-09 23:31:53	85	FortyFiveUp	DXC4B2P
2025-01-09 23:34:46	99	SingleUp	DXC4B2P
2025-01-09 23:37:39	94	SingleDown	DXC4B2P
2025-01-09 23:40:33	84	SingleDown	DXC4B2P
2025-01-09 23:43:26	104	SingleUp	DXC4B2P
2025-01-09 23:46:19	110	SingleUp	DXC4B2P
2025-01-09 23:49:12	99	SingleDown	DXC4B2P
2025-01-09 23:52:05	104	SingleUp	DXC4B2P
2025-01-09 23:54:59	106	FortyFiveUp	DXC4B2P
2025-01-09 23:57:52	103	SingleDown	DXC4B2P
2025-01-10 00:00:45	83	SingleDown	DXC4B2P
2025-01-10 00:03:38	84	Flat	DXC4B2P
2025-01-10 00:06:31	105	SingleUp	DXC4B2P
2025-01-10 00:09:25	85	SingleDown	DXC4B2P
2025-01-10 00:12:18	83	FortyFiveDown	DXC4B2P
2025-01-10 00:15:11	85	FortyFiveUp	DXC4B2P
2025-01-10 00:18:04	87	FortyFiveUp	DXC4B2P
2025-01-10 00:20:57	94	SingleUp	DXC4B2P
2025-01-10 00:23:51	82	SingleDown	DXC4B2P
2025-01-10 00:26:44	104	SingleUp	DXC4B2P
2025-01-10 00:29:37	81	SingleDown	DXC4B2P
2025-01-10 00:32:30	92	SingleUp	DXC4B2P
2025-01-10 00:35:23	85	SingleDown	DXC4B2P
2025-01-10 00:38:17	98	SingleUp	DXC4B2P
2025-01-10 00:41:10	87	SingleDown	DXC4B2P
2025-01-10 00:44:03	84	SingleDown	DXC4B2P
2025-01-10 00:46:56	94	SingleUp	DXC4B2P
2025-01-10 00:49:49	94	Flat	DXC4B2P
2025-01-10 00:52:43	101	SingleUp	DXC4B2P
2025-01-10 00:55:36	94	SingleDown	DXC4B2P
2025-01-10 00:58:29	96	FortyFiveUp	DXC4B2P
2025-01-10 01:01:22	97	Flat	DXC4B2P
2025-01-10 01:04:15	77	SingleDown	DXC4B2P
2025-01-10 01:07:09	73	SingleDown	DXC4B2P
2025-01-10 01:10:02	87	SingleUp	DXC4B2P
2025-01-10 01:12:55	73	SingleDown	DXC4B2P
2025-01-10 01:15:48	96	SingleUp	DXC4B2P
2025-01-10 01:18:41	74	SingleDown	DXC4B2P
2025-01-10 01:21:35	91	SingleUp	DXC4B2P
2025-01-10 01:24:28	84	SingleDown	DXC4B2P
2025-01-10 01:27:21	71	SingleDown	DXC4B2P
2025-01-10 01:30:14	95	SingleUp	DXC4B2P
2025-01-10 01:33:07	81	SingleDown	DXC4B2P
2025-01-10 01:36:00	77	SingleDown	DXC4B2P
2025-01-10 01:38:54	79	FortyFiveUp	DXC4B2P
2025-01-10 01:41:47	88	SingleUp	DXC4B2P
2025-01-10 01:44:40	91	SingleUp	DXC4B2P
2025-01-10 01:47:33	88	SingleDown	DXC4B2P
2025-01-10 01:50:26	88	Flat	DXC4B2P
2025-01-10 01:53:20	87	Flat	DXC4B2P
2025-01-10 01:56:13	97	SingleUp	DXC4B2P
2025-01-10 01:59:06	89	SingleDown	DXC4B2P
2025-01-10 02:01:59	67	SingleDown	DXC4B2P
2025-01-10 02:04:52	66	Flat	DXC4B2P
2025-01-10 02:07:46	67	Flat	DXC4B2P
2025-01-10 02:10:39	77	SingleUp	DXC4B2P
2025-01-10 02:13:32	87	SingleUp	DXC4B2P
2025-01-10 02:16:25	69	SingleDown	DXC4B2P
2025-01-10 02:19:18	72	SingleUp	DXC4B2P
2025-01-10 02:22:12	91	SingleUp	DXC4B2P
2025-01-10 02:25:05	76	SingleDown	DXC4B2P
2025-01-10 02:27:58	91	SingleUp	DXC4B2P
2025-01-10 02:30:51	90	Flat	DXC4B2P
2025-01-10 02:33:44	70	SingleDown	DXC4B2P
2025-01-10 02:36:38	88	SingleUp	DXC4B2P
2025-01-10 02:39:31	86	FortyFiveDown	DXC4B2P
2025-01-10 02:42:24	87	Flat	DXC4B2P
2025-01-10 02:45:17	85	FortyFiveDown	DXC4B2P
2025-01-10 02:48:10	73	SingleDown	DXC4B2P
2025-01-10 02:51:04	93	SingleUp	DXC4B2P
2025-01-10 02:53:57	72	SingleDown	DXC4B2P
2025-01-10 02:56:50	67	SingleDown	DXC4B2P
2025-01-10 02:59:43	81	SingleUp	DXC4B2P
2025-01-10 03:02:36	114	SingleUp	DXC4B2P
2025-01-10 03:05:30	111	SingleDown	DXC4B2P
2025-01-10 03:08:23	99	SingleDown	DXC4B2P
2025-01-10 03:11:16	123	SingleUp	DXC4B2P
2025-01-10 03:14:09	113	SingleDown	DXC4B2P
2025-01-10 03:17:02	116	SingleUp	DXC4B2P
2025-01-10 03:19:56	96	SingleDown	DXC4B2P
2025-01-10 03:22:49	121	SingleUp	DXC4B2P
2025-01-10 03:25:42	120	Flat	DXC4B2P
2025-01-10 03:28:35	112	SingleDown	DXC4B2P
2025-01-10 03:31:28	124	SingleUp	DXC4B2P
2025-01-10 03:34:21	99	SingleDown	DXC4B2P
2025-01-10 03:37:15	106	SingleUp	DXC4B2P
2025-01-10 03:40:08	120	SingleUp	DXC4B2P
2025-01-10 03:43:01	102	SingleDown	DXC4B2P
2025-01-10 03:45:54	104	FortyFiveUp	DXC4B2P
2025-01-10 03:48:47	114	SingleUp	DXC4B2P
2025-01-10 03:51:41	120	SingleUp	DXC4B2P
2025-01-10 03:54:34	122	FortyFiveUp	DXC4B2P
2025-01-10 03:57:27	124	FortyFiveUp	DXC4B2P
2025-01-10 04:00:20	127	SingleUp	DXC4B2P
2025-01-10 04:03:13	127	Flat	DXC4B2P
2025-01-10 04:06:07	120	SingleDown	DXC4B2P
2025-01-10 04:09:00	105	SingleDown	DXC4B2P
2025-01-10 04:11:53	120	SingleUp	DXC4B2P
2025-01-10 04:14:46	109	SingleDown	DXC4B2P
2025-01-10 04:17:39	113	SingleUp	DXC4B2P
2025-01-10 04:20:33	100	SingleDown	DXC4B2P
2025-01-10 04:23:26	106	SingleUp	DXC4B2P
2025-01-10 04:26:19	115	SingleUp	DXC4B2P
2025-01-10 04:29:12	126	SingleUp	DXC4B2P
2025-01-10 04:32:05	108	SingleDown	DXC4B2P
2025-01-10 04:34:59	110	FortyFiveUp	DXC4B2P
2025-01-10 04:37:52	112	FortyFiveUp	DXC4B2P
2025-01-10 04:40:45	114	FortyFiveUp	DXC4B2P
2025-01-10 04:43:38	123	SingleUp	DXC4B2P
2025-01-10 04:46:31	118	SingleDown	DXC4B2P
2025-01-10 04:49:25	124	SingleUp	DXC4B2P
2025-01-10 04:52:18	102	SingleDown	DXC4B2P
2025-01-10 04:55:11	101	Flat	DXC4B2P
2025-01-10 04:58:04	129	SingleUp	DXC4B2P
2025-01-10 05:00:57	131	FortyFiveUp	DXC4B2P
2025-01-10 05:03:51	121	SingleDown	DXC4B2P
2025-01-10 05:06:44	127	SingleUp	DXC4B2P
2025-01-10 05:09:37	109	SingleDown	DXC4B2P
2025-01-10 05:12:30	121	SingleUp	DXC4B2P
2025-01-10 05:15:23	132	SingleUp	DXC4B2P
2025-01-10 05:18:17	120	SingleDown	DXC4B2P
2025-01-10 05:21:10	116	SingleDown	DXC4B2P
2025-01-10 05:24:03	121	SingleUp	DXC4B2P
2025-01-10 05:26:56	127	SingleUp	DXC4B2P
2025-01-10 05:29:49	118	SingleDown	DXC4B2P
2025-01-10 05:32:42	125	SingleUp	DXC4B2P
2025-01-10 05:35:36	125	Flat	DXC4B2P
2025-01-10 05:38:29	111	SingleDown	DXC4B2P
2025-01-10 05:41:22	135	SingleUp	DXC4B2P
2025-01-10 05:44:15	108	SingleDown	DXC4B2P
2025-01-10 05:47:08	127	SingleUp	DXC4B2P
2025-01-10 05:50:02	107	SingleDown	DXC4B2P
2025-01-10 05:52:55	121	SingleUp	DXC4B2P
2025-01-10 05:55:48	125	SingleUp	DXC4B2P
2025-01-10 05:58:41	119	SingleDown	DXC4B2P
2025-01-10 06:01:34	128	SingleUp	DXC4B2P
2025-01-10 06:04:28	113	SingleDown	DXC4B2P
2025-01-10 06:07:21	121	SingleUp	DXC4B2P
2025-01-10 06:10:14	112	SingleDown	DXC4B2P
2025-01-10 06:13:07	136	SingleUp	DXC4B2P
2025-01-10 06:16:00	112	SingleDown	DXC4B2P
2025-01-10 06:18:54	133	SingleUp	DXC4B2P
2025-01-10 06:21:47	131	FortyFiveDown	DXC4B2P
2025-01-10 06:24:40	124	SingleDown	DXC4B2P
2025-01-10 06:27:33	127	SingleUp	DXC4B2P
2025-01-10 06:30:26	135	SingleUp	DXC4B2P
2025-01-10 06:33:20	117	SingleDown	DXC4B2P
2025-01-10 06:36:13	124	SingleUp	DXC4B2P
2025-01-10 06:39:06	114	SingleDown	DXC4B2P
2025-01-10 06:41:59	134	SingleUp	DXC4B2P
2025-01-10 06:44:52	120	SingleDown	DXC4B2P
2025-01-10 06:47:46	130	SingleUp	DXC4B2P
2025-01-10 06:50:39	110	SingleDown	DXC4B2P
2025-01-10 06:53:32	120	SingleUp	DXC4B2P
2025-01-10 06:56:25	138	SingleUp	DXC4B2P
2025-01-10 06:59:18	126	SingleDown	DXC4B2P
2025-01-10 07:02:12	140	SingleUp	DXC4B2P
2025-01-10 07:05:05	118	SingleDown	DXC4B2P
2025-01-10 07:07:58	118	Flat	DXC4B2P
2025-01-10 07:10:51	144	SingleUp	DXC4B2P
2025-01-10 07:13:44	116	SingleDown	DXC4B2P
2025-01-10 07:16:37	126	SingleUp	DXC4B2P
2025-01-10 07:19:31	121	SingleDown	DXC4B2P
2025-01-10 07:22:24	143	SingleUp	DXC4B2P
2025-01-10 07:25:17	142	Flat	DXC4B2P
2025-01-10 07:28:10	129	SingleDown	DXC4B2P
2025-01-10 07:31:03	125	SingleDown	DXC4B2P
2025-01-10 07:33:57	115	SingleDown	DXC4B2P
2025-01-10 07:36:50	139	SingleUp	DXC4B2P
2025-01-10 07:39:43	138	Flat	DXC4B2P
2025-01-10 07:42:36	115	SingleDown	DXC4B2P
2025-01-10 07:45:29	125	SingleUp	DXC4B2P
2025-01-10 07:48:23	142	SingleUp	DXC4B2P
2025-01-10 07:51:16	140	FortyFiveDown	DXC4B2P
2025-01-10 07:54:09	122	SingleDown	DXC4B2P
2025-01-10 07:57:02	120	FortyFiveDown	DXC4B2P