Name:John Doe	Date Range:2025-01-01 - 2025-01-14
Timestamp	Glucose Value (mmol/L)	Trend Arrow	Transmitter ID
2025-01-01 00:00:00	13.7	Flat	DXC4B2P
2025-01-01 00:10:00	8.6	DoubleDown	DXC4B2P
2025-01-01 00:18:00	9.2	DoubleUp	DXC4B2P
2025-01-01 00:28:00	7.2	DoubleDown	DXC4B2P
2025-01-01 00:35:00	2.4	DoubleDown	DXC4B2P
2025-01-01 00:43:00	4.1	DoubleUp	DXC4B2P
2025-01-01 00:51:00	8.8	DoubleUp	DXC4B2P
2025-01-01 00:59:00	8.1	DoubleDown	DXC4B2P
2025-01-01 01:07:00	8.9	DoubleUp	DXC4B2P
2025-01-01 01:15:00	3.5	DoubleDown	DXC4B2P
2025-01-01 01:23:00	5.4	DoubleUp	DXC4B2P
2025-01-01 01:31:00	16	DoubleUp	DXC4B2P
2025-01-01 01:41:00	5.9	DoubleDown	DXC4B2P
2025-01-01 01:50:00	4.8	DoubleDown	DXC4B2P
2025-01-01 01:59:00	9.4	DoubleUp	DXC4B2P
2025-01-01 02:06:00	7.1	DoubleDown	DXC4B2P
2025-01-01 02:15:00	5.8	DoubleDown	DXC4B2P
2025-01-01 02:24:00	12	DoubleUp	DXC4B2P
2025-01-01 02:32:00	5	DoubleDown	DXC4B2P
2025-01-01 02:41:00	5	Flat	DXC4B2P
2025-01-01 02:49:00	2.3	DoubleDown	DXC4B2P
2025-01-01 02:58:00	7.1	DoubleUp	DXC4B2P
2025-01-01 03:05:00	9.6	DoubleUp	DXC4B2P
2025-01-01 03:14:00	4.4	DoubleDown	DXC4B2P
2025-01-01 03:23:00	10.8	DoubleUp	DXC4B2P
2025-01-01 03:33:00	7.1	DoubleDown	DXC4B2P
2025-01-01 03:41:00	12.4	DoubleUp	DXC4B2P
2025-01-01 03:51:00	9.1	DoubleDown	DXC4B2P
2025-01-01 03:58:00	12.9	DoubleUp	DXC4B2P
2025-01-01 04:08:00	8.5	DoubleDown	DXC4B2P
2025-01-01 04:17:00	8.6	Flat	DXC4B2P
2025-01-01 04:24:00	4.8	DoubleDown	DXC4B2P
2025-01-01 04:31:00	6.6	DoubleUp	DXC4B2P
2025-01-01 04:40:00	7.3	DoubleUp	DXC4B2P
2025-01-01 04:47:00	6.6	DoubleDown	DXC4B2P
2025-01-01 04:54:00	6.7	Flat	DXC4B2P
2025-01-01 05:04:00	9.4	DoubleUp	DXC4B2P
2025-01-01 05:13:00	13	DoubleUp	DXC4B2P
2025-01-01 05:22:00	16	DoubleUp	DXC4B2P
2025-01-01 05:30:00	2.8	DoubleDown	DXC4B2P
2025-01-01 05:37:00	9.6	DoubleUp	DXC4B2P
2025-01-01 05:46:00	3.2	DoubleDown	DXC4B2P
2025-01-01 05:55:00	8.9	DoubleUp	DXC4B2P
2025-01-01 06:05:00	5.4	DoubleDown	DXC4B2P
2025-01-01 06:14:00	7.6	DoubleUp	DXC4B2P
2025-01-01 06:23:00	6	DoubleDown	DXC4B2P
2025-01-01 06:32:00	10.6	DoubleUp	DXC4B2P
2025-01-01 06:42:00	5.4	DoubleDown	DXC4B2P
2025-01-01 06:52:00	4.4	DoubleDown	DXC4B2P
2025-01-01 07:00:00	9	DoubleUp	DXC4B2P
2025-01-01 07:07:00	5.1	DoubleDown	DXC4B2P
2025-01-01 07:16:00	8.6	DoubleUp	DXC4B2P
2025-01-01 07:23:00	8.3	DoubleDown	DXC4B2P
2025-01-01 07:33:00	6.6	DoubleDown	DXC4B2P
2025-01-01 07:40:00	4.8	DoubleDown	DXC4B2P
2025-01-01 07:50:00	3.2	DoubleDown	DXC4B2P
2025-01-01 07:57:00	14.5	DoubleUp	DXC4B2P
2025-01-01 08:06:00	8.9	DoubleDown	DXC4B2P
2025-01-01 08:16:00	16.2	DoubleUp	DXC4B2P
2025-01-01 08:23:00	8.1	DoubleDown	DXC4B2P
2025-01-01 08:33:00	4.8	DoubleDown	DXC4B2P
2025-01-01 08:43:00	12.2	DoubleUp	DXC4B2P
2025-01-01 08:53:00	2.9	DoubleDown	DXC4B2P
2025-01-01 09:01:00	4.3	DoubleUp	DXC4B2P
2025-01-01 09:11:00	8.5	DoubleUp	DXC4B2P
2025-01-01 09:20:00	3.8	DoubleDown	DXC4B2P
2025-01-01 09:27:00	12.7	DoubleUp	DXC4B2P
2025-01-01 09:37:00	4.4	DoubleDown	DXC4B2P
2025-01-01 09:44:00	7.5	DoubleUp	DXC4B2P
2025-01-01 09:54:00	9.9	DoubleUp	DXC4B2P
2025-01-01 10:04:00	3	DoubleDown	DXC4B2P
2025-01-01 10:13:00	5.3	DoubleUp	DXC4B2P
2025-01-01 10:22:00	12.5	DoubleUp	DXC4B2P
2025-01-01 10:31:00	5.9	DoubleDown	DXC4B2P
2025-01-01 10:38:00	5.3	DoubleDown	DXC4B2P
2025-01-01 10:48:00	8.3	DoubleUp	DXC4B2P
2025-01-01 10:56:00	7.3	DoubleDown	DXC4B2P
2025-01-01 11:05:00	3.9	DoubleDown	DXC4B2P
2025-01-01 11:14:00	5.8	DoubleUp	DXC4B2P
2025-01-01 11:23:00	5	DoubleDown	DXC4B2P
2025-01-01 11:30:00	4.4	DoubleDown	DXC4B2P
2025-01-01 11:37:00	14.5	DoubleUp	DXC4B2P
2025-01-01 11:46:00	8.7	DoubleDown	DXC4B2P
2025-01-01 11:54:00	7.8	DoubleDown	DXC4B2P
2025-01-01 12:02:00	8.1	DoubleUp	DXC4B2P
2025-01-01 12:09:00	5.4	DoubleDown	DXC4B2P
2025-01-01 12:19:00	8.8	DoubleUp	DXC4B2P
2025-01-01 12:29:00	6.9	DoubleDown	DXC4B2P
2025-01-01 12:38:00	5.9	DoubleDown	DXC4B2P
2025-01-01 12:45:00	8.4	DoubleUp	DXC4B2P
2025-01-01 12:54:00	4.7	DoubleDown	DXC4B2P
2025-01-01 13:01:00	13.1	DoubleUp	DXC4B2P
2025-01-01 13:09:00	11.7	DoubleDown	DXC4B2P
2025-01-01 13:17:00	14.9	DoubleUp	DXC4B2P
2025-01-01 13:26:00	2.7	DoubleDown	DXC4B2P
2025-01-01 13:33:00	8.4	DoubleUp	DXC4B2P
2025-01-01 13:40:00	7.7	DoubleDown	DXC4B2P
2025-01-01 13:47:00	9.5	DoubleUp	DXC4B2P
2025-01-01 13:55:00	6.2	DoubleDown	DXC4B2P
2025-01-01 14:03:00	4.7	DoubleDown	DXC4B2P
2025-01-01 14:10:00	6.9	DoubleUp	DXC4B2P
2025-01-01 14:17:00	13.4	DoubleUp	DXC4B2P
2025-01-01 14:24:00	4.4	DoubleDown	DXC4B2P
2025-01-01 14:34:00	8.9	DoubleUp	DXC4B2P
2025-01-01 14:41:00	4.3	DoubleDown	DXC4B2P
2025-01-01 14:50:00	8.9	DoubleUp	DXC4B2P
2025-01-01 14:57:00	12.8	DoubleUp	DXC4B2P
2025-01-01 15:07:00	15.3	DoubleUp	DXC4B2P
2025-01-01 15:15:00	10.4	DoubleDown	DXC4B2P
2025-01-01 15:22:00	9.8	DoubleDown	DXC4B2P
2025-01-01 15:31:00	7.5	DoubleDown	DXC4B2P
2025-01-01 15:41:00	7.8	DoubleUp	DXC4B2P
2025-01-01 15:49:00	12.9	DoubleUp	DXC4B2P
2025-01-01 15:58:00	8	DoubleDown	DXC4B2P
2025-01-01 16:06:00	7.1	DoubleDown	DXC4B2P
2025-01-01 16:15:00	3.8	DoubleDown	DXC4B2P
2025-01-01 16:25:00	12.7	DoubleUp	DXC4B2P
2025-01-01 16:33:00	13.7	DoubleUp	DXC4B2P
2025-01-01 16:43:00	6.3	DoubleDown	DXC4B2P
2025-01-01 16:52:00	13.5	DoubleUp	DXC4B2P
2025-01-01 17:02:00	16.1	DoubleUp	DXC4B2P
2025-01-01 17:12:00	11.6	DoubleDown	DXC4B2P
2025-01-01 17:21:00	4.6	DoubleDown	DXC4B2P
2025-01-01 17:29:00	11.2	DoubleUp	DXC4B2P
2025-01-01 17:36:00	7.4	DoubleDown	DXC4B2P
2025-01-01 17:44:00	8.8	DoubleUp	DXC4B2P
2025-01-01 17:51:00	14.7	DoubleUp	DXC4B2P
2025-01-01 17:59:00	12.1	DoubleDown	DXC4B2P
2025-01-01 18:08:00	12.1	Flat	DXC4B2P
2025-01-01 18:17:00	13.4	DoubleUp	DXC4B2P
2025-01-01 18:27:00	9	DoubleDown	DXC4B2P
2025-01-01 18:36:00	10.8	DoubleUp	DXC4B2P
2025-01-01 18:46:00	5.5	DoubleDown	DXC4B2P
2025-01-01 18:54:00	9.2	DoubleUp	DXC4B2P
2025-01-01 19:03:00	6.9	DoubleDown	DXC4B2P
2025-01-01 19:10:00	7.1	SingleUp	DXC4B2P
2025-01-01 19:19:00	13.6	DoubleUp	DXC4B2P
2025-01-01 19:26:00	6.1	DoubleDown	DXC4B2P
2025-01-01 19:34:00	12.3	DoubleUp	DXC4B2P
2025-01-01 19:43:00	14.9	DoubleUp	DXC4B2P
2025-01-01 19:51:00	13	DoubleDown	DXC4B2P
2025-01-01 19:59:00	7.9	DoubleDown	DXC4B2P
2025-01-01 20:08:00	4.9	DoubleDown	DXC4B2P
2025-01-01 20:18:00	14.3	DoubleUp	DXC4B2P
2025-01-01 20:25:00	9.5	DoubleDown	DXC4B2P
2025-01-01 20:34:00	4.4	DoubleDown	DXC4B2P
2025-01-01 20:43:00	6.4	DoubleUp	DXC4B2P
2025-01-01 20:52:00	9.9	DoubleUp	DXC4B2P
2025-01-01 21:02:00	4.1	DoubleDown	DXC4B2P
2025-01-01 21:11:00	6.2	DoubleUp	DXC4B2P
2025-01-01 21:21:00	7.3	DoubleUp	DXC4B2P
2025-01-01 21:31:00	11.6	DoubleUp	DXC4B2P
2025-01-01 21:38:00	9.4	DoubleDown	DXC4B2P
2025-01-01 21:48:00	9.1	DoubleDown	DXC4B2P
2025-01-01 21:58:00	12.9	DoubleUp	DXC4B2P
2025-01-01 22:08:00	9.2	DoubleDown	DXC4B2P
2025-01-01 22:15:00	6.6	DoubleDown	DXC4B2P
2025-01-01 22:23:00	13.7	DoubleUp	DXC4B2P
2025-01-01 22:31:00	8.2	DoubleDown	DXC4B2P
2025-01-01 22:40:00	5.9	DoubleDown	DXC4B2P
2025-01-01 22:50:00	9.4	DoubleUp	DXC4B2P
2025-01-01 23:00:00	12.6	DoubleUp	DXC4B2P
2025-01-01 23:09:00	4.4	DoubleDown	DXC4B2P
2025-01-01 23:17:00	13.7	DoubleUp	DXC4B2P
2025-01-01 23:25:00	7.4	DoubleDown	DXC4B2P
2025-01-01 23:32:00	4.8	DoubleDown	DXC4B2P
2025-01-01 23:41:00	5.9	DoubleUp	DXC4B2P
2025-01-01 23:49:00	6.7	DoubleUp	DXC4B2P
2025-01-01 23:59:00	7.4	DoubleUp	DXC4B2P
2025-01-02 00:07:00	9.8	DoubleUp	DXC4B2P
2025-01-02 00:15:00	6.8	DoubleDown	DXC4B2P
2025-01-02 00:22:00	9.7	DoubleUp	DXC4B2P
2025-01-02 00:32:00	4.3	DoubleDown	DXC4B2P
2025-01-02 00:39:00	9.7	DoubleUp	DXC4B2P
2025-01-02 00:47:00	13.7	DoubleUp	DXC4B2P
2025-01-02 00:55:00	12	DoubleDown	DXC4B2P
2025-01-02 01:04:00	8.6	DoubleDown	DXC4B2P
2025-01-02 01:13:00	13.8	DoubleUp	DXC4B2P
2025-01-02 01:22:00	12.3	DoubleDown	DXC4B2P
2025-01-02 01:30:00	11.5	DoubleDown	DXC4B2P
2025-01-02 01:37:00	11.1	DoubleDown	DXC4B2P
2025-01-02 01:44:00	10.2	DoubleDown	DXC4B2P
2025-01-02 01:52:00	6.4	DoubleDown	DXC4B2P
2025-01-02 02:01:00	16	DoubleUp	DXC4B2P
2025-01-02 02:10:00	3.9	DoubleDown	DXC4B2P
2025-01-02 02:19:00	7.1	DoubleUp	DXC4B2P
2025-01-02 02:26:00	8	DoubleUp	DXC4B2P
2025-01-02 02:34:00	9.3	DoubleUp	DXC4B2P
2025-01-02 02:41:00	15.3	DoubleUp	DXC4B2P
2025-01-02 02:48:00	7.9	DoubleDown	DXC4B2P
2025-01-02 02:56:00	13.1	DoubleUp	DXC4B2P
2025-01-02 03:04:00	12.2	DoubleDown	DXC4B2P
2025-01-02 03:11:00	9.4	DoubleDown	DXC4B2P
2025-01-02 03:21:00	5.5	DoubleDown	DXC4B2P
2025-01-02 03:30:00	4	DoubleDown	DXC4B2P
2025-01-02 03:39:00	6	DoubleUp	DXC4B2P
2025-01-02 03:47:00	7	DoubleUp	DXC4B2P
2025-01-02 03:55:00	4.6	DoubleDown	DXC4B2P
2025-01-02 04:02:00	8.2	DoubleUp	DXC4B2P
2025-01-02 04:10:00	6.7	DoubleDown	DXC4B2P
2025-01-02 04:18:00	4.2	DoubleDown	DXC4B2P
2025-01-02 04:27:00	4	SingleDown	DXC4B2P
2025-01-02 04:35:00	7.8	DoubleUp	DXC4B2P
2025-01-02 04:43:00	2.2	DoubleDown	DXC4B2P
2025-01-02 04:50:00	8	DoubleUp	DXC4B2P
2025-01-02 05:00:00	6.3	DoubleDown	DXC4B2P
2025-01-02 05:09:00	11.5	DoubleUp	DXC4B2P
2025-01-02 05:17:00	5.7	DoubleDown	DXC4B2P
2025-01-02 05:27:00	7.2	DoubleUp	DXC4B2P
2025-01-02 05:37:00	13.1	DoubleUp	DXC4B2P
2025-01-02 05:46:00	4.8	DoubleDown	DXC4B2P
2025-01-02 05:54:00	4.4	DoubleDown	DXC4B2P
2025-01-02 06:02:00	5.3	DoubleUp	DXC4B2P
2025-01-02 06:09:00	7.7	DoubleUp	DXC4B2P
2025-01-02 06:18:00	6	DoubleDown	DXC4B2P
2025-01-02 06:26:00	4	DoubleDown	DXC4B2P
2025-01-02 06:34:00	7.8	DoubleUp	DXC4B2P
2025-01-02 06:44:00	5.3	DoubleDown	DXC4B2P
2025-01-02 06:51:00	13.6	DoubleUp	DXC4B2P
2025-01-02 07:01:00	13.4	SingleDown	DXC4B2P
2025-01-02 07:09:00	9.9	DoubleDown	DXC4B2P
2025-01-02 07:16:00	4.9	DoubleDown	DXC4B2P
2025-01-02 07:26:00	4.6	DoubleDown	DXC4B2P
2025-01-02 07:36:00	9	DoubleUp	DXC4B2P
2025-01-02 07:44:00	6.2	DoubleDown	DXC4B2P
2025-01-02 07:53:00	4.9	DoubleDown	DXC4B2P
2025-01-02 08:01:00	5.8	DoubleUp	DXC4B2P
2025-01-02 08:11:00	5.8	Flat	DXC4B2P
2025-01-02 08:18:00	8.3	DoubleUp	DXC4B2P
2025-01-02 08:28:00	13.8	DoubleUp	DXC4B2P
2025-01-02 08:37:00	5.3	DoubleDown	DXC4B2P
2025-01-02 08:44:00	7.3	DoubleUp	DXC4B2P
2025-01-02 08:52:00	4.1	DoubleDown	DXC4B2P
2025-01-02 08:59:00	7	DoubleUp	DXC4B2P
2025-01-02 09:06:00	11	DoubleUp	DXC4B2P
2025-01-02 09:16:00	11.7	DoubleUp	DXC4B2P
2025-01-02 09:25:00	9.8	DoubleDown	DXC4B2P
2025-01-02 09:34:00	5.5	DoubleDown	DXC4B2P
2025-01-02 09:43:00	6.9	DoubleUp	DXC4B2P
2025-01-02 09:50:00	13.3	DoubleUp	DXC4B2P
2025-01-02 09:57:00	13.4	Flat	DXC4B2P
2025-01-02 10:05:00	8.2	DoubleDown	DXC4B2P
2025-01-02 10:15:00	14.4	DoubleUp	DXC4B2P
2025-01-02 10:24:00	8.7	DoubleDown	DXC4B2P
2025-01-02 10:34:00	8.4	DoubleDown	DXC4B2P
2025-01-02 10:44:00	12.4	DoubleUp	DXC4B2P
2025-01-02 10:53:00	11.8	DoubleDown	DXC4B2P
2025-01-02 11:01:00	16.1	DoubleUp	DXC4B2P
2025-01-02 11:08:00	5.8	DoubleDown	DXC4B2P
2025-01-02 11:16:00	10.4	DoubleUp	DXC4B2P
2025-01-02 11:25:00	4.8	DoubleDown	DXC4B2P
2025-01-02 11:32:00	13	DoubleUp	DXC4B2P
2025-01-02 11:41:00	11	DoubleDown	DXC4B2P
2025-01-02 11:49:00	9.9	DoubleDown	DXC4B2P
2025-01-02 11:57:00	6.1	DoubleDown	DXC4B2P
2025-01-02 12:05:00	11.5	DoubleUp	DXC4B2P
2025-01-02 12:13:00	6.2	DoubleDown	DXC4B2P
2025-01-02 12:22:00	14.6	DoubleUp	DXC4B2P
2025-01-02 12:30:00	4.3	DoubleDown	DXC4B2P
2025-01-02 12:38:00	9.8	DoubleUp	DXC4B2P
2025-01-02 12:45:00	7.4	DoubleDown	DXC4B2P
2025-01-02 12:53:00	10.2	DoubleUp	DXC4B2P
2025-01-02 13:01:00	4.4	DoubleDown	DXC4B2P
2025-01-02 13:11:00	4.8	DoubleUp	DXC4B2P
2025-01-02 13:20:00	8.1	DoubleUp	DXC4B2P
2025-01-02 13:28:00	12.3	DoubleUp	DXC4B2P
2025-01-02 13:38:00	10.9	DoubleDown	DXC4B2P
2025-01-02 13:48:00	9.5	DoubleDown	DXC4B2P
2025-01-02 13:56:00	4.7	DoubleDown	DXC4B2P
2025-01-02 14:04:00	7.3	DoubleUp	DXC4B2P
2025-01-02 14:11:00	4.1	DoubleDown	DXC4B2P
2025-01-02 14:19:00	9	DoubleUp	DXC4B2P
2025-01-02 14:26:00	7.7	DoubleDown	DXC4B2P
2025-01-02 14:34:00	11.3	DoubleUp	DXC4B2P
2025-01-02 14:43:00	14.2	DoubleUp	DXC4B2P
2025-01-02 14:50:00	13.4	DoubleDown	DXC4B2P
2025-01-02 15:00:00	15.8	DoubleUp	DXC4B2P
2025-01-02 15:10:00	3.4	DoubleDown	DXC4B2P
2025-01-02 15:19:00	6.8	DoubleUp	DXC4B2P
2025-01-02 15:28:00	4.5	DoubleDown	DXC4B2P
2025-01-02 15:38:00	10.5	DoubleUp	DXC4B2P
2025-01-02 15:46:00	7.5	DoubleDown	DXC4B2P
2025-01-02 15:54:00	8.5	DoubleUp	DXC4B2P
2025-01-02 16:02:00	16.2	DoubleUp	DXC4B2P
2025-01-02 16:09:00	6.1	DoubleDown	DXC4B2P
2025-01-02 16:16:00	6.5	DoubleUp	DXC4B2P
2025-01-02 16:23:00	8.8	DoubleUp	DXC4B2P
2025-01-02 16:33:00	7.6	DoubleDown	DXC4B2P
2025-01-02 16:43:00	7.7	Flat	DXC4B2P
2025-01-02 16:52:00	8.7	DoubleUp	DXC4B2P
2025-01-02 17:00:00	7.6	DoubleDown	DXC4B2P
2025-01-02 17:10:00	6.8	DoubleDown	DXC4B2P
2025-01-02 17:20:00	7.9	DoubleUp	DXC4B2P
2025-01-02 17:27:00	8.5	DoubleUp	DXC4B2P
2025-01-02 17:34:00	7	DoubleDown	DXC4B2P
2025-01-02 17:41:00	3.1	DoubleDown	DXC4B2P
2025-01-02 17:51:00	9.2	DoubleUp	DXC4B2P
2025-01-02 18:01:00	4.6	DoubleDown	DXC4B2P
2025-01-02 18:09:00	6.3	DoubleUp	DXC4B2P
2025-01-02 18:16:00	5.8	DoubleDown	DXC4B2P
2025-01-02 18:26:00	10	DoubleUp	DXC4B2P
2025-01-02 18:34:00	3.4	DoubleDown	DXC4B2P
2025-01-02 18:41:00	13.3	DoubleUp	DXC4B2P
2025-01-02 18:49:00	6.8	DoubleDown	DXC4B2P
2025-01-02 18:57:00	6.9	Flat	DXC4B2P
2025-01-02 19:06:00	14.8	DoubleUp	DXC4B2P
2025-01-02 19:13:00	7.9	DoubleDown	DXC4B2P
2025-01-02 19:22:00	8.3	DoubleUp	DXC4B2P
2025-01-02 19:32:00	4.6	DoubleDown	DXC4B2P
2025-01-02 19:41:00	5	DoubleUp	DXC4B2P
2025-01-02 19:48:00	9.4	DoubleUp	DXC4B2P
2025-01-02 19:58:00	9.6	SingleUp	DXC4B2P
2025-01-02 20:05:00	11.9	DoubleUp	DXC4B2P
2025-01-02 20:14:00	8.3	DoubleDown	DXC4B2P
2025-01-02 20:24:00	9.3	DoubleUp	DXC4B2P
2025-01-02 20:34:00	11.1	DoubleUp	DXC4B2P
2025-01-02 20:41:00	7.7	DoubleDown	DXC4B2P
2025-01-02 20:49:00	7.7	Flat	DXC4B2P
2025-01-02 20:58:00	10	DoubleUp	DXC4B2P
2025-01-02 21:06:00	13.7	DoubleUp	DXC4B2P
2025-01-02 21:14:00	9	DoubleDown	DXC4B2P
2025-01-02 21:24:00	6.6	DoubleDown	DXC4B2P
2025-01-02 21:32:00	7.5	DoubleUp	DXC4B2P
2025-01-02 21:39:00	5.7	DoubleDown	DXC4B2P
2025-01-02 21:48:00	6.9	DoubleUp	DXC4B2P
2025-01-02 21:56:00	9.6	DoubleUp	DXC4B2P
2025-01-02 22:05:00	7.3	DoubleDown	DXC4B2P
2025-01-02 22:15:00	9.6	DoubleUp	DXC4B2P
2025-01-02 22:22:00	6.3	DoubleDown	DXC4B2P
2025-01-02 22:30:00	6.3	Flat	DXC4B2P
2025-01-02 22:39:00	4.8	DoubleDown	DXC4B2P
2025-01-02 22:46:00	4	DoubleDown	DXC4B2P
2025-01-02 22:55:00	13.4	DoubleUp	DXC4B2P
2025-01-02 23:03:00	14.3	DoubleUp	DXC4B2P
2025-01-02 23:12:00	9.9	DoubleDown	DXC4B2P
2025-01-02 23:22:00	13.5	DoubleUp	DXC4B2P
2025-01-02 23:30:00	16.1	DoubleUp	DXC4B2P
2025-01-02 23:37:00	9.4	DoubleDown	DXC4B2P
2025-01-02 23:45:00	5.5	DoubleDown	DXC4B2P
2025-01-02 23:54:00	6.1	DoubleUp	DXC4B2P
2025-01-03 00:02:00	4.6	DoubleDown	DXC4B2P
2025-01-03 00:12:00	7.3	DoubleUp	DXC4B2P
2025-01-03 00:21:00	15	DoubleUp	DXC4B2P
2025-01-03 00:28:00	4.6	DoubleDown	DXC4B2P
2025-01-03 00:35:00	5	DoubleUp	DXC4B2P
2025-01-03 00:45:00	5.1	Flat	DXC4B2P
2025-01-03 00:54:00	4.6	DoubleDown	DXC4B2P
2025-01-03 01:04:00	4	DoubleDown	DXC4B2P
2025-01-03 01:14:00	5.4	DoubleUp	DXC4B2P
2025-01-03 01:22:00	7.8	DoubleUp	DXC4B2P
2025-01-03 01:32:00	4	DoubleDown	DXC4B2P
2025-01-03 01:39:00	13.1	DoubleUp	DXC4B2P
2025-01-03 01:49:00	6.9	DoubleDown	DXC4B2P
2025-01-03 01:58:00	6.6	DoubleDown	DXC4B2P
2025-01-03 02:06:00	14.4	DoubleUp	DXC4B2P
2025-01-03 02:15:00	14.6	SingleUp	DXC4B2P
2025-01-03 02:22:00	8.3	DoubleDown	DXC4B2P
2025-01-03 02:29:00	7.8	DoubleDown	DXC4B2P
2025-01-03 02:36:00	8.5	DoubleUp	DXC4B2P
2025-01-03 02:45:00	8.3	SingleDown	DXC4B2P
2025-01-03 02:53:00	4.3	DoubleDown	DXC4B2P
2025-01-03 03:01:00	8.9	DoubleUp	DXC4B2P
2025-01-03 03:11:00	4.7	DoubleDown	DXC4B2P
2025-01-03 03:21:00	4.6	Flat	DXC4B2P
2025-01-03 03:28:00	6.3	DoubleUp	DXC4B2P
2025-01-03 03:35:00	11.4	DoubleUp	DXC4B2P
2025-01-03 03:43:00	7.9	DoubleDown	DXC4B2P
2025-01-03 03:52:00	12.1	DoubleUp	DXC4B2P
2025-01-03 04:02:00	3.9	DoubleDown	DXC4B2P
2025-01-03 04:11:00	12.1	DoubleUp	DXC4B2P
2025-01-03 04:21:00	10.9	DoubleDown	DXC4B2P
2025-01-03 04:30:00	11.2	DoubleUp	DXC4B2P
2025-01-03 04:37:00	3.4	DoubleDown	DXC4B2P
2025-01-03 04:45:00	4	DoubleUp	DXC4B2P
2025-01-03 04:54:00	5.7	DoubleUp	DXC4B2P
2025-01-03 05:01:00	4.1	DoubleDown	DXC4B2P
2025-01-03 05:09:00	6.8	DoubleUp	DXC4B2P
2025-01-03 05:17:00	14.1	DoubleUp	DXC4B2P
2025-01-03 05:27:00	4.1	DoubleDown	DXC4B2P
2025-01-03 05:36:00	10.8	DoubleUp	DXC4B2P
2025-01-03 05:45:00	9.4	DoubleDown	DXC4B2P
2025-01-03 05:53:00	8.2	DoubleDown	DXC4B2P
2025-01-03 06:02:00	6.7	DoubleDown	DXC4B2P
2025-01-03 06:10:00	5.3	DoubleDown	DXC4B2P
2025-01-03 06:18:00	10.9	DoubleUp	DXC4B2P
2025-01-03 06:28:00	11.4	DoubleUp	DXC4B2P
2025-01-03 06:36:00	6.4	DoubleDown	DXC4B2P
2025-01-03 06:45:00	7.9	DoubleUp	DXC4B2P
2025-01-03 06:55:00	6	DoubleDown	DXC4B2P
2025-01-03 07:04:00	7.7	DoubleUp	DXC4B2P
2025-01-03 07:14:00	5.5	DoubleDown	DXC4B2P
2025-01-03 07:24:00	7.3	DoubleUp	DXC4B2P
2025-01-03 07:32:00	7.6	DoubleUp	DXC4B2P
2025-01-03 07:41:00	9.8	DoubleUp	DXC4B2P
2025-01-03 07:51:00	4.4	DoubleDown	DXC4B2P
2025-01-03 08:01:00	4.8	DoubleUp	DXC4B2P
2025-01-03 08:09:00	11	DoubleUp	DXC4B2P
2025-01-03 08:18:00	10.6	DoubleDown	DXC4B2P
2025-01-03 08:25:00	6.3	DoubleDown	DXC4B2P
2025-01-03 08:34:00	13.2	DoubleUp	DXC4B2P
2025-01-03 08:42:00	11.4	DoubleDown	DXC4B2P
2025-01-03 08:52:00	6	DoubleDown	DXC4B2P
2025-01-03 09:02:00	6.6	DoubleUp	DXC4B2P
2025-01-03 09:09:00	4.9	DoubleDown	DXC4B2P
2025-01-03 09:19:00	4.9	Flat	DXC4B2P
2025-01-03 09:26:00	8.9	DoubleUp	DXC4B2P
2025-01-03 09:33:00	4.7	DoubleDown	DXC4B2P
2025-01-03 09:41:00	8.4	DoubleUp	DXC4B2P
2025-01-03 09:50:00	4.1	DoubleDown	DXC4B2P
2025-01-03 09:59:00	15.8	DoubleUp	DXC4B2P
2025-01-03 10:06:00	4.7	DoubleDown	DXC4B2P
2025-01-03 10:15:00	5.6	DoubleUp	DXC4B2P
2025-01-03 10:23:00	8.5	DoubleUp	DXC4B2P
2025-01-03 10:30:00	7.3	DoubleDown	DXC4B2P
2025-01-03 10:40:00	7.7	DoubleUp	DXC4B2P
2025-01-03 10:50:00	12.1	DoubleUp	DXC4B2P
2025-01-03 10:59:00	11.9	SingleDown	DXC4B2P
2025-01-03 11:06:00	10.8	DoubleDown	DXC4B2P
2025-01-03 11:14:00	14.3	DoubleUp	DXC4B2P
2025-01-03 11:22:00	5.9	DoubleDown	DXC4B2P
2025-01-03 11:31:00	9.4	DoubleUp	DXC4B2P
2025-01-03 11:41:00	11.6	DoubleUp	DXC4B2P
2025-01-03 11:50:00	4.5	DoubleDown	DXC4B2P
2025-01-03 11:59:00	8.8	DoubleUp	DXC4B2P
2025-01-03 12:07:00	11.8	DoubleUp	DXC4B2P
2025-01-03 12:17:00	12	SingleUp	DXC4B2P
2025-01-03 12:25:00	6.6	DoubleDown	DXC4B2P
2025-01-03 12:33:00	5	DoubleDown	DXC4B2P
2025-01-03 12:42:00	7.6	DoubleUp	DXC4B2P
2025-01-03 12:51:00	14.5	DoubleUp	DXC4B2P
2025-01-03 12:58:00	7.5	DoubleDown	DXC4B2P
2025-01-03 13:06:00	7.3	SingleDown	DXC4B2P
2025-01-03 13:16:00	5.4	DoubleDown	DXC4B2P
2025-01-03 13:24:00	13.3	DoubleUp	DXC4B2P
2025-01-03 13:32:00	3.9	DoubleDown	DXC4B2P
2025-01-03 13:39:00	6.6	DoubleUp	DXC4B2P
2025-01-03 13:46:00	14	DoubleUp	DXC4B2P
2025-01-03 13:56:00	8.7	DoubleDown	DXC4B2P
2025-01-03 14:04:00	10.5	DoubleUp	DXC4B2P
2025-01-03 14:12:00	15	DoubleUp	DXC4B2P
2025-01-03 14:21:00	5.2	DoubleDown	DXC4B2P
2025-01-03 14:31:00	7.7	DoubleUp	DXC4B2P
2025-01-03 14:38:00	4.7	DoubleDown	DXC4B2P
2025-01-03 14:47:00	8.6	DoubleUp	DXC4B2P
2025-01-03 14:54:00	7.7	DoubleDown	DXC4B2P
2025-01-03 15:02:00	12.3	DoubleUp	DXC4B2P
2025-01-03 15:09:00	4	DoubleDown	DXC4B2P
2025-01-03 15:17:00	15.5	DoubleUp	DXC4B2P
2025-01-03 15:24:00	5.8	DoubleDown	DXC4B2P
2025-01-03 15:33:00	6.8	DoubleUp	DXC4B2P
2025-01-03 15:40:00	9.7	DoubleUp	DXC4B2P
2025-01-03 15:48:00	8.4	DoubleDown	DXC4B2P
2025-01-03 15:58:00	5.5	DoubleDown	DXC4B2P
2025-01-03 16:08:00	2.2	DoubleDown	DXC4B2P
2025-01-03 16:18:00	5.1	DoubleUp	DXC4B2P
2025-01-03 16:25:00	11.7	DoubleUp	DXC4B2P
2025-01-03 16:32:00	8.2	DoubleDown	DXC4B2P
2025-01-03 16:40:00	8.5	DoubleUp	DXC4B2P
2025-01-03 16:49:00	14.1	DoubleUp	DXC4B2P
2025-01-03 16:58:00	6.3	DoubleDown	DXC4B2P
2025-01-03 17:07:00	7	DoubleUp	DXC4B2P
2025-01-03 17:16:00	9.6	DoubleUp	DXC4B2P
2025-01-03 17:23:00	14.8	DoubleUp	DXC4B2P
2025-01-03 17:33:00	8.9	DoubleDown	DXC4B2P
2025-01-03 17:40:00	8.3	DoubleDown	DXC4B2P
2025-01-03 17:50:00	10.6	DoubleUp	DXC4B2P
2025-01-03 17:58:00	4.2	DoubleDown	DXC4B2P
2025-01-03 18:08:00	14.3	DoubleUp	DXC4B2P
2025-01-03 18:15:00	4.4	DoubleDown	DXC4B2P
2025-01-03 18:24:00	6.3	DoubleUp	DXC4B2P
2025-01-03 18:32:00	5.6	DoubleDown	DXC4B2P
2025-01-03 18:41:00	9.3	DoubleUp	DXC4B2P
2025-01-03 18:49:00	9.3	Flat	DXC4B2P
2025-01-03 18:58:00	4.4	DoubleDown	DXC4B2P
2025-01-03 19:06:00	11.1	DoubleUp	DXC4B2P
2025-01-03 19:16:00	5.6	DoubleDown	DXC4B2P
2025-01-03 19:23:00	8.8	DoubleUp	DXC4B2P
2025-01-03 19:33:00	7.9	DoubleDown	DXC4B2P
2025-01-03 19:40:00	14.6	DoubleUp	DXC4B2P
2025-01-03 19:49:00	15.7	DoubleUp	DXC4B2P
2025-01-03 19:57:00	15.7	Flat	DXC4B2P
2025-01-03 20:05:00	4.9	DoubleDown	DXC4B2P
2025-01-03 20:13:00	14.8	DoubleUp	DXC4B2P
2025-01-03 20:21:00	8.2	DoubleDown	DXC4B2P
2025-01-03 20:31:00	4.2	DoubleDown	DXC4B2P
2025-01-03 20:40:00	13.8	DoubleUp	DXC4B2P
2025-01-03 20:49:00	5.9	DoubleDown	DXC4B2P
2025-01-03 20:59:00	10.5	DoubleUp	DXC4B2P
2025-01-03 21:08:00	15.9	DoubleUp	DXC4B2P
2025-01-03 21:16:00	8.9	DoubleDown	DXC4B2P
2025-01-03 21:26:00	6.8	DoubleDown	DXC4B2P
2025-01-03 21:35:00	8.4	DoubleUp	DXC4B2P
2025-01-03 21:42:00	6.2	DoubleDown	DXC4B2P
2025-01-03 21:50:00	7.8	DoubleUp	DXC4B2P
2025-01-03 21:59:00	14.7	DoubleUp	DXC4B2P
2025-01-03 22:09:00	11.7	DoubleDown	DXC4B2P
2025-01-03 22:19:00	7.8	DoubleDown	DXC4B2P
2025-01-03 22:26:00	5	DoubleDown	DXC4B2P
2025-01-03 22:34:00	7.3	DoubleUp	DXC4B2P
2025-01-03 22:42:00	5.7	DoubleDown	DXC4B2P
2025-01-03 22:50:00	4.8	DoubleDown	DXC4B2P
2025-01-03 22:59:00	9.4	DoubleUp	DXC4B2P
2025-01-03 23:08:00	4.7	DoubleDown	DXC4B2P
2025-01-03 23:16:00	8.6	DoubleUp	DXC4B2P
2025-01-03 23:25:00	16	DoubleUp	DXC4B2P
2025-01-03 23:33:00	12.7	DoubleDown	DXC4B2P
2025-01-03 23:41:00	13.4	DoubleUp	DXC4B2P
2025-01-03 23:51:00	3.1	DoubleDown	DXC4B2P
2025-01-03 23:58:00	15.4	DoubleUp	DXC4B2P
2025-01-04 00:07:00	8.3	DoubleDown	DXC4B2P
2025-01-04 00:15:00	8.1	SingleDown	DXC4B2P
2025-01-04 00:24:00	7.3	DoubleDown	DXC4B2P
2025-01-04 00:33:00	7.9	DoubleUp	DXC4B2P
2025-01-04 00:40:00	10.3	DoubleUp	DXC4B2P
2025-01-04 00:48:00	5	DoubleDown	DXC4B2P
2025-01-04 00:57:00	7.7	DoubleUp	DXC4B2P
2025-01-04 01:04:00	14.7	DoubleUp	DXC4B2P
2025-01-04 01:13:00	11.9	DoubleDown	DXC4B2P
2025-01-04 01:22:00	4.5	DoubleDown	DXC4B2P
2025-01-04 01:31:00	11.5	DoubleUp	DXC4B2P
2025-01-04 01:38:00	4	DoubleDown	DXC4B2P
2025-01-04 01:45:00	12.4	DoubleUp	DXC4B2P
2025-01-04 01:54:00	13.5	DoubleUp	DXC4B2P
2025-01-04 02:03:00	11.2	DoubleDown	DXC4B2P
2025-01-04 02:10:00	7.6	DoubleDown	DXC4B2P
2025-01-04 02:19:00	10.8	DoubleUp	DXC4B2P
2025-01-04 02:27:00	8.2	DoubleDown	DXC4B2P
2025-01-04 02:36:00	2.5	DoubleDown	DXC4B2P
2025-01-04 02:44:00	16.4	DoubleUp	DXC4B2P
2025-01-04 02:51:00	16.2	SingleDown	DXC4B2P
2025-01-04 02:59:00	8.2	DoubleDown	DXC4B2P
2025-01-04 03:06:00	5.8	DoubleDown	DXC4B2P
2025-01-04 03:13:00	10.6	DoubleUp	DXC4B2P
2025-01-04 03:23:00	8.5	DoubleDown	DXC4B2P
2025-01-04 03:32:00	5.9	DoubleDown	DXC4B2P
2025-01-04 03:40:00	11.3	DoubleUp	DXC4B2P
2025-01-04 03:49:00	12.5	DoubleUp	DXC4B2P
2025-01-04 03:59:00	9.4	DoubleDown	DXC4B2P
2025-01-04 04:08:00	12	DoubleUp	DXC4B2P
2025-01-04 04:15:00	5.5	DoubleDown	DXC4B2P
2025-01-04 04:25:00	11.8	DoubleUp	DXC4B2P
2025-01-04 04:33:00	4.1	DoubleDown	DXC4B2P
2025-01-04 04:41:00	15.7	DoubleUp	DXC4B2P
2025-01-04 04:49:00	16.3	DoubleUp	DXC4B2P
2025-01-04 04:57:00	4.6	DoubleDown	DXC4B2P
2025-01-04 05:05:00	11.2	DoubleUp	DXC4B2P
2025-01-04 05:14:00	9.8	DoubleDown	DXC4B2P
2025-01-04 05:22:00	8.1	DoubleDown	DXC4B2P
2025-01-04 05:30:00	13.8	DoubleUp	DXC4B2P
2025-01-04 05:40:00	11.6	DoubleDown	DXC4B2P
2025-01-04 05:49:00	9	DoubleDown	DXC4B2P
2025-01-04 05:58:00	7.3	DoubleDown	DXC4B2P
2025-01-04 06:06:00	8.2	DoubleUp	DXC4B2P
2025-01-04 06:16:00	3.7	DoubleDown	DXC4B2P
2025-01-04 06:26:00	7.7	DoubleUp	DXC4B2P
2025-01-04 06:36:00	5.3	DoubleDown	DXC4B2P
2025-01-04 06:46:00	5	DoubleDown	DXC4B2P
2025-01-04 06:53:00	7.3	DoubleUp	DXC4B2P
2025-01-04 07:00:00	4.6	DoubleDown	DXC4B2P
2025-01-04 07:09:00	8.4	DoubleUp	DXC4B2P
2025-01-04 07:19:00	5.7	DoubleDown	DXC4B2P
2025-01-04 07:27:00	10.7	DoubleUp	DXC4B2P
2025-01-04 07:36:00	13.5	DoubleUp	DXC4B2P
2025-01-04 07:45:00	10.4	DoubleDown	DXC4B2P
2025-01-04 07:53:00	4.5	DoubleDown	DXC4B2P
2025-01-04 08:00:00	7.2	DoubleUp	DXC4B2P
2025-01-04 08:08:00	7.7	DoubleUp	DXC4B2P
2025-01-04 08:17:00	6.2	DoubleDown	DXC4B2P
2025-01-04 08:26:00	3.6	DoubleDown	DXC4B2P
2025-01-04 08:35:00	8.1	DoubleUp	DXC4B2P
2025-01-04 08:45:00	3.3	DoubleDown	DXC4B2P
2025-01-04 08:53:00	12.5	DoubleUp	DXC4B2P
2025-01-04 09:01:00	7.5	DoubleDown	DXC4B2P
2025-01-04 09:11:00	8.7	DoubleUp	DXC4B2P
2025-01-04 09:21:00	3.9	DoubleDown	DXC4B2P
2025-01-04 09:28:00	7.8	DoubleUp	DXC4B2P
2025-01-04 09:37:00	3.5	DoubleDown	DXC4B2P
2025-01-04 09:45:00	7	DoubleUp	DXC4B2P
2025-01-04 09:52:00	6.8	SingleDown	DXC4B2P
2025-01-04 10:00:00	12.1	DoubleUp	DXC4B2P
2025-01-04 10:09:00	7.5	DoubleDown	DXC4B2P
2025-01-04 10:18:00	13.4	DoubleUp	DXC4B2P
2025-01-04 10:27:00	5.6	DoubleDown	DXC4B2P
2025-01-04 10:36:00	5.3	DoubleDown	DXC4B2P
2025-01-04 10:44:00	6.1	DoubleUp	DXC4B2P
2025-01-04 10:52:00	4.4	DoubleDown	DXC4B2P
2025-01-04 10:59:00	6.4	DoubleUp	DXC4B2P
2025-01-04 11:06:00	6.6	SingleUp	DXC4B2P
2025-01-04 11:15:00	7.1	DoubleUp	DXC4B2P
2025-01-04 11:23:00	10.9	DoubleUp	DXC4B2P
2025-01-04 11:32:00	6.2	DoubleDown	DXC4B2P
2025-01-04 11:42:00	5.9	DoubleDown	DXC4B2P
2025-01-04 11:50:00	9.2	DoubleUp	DXC4B2P
2025-01-04 11:58:00	6.2	DoubleDown	DXC4B2P
2025-01-04 12:08:00	7.5	DoubleUp	DXC4B2P
2025-01-04 12:16:00	9.9	DoubleUp	DXC4B2P
2025-01-04 12:24:00	13.1	DoubleUp	DXC4B2P
2025-01-04 12:34:00	10	DoubleDown	DXC4B2P
2025-01-04 12:42:00	6.2	DoubleDown	DXC4B2P
2025-01-04 12:52:00	15	DoubleUp	DXC4B2P
2025-01-04 13:01:00	8.5	DoubleDown	DXC4B2P
2025-01-04 13:08:00	4.1	DoubleDown	DXC4B2P
2025-01-04 13:16:00	5.8	DoubleUp	DXC4B2P
2025-01-04 13:26:00	13.6	DoubleUp	DXC4B2P
2025-01-04 13:34:00	8.9	DoubleDown	DXC4B2P
2025-01-04 13:43:00	6.6	DoubleDown	DXC4B2P
2025-01-04 13:51:00	9.4	DoubleUp	DXC4B2P
2025-01-04 13:58:00	11.2	DoubleUp	DXC4B2P
2025-01-04 14:05:00	6.1	DoubleDown	DXC4B2P
2025-01-04 14:14:00	12.2	DoubleUp	DXC4B2P
2025-01-04 14:23:00	11.7	DoubleDown	DXC4B2P
2025-01-04 14:30:00	13.8	DoubleUp	DXC4B2P
2025-01-04 14:37:00	8.7	DoubleDown	DXC4B2P
2025-01-04 14:45:00	3.3	DoubleDown	DXC4B2P
2025-01-04 14:52:00	5.9	DoubleUp	DXC4B2P
2025-01-04 14:59:00	15.3	DoubleUp	DXC4B2P
2025-01-04 15:08:00	5.2	DoubleDown	DXC4B2P
2025-01-04 15:16:00	12.2	DoubleUp	DXC4B2P
2025-01-04 15:25:00	8.7	DoubleDown	DXC4B2P
2025-01-04 15:34:00	2.4	DoubleDown	DXC4B2P
2025-01-04 15:42:00	9.9	DoubleUp	DXC4B2P
2025-01-04 15:51:00	9.6	DoubleDown	DXC4B2P
2025-01-04 16:01:00	4.1	DoubleDown	DXC4B2P
2025-01-04 16:11:00	13.1	DoubleUp	DXC4B2P
2025-01-04 16:19:00	3.8	DoubleDown	DXC4B2P
2025-01-04 16:26:00	12.8	DoubleUp	DXC4B2P
2025-01-04 16:33:00	2.5	DoubleDown	DXC4B2P
2025-01-04 16:43:00	7.7	DoubleUp	DXC4B2P
2025-01-04 16:51:00	4.3	DoubleDown	DXC4B2P
2025-01-04 17:00:00	5.9	DoubleUp	DXC4B2P
2025-01-04 17:09:00	12.3	DoubleUp	DXC4B2P
2025-01-04 17:19:00	6	DoubleDown	DXC4B2P
2025-01-04 17:26:00	7.8	DoubleUp	DXC4B2P
2025-01-04 17:35:00	4.1	DoubleDown	DXC4B2P
2025-01-04 17:45:00	8.6	DoubleUp	DXC4B2P
2025-01-04 17:54:00	4.5	DoubleDown	DXC4B2P
2025-01-04 18:02:00	14.9	DoubleUp	DXC4B2P
2025-01-04 18:10:00	3.2	DoubleDown	DXC4B2P
2025-01-04 18:17:00	6.6	DoubleUp	DXC4B2P
2025-01-04 18:25:00	5.7	DoubleDown	DXC4B2P
2025-01-04 18:33:00	6.8	DoubleUp	DXC4B2P
2025-01-04 18:41:00	8.8	DoubleUp	DXC4B2P
2025-01-04 18:51:00	7.3	DoubleDown	DXC4B2P
2025-01-04 18:59:00	6.6	DoubleDown	DXC4B2P
2025-01-04 19:06:00	16	DoubleUp	DXC4B2P
2025-01-04 19:15:00	9.1	DoubleDown	DXC4B2P
2025-01-04 19:24:00	10.4	DoubleUp	DXC4B2P
2025-01-04 19:32:00	5	DoubleDown	DXC4B2P
2025-01-04 19:42:00	7.2	DoubleUp	DXC4B2P
2025-01-04 19:51:00	5.8	DoubleDown	DXC4B2P
2025-01-04 20:00:00	8.5	DoubleUp	DXC4B2P
2025-01-04 20:07:00	9.2	DoubleUp	DXC4B2P
2025-01-04 20:16:00	15.7	DoubleUp	DXC4B2P
2025-01-04 20:26:00	9.3	DoubleDown	DXC4B2P
2025-01-04 20:33:00	15.4	DoubleUp	DXC4B2P
2025-01-04 20:41:00	7.6	DoubleDown	DXC4B2P
2025-01-04 20:51:00	6.1	DoubleDown	DXC4B2P
2025-01-04 21:01:00	7.2	DoubleUp	DXC4B2P
2025-01-04 21:09:00	6	DoubleDown	DXC4B2P
2025-01-04 21:19:00	5	DoubleDown	DXC4B2P
2025-01-04 21:27:00	7.4	DoubleUp	DXC4B2P
2025-01-04 21:37:00	5.5	DoubleDown	DXC4B2P
2025-01-04 21:46:00	14.9	DoubleUp	DXC4B2P
2025-01-04 21:53:00	11.9	DoubleDown	DXC4B2P
2025-01-04 22:02:00	8.2	DoubleDown	DXC4B2P
2025-01-04 22:12:00	9.4	DoubleUp	DXC4B2P
2025-01-04 22:19:00	7	DoubleDown	DXC4B2P
2025-01-04 22:27:00	6	DoubleDown	DXC4B2P
2025-01-04 22:37:00	9.1	DoubleUp	DXC4B2P
2025-01-04 22:44:00	13.5	DoubleUp	DXC4B2P
2025-01-04 22:54:00	3.3	DoubleDown	DXC4B2P
2025-01-04 23:01:00	4.2	DoubleUp	DXC4B2P
2025-01-04 23:08:00	11.6	DoubleUp	DXC4B2P
2025-01-04 23:18:00	8.6	DoubleDown	DXC4B2P
2025-01-04 23:26:00	8.2	DoubleDown	DXC4B2P
2025-01-04 23:33:00	7	DoubleDown	DXC4B2P
2025-01-04 23:43:00	10.9	DoubleUp	DXC4B2P
2025-01-04 23:52:00	12.7	DoubleUp	DXC4B2P
2025-01-04 23:59:00	7.7	DoubleDown	DXC4B2P
2025-01-05 00:07:00	8.3	DoubleUp	DXC4B2P
2025-01-05 00:17:00	9.6	DoubleUp	DXC4B2P
2025-01-05 00:26:00	4.6	DoubleDown	DXC4B2P
2025-01-05 00:33:00	8.4	DoubleUp	DXC4B2P
2025-01-05 00:41:00	9.5	DoubleUp	DXC4B2P
2025-01-05 00:50:00	6	DoubleDown	DXC4B2P
2025-01-05 01:00:00	6.8	DoubleUp	DXC4B2P
2025-01-05 01:10:00	10.4	DoubleUp	DXC4B2P
2025-01-05 01:19:00	8.9	DoubleDown	DXC4B2P
2025-01-05 01:28:00	7.9	DoubleDown	DXC4B2P
2025-01-05 01:38:00	14.7	DoubleUp	DXC4B2P
2025-01-05 01:45:00	7	DoubleDown	DXC4B2P
2025-01-05 01:55:00	14.8	DoubleUp	DXC4B2P
2025-01-05 02:05:00	7.6	DoubleDown	DXC4B2P
2025-01-05 02:12:00	9.8	DoubleUp	DXC4B2P
2025-01-05 02:22:00	7.3	DoubleDown	DXC4B2P
2025-01-05 02:30:00	4.8	DoubleDown	DXC4B2P
2025-01-05 02:37:00	11.4	DoubleUp	DXC4B2P
2025-01-05 02:47:00	8.1	DoubleDown	DXC4B2P
2025-01-05 02:57:00	13.1	DoubleUp	DXC4B2P
2025-01-05 03:07:00	7.7	DoubleDown	DXC4B2P
2025-01-05 03:16:00	5.3	DoubleDown	DXC4B2P
2025-01-05 03:26:00	4.8	DoubleDown	DXC4B2P
2025-01-05 03:36:00	7.8	DoubleUp	DXC4B2P
2025-01-05 03:46:00	7.6	SingleDown	DXC4B2P
2025-01-05 03:54:00	10.9	DoubleUp	DXC4B2P
2025-01-05 04:02:00	8.9	DoubleDown	DXC4B2P
2025-01-05 04:09:00	9.6	DoubleUp	DXC4B2P
2025-01-05 04:19:00	10.4	DoubleUp	DXC4B2P
2025-01-05 04:29:00	6.2	DoubleDown	DXC4B2P
2025-01-05 04:37:00	4	DoubleDown	DXC4B2P
2025-01-05 04:46:00	7	DoubleUp	DXC4B2P
2025-01-05 04:54:00	13.8	DoubleUp	DXC4B2P
2025-01-05 05:02:00	4	DoubleDown	DXC4B2P
2025-01-05 05:09:00	7.9	DoubleUp	DXC4B2P
2025-01-05 05:19:00	13.2	DoubleUp	DXC4B2P
2025-01-05 05:27:00	8.8	DoubleDown	DXC4B2P
2025-01-05 05:37:00	11.7	DoubleUp	DXC4B2P
2025-01-05 05:47:00	5.9	DoubleDown	DXC4B2P
2025-01-05 05:56:00	3.9	DoubleDown	DXC4B2P
2025-01-05 06:03:00	3.7	SingleDown	DXC4B2P
2025-01-05 06:11:00	5	DoubleUp	DXC4B2P
2025-01-05 06:19:00	8.2	DoubleUp	DXC4B2P
2025-01-05 06:27:00	15.8	DoubleUp	DXC4B2P
2025-01-05 06:35:00	8.5	DoubleDown	DXC4B2P
2025-01-05 06:45:00	4.9	DoubleDown	DXC4B2P
2025-01-05 06:55:00	16.3	DoubleUp	DXC4B2P
2025-01-05 07:04:00	3.9	DoubleDown	DXC4B2P
2025-01-05 07:14:00	5.5	DoubleUp	DXC4B2P
2025-01-05 07:21:00	5.7	SingleUp	DXC4B2P
2025-01-05 07:30:00	8.5	DoubleUp	DXC4B2P
2025-01-05 07:40:00	6.2	DoubleDown	DXC4B2P
2025-01-05 07:47:00	9.1	DoubleUp	DXC4B2P
2025-01-05 07:57:00	4.9	DoubleDown	DXC4B2P
2025-01-05 08:04:00	4.6	DoubleDown	DXC4B2P
2025-01-05 08:13:00	4.2	DoubleDown	DXC4B2P
2025-01-05 08:22:00	13.2	DoubleUp	DXC4B2P
2025-01-05 08:32:00	13	SingleDown	DXC4B2P
2025-01-05 08:39:00	8.2	DoubleDown	DXC4B2P
2025-01-05 08:46:00	8.8	DoubleUp	DXC4B2P
2025-01-05 08:53:00	9.3	DoubleUp	DXC4B2P
2025-01-05 09:01:00	6.9	DoubleDown	DXC4B2P
2025-01-05 09:09:00	10.2	DoubleUp	DXC4B2P
2025-01-05 09:19:00	5.8	DoubleDown	DXC4B2P
2025-01-05 09:26:00	5.2	DoubleDown	DXC4B2P
2025-01-05 09:35:00	9.7	DoubleUp	DXC4B2P
2025-01-05 09:45:00	5	DoubleDown	DXC4B2P
2025-01-05 09:52:00	9.8	DoubleUp	DXC4B2P
2025-01-05 10:02:00	6.6	DoubleDown	DXC4B2P
2025-01-05 10:09:00	11	DoubleUp	DXC4B2P
2025-01-05 10:18:00	9.3	DoubleDown	DXC4B2P
2025-01-05 10:26:00	7.4	DoubleDown	DXC4B2P
2025-01-05 10:35:00	5.3	DoubleDown	DXC4B2P
2025-01-05 10:42:00	5.1	SingleDown	DXC4B2P
2025-01-05 10:50:00	9.6	DoubleUp	DXC4B2P
2025-01-05 10:58:00	14.1	DoubleUp	DXC4B2P
2025-01-05 11:08:00	4.5	DoubleDown	DXC4B2P
2025-01-05 11:15:00	8.9	DoubleUp	DXC4B2P
2025-01-05 11:23:00	13.1	DoubleUp	DXC4B2P
2025-01-05 11:31:00	14.4	DoubleUp	DXC4B2P
2025-01-05 11:39:00	9	DoubleDown	DXC4B2P
2025-01-05 11:49:00	8	DoubleDown	DXC4B2P
2025-01-05 11:57:00	3.1	DoubleDown	DXC4B2P
2025-01-05 12:07:00	12.4	DoubleUp	DXC4B2P
2025-01-05 12:16:00	13.5	DoubleUp	DXC4B2P
2025-01-05 12:25:00	12.7	DoubleDown	DXC4B2P
2025-01-05 12:34:00	5.1	DoubleDown	DXC4B2P
2025-01-05 12:41:00	5.3	SingleUp	DXC4B2P
2025-01-05 12:50:00	5.1	SingleDown	DXC4B2P
2025-01-05 13:00:00	4.3	DoubleDown	DXC4B2P
2025-01-05 13:07:00	11	DoubleUp	DXC4B2P
2025-01-05 13:14:00	11.6	DoubleUp	DXC4B2P
2025-01-05 13:21:00	6.9	DoubleDown	DXC4B2P
2025-01-05 13:28:00	5.3	DoubleDown	DXC4B2P
2025-01-05 13:36:00	9.3	DoubleUp	DXC4B2P
2025-01-05 13:44:00	13.8	DoubleUp	DXC4B2P
2025-01-05 13:51:00	9.5	DoubleDown	DXC4B2P
2025-01-05 14:00:00	4.5	DoubleDown	DXC4B2P
2025-01-05 14:07:00	9.6	DoubleUp	DXC4B2P
2025-01-05 14:16:00	9.4	SingleDown	DXC4B2P
2025-01-05 14:23:00	6.8	DoubleDown	DXC4B2P
2025-01-05 14:30:00	5.3	DoubleDown	DXC4B2P
2025-01-05 14:39:00	8	DoubleUp	DXC4B2P
2025-01-05 14:47:00	10.1	DoubleUp	DXC4B2P
2025-01-05 14:55:00	7.1	DoubleDown	DXC4B2P
2025-01-05 15:05:00	4.6	DoubleDown	DXC4B2P
2025-01-05 15:13:00	4.9	DoubleUp	DXC4B2P
2025-01-05 15:20:00	8.3	DoubleUp	DXC4B2P
2025-01-05 15:29:00	8.7	DoubleUp	DXC4B2P
2025-01-05 15:38:00	8.7	Flat	DXC4B2P
2025-01-05 15:46:00	9	DoubleUp	DXC4B2P
2025-01-05 15:53:00	9.3	DoubleUp	DXC4B2P
2025-01-05 16:00:00	4.6	DoubleDown	DXC4B2P
2025-01-05 16:07:00	12	DoubleUp	DXC4B2P
2025-01-05 16:16:00	4.4	DoubleDown	DXC4B2P
2025-01-05 16:24:00	15	DoubleUp	DXC4B2P
2025-01-05 16:34:00	6.9	DoubleDown	DXC4B2P
2025-01-05 16:41:00	9.2	DoubleUp	DXC4B2P
2025-01-05 16:51:00	9.2	Flat	DXC4B2P
2025-01-05 16:58:00	13.4	DoubleUp	DXC4B2P
2025-01-05 17:08:00	9.6	DoubleDown	DXC4B2P
2025-01-05 17:16:00	8.4	DoubleDown	DXC4B2P
2025-01-05 17:23:00	4.6	DoubleDown	DXC4B2P
2025-01-05 17:30:00	5.9	DoubleUp	DXC4B2P
2025-01-05 17:38:00	9	DoubleUp	DXC4B2P
2025-01-05 17:46:00	12.8	DoubleUp	DXC4B2P
2025-01-05 17:54:00	4.2	DoubleDown	DXC4B2P
2025-01-05 18:01:00	9.4	DoubleUp	DXC4B2P
2025-01-05 18:08:00	9.9	DoubleUp	DXC4B2P
2025-01-05 18:17:00	8	DoubleDown	DXC4B2P
2025-01-05 18:26:00	8.9	DoubleUp	DXC4B2P
2025-01-05 18:33:00	5.7	DoubleDown	DXC4B2P
2025-01-05 18:40:00	8	DoubleUp	DXC4B2P
2025-01-05 18:50:00	4.1	DoubleDown	DXC4B2P
2025-01-05 18:59:00	9.5	DoubleUp	DXC4B2P
2025-01-05 19:08:00	8.6	DoubleDown	DXC4B2P
2025-01-05 19:18:00	13.8	DoubleUp	DXC4B2P
2025-01-05 19:28:00	8.6	DoubleDown	DXC4B2P
2025-01-05 19:38:00	3	DoubleDown	DXC4B2P
2025-01-05 19:47:00	11.9	DoubleUp	DXC4B2P
2025-01-05 19:54:00	6.3	DoubleDown	DXC4B2P
2025-01-05 20:01:00	4.1	DoubleDown	DXC4B2P
2025-01-05 20:08:00	7.5	DoubleUp	DXC4B2P
2025-01-05 20:17:00	13.1	DoubleUp	DXC4B2P
2025-01-05 20:25:00	12.8	DoubleDown	DXC4B2P
2025-01-05 20:33:00	8.3	DoubleDown	DXC4B2P
2025-01-05 20:43:00	5.3	DoubleDown	DXC4B2P
2025-01-05 20:51:00	6.9	DoubleUp	DXC4B2P
2025-01-05 21:00:00	4.4	DoubleDown	DXC4B2P
2025-01-05 21:08:00	6.4	DoubleUp	DXC4B2P
2025-01-05 21:15:00	5.9	DoubleDown	DXC4B2P
2025-01-05 21:23:00	6.3	DoubleUp	DXC4B2P
2025-01-05 21:31:00	7.2	DoubleUp	DXC4B2P
2025-01-05 21:41:00	6.9	DoubleDown	DXC4B2P
2025-01-05 21:48:00	8.4	DoubleUp	DXC4B2P
2025-01-05 21:56:00	8	DoubleDown	DXC4B2P
2025-01-05 22:04:00	8.6	DoubleUp	DXC4B2P
2025-01-05 22:13:00	8.7	Flat	DXC4B2P
2025-01-05 22:20:00	6.6	DoubleDown	DXC4B2P
2025-01-05 22:27:00	6.5	Flat	DXC4B2P
2025-01-05 22:36:00	5.4	DoubleDown	DXC4B2P
2025-01-05 22:44:00	9	DoubleUp	DXC4B2P
2025-01-05 22:53:00	9.6	DoubleUp	DXC4B2P
2025-01-05 23:00:00	12.4	DoubleUp	DXC4B2P
2025-01-05 23:09:00	4.2	DoubleDown	DXC4B2P
2025-01-05 23:18:00	7.4	DoubleUp	DXC4B2P
2025-01-05 23:26:00	13.4	DoubleUp	DXC4B2P
2025-01-05 23:34:00	8.5	DoubleDown	DXC4B2P
2025-01-05 23:43:00	6.2	DoubleDown	DXC4B2P
2025-01-05 23:53:00	9.2	DoubleUp	DXC4B2P
2025-01-06 00:01:00	6.8	DoubleDown	DXC4B2P
2025-01-06 00:11:00	4.8	DoubleDown	DXC4B2P
2025-01-06 00:18:00	8.9	DoubleUp	DXC4B2P
2025-01-06 00:26:00	13.4	DoubleUp	DXC4B2P
2025-01-06 00:33:00	6.3	DoubleDown	DXC4B2P
2025-01-06 00:42:00	6	DoubleDown	DXC4B2P
2025-01-06 00:50:00	9.9	DoubleUp	DXC4B2P
2025-01-06 00:59:00	7.6	DoubleDown	DXC4B2P
2025-01-06 01:07:00	4.4	DoubleDown	DXC4B2P
2025-01-06 01:16:00	5.4	DoubleUp	DXC4B2P
2025-01-06 01:26:00	6.1	DoubleUp	DXC4B2P
2025-01-06 01:36:00	5.6	DoubleDown	DXC4B2P
2025-01-06 01:44:00	8.7	DoubleUp	DXC4B2P
2025-01-06 01:54:00	7.2	DoubleDown	DXC4B2P
2025-01-06 02:01:00	5.1	DoubleDown	DXC4B2P
2025-01-06 02:09:00	9.7	DoubleUp	DXC4B2P
2025-01-06 02:17:00	12.1	DoubleUp	DXC4B2P
2025-01-06 02:24:00	6.5	DoubleDown	DXC4B2P
2025-01-06 02:33:00	4.2	DoubleDown	DXC4B2P
2025-01-06 02:43:00	8.3	DoubleUp	DXC4B2P
2025-01-06 02:50:00	7.1	DoubleDown	DXC4B2P
2025-01-06 02:58:00	4.5	DoubleDown	DXC4B2P
2025-01-06 03:07:00	11.2	DoubleUp	DXC4B2P
2025-01-06 03:17:00	4.7	DoubleDown	DXC4B2P
2025-01-06 03:24:00	7.9	DoubleUp	DXC4B2P
2025-01-06 03:33:00	7.5	DoubleDown	DXC4B2P
2025-01-06 03:40:00	13.9	DoubleUp	DXC4B2P
2025-01-06 03:50:00	14.5	DoubleUp	DXC4B2P
2025-01-06 03:59:00	6.5	DoubleDown	DXC4B2P
2025-01-06 04:08:00	6.3	SingleDown	DXC4B2P
2025-01-06 04:16:00	7.2	DoubleUp	DXC4B2P
2025-01-06 04:23:00	8.5	DoubleUp	DXC4B2P
2025-01-06 04:32:00	8.1	DoubleDown	DXC4B2P
2025-01-06 04:40:00	3.9	DoubleDown	DXC4B2P
2025-01-06 04:48:00	7.5	DoubleUp	DXC4B2P
2025-01-06 04:56:00	7.7	SingleUp	DXC4B2P
2025-01-06 05:03:00	6	DoubleDown	DXC4B2P
2025-01-06 05:11:00	7.2	DoubleUp	DXC4B2P
2025-01-06 05:18:00	10.5	DoubleUp	DXC4B2P
2025-01-06 05:25:00	16.3	DoubleUp	DXC4B2P
2025-01-06 05:34:00	9.6	DoubleDown	DXC4B2P
2025-01-06 05:41:00	8.8	DoubleDown	DXC4B2P
2025-01-06 05:51:00	8.3	DoubleDown	DXC4B2P
2025-01-06 06:00:00	11.5	DoubleUp	DXC4B2P
2025-01-06 06:09:00	5.6	DoubleDown	DXC4B2P
2025-01-06 06:16:00	6.4	DoubleUp	DXC4B2P
2025-01-06 06:26:00	10.1	DoubleUp	DXC4B2P
2025-01-06 06:34:00	5.4	DoubleDown	DXC4B2P
2025-01-06 06:41:00	13.1	DoubleUp	DXC4B2P
2025-01-06 06:49:00	4.6	DoubleDown	DXC4B2P
2025-01-06 06:56:00	6.9	DoubleUp	DXC4B2P
2025-01-06 07:04:00	5.4	DoubleDown	DXC4B2P
2025-01-06 07:12:00	13	DoubleUp	DXC4B2P
2025-01-06 07:22:00	7.8	DoubleDown	DXC4B2P
2025-01-06 07:30:00	7	DoubleDown	DXC4B2P
2025-01-06 07:38:00	8.6	DoubleUp	DXC4B2P
2025-01-06 07:47:00	14.7	DoubleUp	DXC4B2P
2025-01-06 07:57:00	8.3	DoubleDown	DXC4B2P
2025-01-06 08:04:00	5.1	DoubleDown	DXC4B2P
2025-01-06 08:14:00	7.3	DoubleUp	DXC4B2P
2025-01-06 08:22:00	5	DoubleDown	DXC4B2P
2025-01-06 08:32:00	5.5	DoubleUp	DXC4B2P
2025-01-06 08:40:00	12.6	DoubleUp	DXC4B2P
2025-01-06 08:47:00	7.2	DoubleDown	DXC4B2P
2025-01-06 08:56:00	4.5	DoubleDown	DXC4B2P
2025-01-06 09:05:00	8.3	DoubleUp	DXC4B2P
2025-01-06 09:12:00	8.1	SingleDown	DXC4B2P
2025-01-06 09:20:00	7.6	DoubleDown	DXC4B2P
2025-01-06 09:30:00	5	DoubleDown	DXC4B2P
2025-01-06 09:38:00	8.7	DoubleUp	DXC4B2P
2025-01-06 09:45:00	11.7	DoubleUp	DXC4B2P
2025-01-06 09:55:00	5.5	DoubleDown	DXC4B2P
2025-01-06 10:04:00	7.2	DoubleUp	DXC4B2P
2025-01-06 10:13:00	6.6	DoubleDown	DXC4B2P
2025-01-06 10:21:00	14.6	DoubleUp	DXC4B2P
2025-01-06 10:28:00	4.3	DoubleDown	DXC4B2P
2025-01-06 10:35:00	7	DoubleUp	DXC4B2P
2025-01-06 10:45:00	8.8	DoubleUp	DXC4B2P
2025-01-06 10:52:00	5.6	DoubleDown	DXC4B2P
2025-01-06 11:01:00	9.2	DoubleUp	DXC4B2P
2025-01-06 11:08:00	5.8	DoubleDown	DXC4B2P
2025-01-06 11:17:00	5.4	DoubleDown	DXC4B2P
2025-01-06 11:25:00	10.1	DoubleUp	DXC4B2P
2025-01-06 11:33:00	8.4	DoubleDown	DXC4B2P
2025-01-06 11:43:00	15.7	DoubleUp	DXC4B2P
2025-01-06 11:50:00	5.5	DoubleDown	DXC4B2P
2025-01-06 12:00:00	4.5	DoubleDown	DXC4B2P
2025-01-06 12:08:00	11.4	DoubleUp	DXC4B2P
2025-01-06 12:17:00	5.8	DoubleDown	DXC4B2P
2025-01-06 12:24:00	10.2	DoubleUp	DXC4B2P
2025-01-06 12:31:00	8.1	DoubleDown	DXC4B2P
2025-01-06 12:39:00	4.2	DoubleDown	DXC4B2P
2025-01-06 12:49:00	8.5	DoubleUp	DXC4B2P
2025-01-06 12:56:00	9.2	DoubleUp	DXC4B2P
2025-01-06 13:05:00	4.9	DoubleDown	DXC4B2P
2025-01-06 13:12:00	3.9	DoubleDown	DXC4B2P
2025-01-06 13:21:00	7.7	DoubleUp	DXC4B2P
2025-01-06 13:28:00	6.7	DoubleDown	DXC4B2P
2025-01-06 13:35:00	10.6	DoubleUp	DXC4B2P
2025-01-06 13:44:00	11.1	DoubleUp	DXC4B2P
2025-01-06 13:52:00	4.1	DoubleDown	DXC4B2P
2025-01-06 14:01:00	7.3	DoubleUp	DXC4B2P
2025-01-06 14:11:00	5.5	DoubleDown	DXC4B2P
2025-01-06 14:20:00	5.5	Flat	DXC4B2P
2025-01-06 14:28:00	9.6	DoubleUp	DXC4B2P
2025-01-06 14:37:00	15.9	DoubleUp	DXC4B2P
2025-01-06 14:47:00	5.5	DoubleDown	DXC4B2P
2025-01-06 14:54:00	9.9	DoubleUp	DXC4B2P
2025-01-06 15:03:00	4.4	DoubleDown	DXC4B2P
2025-01-06 15:10:00	12.5	DoubleUp	DXC4B2P
2025-01-06 15:19:00	14.6	DoubleUp	DXC4B2P
2025-01-06 15:28:00	2.3	DoubleDown	DXC4B2P
2025-01-06 15:38:00	4	DoubleUp	DXC4B2P
2025-01-06 15:48:00	10.9	DoubleUp	DXC4B2P
2025-01-06 15:56:00	2.5	DoubleDown	DXC4B2P
2025-01-06 16:04:00	7.9	DoubleUp	DXC4B2P
2025-01-06 16:12:00	6.7	DoubleDown	DXC4B2P
2025-01-06 16:22:00	10.5	DoubleUp	DXC4B2P
2025-01-06 16:29:00	4.1	DoubleDown	DXC4B2P
2025-01-06 16:39:00	6.5	DoubleUp	DXC4B2P
2025-01-06 16:47:00	6	DoubleDown	DXC4B2P
2025-01-06 16:55:00	12	DoubleUp	DXC4B2P
2025-01-06 17:04:00	8.8	DoubleDown	DXC4B2P
2025-01-06 17:11:00	4.7	DoubleDown	DXC4B2P
2025-01-06 17:20:00	8.1	DoubleUp	DXC4B2P
2025-01-06 17:29:00	8	Flat	DXC4B2P
2025-01-06 17:36:00	13.2	DoubleUp	DXC4B2P
2025-01-06 17:43:00	8.7	DoubleDown	DXC4B2P
2025-01-06 17:50:00	7.7	DoubleDown	DXC4B2P
2025-01-06 17:58:00	5.9	DoubleDown	DXC4B2P
2025-01-06 18:08:00	14.5	DoubleUp	DXC4B2P
2025-01-06 18:15:00	7.8	DoubleDown	DXC4B2P
2025-01-06 18:25:00	8.8	DoubleUp	DXC4B2P
2025-01-06 18:35:00	8.9	Flat	DXC4B2P
2025-01-06 18:44:00	4.6	DoubleDown	DXC4B2P
2025-01-06 18:54:00	9.5	DoubleUp	DXC4B2P
2025-01-06 19:01:00	9.8	DoubleUp	DXC4B2P
2025-01-06 19:11:00	7.7	DoubleDown	DXC4B2P
2025-01-06 19:20:00	11.2	DoubleUp	DXC4B2P
2025-01-06 19:27:00	6.9	DoubleDown	DXC4B2P
2025-01-06 19:35:00	6.5	DoubleDown	DXC4B2P
2025-01-06 19:45:00	9.4	DoubleUp	DXC4B2P
2025-01-06 19:52:00	4.2	DoubleDown	DXC4B2P
2025-01-06 20:02:00	11.2	DoubleUp	DXC4B2P
2025-01-06 20:09:00	3.7	DoubleDown	DXC4B2P
2025-01-06 20:17:00	4.4	DoubleUp	DXC4B2P
2025-01-06 20:24:00	6	DoubleUp	DXC4B2P
2025-01-06 20:34:00	4.1	DoubleDown	DXC4B2P
2025-01-06 20:41:00	11.4	DoubleUp	DXC4B2P
2025-01-06 20:50:00	3.9	DoubleDown	DXC4B2P
2025-01-06 20:58:00	8	DoubleUp	DXC4B2P
2025-01-06 21:08:00	6.3	DoubleDown	DXC4B2P
2025-01-06 21:18:00	13.3	DoubleUp	DXC4B2P
2025-01-06 21:26:00	12.2	DoubleDown	DXC4B2P
2025-01-06 21:33:00	6.3	DoubleDown	DXC4B2P
2025-01-06 21:41:00	6.9	DoubleUp	DXC4B2P
2025-01-06 21:50:00	13.7	DoubleUp	DXC4B2P
2025-01-06 21:58:00	8.8	DoubleDown	DXC4B2P
2025-01-06 22:07:00	6.5	DoubleDown	DXC4B2P
2025-01-06 22:14:00	8	DoubleUp	DXC4B2P
2025-01-06 22:23:00	11	DoubleUp	DXC4B2P
2025-01-06 22:31:00	4.6	DoubleDown	DXC4B2P
2025-01-06 22:40:00	11.8	DoubleUp	DXC4B2P
2025-01-06 22:50:00	12.1	DoubleUp	DXC4B2P
2025-01-06 22:58:00	8.1	DoubleDown	DXC4B2P
2025-01-06 23:07:00	7	DoubleDown	DXC4B2P
2025-01-06 23:17:00	7.8	DoubleUp	DXC4B2P
2025-01-06 23:27:00	16	DoubleUp	DXC4B2P
2025-01-06 23:36:00	7.2	DoubleDown	DXC4B2P
2025-01-06 23:43:00	11.4	DoubleUp	DXC4B2P
2025-01-06 23:50:00	9.7	DoubleDown	DXC4B2P
2025-01-06 23:57:00	10.7	DoubleUp	DXC4B2P
2025-01-07 00:06:00	2.3	DoubleDown	DXC4B2P
2025-01-07 00:13:00	16	DoubleUp	DXC4B2P
2025-01-07 00:20:00	4.8	DoubleDown	DXC4B2P
2025-01-07 00:27:00	5.3	DoubleUp	DXC4B2P
2025-01-07 00:35:00	9.4	DoubleUp	DXC4B2P
2025-01-07 00:45:00	5.3	DoubleDown	DXC4B2P
2025-01-07 00:54:00	8.4	DoubleUp	DXC4B2P
2025-01-07 01:03:00	6.8	DoubleDown	DXC4B2P
2025-01-07 01:10:00	9	DoubleUp	DXC4B2P
2025-01-07 01:18:00	5.9	DoubleDown	DXC4B2P
2025-01-07 01:27:00	7.8	DoubleUp	DXC4B2P
2025-01-07 01:36:00	7.7	Flat	DXC4B2P
2025-01-07 01:44:00	9.8	DoubleUp	DXC4B2P
2025-01-07 01:51:00	5.9	DoubleDown	DXC4B2P
2025-01-07 02:01:00	7.7	DoubleUp	DXC4B2P
2025-01-07 02:11:00	7.6	Flat	DXC4B2P
2025-01-07 02:21:00	11.9	DoubleUp	DXC4B2P
2025-01-07 02:29:00	10.8	DoubleDown	DXC4B2P
2025-01-07 02:36:00	3.5	DoubleDown	DXC4B2P
2025-01-07 02:46:00	13.1	DoubleUp	DXC4B2P
2025-01-07 02:55:00	8.6	DoubleDown	DXC4B2P
2025-01-07 03:05:00	6.6	DoubleDown	DXC4B2P
2025-01-07 03:12:00	11.4	DoubleUp	DXC4B2P
2025-01-07 03:19:00	9.2	DoubleDown	DXC4B2P
2025-01-07 03:26:00	9.7	DoubleUp	DXC4B2P
2025-01-07 03:35:00	8.3	DoubleDown	DXC4B2P
2025-01-07 03:43:00	9.1	DoubleUp	DXC4B2P
2025-01-07 03:53:00	2.4	DoubleDown	DXC4B2P
2025-01-07 04:01:00	9.8	DoubleUp	DXC4B2P
2025-01-07 04:08:00	7.7	DoubleDown	DXC4B2P
2025-01-07 04:17:00	6.4	DoubleDown	DXC4B2P
2025-01-07 04:27:00	12.9	DoubleUp	DXC4B2P
2025-01-07 04:35:00	5.2	DoubleDown	DXC4B2P
2025-01-07 04:45:00	6.4	DoubleUp	DXC4B2P
2025-01-07 04:52:00	13.8	DoubleUp	DXC4B2P
2025-01-07 05:01:00	3.6	DoubleDown	DXC4B2P
2025-01-07 05:11:00	11.5	DoubleUp	DXC4B2P
2025-01-07 05:20:00	8.3	DoubleDown	DXC4B2P
2025-01-07 05:28:00	6.9	DoubleDown	DXC4B2P
2025-01-07 05:35:00	8.2	DoubleUp	DXC4B2P
2025-01-07 05:44:00	16.3	DoubleUp	DXC4B2P
2025-01-07 05:51:00	8.3	DoubleDown	DXC4B2P
2025-01-07 05:58:00	15.8	DoubleUp	DXC4B2P
2025-01-07 06:06:00	9.4	DoubleDown	DXC4B2P
2025-01-07 06:14:00	5.6	DoubleDown	DXC4B2P
2025-01-07 06:23:00	5.3	DoubleDown	DXC4B2P
2025-01-07 06:33:00	10	DoubleUp	DXC4B2P
2025-01-07 06:43:00	6.8	DoubleDown	DXC4B2P
2025-01-07 06:52:00	4.2	DoubleDown	DXC4B2P
2025-01-07 07:02:00	9.1	DoubleUp	DXC4B2P
2025-01-07 07:11:00	5.3	DoubleDown	DXC4B2P
2025-01-07 07:21:00	4.6	DoubleDown	DXC4B2P
2025-01-07 07:28:00	9.5	DoubleUp	DXC4B2P
2025-01-07 07:35:00	14.4	DoubleUp	DXC4B2P
2025-01-07 07:43:00	12	DoubleDown	DXC4B2P
2025-01-07 07:50:00	3.8	DoubleDown	DXC4B2P
2025-01-07 08:00:00	15.6	DoubleUp	DXC4B2P
2025-01-07 08:10:00	7.9	DoubleDown	DXC4B2P
2025-01-07 08:19:00	7.1	DoubleDown	DXC4B2P
2025-01-07 08:27:00	8.4	DoubleUp	DXC4B2P
2025-01-07 08:35:00	7	DoubleDown	DXC4B2P
2025-01-07 08:45:00	4.2	DoubleDown	DXC4B2P
2025-01-07 08:55:00	9.7	DoubleUp	DXC4B2P
2025-01-07 09:03:00	9.8	Flat	DXC4B2P
2025-01-07 09:10:00	5.6	DoubleDown	DXC4B2P
2025-01-07 09:20:00	12.2	DoubleUp	DXC4B2P
2025-01-07 09:28:00	5	DoubleDown	DXC4B2P
2025-01-07 09:36:00	8.8	DoubleUp	DXC4B2P
2025-01-07 09:44:00	7.9	DoubleDown	DXC4B2P
2025-01-07 09:54:00	8	Flat	DXC4B2P
2025-01-07 10:03:00	5.6	DoubleDown	DXC4B2P
2025-01-07 10:10:00	7.8	DoubleUp	DXC4B2P
2025-01-07 10:20:00	9.5	DoubleUp	DXC4B2P
2025-01-07 10:29:00	5.3	DoubleDown	DXC4B2P
2025-01-07 10:38:00	5.4	Flat	DXC4B2P
2025-01-07 10:46:00	3.4	DoubleDown	DXC4B2P
2025-01-07 10:56:00	7.2	DoubleUp	DXC4B2P
2025-01-07 11:05:00	7.1	Flat	DXC4B2P
2025-01-07 11:13:00	7.7	DoubleUp	DXC4B2P
2025-01-07 11:22:00	7	DoubleDown	DXC4B2P
2025-01-07 11:30:00	12.2	DoubleUp	DXC4B2P
2025-01-07 11:38:00	7.6	DoubleDown	DXC4B2P
2025-01-07 11:45:00	5.3	DoubleDown	DXC4B2P
2025-01-07 11:55:00	9	DoubleUp	DXC4B2P
2025-01-07 12:03:00	8.9	Flat	DXC4B2P
2025-01-07 12:10:00	13.2	DoubleUp	DXC4B2P
2025-01-07 12:19:00	4	DoubleDown	DXC4B2P
2025-01-07 12:28:00	15.5	DoubleUp	DXC4B2P
2025-01-07 12:37:00	10	DoubleDown	DXC4B2P
2025-01-07 12:44:00	9.1	DoubleDown	DXC4B2P
2025-01-07 12:53:00	5.5	DoubleDown	DXC4B2P
2025-01-07 13:03:00	6.3	DoubleUp	DXC4B2P
2025-01-07 13:12:00	8.8	DoubleUp	DXC4B2P
2025-01-07 13:22:00	9.6	DoubleUp	DXC4B2P
2025-01-07 13:29:00	7.3	DoubleDown	DXC4B2P
2025-01-07 13:37:00	3.6	DoubleDown	DXC4B2P
2025-01-07 13:47:00	8.2	DoubleUp	DXC4B2P
2025-01-07 13:57:00	7.4	DoubleDown	DXC4B2P
2025-01-07 14:06:00	9	DoubleUp	DXC4B2P
2025-01-07 14:13:00	5	DoubleDown	DXC4B2P
2025-01-07 14:22:00	7.8	DoubleUp	DXC4B2P
2025-01-07 14:31:00	8.6	DoubleUp	DXC4B2P
2025-01-07 14:41:00	5.1	DoubleDown	DXC4B2P
2025-01-07 14:50:00	12	DoubleUp	DXC4B2P
2025-01-07 14:59:00	8.1	DoubleDown	DXC4B2P
2025-01-07 15:06:00	8.8	DoubleUp	DXC4B2P
2025-01-07 15:13:00	8.5	DoubleDown	DXC4B2P
2025-01-07 15:21:00	11.9	DoubleUp	DXC4B2P
2025-01-07 15:28:00	9.3	DoubleDown	DXC4B2P
2025-01-07 15:37:00	7.8	DoubleDown	DXC4B2P
2025-01-07 15:44:00	7.7	Flat	DXC4B2P
2025-01-07 15:51:00	6.2	DoubleDown	DXC4B2P
2025-01-07 16:00:00	12.6	DoubleUp	DXC4B2P
2025-01-07 16:07:00	12.5	Flat	DXC4B2P
2025-01-07 16:14:00	9.6	DoubleDown	DXC4B2P
2025-01-07 16:21:00	7.2	DoubleDown	DXC4B2P
2025-01-07 16:29:00	13.8	DoubleUp	DXC4B2P
2025-01-07 16:38:00	6.3	DoubleDown	DXC4B2P
2025-01-07 16:48:00	4.6	DoubleDown	DXC4B2P
2025-01-07 16:56:00	4.1	DoubleDown	DXC4B2P
2025-01-07 17:04:00	8	DoubleUp	DXC4B2P
2025-01-07 17:12:00	5.1	DoubleDown	DXC4B2P
2025-01-07 17:20:00	6.8	DoubleUp	DXC4B2P
2025-01-07 17:30:00	4.5	DoubleDown	DXC4B2P
2025-01-07 17:37:00	9.2	DoubleUp	DXC4B2P
2025-01-07 17:44:00	11.7	DoubleUp	DXC4B2P
2025-01-07 17:54:00	11	DoubleDown	DXC4B2P
2025-01-07 18:04:00	12.5	DoubleUp	DXC4B2P
2025-01-07 18:13:00	7.3	DoubleDown	DXC4B2P
2025-01-07 18:20:00	13.8	DoubleUp	DXC4B2P
2025-01-07 18:27:00	4.4	DoubleDown	DXC4B2P
2025-01-07 18:37:00	7.7	DoubleUp	DXC4B2P
2025-01-07 18:46:00	5.2	DoubleDown	DXC4B2P
2025-01-07 18:53:00	9.7	DoubleUp	DXC4B2P
2025-01-07 19:02:00	16.4	DoubleUp	DXC4B2P
2025-01-07 19:11:00	4.9	DoubleDown	DXC4B2P
2025-01-07 19:18:00	4.3	DoubleDown	DXC4B2P
2025-01-07 19:25:00	12.1	DoubleUp	DXC4B2P
2025-01-07 19:34:00	11.3	DoubleDown	DXC4B2P
2025-01-07 19:44:00	2.8	DoubleDown	DXC4B2P
2025-01-07 19:54:00	9.2	DoubleUp	DXC4B2P
2025-01-07 20:01:00	3	DoubleDown	DXC4B2P
2025-01-07 20:08:00	6.7	DoubleUp	DXC4B2P
2025-01-07 20:18:00	4.2	DoubleDown	DXC4B2P
2025-01-07 20:26:00	4.9	DoubleUp	DXC4B2P
2025-01-07 20:33:00	13.2	DoubleUp	DXC4B2P
2025-01-07 20:40:00	4.8	DoubleDown	DXC4B2P
2025-01-07 20:48:00	8.4	DoubleUp	DXC4B2P
2025-01-07 20:56:00	9.1	DoubleUp	DXC4B2P
2025-01-07 21:06:00	12.1	DoubleUp	DXC4B2P
2025-01-07 21:16:00	11.2	DoubleDown	DXC4B2P
2025-01-07 21:23:00	14.8	DoubleUp	DXC4B2P
2025-01-07 21:33:00	6.4	DoubleDown	DXC4B2P
2025-01-07 21:42:00	5.2	DoubleDown	DXC4B2P
2025-01-07 21:52:00	14.7	DoubleUp	DXC4B2P
2025-01-07 22:00:00	7	DoubleDown	DXC4B2P
2025-01-07 22:10:00	10.4	DoubleUp	DXC4B2P
2025-01-07 22:19:00	12.3	DoubleUp	DXC4B2P
2025-01-07 22:26:00	15.2	DoubleUp	DXC4B2P
2025-01-07 22:33:00	5.2	DoubleDown	DXC4B2P
2025-01-07 22:40:00	12	DoubleUp	DXC4B2P
2025-01-07 22:47:00	7.2	DoubleDown	DXC4B2P
2025-01-07 22:55:00	7.9	DoubleUp	DXC4B2P
2025-01-07 23:03:00	10.7	DoubleUp	DXC4B2P
2025-01-07 23:13:00	8.2	DoubleDown	DXC4B2P
2025-01-07 23:20:00	6	DoubleDown	DXC4B2P
2025-01-07 23:30:00	5.6	DoubleDown	DXC4B2P
2025-01-07 23:37:00	11	DoubleUp	DXC4B2P
2025-01-07 23:47:00	11.2	SingleUp	DXC4B2P
2025-01-07 23:55:00	8.2	DoubleDown	DXC4B2P
2025-01-08 00:05:00	4.6	DoubleDown	DXC4B2P
2025-01-08 00:12:00	14.8	DoubleUp	DXC4B2P
2025-01-08 00:22:00	9.6	DoubleDown	DXC4B2P
2025-01-08 00:30:00	5.3	DoubleDown	DXC4B2P
2025-01-08 00:40:00	4.2	DoubleDown	DXC4B2P
2025-01-08 00:47:00	11.3	DoubleUp	DXC4B2P
2025-01-08 00:56:00	10.6	DoubleDown	DXC4B2P
2025-01-08 01:05:00	11.4	DoubleUp	DXC4B2P
2025-01-08 01:12:00	7.6	DoubleDown	DXC4B2P
2025-01-08 01:21:00	16.2	DoubleUp	DXC4B2P
2025-01-08 01:31:00	6.3	DoubleDown	DXC4B2P
2025-01-08 01:38:00	10.4	DoubleUp	DXC4B2P
2025-01-08 01:47:00	6.9	DoubleDown	DXC4B2P
2025-01-08 01:57:00	6.5	DoubleDown	DXC4B2P
2025-01-08 02:05:00	15.9	DoubleUp	DXC4B2P
2025-01-08 02:14:00	6.9	DoubleDown	DXC4B2P
2025-01-08 02:24:00	6.3	DoubleDown	DXC4B2P
2025-01-08 02:34:00	5.1	DoubleDown	DXC4B2P
2025-01-08 02:41:00	8.7	DoubleUp	DXC4B2P
2025-01-08 02:51:00	10.1	DoubleUp	DXC4B2P
2025-01-08 02:59:00	4.8	DoubleDown	DXC4B2P
2025-01-08 03:07:00	13.6	DoubleUp	DXC4B2P
2025-01-08 03:17:00	7.1	DoubleDown	DXC4B2P
2025-01-08 03:25:00	6.3	DoubleDown	DXC4B2P
2025-01-08 03:35:00	7.2	DoubleUp	DXC4B2P
2025-01-08 03:43:00	8.5	DoubleUp	DXC4B2P
2025-01-08 03:52:00	6.4	DoubleDown	DXC4B2P
2025-01-08 04:00:00	7.7	DoubleUp	DXC4B2P
2025-01-08 04:10:00	4.4	DoubleDown	DXC4B2P
2025-01-08 04:19:00	7.3	DoubleUp	DXC4B2P
2025-01-08 04:28:00	9.7	DoubleUp	DXC4B2P
2025-01-08 04:36:00	4.1	DoubleDown	DXC4B2P
2025-01-08 04:43:00	7.5	DoubleUp	DXC4B2P
2025-01-08 04:53:00	6	DoubleDown	DXC4B2P
2025-01-08 05:03:00	5.7	DoubleDown	DXC4B2P
2025-01-08 05:11:00	4.1	DoubleDown	DXC4B2P
2025-01-08 05:21:00	16.3	DoubleUp	DXC4B2P
2025-01-08 05:30:00	7.4	DoubleDown	DXC4B2P
2025-01-08 05:37:00	9.2	DoubleUp	DXC4B2P
2025-01-08 05:44:00	9.3	Flat	DXC4B2P
2025-01-08 05:53:00	7.2	DoubleDown	DXC4B2P
2025-01-08 06:03:00	8.5	DoubleUp	DXC4B2P
2025-01-08 06:13:00	9.7	DoubleUp	DXC4B2P
2025-01-08 06:20:00	6.7	DoubleDown	DXC4B2P
2025-01-08 06:29:00	5	DoubleDown	DXC4B2P
2025-01-08 06:37:00	15.7	DoubleUp	DXC4B2P
2025-01-08 06:46:00	10	DoubleDown	DXC4B2P
2025-01-08 06:54:00	15.2	DoubleUp	DXC4B2P
2025-01-08 07:01:00	5.2	DoubleDown	DXC4B2P
2025-01-08 07:10:00	6.9	DoubleUp	DXC4B2P
2025-01-08 07:19:00	13.7	DoubleUp	DXC4B2P
2025-01-08 07:28:00	12.2	DoubleDown	DXC4B2P
2025-01-08 07:36:00	15	DoubleUp	DXC4B2P
2025-01-08 07:45:00	13.2	DoubleDown	DXC4B2P
2025-01-08 07:53:00	10.9	DoubleDown	DXC4B2P
2025-01-08 08:03:00	4.5	DoubleDown	DXC4B2P
2025-01-08 08:10:00	4.5	Flat	DXC4B2P
2025-01-08 08:20:00	16.2	DoubleUp	DXC4B2P
2025-01-08 08:27:00	5.2	DoubleDown	DXC4B2P
2025-01-08 08:37:00	9.1	DoubleUp	DXC4B2P
2025-01-08 08:47:00	7.3	DoubleDown	DXC4B2P
2025-01-08 08:56:00	12.5	DoubleUp	DXC4B2P
2025-01-08 09:05:00	4.4	DoubleDown	DXC4B2P
2025-01-08 09:15:00	7.6	DoubleUp	DXC4B2P
2025-01-08 09:25:00	11.2	DoubleUp	DXC4B2P
2025-01-08 09:32:00	7.2	DoubleDown	DXC4B2P
2025-01-08 09:42:00	14.7	DoubleUp	DXC4B2P
2025-01-08 09:50:00	11.5	DoubleDown	DXC4B2P
2025-01-08 09:58:00	9.3	DoubleDown	DXC4B2P
2025-01-08 10:07:00	3.1	DoubleDown	DXC4B2P
2025-01-08 10:17:00	5.5	DoubleUp	DXC4B2P
2025-01-08 10:24:00	10.2	DoubleUp	DXC4B2P
2025-01-08 10:32:00	6.5	DoubleDown	DXC4B2P
2025-01-08 10:40:00	6.4	Flat	DXC4B2P
2025-01-08 10:49:00	4	DoubleDown	DXC4B2P
2025-01-08 10:59:00	8.1	DoubleUp	DXC4B2P
2025-01-08 11:08:00	13.8	DoubleUp	DXC4B2P
2025-01-08 11:18:00	4.8	DoubleDown	DXC4B2P
2025-01-08 11:25:00	7.9	DoubleUp	DXC4B2P
2025-01-08 11:35:00	5.7	DoubleDown	DXC4B2P
2025-01-08 11:42:00	6.5	DoubleUp	DXC4B2P
2025-01-08 11:52:00	12.4	DoubleUp	DXC4B2P
2025-01-08 12:01:00	10.6	DoubleDown	DXC4B2P
2025-01-08 12:08:00	4.9	DoubleDown	DXC4B2P
2025-01-08 12:18:00	11.4	DoubleUp	DXC4B2P
2025-01-08 12:27:00	8.2	DoubleDown	DXC4B2P
2025-01-08 12:34:00	11.8	DoubleUp	DXC4B2P
2025-01-08 12:42:00	6.5	DoubleDown	DXC4B2P
2025-01-08 12:49:00	8.2	DoubleUp	DXC4B2P
2025-01-08 12:59:00	10.3	DoubleUp	DXC4B2P
2025-01-08 13:07:00	7.3	DoubleDown	DXC4B2P
2025-01-08 13:16:00	8.7	DoubleUp	DXC4B2P
2025-01-08 13:26:00	5.2	DoubleDown	DXC4B2P
2025-01-08 13:33:00	12.9	DoubleUp	DXC4B2P
2025-01-08 13:40:00	8.8	DoubleDown	DXC4B2P
2025-01-08 13:48:00	8.1	DoubleDown	DXC4B2P
2025-01-08 13:57:00	8.8	DoubleUp	DXC4B2P
2025-01-08 14:06:00	9.1	DoubleUp	DXC4B2P
2025-01-08 14:15:00	16.5	DoubleUp	DXC4B2P
2025-01-08 14:23:00	4.1	DoubleDown	DXC4B2P
2025-01-08 14:33:00	12.3	DoubleUp	DXC4B2P
2025-01-08 14:40:00	14	DoubleUp	DXC4B2P
2025-01-08 14:50:00	10.3	DoubleDown	DXC4B2P
2025-01-08 14:57:00	4.6	DoubleDown	DXC4B2P
2025-01-08 15:04:00	5.8	DoubleUp	DXC4B2P
2025-01-08 15:14:00	6.5	DoubleUp	DXC4B2P
2025-01-08 15:23:00	5.1	DoubleDown	DXC4B2P
2025-01-08 15:33:00	4.2	DoubleDown	DXC4B2P
2025-01-08 15:42:00	16.4	DoubleUp	DXC4B2P
2025-01-08 15:50:00	9.7	DoubleDown	DXC4B2P
2025-01-08 15:57:00	13.5	DoubleUp	DXC4B2P
2025-01-08 16:06:00	6.9	DoubleDown	DXC4B2P
2025-01-08 16:16:00	3.9	DoubleDown	DXC4B2P
2025-01-08 16:25:00	4.7	DoubleUp	DXC4B2P
2025-01-08 16:35:00	6.7	DoubleUp	DXC4B2P
2025-01-08 16:42:00	9	DoubleUp	DXC4B2P
2025-01-08 16:49:00	9.4	DoubleUp	DXC4B2P
2025-01-08 16:59:00	6.7	DoubleDown	DXC4B2P
2025-01-08 17:08:00	9.4	DoubleUp	DXC4B2P
2025-01-08 17:16:00	5.2	DoubleDown	DXC4B2P
2025-01-08 17:26:00	9.5	DoubleUp	DXC4B2P
2025-01-08 17:34:00	10.3	DoubleUp	DXC4B2P
2025-01-08 17:41:00	6.4	DoubleDown	DXC4B2P
2025-01-08 17:49:00	5.7	DoubleDown	DXC4B2P
2025-01-08 17:59:00	7.9	DoubleUp	DXC4B2P
2025-01-08 18:06:00	3.5	DoubleDown	DXC4B2P
2025-01-08 18:15:00	4.9	DoubleUp	DXC4B2P
2025-01-08 18:23:00	9.6	DoubleUp	DXC4B2P
2025-01-08 18:31:00	4.1	DoubleDown	DXC4B2P
2025-01-08 18:41:00	4.9	DoubleUp	DXC4B2P
2025-01-08 18:49:00	6.9	DoubleUp	DXC4B2P
2025-01-08 18:57:00	12.8	DoubleUp	DXC4B2P
2025-01-08 19:07:00	5.1	DoubleDown	DXC4B2P
2025-01-08 19:14:00	8.8	DoubleUp	DXC4B2P
2025-01-08 19:24:00	5.8	DoubleDown	DXC4B2P
2025-01-08 19:33:00	6.7	DoubleUp	DXC4B2P
2025-01-08 19:40:00	15	DoubleUp	DXC4B2P
2025-01-08 19:48:00	6.5	DoubleDown	DXC4B2P
2025-01-08 19:56:00	14.2	DoubleUp	DXC4B2P
2025-01-08 20:04:00	7.2	DoubleDown	DXC4B2P
2025-01-08 20:14:00	5.4	DoubleDown	DXC4B2P
2025-01-08 20:23:00	7.9	DoubleUp	DXC4B2P
2025-01-08 20:30:00	8	Flat	DXC4B2P
2025-01-08 20:40:00	7.5	DoubleDown	DXC4B2P
2025-01-08 20:50:00	8.4	DoubleUp	DXC4B2P
2025-01-08 20:57:00	6.1	DoubleDown	DXC4B2P
2025-01-08 21:04:00	10.7	DoubleUp	DXC4B2P
2025-01-08 21:11:00	6.4	DoubleDown	DXC4B2P
2025-01-08 21:19:00	4.9	DoubleDown	DXC4B2P
2025-01-08 21:27:00	9.8	DoubleUp	DXC4B2P
2025-01-08 21:36:00	11.6	DoubleUp	DXC4B2P
2025-01-08 21:44:00	11.7	Flat	DXC4B2P
2025-01-08 21:54:00	7.6	DoubleDown	DXC4B2P
2025-01-08 22:01:00	10.5	DoubleUp	DXC4B2P
2025-01-08 22:09:00	8.6	DoubleDown	DXC4B2P
2025-01-08 22:18:00	10.5	DoubleUp	DXC4B2P
2025-01-08 22:28:00	8.1	DoubleDown	DXC4B2P
2025-01-08 22:37:00	6.6	DoubleDown	DXC4B2P
2025-01-08 22:44:00	11.4	DoubleUp	DXC4B2P
2025-01-08 22:51:00	5.1	DoubleDown	DXC4B2P
2025-01-08 23:01:00	7.7	DoubleUp	DXC4B2P
2025-01-08 23:09:00	8.8	DoubleUp	DXC4B2P
2025-01-08 23:19:00	11	DoubleUp	DXC4B2P
2025-01-08 23:27:00	8.4	DoubleDown	DXC4B2P
2025-01-08 23:35:00	6.7	DoubleDown	DXC4B2P
2025-01-08 23:43:00	5.6	DoubleDown	DXC4B2P
2025-01-08 23:53:00	7.2	DoubleUp	DXC4B2P
2025-01-09 00:00:00	5.4	DoubleDown	DXC4B2P
2025-01-09 00:10:00	12.8	DoubleUp	DXC4B2P
2025-01-09 00:18:00	3.2	DoubleDown	DXC4B2P
2025-01-09 00:28:00	12.8	DoubleUp	DXC4B2P
2025-01-09 00:37:00	15.6	DoubleUp	DXC4B2P
2025-01-09 00:47:00	10.6	DoubleDown	DXC4B2P
2025-01-09 00:57:00	6.9	DoubleDown	DXC4B2P
2025-01-09 01:07:00	13.4	DoubleUp	DXC4B2P
2025-01-09 01:14:00	9.8	DoubleDown	DXC4B2P
2025-01-09 01:23:00	6.2	DoubleDown	DXC4B2P
2025-01-09 01:32:00	7.7	DoubleUp	DXC4B2P
2025-01-09 01:39:00	10.4	DoubleUp	DXC4B2P
2025-01-09 01:48:00	4.7	DoubleDown	DXC4B2P
2025-01-09 01:55:00	9.4	DoubleUp	DXC4B2P
2025-01-09 02:03:00	7.7	DoubleDown	DXC4B2P
2025-01-09 02:13:00	4.1	DoubleDown	DXC4B2P
2025-01-09 02:22:00	6.4	DoubleUp	DXC4B2P
2025-01-09 02:29:00	4.9	DoubleDown	DXC4B2P
2025-01-09 02:39:00	6.4	DoubleUp	DXC4B2P
2025-01-09 02:48:00	9.5	DoubleUp	DXC4B2P
2025-01-09 02:55:00	7.5	DoubleDown	DXC4B2P
2025-01-09 03:04:00	5.7	DoubleDown	DXC4B2P
2025-01-09 03:13:00	14.7	DoubleUp	DXC4B2P
2025-01-09 03:22:00	16.3	DoubleUp	DXC4B2P
2025-01-09 03:29:00	5.8	DoubleDown	DXC4B2P
2025-01-09 03:37:00	5.3	DoubleDown	DXC4B2P
2025-01-09 03:44:00	9.6	DoubleUp	DXC4B2P
2025-01-09 03:52:00	5.3	DoubleDown	DXC4B2P
2025-01-09 04:00:00	4.3	DoubleDown	DXC4B2P
2025-01-09 04:07:00	5.8	DoubleUp	DXC4B2P
2025-01-09 04:14:00	3.9	DoubleDown	DXC4B2P
2025-01-09 04:24:00	9.8	DoubleUp	DXC4B2P
2025-01-09 04:32:00	6.7	DoubleDown	DXC4B2P
2025-01-09 04:41:00	4.6	DoubleDown	DXC4B2P
2025-01-09 04:48:00	10.3	DoubleUp	DXC4B2P
2025-01-09 04:56:00	12.1	DoubleUp	DXC4B2P
2025-01-09 05:03:00	7.1	DoubleDown	DXC4B2P
2025-01-09 05:11:00	6.7	DoubleDown	DXC4B2P
2025-01-09 05:21:00	4.1	DoubleDown	DXC4B2P
2025-01-09 05:31:00	5.2	DoubleUp	DXC4B2P
2025-01-09 05:41:00	12.6	DoubleUp	DXC4B2P
2025-01-09 05:50:00	9.4	DoubleDown	DXC4B2P
2025-01-09 05:59:00	4.9	DoubleDown	DXC4B2P
2025-01-09 06:07:00	4.8	Flat	DXC4B2P
2025-01-09 06:16:00	10.5	DoubleUp	DXC4B2P
2025-01-09 06:24:00	7.6	DoubleDown	DXC4B2P
2025-01-09 06:33:00	12.7	DoubleUp	DXC4B2P
2025-01-09 06:41:00	4.6	DoubleDown	DXC4B2P
2025-01-09 06:48:00	15.7	DoubleUp	DXC4B2P
2025-01-09 06:56:00	4.1	DoubleDown	DXC4B2P
2025-01-09 07:04:00	5.9	DoubleUp	DXC4B2P
2025-01-09 07:14:00	8.3	DoubleUp	DXC4B2P
2025-01-09 07:24:00	12.5	DoubleUp	DXC4B2P
2025-01-09 07:34:00	5.2	DoubleDown	DXC4B2P
2025-01-09 07:41:00	14.1	DoubleUp	DXC4B2P
2025-01-09 07:51:00	8.7	DoubleDown	DXC4B2P
2025-01-09 08:01:00	13	DoubleUp	DXC4B2P
2025-01-09 08:08:00	5.5	DoubleDown	DXC4B2P
2025-01-09 08:16:00	5.4	Flat	DXC4B2P
2025-01-09 08:25:00	4.8	DoubleDown	DXC4B2P
2025-01-09 08:35:00	5.5	DoubleUp	DXC4B2P
2025-01-09 08:44:00	3.1	DoubleDown	DXC4B2P
2025-01-09 08:53:00	13.4	DoubleUp	DXC4B2P
2025-01-09 09:03:00	7.2	DoubleDown	DXC4B2P
2025-01-09 09:11:00	7.6	DoubleUp	DXC4B2P
2025-01-09 09:20:00	13.7	DoubleUp	DXC4B2P
2025-01-09 09:28:00	7.2	DoubleDown	DXC4B2P
2025-01-09 09:36:00	5.4	DoubleDown	DXC4B2P
2025-01-09 09:44:00	4.4	DoubleDown	DXC4B2P
2025-01-09 09:53:00	7.9	DoubleUp	DXC4B2P
2025-01-09 10:02:00	9.1	DoubleUp	DXC4B2P
2025-01-09 10:09:00	3.1	DoubleDown	DXC4B2P
2025-01-09 10:17:00	8.7	DoubleUp	DXC4B2P
2025-01-09 10:26:00	14.5	DoubleUp	DXC4B2P
2025-01-09 10:36:00	11.4	DoubleDown	DXC4B2P
2025-01-09 10:43:00	2.3	DoubleDown	DXC4B2P
2025-01-09 10:53:00	4.9	DoubleUp	DXC4B2P
2025-01-09 11:01:00	16.1	DoubleUp	DXC4B2P
2025-01-09 11:08:00	8.9	DoubleDown	DXC4B2P
2025-01-09 11:18:00	6.2	DoubleDown	DXC4B2P
2025-01-09 11:25:00	6.3	Flat	DXC4B2P
2025-01-09 11:33:00	9.2	DoubleUp	DXC4B2P
2025-01-09 11:41:00	12.2	DoubleUp	DXC4B2P
2025-01-09 11:50:00	16	DoubleUp	DXC4B2P
2025-01-09 12:00:00	14.3	DoubleDown	DXC4B2P
2025-01-09 12:08:00	9.6	DoubleDown	DXC4B2P
2025-01-09 12:18:00	7.7	DoubleDown	DXC4B2P
2025-01-09 12:25:00	8.1	DoubleUp	DXC4B2P
2025-01-09 12:33:00	9.6	DoubleUp	DXC4B2P
2025-01-09 12:41:00	7.4	DoubleDown	DXC4B2P
2025-01-09 12:49:00	4.9	DoubleDown	DXC4B2P
2025-01-09 12:57:00	4.9	Flat	DXC4B2P
2025-01-09 13:06:00	6.6	DoubleUp	DXC4B2P
2025-01-09 13:14:00	4.3	DoubleDown	DXC4B2P
2025-01-09 13:24:00	8.6	DoubleUp	DXC4B2P
2025-01-09 13:34:00	4.5	DoubleDown	DXC4B2P
2025-01-09 13:41:00	6.7	DoubleUp	DXC4B2P
2025-01-09 13:49:00	10.9	DoubleUp	DXC4B2P
2025-01-09 13:56:00	9.9	DoubleDown	DXC4B2P
2025-01-09 14:03:00	4.7	DoubleDown	DXC4B2P
2025-01-09 14:10:00	11.9	DoubleUp	DXC4B2P
2025-01-09 14:19:00	7.7	DoubleDown	DXC4B2P
2025-01-09 14:28:00	5.9	DoubleDown	DXC4B2P
2025-01-09 14:38:00	10.6	DoubleUp	DXC4B2P
2025-01-09 14:45:00	14.7	DoubleUp	DXC4B2P
2025-01-09 14:54:00	7.9	DoubleDown	DXC4B2P
2025-01-09 15:02:00	15.8	DoubleUp	DXC4B2P
2025-01-09 15:09:00	7.9	DoubleDown	DXC4B2P
2025-01-09 15:17:00	14.3	DoubleUp	DXC4B2P
2025-01-09 15:24:00	8.5	DoubleDown	DXC4B2P
2025-01-09 15:32:00	7.5	DoubleDown	DXC4B2P
2025-01-09 15:39:00	13	DoubleUp	DXC4B2P
2025-01-09 15:48:00	6.6	DoubleDown	DXC4B2P
2025-01-09 15:58:00	12.3	DoubleUp	DXC4B2P
2025-01-09 16:06:00	7.3	DoubleDown	DXC4B2P
2025-01-09 16:13:00	7.8	DoubleUp	DXC4B2P
2025-01-09 16:20:00	6.5	DoubleDown	DXC4B2P
2025-01-09 16:28:00	14.7	DoubleUp	DXC4B2P
2025-01-09 16:37:00	4.5	DoubleDown	DXC4B2P
2025-01-09 16:46:00	4.8	DoubleUp	DXC4B2P
2025-01-09 16:55:00	11.8	DoubleUp	DXC4B2P
2025-01-09 17:02:00	9.9	DoubleDown	DXC4B2P
2025-01-09 17:10:00	11.5	DoubleUp	DXC4B2P
2025-01-09 17:17:00	5.3	DoubleDown	DXC4B2P
2025-01-09 17:24:00	3.6	DoubleDown	DXC4B2P
2025-01-09 17:34:00	5.4	DoubleUp	DXC4B2P
2025-01-09 17:42:00	4.3	DoubleDown	DXC4B2P
2025-01-09 17:52:00	5.3	DoubleUp	DXC4B2P
2025-01-09 18:02:00	13.2	DoubleUp	DXC4B2P
2025-01-09 18:12:00	6.6	DoubleDown	DXC4B2P
2025-01-09 18:20:00	5.6	DoubleDown	DXC4B2P
2025-01-09 18:30:00	9.2	DoubleUp	DXC4B2P
2025-01-09 18:37:00	9.5	DoubleUp	DXC4B2P
2025-01-09 18:47:00	10.4	DoubleUp	DXC4B2P
2025-01-09 18:55:00	13	DoubleUp	DXC4B2P
2025-01-09 19:05:00	7.6	DoubleDown	DXC4B2P
2025-01-09 19:15:00	2.3	DoubleDown	DXC4B2P
2025-01-09 19:24:00	7.8	DoubleUp	DXC4B2P
2025-01-09 19:34:00	7.1	DoubleDown	DXC4B2P
2025-01-09 19:44:00	6.1	DoubleDown	DXC4B2P
2025-01-09 19:53:00	4.9	DoubleDown	DXC4B2P
2025-01-09 20:01:00	6.8	DoubleUp	DXC4B2P
2025-01-09 20:11:00	6.9	Flat	DXC4B2P
2025-01-09 20:19:00	5.4	DoubleDown	DXC4B2P
2025-01-09 20:27:00	9.8	DoubleUp	DXC4B2P
2025-01-09 20:37:00	16.2	DoubleUp	DXC4B2P
2025-01-09 20:44:00	12.2	DoubleDown	DXC4B2P
2025-01-09 20:53:00	9.8	DoubleDown	DXC4B2P
2025-01-09 21:00:00	7.3	DoubleDown	DXC4B2P
2025-01-09 21:09:00	7.9	DoubleUp	DXC4B2P
2025-01-09 21:16:00	4	DoubleDown	DXC4B2P
2025-01-09 21:23:00	3.5	DoubleDown	DXC4B2P
2025-01-09 21:30:00	4.7	DoubleUp	DXC4B2P
2025-01-09 21:39:00	13.2	DoubleUp	DXC4B2P
2025-01-09 21:48:00	9.4	DoubleDown	DXC4B2P
2025-01-09 21:55:00	7.6	DoubleDown	DXC4B2P
2025-01-09 22:02:00	11.8	DoubleUp	DXC4B2P
2025-01-09 22:09:00	7.5	DoubleDown	DXC4B2P
2025-01-09 22:17:00	15.3	DoubleUp	DXC4B2P
2025-01-09 22:24:00	5.3	DoubleDown	DXC4B2P
2025-01-09 22:31:00	10.8	DoubleUp	DXC4B2P
2025-01-09 22:41:00	5.2	DoubleDown	DXC4B2P
2025-01-09 22:50:00	8.5	DoubleUp	DXC4B2P
2025-01-09 22:58:00	9.2	DoubleUp	DXC4B2P
2025-01-09 23:08:00	5.9	DoubleDown	DXC4B2P
2025-01-09 23:18:00	9.9	DoubleUp	DXC4B2P
2025-01-09 23:25:00	8	DoubleDown	DXC4B2P
2025-01-09 23:33:00	6.8	DoubleDown	DXC4B2P
2025-01-09 23:40:00	15.9	DoubleUp	DXC4B2P
2025-01-09 23:49:00	9.9	DoubleDown	DXC4B2P
2025-01-09 23:56:00	11.2	DoubleUp	DXC4B2P
2025-01-10 00:05:00	9.4	DoubleDown	DXC4B2P
2025-01-10 00:14:00	4.6	DoubleDown	DXC4B2P
2025-01-10 00:24:00	7.7	DoubleUp	DXC4B2P
2025-01-10 00:32:00	9.3	DoubleUp	DXC4B2P
2025-01-10 00:40:00	6.7	DoubleDown	DXC4B2P
2025-01-10 00:50:00	5.5	DoubleDown	DXC4B2P
2025-01-10 01:00:00	13.8	DoubleUp	DXC4B2P
2025-01-10 01:07:00	12.1	DoubleDown	DXC4B2P
2025-01-10 01:15:00	8.6	DoubleDown	DXC4B2P
2025-01-10 01:22:00	5.3	DoubleDown	DXC4B2P
2025-01-10 01:31:00	7.7	DoubleUp	DXC4B2P
2025-01-10 01:38:00	5.9	DoubleDown	DXC4B2P
2025-01-10 01:45:00	9	DoubleUp	DXC4B2P
2025-01-10 01:53:00	12	DoubleUp	DXC4B2P
2025-01-10 02:00:00	4.7	DoubleDown	DXC4B2P
2025-01-10 02:08:00	9.6	DoubleUp	DXC4B2P
2025-01-10 02:16:00	8.7	DoubleDown	DXC4B2P
2025-01-10 02:26:00	7	DoubleDown	DXC4B2P
2025-01-10 02:36:00	6.1	DoubleDown	DXC4B2P
2025-01-10 02:45:00	9.1	DoubleUp	DXC4B2P
2025-01-10 02:55:00	3.4	DoubleDown	DXC4B2P
2025-01-10 03:02:00	15.1	DoubleUp	DXC4B2P
2025-01-10 03:09:00	8.9	DoubleDown	DXC4B2P
2025-01-10 03:17:00	8.9	Flat	DXC4B2P
2025-01-10 03:25:00	6.9	DoubleDown	DXC4B2P
2025-01-10 03:33:00	13.5	DoubleUp	DXC4B2P
2025-01-10 03:42:00	9.9	DoubleDown	DXC4B2P
2025-01-10 03:51:00	9.4	DoubleDown	DXC4B2P
2025-01-10 03:59:00	9.3	Flat	DXC4B2P
2025-01-10 04:06:00	9.4	Flat	DXC4B2P
2025-01-10 04:13:00	7.2	DoubleDown	DXC4B2P
2025-01-10 04:22:00	4.9	DoubleDown	DXC4B2P
2025-01-10 04:32:00	13.1	DoubleUp	DXC4B2P
2025-01-10 04:40:00	5.7	DoubleDown	DXC4B2P
2025-01-10 04:49:00	3.9	DoubleDown	DXC4B2P
2025-01-10 04:57:00	11.4	DoubleUp	DXC4B2P
2025-01-10 05:05:00	10.5	DoubleDown	DXC4B2P
2025-01-10 05:14:00	8.7	DoubleDown	DXC4B2P
2025-01-10 05:22:00	13.8	DoubleUp	DXC4B2P
2025-01-10 05:31:00	5.8	DoubleDown	DXC4B2P
2025-01-10 05:38:00	8.6	DoubleUp	DXC4B2P
2025-01-10 05:48:00	8.4	SingleDown	DXC4B2P
2025-01-10 05:56:00	15.7	DoubleUp	DXC4B2P
2025-01-10 06:04:00	9.3	DoubleDown	DXC4B2P
2025-01-10 06:13:00	8.9	DoubleDown	DXC4B2P
2025-01-10 06:20:00	12.8	DoubleUp	DXC4B2P
2025-01-10 06:30:00	7.4	DoubleDown	DXC4B2P
2025-01-10 06:40:00	8.2	DoubleUp	DXC4B2P
2025-01-10 06:47:00	8	SingleDown	DXC4B2P
2025-01-10 06:56:00	9.3	DoubleUp	DXC4B2P
2025-01-10 07:06:00	4	DoubleDown	DXC4B2P
2025-01-10 07:15:00	6	DoubleUp	DXC4B2P
2025-01-10 07:24:00	3.1	DoubleDown	DXC4B2P
2025-01-10 07:31:00	8.9	DoubleUp	DXC4B2P
2025-01-10 07:40:00	4.3	DoubleDown	DXC4B2P
2025-01-10 07:49:00	9.8	DoubleUp	DXC4B2P
2025-01-10 07:56:00	6.1	DoubleDown	DXC4B2P
2025-01-10 08:03:00	6.1	Flat	DXC4B2P
2025-01-10 08:10:00	5.2	DoubleDown	DXC4B2P
2025-01-10 08:20:00	9.3	DoubleUp	DXC4B2P
2025-01-10 08:29:00	9.5	SingleUp	DXC4B2P
2025-01-10 08:39:00	9.8	DoubleUp	DXC4B2P
2025-01-10 08:47:00	5.2	DoubleDown	DXC4B2P
2025-01-10 08:54:00	9.4	DoubleUp	DXC4B2P
2025-01-10 09:04:00	4.4	DoubleDown	DXC4B2P
2025-01-10 09:14:00	9.8	DoubleUp	DXC4B2P
2025-01-10 09:21:00	15.6	DoubleUp	DXC4B2P
2025-01-10 09:30:00	5.3	DoubleDown	DXC4B2P
2025-01-10 09:37:00	5.4	Flat	DXC4B2P
2025-01-10 09:46:00	4.9	DoubleDown	DXC4B2P
2025-01-10 09:55:00	10	DoubleUp	DXC4B2P
2025-01-10 10:05:00	9.4	DoubleDown	DXC4B2P
2025-01-10 10:12:00	15.5	DoubleUp	DXC4B2P
2025-01-10 10:21:00	4.1	DoubleDown	DXC4B2P
2025-01-10 10:28:00	12.7	DoubleUp	DXC4B2P
2025-01-10 10:38:00	8.5	DoubleDown	DXC4B2P
2025-01-10 10:46:00	4.7	DoubleDown	DXC4B2P
2025-01-10 10:56:00	8	DoubleUp	DXC4B2P
2025-01-10 11:06:00	7.6	DoubleDown	DXC4B2P
2025-01-10 11:15:00	8.1	DoubleUp	DXC4B2P
2025-01-10 11:23:00	8.6	DoubleUp	DXC4B2P
2025-01-10 11:33:00	12.3	DoubleUp	DXC4B2P
2025-01-10 11:41:00	8.9	DoubleDown	DXC4B2P
2025-01-10 11:49:00	7.7	DoubleDown	DXC4B2P
2025-01-10 11:59:00	4.3	DoubleDown	DXC4B2P
2025-01-10 12:08:00	4.1	SingleDown	DXC4B2P
2025-01-10 12:16:00	6.8	DoubleUp	DXC4B2P
2025-01-10 12:25:00	14.6	DoubleUp	DXC4B2P
2025-01-10 12:34:00	5.5	DoubleDown	DXC4B2P
2025-01-10 12:42:00	3.6	DoubleDown	DXC4B2P
2025-01-10 12:51:00	2.6	DoubleDown	DXC4B2P
2025-01-10 12:59:00	5.9	DoubleUp	DXC4B2P
2025-01-10 13:08:00	5.3	DoubleDown	DXC4B2P
2025-01-10 13:16:00	12.9	DoubleUp	DXC4B2P
2025-01-10 13:24:00	6.9	DoubleDown	DXC4B2P
2025-01-10 13:31:00	6.9	Flat	DXC4B2P
2025-01-10 13:39:00	11.6	DoubleUp	DXC4B2P
2025-01-10 13:48:00	15.7	DoubleUp	DXC4B2P
2025-01-10 13:57:00	5.3	DoubleDown	DXC4B2P
2025-01-10 14:04:00	9.4	DoubleUp	DXC4B2P
2025-01-10 14:14:00	7.2	DoubleDown	DXC4B2P
2025-01-10 14:22:00	10.4	DoubleUp	DXC4B2P
2025-01-10 14:32:00	2.6	DoubleDown	DXC4B2P
2025-01-10 14:40:00	13.6	DoubleUp	DXC4B2P
2025-01-10 14:49:00	8.1	DoubleDown	DXC4B2P
2025-01-10 14:58:00	11.3	DoubleUp	DXC4B2P
2025-01-10 15:06:00	9.3	DoubleDown	DXC4B2P
2025-01-10 15:15:00	11.9	DoubleUp	DXC4B2P
2025-01-10 15:24:00	9.6	DoubleDown	DXC4B2P
2025-01-10 15:31:00	7	DoubleDown	DXC4B2P
2025-01-10 15:41:00	15	DoubleUp	DXC4B2P
2025-01-10 15:51:00	7.6	DoubleDown	DXC4B2P
2025-01-10 15:58:00	9.1	DoubleUp	DXC4B2P
2025-01-10 16:06:00	12	DoubleUp	DXC4B2P
2025-01-10 16:15:00	9.9	DoubleDown	DXC4B2P
2025-01-10 16:24:00	13.4	DoubleUp	DXC4B2P
2025-01-10 16:33:00	15.2	DoubleUp	DXC4B2P
2025-01-10 16:40:00	8.2	DoubleDown	DXC4B2P
2025-01-10 16:47:00	12.7	DoubleUp	DXC4B2P
2025-01-10 16:57:00	10.4	DoubleDown	DXC4B2P
2025-01-10 17:04:00	4.2	DoubleDown	DXC4B2P
2025-01-10 17:13:00	6.7	DoubleUp	DXC4B2P
2025-01-10 17:22:00	7	DoubleUp	DXC4B2P
2025-01-10 17:30:00	8.1	DoubleUp	DXC4B2P
2025-01-10 17:38:00	5.4	DoubleDown	DXC4B2P
2025-01-10 17:46:00	9.1	DoubleUp	DXC4B2P
2025-01-10 17:54:00	4.1	DoubleDown	DXC4B2P
2025-01-10 18:03:00	15.6	DoubleUp	DXC4B2P
2025-01-10 18:10:00	6.4	DoubleDown	DXC4B2P
2025-01-10 18:20:00	10.4	DoubleUp	DXC4B2P
2025-01-10 18:27:00	9.2	DoubleDown	DXC4B2P
2025-01-10 18:37:00	11.3	DoubleUp	DXC4B2P
2025-01-10 18:44:00	5.9	DoubleDown	DXC4B2P
2025-01-10 18:52:00	4.9	DoubleDown	DXC4B2P
2025-01-10 19:02:00	5.7	DoubleUp	DXC4B2P
2025-01-10 19:09:00	4.8	DoubleDown	DXC4B2P
2025-01-10 19:16:00	5.1	DoubleUp	DXC4B2P
2025-01-10 19:25:00	5.9	DoubleUp	DXC4B2P
2025-01-10 19:34:00	11.1	DoubleUp	DXC4B2P
2025-01-10 19:42:00	7.4	DoubleDown	DXC4B2P
2025-01-10 19:49:00	13	DoubleUp	DXC4B2P
2025-01-10 19:56:00	13.3	DoubleUp	DXC4B2P
2025-01-10 20:06:00	6.9	DoubleDown	DXC4B2P
2025-01-10 20:15:00	8.2	DoubleUp	DXC4B2P
2025-01-10 20:23:00	9.2	DoubleUp	DXC4B2P
2025-01-10 20:32:00	5.3	DoubleDown	DXC4B2P
2025-01-10 20:41:00	5.7	DoubleUp	DXC4B2P
2025-01-10 20:50:00	10.9	DoubleUp	DXC4B2P
2025-01-10 21:00:00	16.3	DoubleUp	DXC4B2P
2025-01-10 21:09:00	7.7	DoubleDown	DXC4B2P
2025-01-10 21:16:00	4.1	DoubleDown	DXC4B2P
2025-01-10 21:24:00	13.8	DoubleUp	DXC4B2P
2025-01-10 21:31:00	7.5	DoubleDown	DXC4B2P
2025-01-10 21:39:00	6	DoubleDown	DXC4B2P
2025-01-10 21:46:00	5.5	DoubleDown	DXC4B2P
2025-01-10 21:53:00	7.1	DoubleUp	DXC4B2P
2025-01-10 22:00:00	9.3	DoubleUp	DXC4B2P
2025-01-10 22:10:00	9.9	DoubleUp	DXC4B2P
2025-01-10 22:19:00	6.4	DoubleDown	DXC4B2P
2025-01-10 22:29:00	6.2	SingleDown	DXC4B2P
2025-01-10 22:37:00	7.5	DoubleUp	DXC4B2P
2025-01-10 22:44:00	9.4	DoubleUp	DXC4B2P
2025-01-10 22:52:00	11.6	DoubleUp	DXC4B2P
2025-01-10 22:59:00	7.4	DoubleDown	DXC4B2P
2025-01-10 23:09:00	12.6	DoubleUp	DXC4B2P
2025-01-10 23:19:00	4.2	DoubleDown	DXC4B2P
2025-01-10 23:29:00	9.4	DoubleUp	DXC4B2P
2025-01-10 23:37:00	5.2	DoubleDown	DXC4B2P
2025-01-10 23:44:00	4.2	DoubleDown	DXC4B2P
2025-01-10 23:51:00	7.4	DoubleUp	DXC4B2P
2025-01-10 23:59:00	11.1	DoubleUp	DXC4B2P
2025-01-11 00:07:00	6.7	DoubleDown	DXC4B2P
2025-01-11 00:17:00	9.6	DoubleUp	DXC4B2P
2025-01-11 00:25:00	13.2	DoubleUp	DXC4B2P
2025-01-11 00:35:00	11.8	DoubleDown	DXC4B2P
2025-01-11 00:43:00	5.1	DoubleDown	DXC4B2P
2025-01-11 00:51:00	13.9	DoubleUp	DXC4B2P
2025-01-11 00:58:00	8.6	DoubleDown	DXC4B2P
2025-01-11 01:08:00	9.3	DoubleUp	DXC4B2P
2025-01-11 01:17:00	4.6	DoubleDown	DXC4B2P
2025-01-11 01:25:00	4.1	DoubleDown	DXC4B2P
2025-01-11 01:32:00	9.9	DoubleUp	DXC4B2P
2025-01-11 01:42:00	4.5	DoubleDown	DXC4B2P
2025-01-11 01:51:00	8.3	DoubleUp	DXC4B2P
2025-01-11 02:01:00	10	DoubleUp	DXC4B2P
2025-01-11 02:09:00	8.4	DoubleDown	DXC4B2P
2025-01-11 02:17:00	4.8	DoubleDown	DXC4B2P
2025-01-11 02:27:00	5.9	DoubleUp	DXC4B2P
2025-01-11 02:34:00	5.6	DoubleDown	DXC4B2P
2025-01-11 02:44:00	12.7	DoubleUp	DXC4B2P
2025-01-11 02:51:00	8.4	DoubleDown	DXC4B2P
2025-01-11 03:00:00	6.7	DoubleDown	DXC4B2P
2025-01-11 03:07:00	7.7	DoubleUp	DXC4B2P
2025-01-11 03:15:00	5.8	DoubleDown	DXC4B2P
2025-01-11 03:24:00	4.1	DoubleDown	DXC4B2P
2025-01-11 03:32:00	5	DoubleUp	DXC4B2P
2025-01-11 03:39:00	9.9	DoubleUp	DXC4B2P
2025-01-11 03:49:00	6.8	DoubleDown	DXC4B2P
2025-01-11 03:56:00	9	DoubleUp	DXC4B2P
2025-01-11 04:04:00	9.6	DoubleUp	DXC4B2P
2025-01-11 04:12:00	6	DoubleDown	DXC4B2P
2025-01-11 04:22:00	4.1	DoubleDown	DXC4B2P
2025-01-11 04:30:00	6.8	DoubleUp	DXC4B2P
2025-01-11 04:38:00	7.4	DoubleUp	DXC4B2P
2025-01-11 04:45:00	7.3	Flat	DXC4B2P
2025-01-11 04:52:00	12	DoubleUp	DXC4B2P
2025-01-11 04:59:00	16.1	DoubleUp	DXC4B2P
2025-01-11 05:06:00	7.1	DoubleDown	DXC4B2P
2025-01-11 05:16:00	5.4	DoubleDown	DXC4B2P
2025-01-11 05:25:00	9.6	DoubleUp	DXC4B2P
2025-01-11 05:33:00	6.2	DoubleDown	DXC4B2P
2025-01-11 05:41:00	11.4	DoubleUp	DXC4B2P
2025-01-11 05:51:00	9.2	DoubleDown	DXC4B2P
2025-01-11 05:59:00	5	DoubleDown	DXC4B2P
2025-01-11 06:09:00	7.6	DoubleUp	DXC4B2P
2025-01-11 06:18:00	4.1	DoubleDown	DXC4B2P
2025-01-11 06:27:00	7.8	DoubleUp	DXC4B2P
2025-01-11 06:34:00	11	DoubleUp	DXC4B2P
2025-01-11 06:42:00	5.6	DoubleDown	DXC4B2P
2025-01-11 06:49:00	3.9	DoubleDown	DXC4B2P
2025-01-11 06:59:00	8.1	DoubleUp	DXC4B2P
2025-01-11 07:09:00	4.8	DoubleDown	DXC4B2P
2025-01-11 07:16:00	5.1	DoubleUp	DXC4B2P
2025-01-11 07:25:00	15.4	DoubleUp	DXC4B2P
2025-01-11 07:32:00	4.1	DoubleDown	DXC4B2P
2025-01-11 07:39:00	6.7	DoubleUp	DXC4B2P
2025-01-11 07:49:00	9.5	DoubleUp	DXC4B2P
2025-01-11 07:56:00	13.5	DoubleUp	DXC4B2P
2025-01-11 08:04:00	6.5	DoubleDown	DXC4B2P
2025-01-11 08:12:00	8.7	DoubleUp	DXC4B2P
2025-01-11 08:19:00	14	DoubleUp	DXC4B2P
2025-01-11 08:29:00	4.5	DoubleDown	DXC4B2P
2025-01-11 08:37:00	6.6	DoubleUp	DXC4B2P
2025-01-11 08:46:00	9.4	DoubleUp	DXC4B2P
2025-01-11 08:56:00	9.3	Flat	DXC4B2P
2025-01-11 09:03:00	2.7	DoubleDown	DXC4B2P
2025-01-11 09:12:00	5.7	DoubleUp	DXC4B2P
2025-01-11 09:22:00	7.7	DoubleUp	DXC4B2P
2025-01-11 09:32:00	4.5	DoubleDown	DXC4B2P
2025-01-11 09:42:00	4.2	DoubleDown	DXC4B2P
2025-01-11 09:51:00	6.7	DoubleUp	DXC4B2P
2025-01-11 10:01:00	9.9	DoubleUp	DXC4B2P
2025-01-11 10:11:00	5.5	DoubleDown	DXC4B2P
2025-01-11 10:21:00	8	DoubleUp	DXC4B2P
2025-01-11 10:30:00	5.7	DoubleDown	DXC4B2P
2025-01-11 10:40:00	5.1	DoubleDown	DXC4B2P
2025-01-11 10:47:00	11.4	DoubleUp	DXC4B2P
2025-01-11 10:57:00	5.9	DoubleDown	DXC4B2P
2025-01-11 11:07:00	8.1	DoubleUp	DXC4B2P
2025-01-11 11:17:00	7.3	DoubleDown	DXC4B2P
2025-01-11 11:26:00	5.5	DoubleDown	DXC4B2P
2025-01-11 11:34:00	5.8	DoubleUp	DXC4B2P
2025-01-11 11:43:00	6.8	DoubleUp	DXC4B2P
2025-01-11 11:53:00	8.9	DoubleUp	DXC4B2P
2025-01-11 12:02:00	9.1	SingleUp	DXC4B2P
2025-01-11 12:09:00	13.2	DoubleUp	DXC4B2P
2025-01-11 12:17:00	8.5	DoubleDown	DXC4B2P
2025-01-11 12:25:00	4.4	DoubleDown	DXC4B2P
2025-01-11 12:32:00	4.9	DoubleUp	DXC4B2P
2025-01-11 12:42:00	12.1	DoubleUp	DXC4B2P
2025-01-11 12:52:00	11.7	DoubleDown	DXC4B2P
2025-01-11 12:59:00	11.7	Flat	DXC4B2P
2025-01-11 13:07:00	5.6	DoubleDown	DXC4B2P
2025-01-11 13:16:00	12	DoubleUp	DXC4B2P
2025-01-11 13:26:00	11.9	Flat	DXC4B2P
2025-01-11 13:35:00	15.5	DoubleUp	DXC4B2P
2025-01-11 13:45:00	12.7	DoubleDown	DXC4B2P
2025-01-11 13:54:00	5.4	DoubleDown	DXC4B2P
2025-01-11 14:01:00	11.3	DoubleUp	DXC4B2P
2025-01-11 14:08:00	10.9	DoubleDown	DXC4B2P
2025-01-11 14:18:00	8.2	DoubleDown	DXC4B2P
2025-01-11 14:26:00	5.9	DoubleDown	DXC4B2P
2025-01-11 14:33:00	4.3	DoubleDown	DXC4B2P
2025-01-11 14:40:00	4.1	SingleDown	DXC4B2P
2025-01-11 14:48:00	8.7	DoubleUp	DXC4B2P
2025-01-11 14:57:00	6.5	DoubleDown	DXC4B2P
2025-01-11 15:05:00	9.8	DoubleUp	DXC4B2P
2025-01-11 15:12:00	12.5	DoubleUp	DXC4B2P
2025-01-11 15:19:00	7.7	DoubleDown	DXC4B2P
2025-01-11 15:26:00	8	DoubleUp	DXC4B2P
2025-01-11 15:34:00	6.2	DoubleDown	DXC4B2P
2025-01-11 15:42:00	5.9	DoubleDown	DXC4B2P
2025-01-11 15:51:00	9.1	DoubleUp	DXC4B2P
2025-01-11 15:58:00	11.3	DoubleUp	DXC4B2P
2025-01-11 16:06:00	4.3	DoubleDown	DXC4B2P
2025-01-11 16:16:00	10.6	DoubleUp	DXC4B2P
2025-01-11 16:25:00	13.5	DoubleUp	DXC4B2P
2025-01-11 16:34:00	15.2	DoubleUp	DXC4B2P
2025-01-11 16:44:00	7.4	DoubleDown	DXC4B2P
2025-01-11 16:52:00	11.9	DoubleUp	DXC4B2P
2025-01-11 16:59:00	4.1	DoubleDown	DXC4B2P
2025-01-11 17:09:00	12.7	DoubleUp	DXC4B2P
2025-01-11 17:19:00	5.4	DoubleDown	DXC4B2P
2025-01-11 17:26:00	12.7	DoubleUp	DXC4B2P
2025-01-11 17:35:00	8.7	DoubleDown	DXC4B2P
2025-01-11 17:45:00	6	DoubleDown	DXC4B2P
2025-01-11 17:53:00	8.9	DoubleUp	DXC4B2P
2025-01-11 18:01:00	4.6	DoubleDown	DXC4B2P
2025-01-11 18:10:00	4.5	Flat	DXC4B2P
2025-01-11 18:20:00	6	DoubleUp	DXC4B2P
2025-01-11 18:29:00	8.4	DoubleUp	DXC4B2P
2025-01-11 18:39:00	4.6	DoubleDown	DXC4B2P
2025-01-11 18:46:00	9.4	DoubleUp	DXC4B2P
2025-01-11 18:54:00	7.6	DoubleDown	DXC4B2P
2025-01-11 19:01:00	12.2	DoubleUp	DXC4B2P
2025-01-11 19:09:00	12.5	DoubleUp	DXC4B2P
2025-01-11 19:19:00	7.1	DoubleDown	DXC4B2P
2025-01-11 19:29:00	8.6	DoubleUp	DXC4B2P
2025-01-11 19:37:00	6	DoubleDown	DXC4B2P
2025-01-11 19:47:00	5.9	Flat	DXC4B2P
2025-01-11 19:54:00	4.5	DoubleDown	DXC4B2P
2025-01-11 20:02:00	8.3	DoubleUp	DXC4B2P
2025-01-11 20:10:00	7.8	DoubleDown	DXC4B2P
2025-01-11 20:19:00	5.8	DoubleDown	DXC4B2P
2025-01-11 20:27:00	5.1	DoubleDown	DXC4B2P
2025-01-11 20:37:00	6.4	DoubleUp	DXC4B2P
2025-01-11 20:45:00	6.1	DoubleDown	DXC4B2P
2025-01-11 20:52:00	8	DoubleUp	DXC4B2P
2025-01-11 21:02:00	9.2	DoubleUp	DXC4B2P
2025-01-11 21:11:00	11.2	DoubleUp	DXC4B2P
2025-01-11 21:20:00	12.5	DoubleUp	DXC4B2P
2025-01-11 21:30:00	3.9	DoubleDown	DXC4B2P
2025-01-11 21:39:00	7.3	DoubleUp	DXC4B2P
2025-01-11 21:47:00	7.4	Flat	DXC4B2P
2025-01-11 21:57:00	9.8	DoubleUp	DXC4B2P
2025-01-11 22:06:00	5.3	DoubleDown	DXC4B2P
2025-01-11 22:14:00	5.8	DoubleUp	DXC4B2P
2025-01-11 22:23:00	9	DoubleUp	DXC4B2P
2025-01-11 22:30:00	9.5	DoubleUp	DXC4B2P
2025-01-11 22:38:00	8.5	DoubleDown	DXC4B2P
2025-01-11 22:47:00	5.7	DoubleDown	DXC4B2P
2025-01-11 22:55:00	5.7	Flat	DXC4B2P
2025-01-11 23:03:00	10.6	DoubleUp	DXC4B2P
2025-01-11 23:11:00	7.7	DoubleDown	DXC4B2P
2025-01-11 23:21:00	16.2	DoubleUp	DXC4B2P
2025-01-11 23:30:00	14.7	DoubleDown	DXC4B2P
2025-01-11 23:37:00	9	DoubleDown	DXC4B2P
2025-01-11 23:45:00	6.8	DoubleDown	DXC4B2P
2025-01-11 23:55:00	6.3	DoubleDown	DXC4B2P
2025-01-12 00:02:00	9.3	DoubleUp	DXC4B2P
2025-01-12 00:09:00	8.7	DoubleDown	DXC4B2P
2025-01-12 00:16:00	4.7	DoubleDown	DXC4B2P
2025-01-12 00:26:00	4.8	Flat	DXC4B2P
2025-01-12 00:35:00	7.2	DoubleUp	DXC4B2P
2025-01-12 00:43:00	5	DoubleDown	DXC4B2P
2025-01-12 00:52:00	8.6	DoubleUp	DXC4B2P
2025-01-12 01:01:00	5.2	DoubleDown	DXC4B2P
2025-01-12 01:10:00	7.3	DoubleUp	DXC4B2P
2025-01-12 01:18:00	6	DoubleDown	DXC4B2P
2025-01-12 01:27:00	4.7	DoubleDown	DXC4B2P
2025-01-12 01:34:00	8.2	DoubleUp	DXC4B2P
2025-01-12 01:42:00	3.7	DoubleDown	DXC4B2P
2025-01-12 01:50:00	4.4	DoubleUp	DXC4B2P
2025-01-12 01:59:00	5.8	DoubleUp	DXC4B2P
2025-01-12 02:07:00	11.2	DoubleUp	DXC4B2P
2025-01-12 02:17:00	9.8	DoubleDown	DXC4B2P
2025-01-12 02:27:00	8.5	DoubleDown	DXC4B2P
2025-01-12 02:36:00	5.4	DoubleDown	DXC4B2P
2025-01-12 02:44:00	4	DoubleDown	DXC4B2P
2025-01-12 02:54:00	6.7	DoubleUp	DXC4B2P
2025-01-12 03:02:00	4.2	DoubleDown	DXC4B2P
2025-01-12 03:11:00	13.2	DoubleUp	DXC4B2P
2025-01-12 03:19:00	14.5	DoubleUp	DXC4B2P
2025-01-12 03:28:00	4.8	DoubleDown	DXC4B2P
2025-01-12 03:35:00	4.5	DoubleDown	DXC4B2P
2025-01-12 03:42:00	10.8	DoubleUp	DXC4B2P
2025-01-12 03:52:00	14.7	DoubleUp	DXC4B2P
2025-01-12 04:02:00	6.7	DoubleDown	DXC4B2P
2025-01-12 04:11:00	8.7	DoubleUp	DXC4B2P
2025-01-12 04:19:00	5.2	DoubleDown	DXC4B2P
2025-01-12 04:27:00	8.3	DoubleUp	DXC4B2P
2025-01-12 04:35:00	5.6	DoubleDown	DXC4B2P
2025-01-12 04:45:00	14.3	DoubleUp	DXC4B2P
2025-01-12 04:55:00	4.7	DoubleDown	DXC4B2P
2025-01-12 05:04:00	7.2	DoubleUp	DXC4B2P
2025-01-12 05:13:00	9.1	DoubleUp	DXC4B2P
2025-01-12 05:22:00	8.8	DoubleDown	DXC4B2P
2025-01-12 05:32:00	5	DoubleDown	DXC4B2P
2025-01-12 05:39:00	12.8	DoubleUp	DXC4B2P
2025-01-12 05:49:00	4.8	DoubleDown	DXC4B2P
2025-01-12 05:56:00	8	DoubleUp	DXC4B2P
2025-01-12 06:04:00	5.7	DoubleDown	DXC4B2P
2025-01-12 06:12:00	6.5	DoubleUp	DXC4B2P
2025-01-12 06:20:00	9.5	DoubleUp	DXC4B2P
2025-01-12 06:29:00	9.9	DoubleUp	DXC4B2P
2025-01-12 06:36:00	7.4	DoubleDown	DXC4B2P
2025-01-12 06:43:00	8.3	DoubleUp	DXC4B2P
2025-01-12 06:53:00	7	DoubleDown	DXC4B2P
2025-01-12 07:00:00	7.9	DoubleUp	DXC4B2P
2025-01-12 07:10:00	6.7	DoubleDown	DXC4B2P
2025-01-12 07:18:00	8.4	DoubleUp	DXC4B2P
2025-01-12 07:25:00	13.8	DoubleUp	DXC4B2P
2025-01-12 07:33:00	7.3	DoubleDown	DXC4B2P
2025-01-12 07:40:00	15.3	DoubleUp	DXC4B2P
2025-01-12 07:48:00	6	DoubleDown	DXC4B2P
2025-01-12 07:58:00	14.6	DoubleUp	DXC4B2P
2025-01-12 08:05:00	9.9	DoubleDown	DXC4B2P
2025-01-12 08:13:00	6.4	DoubleDown	DXC4B2P
2025-01-12 08:20:00	13.2	DoubleUp	DXC4B2P
2025-01-12 08:28:00	10.2	DoubleDown	DXC4B2P
2025-01-12 08:38:00	5.1	DoubleDown	DXC4B2P
2025-01-12 08:48:00	3	DoubleDown	DXC4B2P
2025-01-12 08:57:00	9.2	DoubleUp	DXC4B2P
2025-01-12 09:06:00	12.7	DoubleUp	DXC4B2P
2025-01-12 09:14:00	5.2	DoubleDown	DXC4B2P
2025-01-12 09:21:00	8.7	DoubleUp	DXC4B2P
2025-01-12 09:31:00	5	DoubleDown	DXC4B2P
2025-01-12 09:39:00	15.2	DoubleUp	DXC4B2P
2025-01-12 09:49:00	9.8	DoubleDown	DXC4B2P
2025-01-12 09:56:00	13.5	DoubleUp	DXC4B2P
2025-01-12 10:03:00	6.9	DoubleDown	DXC4B2P
2025-01-12 10:13:00	13	DoubleUp	DXC4B2P
2025-01-12 10:21:00	14.7	DoubleUp	DXC4B2P
2025-01-12 10:28:00	7.3	DoubleDown	DXC4B2P
2025-01-12 10:38:00	11	DoubleUp	DXC4B2P
2025-01-12 10:46:00	5	DoubleDown	DXC4B2P
2025-01-12 10:56:00	10.4	DoubleUp	DXC4B2P
2025-01-12 11:04:00	4.2	DoubleDown	DXC4B2P
2025-01-12 11:12:00	8.6	DoubleUp	DXC4B2P
2025-01-12 11:22:00	12.9	DoubleUp	DXC4B2P
2025-01-12 11:29:00	8.1	DoubleDown	DXC4B2P
2025-01-12 11:36:00	12.1	DoubleUp	DXC4B2P
2025-01-12 11:46:00	6.8	DoubleDown	DXC4B2P
2025-01-12 11:56:00	11.4	DoubleUp	DXC4B2P
2025-01-12 12:04:00	4.6	DoubleDown	DXC4B2P
2025-01-12 12:11:00	14.8	DoubleUp	DXC4B2P
2025-01-12 12:21:00	7.4	DoubleDown	DXC4B2P
2025-01-12 12:31:00	5.1	DoubleDown	DXC4B2P
2025-01-12 12:38:00	9.1	DoubleUp	DXC4B2P
2025-01-12 12:45:00	4.7	DoubleDown	DXC4B2P
2025-01-12 12:52:00	8.4	DoubleUp	DXC4B2P
2025-01-12 13:01:00	7.2	DoubleDown	DXC4B2P
2025-01-12 13:10:00	7.2	Flat	DXC4B2P
2025-01-12 13:19:00	10.7	DoubleUp	DXC4B2P
2025-01-12 13:28:00	8.6	DoubleDown	DXC4B2P
2025-01-12 13:38:00	5.6	DoubleDown	DXC4B2P
2025-01-12 13:46:00	7.5	DoubleUp	DXC4B2P
2025-01-12 13:56:00	8.1	DoubleUp	DXC4B2P
2025-01-12 14:04:00	11.1	DoubleUp	DXC4B2P
2025-01-12 14:13:00	10.1	DoubleDown	DXC4B2P
2025-01-12 14:22:00	8.2	DoubleDown	DXC4B2P
2025-01-12 14:31:00	5.6	DoubleDown	DXC4B2P
2025-01-12 14:40:00	8.2	DoubleUp	DXC4B2P
2025-01-12 14:50:00	5.5	DoubleDown	DXC4B2P
2025-01-12 14:59:00	12.3	DoubleUp	DXC4B2P
2025-01-12 15:09:00	9.4	DoubleDown	DXC4B2P
2025-01-12 15:19:00	4.9	DoubleDown	DXC4B2P
2025-01-12 15:29:00	5.3	DoubleUp	DXC4B2P
2025-01-12 15:39:00	11.5	DoubleUp	DXC4B2P
2025-01-12 15:49:00	8.9	DoubleDown	DXC4B2P
2025-01-12 15:58:00	4.6	DoubleDown	DXC4B2P
2025-01-12 16:05:00	8.7	DoubleUp	DXC4B2P
2025-01-12 16:14:00	9.1	DoubleUp	DXC4B2P
2025-01-12 16:23:00	6.7	DoubleDown	DXC4B2P
2025-01-12 16:33:00	14.1	DoubleUp	DXC4B2P
2025-01-12 16:41:00	9.7	DoubleDown	DXC4B2P
2025-01-12 16:50:00	7	DoubleDown	DXC4B2P
2025-01-12 16:57:00	9.6	DoubleUp	DXC4B2P
2025-01-12 17:04:00	6.7	DoubleDown	DXC4B2P
2025-01-12 17:14:00	9.6	DoubleUp	DXC4B2P
2025-01-12 17:21:00	7	DoubleDown	DXC4B2P
2025-01-12 17:28:00	6.3	DoubleDown	DXC4B2P
2025-01-12 17:36:00	4.6	DoubleDown	DXC4B2P
2025-01-12 17:43:00	9.6	DoubleUp	DXC4B2P
2025-01-12 17:50:00	12.2	DoubleUp	DXC4B2P
2025-01-12 18:00:00	6.9	DoubleDown	DXC4B2P
2025-01-12 18:10:00	13.8	DoubleUp	DXC4B2P
2025-01-12 18:20:00	12.8	DoubleDown	DXC4B2P
2025-01-12 18:29:00	7.7	DoubleDown	DXC4B2P
2025-01-12 18:38:00	2.4	DoubleDown	DXC4B2P
2025-01-12 18:45:00	8.9	DoubleUp	DXC4B2P
2025-01-12 18:55:00	3.5	DoubleDown	DXC4B2P
2025-01-12 19:05:00	5.7	DoubleUp	DXC4B2P
2025-01-12 19:14:00	7	DoubleUp	DXC4B2P
2025-01-12 19:23:00	8.2	DoubleUp	DXC4B2P
2025-01-12 19:31:00	7.8	DoubleDown	DXC4B2P
2025-01-12 19:39:00	4.9	DoubleDown	DXC4B2P
2025-01-12 19:48:00	2.9	DoubleDown	DXC4B2P
2025-01-12 19:55:00	4.4	DoubleUp	DXC4B2P
2025-01-12 20:03:00	7.7	DoubleUp	DXC4B2P
2025-01-12 20:10:00	13.2	DoubleUp	DXC4B2P
2025-01-12 20:17:00	10.3	DoubleDown	DXC4B2P
2025-01-12 20:25:00	7.4	DoubleDown	DXC4B2P
2025-01-12 20:35:00	15	DoubleUp	DXC4B2P
2025-01-12 20:43:00	11.3	DoubleDown	DXC4B2P
2025-01-12 20:51:00	9.9	DoubleDown	DXC4B2P
2025-01-12 20:58:00	10.2	DoubleUp	DXC4B2P
2025-01-12 21:06:00	10.7	DoubleUp	DXC4B2P
2025-01-12 21:14:00	8	DoubleDown	DXC4B2P
2025-01-12 21:22:00	4.8	DoubleDown	DXC4B2P
2025-01-12 21:31:00	12	DoubleUp	DXC4B2P
2025-01-12 21:39:00	10.2	DoubleDown	DXC4B2P
2025-01-12 21:48:00	4.9	DoubleDown	DXC4B2P
2025-01-12 21:56:00	8.8	DoubleUp	DXC4B2P
2025-01-12 22:06:00	6.1	DoubleDown	DXC4B2P
2025-01-12 22:16:00	6.1	Flat	DXC4B2P
2025-01-12 22:25:00	4.2	DoubleDown	DXC4B2P
2025-01-12 22:33:00	11.2	DoubleUp	DXC4B2P
2025-01-12 22:42:00	4.3	DoubleDown	DXC4B2P
2025-01-12 22:51:00	15.4	DoubleUp	DXC4B2P
2025-01-12 23:00:00	7.3	DoubleDown	DXC4B2P
2025-01-12 23:09:00	5	DoubleDown	DXC4B2P
2025-01-12 23:16:00	7.2	DoubleUp	DXC4B2P
2025-01-12 23:25:00	4	DoubleDown	DXC4B2P
2025-01-12 23:35:00	12.9	DoubleUp	DXC4B2P
2025-01-12 23:44:00	11.8	DoubleDown	DXC4B2P
2025-01-12 23:51:00	12.6	DoubleUp	DXC4B2P
2025-01-13 00:00:00	9.8	DoubleDown	DXC4B2P
2025-01-13 00:07:00	14.8	DoubleUp	DXC4B2P
2025-01-13 00:14:00	8.1	DoubleDown	DXC4B2P
2025-01-13 00:24:00	5.8	DoubleDown	DXC4B2P
2025-01-13 00:31:00	6.2	DoubleUp	DXC4B2P
2025-01-13 00:39:00	6.6	DoubleUp	DXC4B2P
2025-01-13 00:49:00	15.7	DoubleUp	DXC4B2P
2025-01-13 00:57:00	9	DoubleDown	DXC4B2P
2025-01-13 01:04:00	16.2	DoubleUp	DXC4B2P
2025-01-13 01:11:00	5.1	DoubleDown	DXC4B2P
2025-01-13 01:21:00	8.6	DoubleUp	DXC4B2P
2025-01-13 01:31:00	5.5	DoubleDown	DXC4B2P
2025-01-13 01:38:00	9.8	DoubleUp	DXC4B2P
2025-01-13 01:47:00	9	DoubleDown	DXC4B2P
2025-01-13 01:55:00	6.7	DoubleDown	DXC4B2P
2025-01-13 02:02:00	4.8	DoubleDown	DXC4B2P
2025-01-13 02:12:00	6.7	DoubleUp	DXC4B2P
2025-01-13 02:20:00	6.7	Flat	DXC4B2P
2025-01-13 02:28:00	6.3	DoubleDown	DXC4B2P
2025-01-13 02:35:00	6.9	DoubleUp	DXC4B2P
2025-01-13 02:43:00	8.1	DoubleUp	DXC4B2P
2025-01-13 02:53:00	10.2	DoubleUp	DXC4B2P
2025-01-13 03:00:00	6.3	DoubleDown	DXC4B2P
2025-01-13 03:10:00	13.2	DoubleUp	DXC4B2P
2025-01-13 03:17:00	12.2	DoubleDown	DXC4B2P
2025-01-13 03:26:00	7.9	DoubleDown	DXC4B2P
2025-01-13 03:36:00	4	DoubleDown	DXC4B2P
2025-01-13 03:46:00	9.5	DoubleUp	DXC4B2P
2025-01-13 03:55:00	4.2	DoubleDown	DXC4B2P
2025-01-13 04:04:00	5.5	DoubleUp	DXC4B2P
2025-01-13 04:12:00	13.5	DoubleUp	DXC4B2P
2025-01-13 04:20:00	11.4	DoubleDown	DXC4B2P
2025-01-13 04:28:00	8.5	DoubleDown	DXC4B2P
2025-01-13 04:38:00	9	DoubleUp	DXC4B2P
2025-01-13 04:47:00	10.9	DoubleUp	DXC4B2P
2025-01-13 04:56:00	15.1	DoubleUp	DXC4B2P
2025-01-13 05:05:00	5.4	DoubleDown	DXC4B2P
2025-01-13 05:15:00	16.3	DoubleUp	DXC4B2P
2025-01-13 05:25:00	9.8	DoubleDown	DXC4B2P
2025-01-13 05:32:00	11.8	DoubleUp	DXC4B2P
2025-01-13 05:40:00	4.7	DoubleDown	DXC4B2P
2025-01-13 05:48:00	3.3	DoubleDown	DXC4B2P
2025-01-13 05:58:00	4.9	DoubleUp	DXC4B2P
2025-01-13 06:05:00	4.1	DoubleDown	DXC4B2P
2025-01-13 06:14:00	12.4	DoubleUp	DXC4B2P
2025-01-13 06:24:00	15	DoubleUp	DXC4B2P
2025-01-13 06:32:00	15.7	DoubleUp	DXC4B2P
2025-01-13 06:41:00	6.4	DoubleDown	DXC4B2P
2025-01-13 06:51:00	4.2	DoubleDown	DXC4B2P
2025-01-13 06:58:00	6.5	DoubleUp	DXC4B2P
2025-01-13 07:05:00	4.7	DoubleDown	DXC4B2P
2025-01-13 07:13:00	3.9	DoubleDown	DXC4B2P
2025-01-13 07:20:00	14.9	DoubleUp	DXC4B2P
2025-01-13 07:27:00	7.3	DoubleDown	DXC4B2P
2025-01-13 07:35:00	15.2	DoubleUp	DXC4B2P
2025-01-13 07:42:00	4	DoubleDown	DXC4B2P
2025-01-13 07:49:00	8	DoubleUp	DXC4B2P
2025-01-13 07:59:00	3.2	DoubleDown	DXC4B2P
2025-01-13 08:06:00	6.1	DoubleUp	DXC4B2P
2025-01-13 08:15:00	16.2	DoubleUp	DXC4B2P
2025-01-13 08:23:00	6.8	DoubleDown	DXC4B2P
2025-01-13 08:30:00	7.2	DoubleUp	DXC4B2P
2025-01-13 08:38:00	5.8	DoubleDown	DXC4B2P
2025-01-13 08:46:00	10.3	DoubleUp	DXC4B2P
2025-01-13 08:56:00	5.7	DoubleDown	DXC4B2P
2025-01-13 09:04:00	6.4	DoubleUp	DXC4B2P
2025-01-13 09:12:00	4.2	DoubleDown	DXC4B2P
2025-01-13 09:19:00	10.4	DoubleUp	DXC4B2P
2025-01-13 09:28:00	5.9	DoubleDown	DXC4B2P
2025-01-13 09:36:00	9.6	DoubleUp	DXC4B2P
2025-01-13 09:44:00	11.8	DoubleUp	DXC4B2P
2025-01-13 09:52:00	5.7	DoubleDown	DXC4B2P
2025-01-13 10:02:00	11.5	DoubleUp	DXC4B2P
2025-01-13 10:11:00	7.9	DoubleDown	DXC4B2P
2025-01-13 10:21:00	14.4	DoubleUp	DXC4B2P
2025-01-13 10:28:00	9.5	DoubleDown	DXC4B2P
2025-01-13 10:36:00	10.2	DoubleUp	DXC4B2P
2025-01-13 10:44:00	7.8	DoubleDown	DXC4B2P
2025-01-13 10:53:00	9.2	DoubleUp	DXC4B2P
2025-01-13 11:01:00	9.7	DoubleUp	DXC4B2P
2025-01-13 11:09:00	11.1	DoubleUp	DXC4B2P
2025-01-13 11:19:00	11.8	DoubleUp	DXC4B2P
2025-01-13 11:26:00	12.8	DoubleUp	DXC4B2P
2025-01-13 11:34:00	5.8	DoubleDown	DXC4B2P
2025-01-13 11:41:00	4.1	DoubleDown	DXC4B2P
2025-01-13 11:49:00	11.5	DoubleUp	DXC4B2P
2025-01-13 11:56:00	4.7	DoubleDown	DXC4B2P
2025-01-13 12:03:00	14.8	DoubleUp	DXC4B2P
2025-01-13 12:11:00	8.5	DoubleDown	DXC4B2P
2025-01-13 12:21:00	13.2	DoubleUp	DXC4B2P
2025-01-13 12:31:00	4.3	DoubleDown	DXC4B2P
2025-01-13 12:39:00	8.6	DoubleUp	DXC4B2P
2025-01-13 12:49:00	9.8	DoubleUp	DXC4B2P
2025-01-13 12:57:00	6.8	DoubleDown	DXC4B2P
2025-01-13 13:06:00	5.8	DoubleDown	DXC4B2P
2025-01-13 13:14:00	4.6	DoubleDown	DXC4B2P
2025-01-13 13:22:00	9.2	DoubleUp	DXC4B2P
2025-01-13 13:29:00	7.2	DoubleDown	DXC4B2P
2025-01-13 13:37:00	13.2	DoubleUp	DXC4B2P
2025-01-13 13:46:00	5	DoubleDown	DXC4B2P
2025-01-13 13:56:00	4.1	DoubleDown	DXC4B2P
2025-01-13 14:04:00	15	DoubleUp	DXC4B2P
2025-01-13 14:13:00	10.2	DoubleDown	DXC4B2P
2025-01-13 14:23:00	4.5	DoubleDown	DXC4B2P
2025-01-13 14:30:00	6.4	DoubleUp	DXC4B2P
2025-01-13 14:37:00	4.9	DoubleDown	DXC4B2P
2025-01-13 14:46:00	7.6	DoubleUp	DXC4B2P
2025-01-13 14:56:00	8	DoubleUp	DXC4B2P
2025-01-13 15:05:00	9	DoubleUp	DXC4B2P
2025-01-13 15:15:00	10.8	DoubleUp	DXC4B2P
2025-01-13 15:24:00	13.6	DoubleUp	DXC4B2P
2025-01-13 15:31:00	4.3	DoubleDown	DXC4B2P
2025-01-13 15:38:00	7.4	DoubleUp	DXC4B2P
2025-01-13 15:47:00	5.1	DoubleDown	DXC4B2P
2025-01-13 15:56:00	6.9	DoubleUp	DXC4B2P
2025-01-13 16:03:00	9.4	DoubleUp	DXC4B2P
2025-01-13 16:12:00	4.3	DoubleDown	DXC4B2P
2025-01-13 16:20:00	7.1	DoubleUp	DXC4B2P
2025-01-13 16:30:00	11.3	DoubleUp	DXC4B2P
2025-01-13 16:37:00	10.5	DoubleDown	DXC4B2P
2025-01-13 16:47:00	14.4	DoubleUp	DXC4B2P
2025-01-13 16:57:00	9.8	DoubleDown	DXC4B2P
2025-01-13 17:06:00	12	DoubleUp	DXC4B2P
2025-01-13 17:16:00	8.2	DoubleDown	DXC4B2P
2025-01-13 17:24:00	9	DoubleUp	DXC4B2P
2025-01-13 17:34:00	5.7	DoubleDown	DXC4B2P
2025-01-13 17:42:00	5.8	Flat	DXC4B2P
2025-01-13 17:51:00	7	DoubleUp	DXC4B2P
2025-01-13 18:00:00	6.4	DoubleDown	DXC4B2P
2025-01-13 18:10:00	11.3	DoubleUp	DXC4B2P
2025-01-13 18:18:00	7.5	DoubleDown	DXC4B2P
2025-01-13 18:28:00	5.3	DoubleDown	DXC4B2P
2025-01-13 18:36:00	9.3	DoubleUp	DXC4B2P
2025-01-13 18:45:00	13.6	DoubleUp	DXC4B2P
2025-01-13 18:55:00	5.3	DoubleDown	DXC4B2P
2025-01-13 19:05:00	10.9	DoubleUp	DXC4B2P
2025-01-13 19:14:00	10.4	DoubleDown	DXC4B2P
2025-01-13 19:22:00	5.2	DoubleDown	DXC4B2P
2025-01-13 19:31:00	15.4	DoubleUp	DXC4B2P
2025-01-13 19:40:00	5.2	DoubleDown	DXC4B2P
2025-01-13 19:50:00	3.5	DoubleDown	DXC4B2P
2025-01-13 19:59:00	8	DoubleUp	DXC4B2P
2025-01-13 20:09:00	4.3	DoubleDown	DXC4B2P
2025-01-13 20:18:00	13.5	DoubleUp	DXC4B2P
2025-01-13 20:26:00	8.5	DoubleDown	DXC4B2P
2025-01-13 20:33:00	10	DoubleUp	DXC4B2P
2025-01-13 20:41:00	8.1	DoubleDown	DXC4B2P
2025-01-13 20:48:00	7.7	DoubleDown	DXC4B2P
2025-01-13 20:58:00	4	DoubleDown	DXC4B2P
2025-01-13 21:05:00	8.3	DoubleUp	DXC4B2P
2025-01-13 21:15:00	5.2	DoubleDown	DXC4B2P
2025-01-13 21:24:00	5.1	Flat	DXC4B2P
2025-01-13 21:31:00	7.5	DoubleUp	DXC4B2P
2025-01-13 21:39:00	9.4	DoubleUp	DXC4B2P
2025-01-13 21:46:00	6.7	DoubleDown	DXC4B2P
2025-01-13 21:55:00	11.8	DoubleUp	DXC4B2P
2025-01-13 22:05:00	4.2	DoubleDown	DXC4B2P
2025-01-13 22:15:00	9.7	DoubleUp	DXC4B2P
2025-01-13 22:22:00	4.8	DoubleDown	DXC4B2P
2025-01-13 22:29:00	6.2	DoubleUp	DXC4B2P
2025-01-13 22:36:00	15.2	DoubleUp	DXC4B2P
2025-01-13 22:46:00	14.9	DoubleDown	DXC4B2P
2025-01-13 22:53:00	16.4	DoubleUp	DXC4B2P
2025-01-13 23:01:00	9	DoubleDown	DXC4B2P
2025-01-13 23:09:00	12.7	DoubleUp	DXC4B2P
2025-01-13 23:19:00	11.1	DoubleDown	DXC4B2P
2025-01-13 23:29:00	8.8	DoubleDown	DXC4B2P
2025-01-13 23:38:00	7.5	DoubleDown	DXC4B2P
2025-01-13 23:48:00	9.1	DoubleUp	DXC4B2P
2025-01-13 23:57:00	8.7	DoubleDown	DXC4B2P
2025-01-14 00:07:00	6.5	DoubleDown	DXC4B2P
2025-01-14 00:17:00	9.7	DoubleUp	DXC4B2P
2025-01-14 00:25:00	11	DoubleUp	DXC4B2P
2025-01-14 00:35:00	7.6	DoubleDown	DXC4B2P
2025-01-14 00:42:00	5.9	DoubleDown	DXC4B2P
2025-01-14 00:52:00	11.7	DoubleUp	DXC4B2P
2025-01-14 01:00:00	5.8	DoubleDown	DXC4B2P
2025-01-14 01:08:00	7.9	DoubleUp	DXC4B2P
2025-01-14 01:18:00	10.6	DoubleUp	DXC4B2P
2025-01-14 01:28:00	5.9	DoubleDown	DXC4B2P
2025-01-14 01:37:00	5.7	SingleDown	DXC4B2P
2025-01-14 01:46:00	9.7	DoubleUp	DXC4B2P
2025-01-14 01:56:00	4	DoubleDown	DXC4B2P
2025-01-14 02:05:00	8.8	DoubleUp	DXC4B2P
2025-01-14 02:12:00	4.6	DoubleDown	DXC4B2P
2025-01-14 02:19:00	6	DoubleUp	DXC4B2P
2025-01-14 02:28:00	7.4	DoubleUp	DXC4B2P
2025-01-14 02:35:00	9	DoubleUp	DXC4B2P
2025-01-14 02:43:00	14.1	DoubleUp	DXC4B2P
2025-01-14 02:50:00	7.2	DoubleDown	DXC4B2P
2025-01-14 02:59:00	8.3	DoubleUp	DXC4B2P
2025-01-14 03:09:00	14.4	DoubleUp	DXC4B2P
2025-01-14 03:16:00	8.1	DoubleDown	DXC4B2P
2025-01-14 03:24:00	9.3	DoubleUp	DXC4B2P
2025-01-14 03:33:00	9.3	Flat	DXC4B2P
2025-01-14 03:43:00	6.2	DoubleDown	DXC4B2P
2025-01-14 03:50:00	9.6	DoubleUp	DXC4B2P
2025-01-14 04:00:00	5.7	DoubleDown	DXC4B2P
2025-01-14 04:10:00	6.2	DoubleUp	DXC4B2P
2025-01-14 04:17:00	5.8	DoubleDown	DXC4B2P
2025-01-14 04:25:00	4.9	DoubleDown	DXC4B2P
2025-01-14 04:34:00	7	DoubleUp	DXC4B2P
2025-01-14 04:42:00	11.6	DoubleUp	DXC4B2P
2025-01-14 04:51:00	5	DoubleDown	DXC4B2P
2025-01-14 04:58:00	12.6	DoubleUp	DXC4B2P
2025-01-14 05:08:00	16.2	DoubleUp	DXC4B2P
2025-01-14 05:16:00	15.4	DoubleDown	DXC4B2P
2025-01-14 05:24:00	7.7	DoubleDown	DXC4B2P
2025-01-14 05:32:00	4.1	DoubleDown	DXC4B2P
2025-01-14 05:40:00	5.1	DoubleUp	DXC4B2P
2025-01-14 05:49:00	6.5	DoubleUp	DXC4B2P
2025-01-14 05:58:00	8.2	DoubleUp	DXC4B2P
2025-01-14 06:05:00	6	DoubleDown	DXC4B2P
2025-01-14 06:14:00	9.9	DoubleUp	DXC4B2P
2025-01-14 06:23:00	4.6	DoubleDown	DXC4B2P
2025-01-14 06:30:00	13.4	DoubleUp	DXC4B2P
2025-01-14 06:40:00	6.2	DoubleDown	DXC4B2P
2025-01-14 06:49:00	4.1	DoubleDown	DXC4B2P
2025-01-14 06:59:00	13.8	DoubleUp	DXC4B2P
2025-01-14 07:08:00	8.1	DoubleDown	DXC4B2P
2025-01-14 07:16:00	10.6	DoubleUp	DXC4B2P
2025-01-14 07:26:00	4.2	DoubleDown	DXC4B2P
2025-01-14 07:36:00	6.4	DoubleUp	DXC4B2P
2025-01-14 07:43:00	6.6	SingleUp	DXC4B2P
2025-01-14 07:53:00	5.5	DoubleDown	DXC4B2P
2025-01-14 08:01:00	11.8	DoubleUp	DXC4B2P
2025-01-14 08:10:00	6.9	DoubleDown	DXC4B2P
2025-01-14 08:19:00	4.2	DoubleDown	DXC4B2P
2025-01-14 08:27:00	7.9	DoubleUp	DXC4B2P
2025-01-14 08:35:00	12.2	DoubleUp	DXC4B2P
2025-01-14 08:45:00	5.7	DoubleDown	DXC4B2P
2025-01-14 08:53:00	13.9	DoubleUp	DXC4B2P
2025-01-14 09:00:00	8.8	DoubleDown	DXC4B2P
2025-01-14 09:10:00	8.9	Flat	DXC4B2P
2025-01-14 09:17:00	9.5	DoubleUp	DXC4B2P
2025-01-14 09:25:00	9.2	DoubleDown	DXC4B2P
2025-01-14 09:33:00	7.8	DoubleDown	DXC4B2P
2025-01-14 09:43:00	6.2	DoubleDown	DXC4B2P
2025-01-14 09:50:00	13.4	DoubleUp	DXC4B2P
2025-01-14 09:59:00	8.7	DoubleDown	DXC4B2P
2025-01-14 10:09:00	9.9	DoubleUp	DXC4B2P
2025-01-14 10:16:00	4.7	DoubleDown	DXC4B2P
2025-01-14 10:23:00	3.3	DoubleDown	DXC4B2P
2025-01-14 10:32:00	13.7	DoubleUp	DXC4B2P
2025-01-14 10:41:00	4.8	DoubleDown	DXC4B2P
2025-01-14 10:50:00	5	SingleUp	DXC4B2P
2025-01-14 10:58:00	8.4	DoubleUp	DXC4B2P
2025-01-14 11:08:00	5.9	DoubleDown	DXC4B2P
2025-01-14 11:15:00	4	DoubleDown	DXC4B2P
2025-01-14 11:22:00	4.5	DoubleUp	DXC4B2P
2025-01-14 11:30:00	12.1	DoubleUp	DXC4B2P
2025-01-14 11:39:00	10.6	DoubleDown	DXC4B2P
2025-01-14 11:49:00	8.3	DoubleDown	DXC4B2P
2025-01-14 11:57:00	15.3	DoubleUp	DXC4B2P
2025-01-14 12:05:00	13.6	DoubleDown	DXC4B2P
2025-01-14 12:15:00	9.6	DoubleDown	DXC4B2P
2025-01-14 12:25:00	5.7	DoubleDown	DXC4B2P
2025-01-14 12:33:00	8.3	DoubleUp	DXC4B2P
2025-01-14 12:43:00	6.7	DoubleDown	DXC4B2P
2025-01-14 12:52:00	5.3	DoubleDown	DXC4B2P
2025-01-14 13:01:00	5.1	SingleDown	DXC4B2P
2025-01-14 13:11:00	5.7	DoubleUp	DXC4B2P
2025-01-14 13:21:00	6	DoubleUp	DXC4B2P
2025-01-14 13:28:00	10.8	DoubleUp	DXC4B2P
2025-01-14 13:36:00	5	DoubleDown	DXC4B2P
2025-01-14 13:44:00	6.8	DoubleUp	DXC4B2P
2025-01-14 13:51:00	5.9	DoubleDown	DXC4B2P
2025-01-14 13:58:00	13.4	DoubleUp	DXC4B2P
2025-01-14 14:08:00	9.7	DoubleDown	DXC4B2P
2025-01-14 14:16:00	8.1	DoubleDown	DXC4B2P
2025-01-14 14:23:00	5.5	DoubleDown	DXC4B2P
2025-01-14 14:31:00	13.2	DoubleUp	DXC4B2P
2025-01-14 14:40:00	9.5	DoubleDown	DXC4B2P
2025-01-14 14:49:00	5	DoubleDown	DXC4B2P
2025-01-14 14:59:00	9.7	DoubleUp	DXC4B2P
2025-01-14 15:09:00	15.6	DoubleUp	DXC4B2P
2025-01-14 15:19:00	6.1	DoubleDown	DXC4B2P
2025-01-14 15:27:00	12.5	DoubleUp	DXC4B2P
2025-01-14 15:34:00	12.3	SingleDown	DXC4B2P
2025-01-14 15:44:00	9.4	DoubleDown	DXC4B2P
2025-01-14 15:52:00	4.9	DoubleDown	DXC4B2P
2025-01-14 16:02:00	2.3	DoubleDown	DXC4B2P
2025-01-14 16:11:00	4	DoubleUp	DXC4B2P
2025-01-14 16:20:00	5.7	DoubleUp	DXC4B2P
2025-01-14 16:27:00	8.6	DoubleUp	DXC4B2P
2025-01-14 16:36:00	6.5	DoubleDown	DXC4B2P
2025-01-14 16:44:00	4	DoubleDown	DXC4B2P
2025-01-14 16:52:00	5.3	DoubleUp	DXC4B2P