Name:John Doe	Date Range:2025-01-01 - 2025-01-14
Timestamp	Glucose Value (mmol/L)	Trend Arrow	Transmitter ID
2025-01-01 00:00:00	8.1	Flat	DXC4B2P
2025-01-01 00:08:00	4	DoubleDown	DXC4B2P
2025-01-01 00:15:00	9.6	DoubleUp	DXC4B2P
2025-01-01 00:22:00	11.2	DoubleUp	DXC4B2P
2025-01-01 00:31:00	8.1	DoubleDown	DXC4B2P
2025-01-01 00:38:00	5.5	DoubleDown	DXC4B2P
2025-01-01 00:47:00	12.4	DoubleUp	DXC4B2P
2025-01-01 00:57:00	7.1	DoubleDown	DXC4B2P
2025-01-01 01:05:00	4.3	DoubleDown	DXC4B2P
2025-01-01 01:12:00	6.8	DoubleUp	DXC4B2P
2025-01-01 01:21:00	6	DoubleDown	DXC4B2P
2025-01-01 01:28:00	15.2	DoubleUp	DXC4B2P
2025-01-01 01:36:00	5.5	DoubleDown	DXC4B2P
2025-01-01 01:43:00	13	DoubleUp	DXC4B2P
2025-01-01 01:53:00	4.4	DoubleDown	DXC4B2P
2025-01-01 02:00:00	3.4	DoubleDown	DXC4B2P
2025-01-01 02:07:00	9.1	DoubleUp	DXC4B2P
2025-01-01 02:15:00	4.7	DoubleDown	DXC4B2P
2025-01-01 02:22:00	5.2	DoubleUp	DXC4B2P
2025-01-01 02:31:00	9.6	DoubleUp	DXC4B2P
2025-01-01 02:39:00	4.1	DoubleDown	DXC4B2P
2025-01-01 02:48:00	11.3	DoubleUp	DXC4B2P
2025-01-01 02:57:00	4.8	DoubleDown	DXC4B2P
2025-01-01 03:04:00	15.2	DoubleUp	DXC4B2P
2025-01-01 03:13:00	7.6	DoubleDown	DXC4B2P
2025-01-01 03:21:00	4.7	DoubleDown	DXC4B2P
2025-01-01 03:29:00	7.2	DoubleUp	DXC4B2P
2025-01-01 03:37:00	4.8	DoubleDown	DXC4B2P
2025-01-01 03:47:00	6.9	DoubleUp	DXC4B2P
2025-01-01 03:57:00	4.4	DoubleDown	DXC4B2P
2025-01-01 04:07:00	6.4	DoubleUp	DXC4B2P
2025-01-01 04:15:00	6.1	DoubleDown	DXC4B2P
2025-01-01 04:22:00	11.4	DoubleUp	DXC4B2P
2025-01-01 04:32:00	4.4	DoubleDown	DXC4B2P
2025-01-01 04:42:00	11.8	DoubleUp	DXC4B2P
2025-01-01 04:52:00	12	SingleUp	DXC4B2P
2025-01-01 05:00:00	8.6	DoubleDown	DXC4B2P
2025-01-01 05:07:00	9.2	DoubleUp	DXC4B2P
2025-01-01 05:14:00	7.7	DoubleDown	DXC4B2P
2025-01-01 05:21:00	8.9	DoubleUp	DXC4B2P
2025-01-01 05:30:00	6.4	DoubleDown	DXC4B2P
2025-01-01 05:40:00	7.4	DoubleUp	DXC4B2P
2025-01-01 05:48:00	4.3	DoubleDown	DXC4B2P
2025-01-01 05:55:00	5.3	DoubleUp	DXC4B2P
2025-01-01 06:04:00	5.8	DoubleUp	DXC4B2P
2025-01-01 06:14:00	14.2	DoubleUp	DXC4B2P
2025-01-01 06:24:00	5.2	DoubleDown	DXC4B2P
2025-01-01 06:32:00	7.8	DoubleUp	DXC4B2P
2025-01-01 06:39:00	9.2	DoubleUp	DXC4B2P
2025-01-01 06:47:00	6.7	DoubleDown	DXC4B2P
2025-01-01 06:55:00	9.8	DoubleUp	DXC4B2P
2025-01-01 07:04:00	14.8	DoubleUp	DXC4B2P
2025-01-01 07:13:00	3.9	DoubleDown	DXC4B2P
2025-01-01 07:21:00	7.6	DoubleUp	DXC4B2P
2025-01-01 07:30:00	10	DoubleUp	DXC4B2P
2025-01-01 07:40:00	13.8	DoubleUp	DXC4B2P
2025-01-01 07:50:00	8.8	DoubleDown	DXC4B2P
2025-01-01 07:57:00	7.5	DoubleDown	DXC4B2P
2025-01-01 08:07:00	10.6	DoubleUp	DXC4B2P
2025-01-01 08:16:00	7.5	DoubleDown	DXC4B2P
2025-01-01 08:24:00	12	DoubleUp	DXC4B2P
2025-01-01 08:34:00	14.7	DoubleUp	DXC4B2P
2025-01-01 08:43:00	7	DoubleDown	DXC4B2P
2025-01-01 08:53:00	3.9	DoubleDown	DXC4B2P
2025-01-01 09:02:00	5.4	DoubleUp	DXC4B2P
2025-01-01 09:12:00	4.1	DoubleDown	DXC4B2P
2025-01-01 09:21:00	11.7	DoubleUp	DXC4B2P
2025-01-01 09:29:00	5	DoubleDown	DXC4B2P
2025-01-01 09:36:00	7.9	DoubleUp	DXC4B2P
2025-01-01 09:45:00	8.8	DoubleUp	DXC4B2P
2025-01-01 09:52:00	6.3	DoubleDown	DXC4B2P
2025-01-01 09:59:00	9.1	DoubleUp	DXC4B2P
2025-01-01 10:07:00	5.7	DoubleDown	DXC4B2P
2025-01-01 10:17:00	15.3	DoubleUp	DXC4B2P
2025-01-01 10:24:00	11.2	DoubleDown	DXC4B2P
2025-01-01 10:34:00	11.3	Flat	DXC4B2P
2025-01-01 10:43:00	7.5	DoubleDown	DXC4B2P
2025-01-01 10:52:00	15.9	DoubleUp	DXC4B2P
2025-01-01 11:02:00	9.8	DoubleDown	DXC4B2P
2025-01-01 11:10:00	4.8	DoubleDown	DXC4B2P
2025-01-01 11:17:00	11.4	DoubleUp	DXC4B2P
2025-01-01 11:27:00	4.9	DoubleDown	DXC4B2P
2025-01-01 11:34:00	5.4	DoubleUp	DXC4B2P
2025-01-01 11:41:00	8.5	DoubleUp	DXC4B2P
2025-01-01 11:50:00	6.9	DoubleDown	DXC4B2P
2025-01-01 12:00:00	4.8	DoubleDown	DXC4B2P
2025-01-01 12:10:00	13.3	DoubleUp	DXC4B2P
2025-01-01 12:20:00	7.8	DoubleDown	DXC4B2P
2025-01-01 12:29:00	7.2	DoubleDown	DXC4B2P
2025-01-01 12:39:00	7.4	SingleUp	DXC4B2P
2025-01-01 12:47:00	11.8	DoubleUp	DXC4B2P
2025-01-01 12:54:00	13.9	DoubleUp	DXC4B2P
2025-01-01 13:04:00	5.2	DoubleDown	DXC4B2P
2025-01-01 13:12:00	7.9	DoubleUp	DXC4B2P
2025-01-01 13:20:00	9.8	DoubleUp	DXC4B2P
2025-01-01 13:29:00	12.6	DoubleUp	DXC4B2P
2025-01-01 13:36:00	4.8	DoubleDown	DXC4B2P
2025-01-01 13:46:00	11.3	DoubleUp	DXC4B2P
2025-01-01 13:54:00	9.9	DoubleDown	DXC4B2P
2025-01-01 14:01:00	9.3	DoubleDown	DXC4B2P
2025-01-01 14:11:00	10.8	DoubleUp	DXC4B2P
2025-01-01 14:21:00	9.7	DoubleDown	DXC4B2P
2025-01-01 14:28:00	4.8	DoubleDown	DXC4B2P
2025-01-01 14:37:00	7.6	DoubleUp	DXC4B2P
2025-01-01 14:45:00	12.7	DoubleUp	DXC4B2P
2025-01-01 14:54:00	10.9	DoubleDown	DXC4B2P
2025-01-01 15:03:00	11.8	DoubleUp	DXC4B2P
2025-01-01 15:12:00	12.1	DoubleUp	DXC4B2P
2025-01-01 15:21:00	8.6	DoubleDown	DXC4B2P
2025-01-01 15:31:00	13.1	DoubleUp	DXC4B2P
2025-01-01 15:40:00	5.8	DoubleDown	DXC4B2P
2025-01-01 15:49:00	11.1	DoubleUp	DXC4B2P
2025-01-01 15:57:00	16.3	DoubleUp	DXC4B2P
2025-01-01 16:06:00	8.8	DoubleDown	DXC4B2P
2025-01-01 16:15:00	13.8	DoubleUp	DXC4B2P
2025-01-01 16:22:00	7.8	DoubleDown	DXC4B2P
2025-01-01 16:32:00	11.8	DoubleUp	DXC4B2P
2025-01-01 16:40:00	6.6	DoubleDown	DXC4B2P
2025-01-01 16:50:00	9.5	DoubleUp	DXC4B2P
2025-01-01 16:59:00	13.5	DoubleUp	DXC4B2P
2025-01-01 17:09:00	5.6	DoubleDown	DXC4B2P
2025-01-01 17:18:00	15.6	DoubleUp	DXC4B2P
2025-01-01 17:25:00	12.9	DoubleDown	DXC4B2P
2025-01-01 17:34:00	4.1	DoubleDown	DXC4B2P
2025-01-01 17:42:00	6.3	DoubleUp	DXC4B2P
2025-01-01 17:49:00	9.5	DoubleUp	DXC4B2P
2025-01-01 17:56:00	13.7	DoubleUp	DXC4B2P
2025-01-01 18:06:00	5.6	DoubleDown	DXC4B2P
2025-01-01 18:13:00	10.4	DoubleUp	DXC4B2P
2025-01-01 18:21:00	8.5	DoubleDown	DXC4B2P
2025-01-01 18:30:00	15.1	DoubleUp	DXC4B2P
2025-01-01 18:37:00	7.7	DoubleDown	DXC4B2P
2025-01-01 18:46:00	11.4	DoubleUp	DXC4B2P
2025-01-01 18:54:00	9.6	DoubleDown	DXC4B2P
2025-01-01 19:02:00	5.1	DoubleDown	DXC4B2P
2025-01-01 19:11:00	16.4	DoubleUp	DXC4B2P
2025-01-01 19:19:00	9.9	DoubleDown	DXC4B2P
2025-01-01 19:29:00	8.3	DoubleDown	DXC4B2P
2025-01-01 19:38:00	8.8	DoubleUp	DXC4B2P
2025-01-01 19:45:00	5.7	DoubleDown	DXC4B2P
2025-01-01 19:54:00	14.2	DoubleUp	DXC4B2P
2025-01-01 20:04:00	7.8	DoubleDown	DXC4B2P
2025-01-01 20:14:00	5	DoubleDown	DXC4B2P
2025-01-01 20:22:00	4.5	DoubleDown	DXC4B2P
2025-01-01 20:31:00	4.9	DoubleUp	DXC4B2P
2025-01-01 20:38:00	4.8	Flat	DXC4B2P
2025-01-01 20:48:00	8.8	DoubleUp	DXC4B2P
2025-01-01 20:55:00	10.8	DoubleUp	DXC4B2P
2025-01-01 21:05:00	8.5	DoubleDown	DXC4B2P
2025-01-01 21:13:00	8.3	SingleDown	DXC4B2P
2025-01-01 21:20:00	4.1	DoubleDown	DXC4B2P
2025-01-01 21:30:00	15	DoubleUp	DXC4B2P
2025-01-01 21:39:00	6.1	DoubleDown	DXC4B2P
2025-01-01 21:49:00	8.9	DoubleUp	DXC4B2P
2025-01-01 21:57:00	14.8	DoubleUp	DXC4B2P
2025-01-01 22:04:00	8.1	DoubleDown	DXC4B2P
2025-01-01 22:14:00	7.1	DoubleDown	DXC4B2P
2025-01-01 22:21:00	5.9	DoubleDown	DXC4B2P
2025-01-01 22:31:00	4.1	DoubleDown	DXC4B2P
2025-01-01 22:39:00	8.3	DoubleUp	DXC4B2P
2025-01-01 22:46:00	4.3	DoubleDown	DXC4B2P
2025-01-01 22:56:00	12.6	DoubleUp	DXC4B2P
2025-01-01 23:06:00	15.5	DoubleUp	DXC4B2P
2025-01-01 23:15:00	4.9	DoubleDown	DXC4B2P
2025-01-01 23:22:00	5.1	SingleUp	DXC4B2P
2025-01-01 23:30:00	8.2	DoubleUp	DXC4B2P
2025-01-01 23:38:00	6.1	DoubleDown	DXC4B2P
2025-01-01 23:47:00	6.2	Flat	DXC4B2P
2025-01-01 23:57:00	4.5	DoubleDown	DXC4B2P
2025-01-02 00:06:00	6.1	DoubleUp	DXC4B2P
2025-01-02 00:16:00	4.5	DoubleDown	DXC4B2P
2025-01-02 00:25:00	10.3	DoubleUp	DXC4B2P
2025-01-02 00:33:00	8.4	DoubleDown	DXC4B2P
2025-01-02 00:41:00	4.6	DoubleDown	DXC4B2P
2025-01-02 00:50:00	9.8	DoubleUp	DXC4B2P
2025-01-02 00:57:00	9.3	DoubleDown	DXC4B2P
2025-01-02 01:06:00	9.2	Flat	DXC4B2P
2025-01-02 01:13:00	4.4	DoubleDown	DXC4B2P
2025-01-02 01:21:00	16.5	DoubleUp	DXC4B2P
2025-01-02 01:29:00	10.8	DoubleDown	DXC4B2P
2025-01-02 01:38:00	10.3	DoubleDown	DXC4B2P
2025-01-02 01:47:00	4	DoubleDown	DXC4B2P
2025-01-02 01:54:00	8.1	DoubleUp	DXC4B2P
2025-01-02 02:03:00	8.9	DoubleUp	DXC4B2P
2025-01-02 02:12:00	6.4	DoubleDown	DXC4B2P
2025-01-02 02:19:00	14.9	DoubleUp	DXC4B2P
2025-01-02 02:28:00	13	DoubleDown	DXC4B2P
2025-01-02 02:35:00	4.4	DoubleDown	DXC4B2P
2025-01-02 02:42:00	10.9	DoubleUp	DXC4B2P
2025-01-02 02:51:00	6.9	DoubleDown	DXC4B2P
2025-01-02 03:01:00	6.5	DoubleDown	DXC4B2P
2025-01-02 03:08:00	11.2	DoubleUp	DXC4B2P
2025-01-02 03:18:00	5.5	DoubleDown	DXC4B2P
2025-01-02 03:26:00	4.2	DoubleDown	DXC4B2P
2025-01-02 03:33:00	5.3	DoubleUp	DXC4B2P
2025-01-02 03:41:00	4.5	DoubleDown	DXC4B2P
2025-01-02 03:51:00	8.1	DoubleUp	DXC4B2P
2025-01-02 03:58:00	6.3	DoubleDown	DXC4B2P
2025-01-02 04:08:00	5	DoubleDown	DXC4B2P
2025-01-02 04:18:00	7.5	DoubleUp	DXC4B2P
2025-01-02 04:25:00	9.9	DoubleUp	DXC4B2P
2025-01-02 04:34:00	7.5	DoubleDown	DXC4B2P
2025-01-02 04:41:00	5.5	DoubleDown	DXC4B2P
2025-01-02 04:51:00	14.7	DoubleUp	DXC4B2P
2025-01-02 04:58:00	4.6	DoubleDown	DXC4B2P
2025-01-02 05:08:00	3.9	DoubleDown	DXC4B2P
2025-01-02 05:16:00	4.4	DoubleUp	DXC4B2P
2025-01-02 05:26:00	3.6	DoubleDown	DXC4B2P
2025-01-02 05:34:00	6.7	DoubleUp	DXC4B2P
2025-01-02 05:41:00	8.5	DoubleUp	DXC4B2P
2025-01-02 05:50:00	4.4	DoubleDown	DXC4B2P
2025-01-02 05:59:00	7.9	DoubleUp	DXC4B2P
2025-01-02 06:09:00	13.5	DoubleUp	DXC4B2P
2025-01-02 06:19:00	4.8	DoubleDown	DXC4B2P
2025-01-02 06:28:00	7.1	DoubleUp	DXC4B2P
2025-01-02 06:37:00	4.5	DoubleDown	DXC4B2P
2025-01-02 06:45:00	3.9	DoubleDown	DXC4B2P
2025-01-02 06:55:00	6.4	DoubleUp	DXC4B2P
2025-01-02 07:05:00	9	DoubleUp	DXC4B2P
2025-01-02 07:15:00	7.5	DoubleDown	DXC4B2P
2025-01-02 07:23:00	4.3	DoubleDown	DXC4B2P
2025-01-02 07:30:00	4.4	Flat	DXC4B2P
2025-01-02 07:39:00	5.8	DoubleUp	DXC4B2P
2025-01-02 07:49:00	5	DoubleDown	DXC4B2P
2025-01-02 07:59:00	5.9	DoubleUp	DXC4B2P
2025-01-02 08:09:00	14.4	DoubleUp	DXC4B2P
2025-01-02 08:18:00	9.4	DoubleDown	DXC4B2P
2025-01-02 08:26:00	15.4	DoubleUp	DXC4B2P
2025-01-02 08:35:00	4.3	DoubleDown	DXC4B2P
2025-01-02 08:42:00	9.2	DoubleUp	DXC4B2P
2025-01-02 08:49:00	5.5	DoubleDown	DXC4B2P
2025-01-02 08:58:00	8	DoubleUp	DXC4B2P
2025-01-02 09:07:00	7.9	Flat	DXC4B2P
2025-01-02 09:17:00	4.6	DoubleDown	DXC4B2P
2025-01-02 09:26:00	13.4	DoubleUp	DXC4B2P
2025-01-02 09:36:00	4.7	DoubleDown	DXC4B2P
2025-01-02 09:45:00	6.5	DoubleUp	DXC4B2P
2025-01-02 09:53:00	16.1	DoubleUp	DXC4B2P
2025-01-02 10:02:00	6.2	DoubleDown	DXC4B2P
2025-01-02 10:09:00	6.9	DoubleUp	DXC4B2P
2025-01-02 10:18:00	15	DoubleUp	DXC4B2P
2025-01-02 10:27:00	12.2	DoubleDown	DXC4B2P
2025-01-02 10:36:00	8.4	DoubleDown	DXC4B2P
2025-01-02 10:45:00	5	DoubleDown	DXC4B2P
2025-01-02 10:54:00	6.6	DoubleUp	DXC4B2P
2025-01-02 11:03:00	4.7	DoubleDown	DXC4B2P
2025-01-02 11:11:00	13.5	DoubleUp	DXC4B2P
2025-01-02 11:20:00	9.1	DoubleDown	DXC4B2P
2025-01-02 11:29:00	12.3	DoubleUp	DXC4B2P
2025-01-02 11:39:00	7.2	DoubleDown	DXC4B2P
2025-01-02 11:49:00	9.4	DoubleUp	DXC4B2P
2025-01-02 11:57:00	7	DoubleDown	DXC4B2P
2025-01-02 12:07:00	7.2	SingleUp	DXC4B2P
2025-01-02 12:17:00	15.4	DoubleUp	DXC4B2P
2025-01-02 12:26:00	10.7	DoubleDown	DXC4B2P
2025-01-02 12:35:00	15.5	DoubleUp	DXC4B2P
2025-01-02 12:45:00	13.6	DoubleDown	DXC4B2P
2025-01-02 12:52:00	10.4	DoubleDown	DXC4B2P
2025-01-02 13:00:00	8.7	DoubleDown	DXC4B2P
2025-01-02 13:07:00	8.4	DoubleDown	DXC4B2P
2025-01-02 13:15:00	13	DoubleUp	DXC4B2P
2025-01-02 13:23:00	8.6	DoubleDown	DXC4B2P
2025-01-02 13:30:00	13.2	DoubleUp	DXC4B2P
2025-01-02 13:39:00	7.3	DoubleDown	DXC4B2P
2025-01-02 13:47:00	9.2	DoubleUp	DXC4B2P
2025-01-02 13:56:00	9.6	DoubleUp	DXC4B2P
2025-01-02 14:04:00	4.2	DoubleDown	DXC4B2P
2025-01-02 14:14:00	9.4	DoubleUp	DXC4B2P
2025-01-02 14:22:00	5.2	DoubleDown	DXC4B2P
2025-01-02 14:31:00	4.3	DoubleDown	DXC4B2P
2025-01-02 14:38:00	5.8	DoubleUp	DXC4B2P
2025-01-02 14:47:00	11.4	DoubleUp	DXC4B2P
2025-01-02 14:55:00	7.7	DoubleDown	DXC4B2P
2025-01-02 15:04:00	9.3	DoubleUp	DXC4B2P
2025-01-02 15:13:00	6.2	DoubleDown	DXC4B2P
2025-01-02 15:23:00	5.9	DoubleDown	DXC4B2P
2025-01-02 15:32:00	13.8	DoubleUp	DXC4B2P
2025-01-02 15:40:00	14.8	DoubleUp	DXC4B2P
2025-01-02 15:49:00	10	DoubleDown	DXC4B2P
2025-01-02 15:58:00	12	DoubleUp	DXC4B2P
2025-01-02 16:07:00	6.2	DoubleDown	DXC4B2P
2025-01-02 16:16:00	2.6	DoubleDown	DXC4B2P
2025-01-02 16:23:00	5.1	DoubleUp	DXC4B2P
2025-01-02 16:31:00	10.3	DoubleUp	DXC4B2P
2025-01-02 16:41:00	6.9	DoubleDown	DXC4B2P
2025-01-02 16:49:00	14.4	DoubleUp	DXC4B2P
2025-01-02 16:56:00	9.5	DoubleDown	DXC4B2P
2025-01-02 17:03:00	13.2	DoubleUp	DXC4B2P
2025-01-02 17:12:00	9	DoubleDown	DXC4B2P
2025-01-02 17:21:00	6.3	DoubleDown	DXC4B2P
2025-01-02 17:31:00	6.7	DoubleUp	DXC4B2P
2025-01-02 17:39:00	9.5	DoubleUp	DXC4B2P
2025-01-02 17:46:00	7.7	DoubleDown	DXC4B2P
2025-01-02 17:55:00	13.1	DoubleUp	DXC4B2P
2025-01-02 18:02:00	14.6	DoubleUp	DXC4B2P
2025-01-02 18:10:00	4.2	DoubleDown	DXC4B2P
2025-01-02 18:17:00	7.4	DoubleUp	DXC4B2P
2025-01-02 18:25:00	14.8	DoubleUp	DXC4B2P
2025-01-02 18:35:00	4.2	DoubleDown	DXC4B2P
2025-01-02 18:44:00	6.3	DoubleUp	DXC4B2P
2025-01-02 18:53:00	6.1	SingleDown	DXC4B2P
2025-01-02 19:01:00	5.3	DoubleDown	DXC4B2P
2025-01-02 19:08:00	8.8	DoubleUp	DXC4B2P
2025-01-02 19:18:00	7.4	DoubleDown	DXC4B2P
2025-01-02 19:26:00	4.2	DoubleDown	DXC4B2P
2025-01-02 19:33:00	4.8	DoubleUp	DXC4B2P
2025-01-02 19:43:00	2.2	DoubleDown	DXC4B2P
2025-01-02 19:53:00	5.2	DoubleUp	DXC4B2P
2025-01-02 20:03:00	6	DoubleUp	DXC4B2P
2025-01-02 20:11:00	4.4	DoubleDown	DXC4B2P
2025-01-02 20:18:00	7.1	DoubleUp	DXC4B2P
2025-01-02 20:25:00	7	Flat	DXC4B2P
2025-01-02 20:35:00	5.1	DoubleDown	DXC4B2P
2025-01-02 20:42:00	10	DoubleUp	DXC4B2P
2025-01-02 20:52:00	6.5	DoubleDown	DXC4B2P
2025-01-02 21:02:00	7.5	DoubleUp	DXC4B2P
2025-01-02 21:10:00	8.2	DoubleUp	DXC4B2P
2025-01-02 21:17:00	8.5	DoubleUp	DXC4B2P
2025-01-02 21:27:00	10	DoubleUp	DXC4B2P
2025-01-02 21:36:00	6.1	DoubleDown	DXC4B2P
2025-01-02 21:44:00	13.6	DoubleUp	DXC4B2P
2025-01-02 21:53:00	7.9	DoubleDown	DXC4B2P
2025-01-02 22:01:00	7.1	DoubleDown	DXC4B2P
2025-01-02 22:09:00	4.3	DoubleDown	DXC4B2P
2025-01-02 22:19:00	4.4	Flat	DXC4B2P
2025-01-02 22:29:00	3.4	DoubleDown	DXC4B2P
2025-01-02 22:36:00	11.7	DoubleUp	DXC4B2P
2025-01-02 22:46:00	8.2	DoubleDown	DXC4B2P
2025-01-02 22:56:00	5.2	DoubleDown	DXC4B2P
2025-01-02 23:05:00	13.7	DoubleUp	DXC4B2P
2025-01-02 23:13:00	8.2	DoubleDown	DXC4B2P
2025-01-02 23:22:00	11.9	DoubleUp	DXC4B2P
2025-01-02 23:30:00	9.7	DoubleDown	DXC4B2P
2025-01-02 23:39:00	4.6	DoubleDown	DXC4B2P
2025-01-02 23:46:00	4.3	DoubleDown	DXC4B2P
2025-01-02 23:53:00	8	DoubleUp	DXC4B2P
2025-01-03 00:02:00	7.1	DoubleDown	DXC4B2P
2025-01-03 00:11:00	10.7	DoubleUp	DXC4B2P
2025-01-03 00:19:00	10.9	SingleUp	DXC4B2P
2025-01-03 00:29:00	6.6	DoubleDown	DXC4B2P
2025-01-03 00:38:00	4.2	DoubleDown	DXC4B2P
2025-01-03 00:47:00	10.3	DoubleUp	DXC4B2P
2025-01-03 00:57:00	13.4	DoubleUp	DXC4B2P
2025-01-03 01:04:00	7.1	DoubleDown	DXC4B2P
2025-01-03 01:12:00	9.3	DoubleUp	DXC4B2P
2025-01-03 01:20:00	6.5	DoubleDown	DXC4B2P
2025-01-03 01:27:00	4.5	DoubleDown	DXC4B2P
2025-01-03 01:37:00	6.4	DoubleUp	DXC4B2P
2025-01-03 01:46:00	3.9	DoubleDown	DXC4B2P
2025-01-03 01:56:00	4.4	DoubleUp	DXC4B2P
2025-01-03 02:05:00	16.1	DoubleUp	DXC4B2P
2025-01-03 02:13:00	6.5	DoubleDown	DXC4B2P
2025-01-03 02:21:00	4.8	DoubleDown	DXC4B2P
2025-01-03 02:28:00	4.2	DoubleDown	DXC4B2P
2025-01-03 02:38:00	3.3	DoubleDown	DXC4B2P
2025-01-03 02:47:00	8.9	DoubleUp	DXC4B2P
2025-01-03 02:56:00	12.3	DoubleUp	DXC4B2P
2025-01-03 03:06:00	11.5	DoubleDown	DXC4B2P
2025-01-03 03:14:00	8.8	DoubleDown	DXC4B2P
2025-01-03 03:23:00	6.9	DoubleDown	DXC4B2P
2025-01-03 03:31:00	11	DoubleUp	DXC4B2P
2025-01-03 03:41:00	12.7	DoubleUp	DXC4B2P
2025-01-03 03:50:00	11.5	DoubleDown	DXC4B2P
2025-01-03 03:58:00	8.6	DoubleDown	DXC4B2P
2025-01-03 04:07:00	5.3	DoubleDown	DXC4B2P
2025-01-03 04:15:00	7.9	DoubleUp	DXC4B2P
2025-01-03 04:25:00	9.9	DoubleUp	DXC4B2P
2025-01-03 04:35:00	7.7	DoubleDown	DXC4B2P
2025-01-03 04:42:00	6.3	DoubleDown	DXC4B2P
2025-01-03 04:49:00	4.7	DoubleDown	DXC4B2P
2025-01-03 04:57:00	4.4	DoubleDown	DXC4B2P
2025-01-03 05:04:00	5.3	DoubleUp	DXC4B2P
2025-01-03 05:11:00	9.9	DoubleUp	DXC4B2P
2025-01-03 05:18:00	7	DoubleDown	DXC4B2P
2025-01-03 05:27:00	5.7	DoubleDown	DXC4B2P
2025-01-03 05:34:00	6.8	DoubleUp	DXC4B2P
2025-01-03 05:42:00	6.9	Flat	DXC4B2P
2025-01-03 05:52:00	12.2	DoubleUp	DXC4B2P
2025-01-03 06:00:00	12.4	SingleUp	DXC4B2P
2025-01-03 06:09:00	12.9	DoubleUp	DXC4B2P
2025-01-03 06:17:00	8.8	DoubleDown	DXC4B2P
2025-01-03 06:27:00	8.2	DoubleDown	DXC4B2P
2025-01-03 06:34:00	13.2	DoubleUp	DXC4B2P
2025-01-03 06:44:00	9.3	DoubleDown	DXC4B2P
2025-01-03 06:53:00	15.6	DoubleUp	DXC4B2P
2025-01-03 07:01:00	8.3	DoubleDown	DXC4B2P
2025-01-03 07:11:00	7.2	DoubleDown	DXC4B2P
2025-01-03 07:20:00	7.7	DoubleUp	DXC4B2P
2025-01-03 07:29:00	5	DoubleDown	DXC4B2P
2025-01-03 07:36:00	12	DoubleUp	DXC4B2P
2025-01-03 07:46:00	11.5	DoubleDown	DXC4B2P
2025-01-03 07:55:00	10.6	DoubleDown	DXC4B2P
2025-01-03 08:04:00	13.5	DoubleUp	DXC4B2P
2025-01-03 08:13:00	8.5	DoubleDown	DXC4B2P
2025-01-03 08:20:00	13.1	DoubleUp	DXC4B2P
2025-01-03 08:27:00	10.7	DoubleDown	DXC4B2P
2025-01-03 08:36:00	3.5	DoubleDown	DXC4B2P
2025-01-03 08:44:00	15.7	DoubleUp	DXC4B2P
2025-01-03 08:54:00	5.5	DoubleDown	DXC4B2P
2025-01-03 09:04:00	14	DoubleUp	DXC4B2P
2025-01-03 09:14:00	6.2	DoubleDown	DXC4B2P
2025-01-03 09:21:00	13.3	DoubleUp	DXC4B2P
2025-01-03 09:30:00	9.5	DoubleDown	DXC4B2P
2025-01-03 09:38:00	7.8	DoubleDown	DXC4B2P
2025-01-03 09:48:00	9.9	DoubleUp	DXC4B2P
2025-01-03 09:56:00	7.3	DoubleDown	DXC4B2P
2025-01-03 10:03:00	4.9	DoubleDown	DXC4B2P
2025-01-03 10:12:00	6	DoubleUp	DXC4B2P
2025-01-03 10:19:00	7.6	DoubleUp	DXC4B2P
2025-01-03 10:28:00	9.8	DoubleUp	DXC4B2P
2025-01-03 10:36:00	7.1	DoubleDown	DXC4B2P
2025-01-03 10:45:00	5.6	DoubleDown	DXC4B2P
2025-01-03 10:53:00	9.6	DoubleUp	DXC4B2P
2025-01-03 11:02:00	15.1	DoubleUp	DXC4B2P
2025-01-03 11:09:00	5.9	DoubleDown	DXC4B2P
2025-01-03 11:17:00	6.1	SingleUp	DXC4B2P
2025-01-03 11:27:00	11.6	DoubleUp	DXC4B2P
2025-01-03 11:35:00	5	DoubleDown	DXC4B2P
2025-01-03 11:42:00	15	DoubleUp	DXC4B2P
2025-01-03 11:49:00	5.3	DoubleDown	DXC4B2P
2025-01-03 11:59:00	8.9	DoubleUp	DXC4B2P
2025-01-03 12:08:00	13.7	DoubleUp	DXC4B2P
2025-01-03 12:15:00	4.1	DoubleDown	DXC4B2P
2025-01-03 12:23:00	5.9	DoubleUp	DXC4B2P
2025-01-03 12:32:00	8.5	DoubleUp	DXC4B2P
2025-01-03 12:40:00	4.4	DoubleDown	DXC4B2P
2025-01-03 12:50:00	16.4	DoubleUp	DXC4B2P
2025-01-03 13:00:00	5	DoubleDown	DXC4B2P
2025-01-03 13:07:00	9.9	DoubleUp	DXC4B2P
2025-01-03 13:15:00	11.9	DoubleUp	DXC4B2P
2025-01-03 13:24:00	10.4	DoubleDown	DXC4B2P
2025-01-03 13:33:00	8	DoubleDown	DXC4B2P
2025-01-03 13:41:00	8.5	DoubleUp	DXC4B2P
2025-01-03 13:48:00	8.5	Flat	DXC4B2P
2025-01-03 13:56:00	5.8	DoubleDown	DXC4B2P
2025-01-03 14:05:00	5.4	DoubleDown	DXC4B2P
2025-01-03 14:13:00	6.2	DoubleUp	DXC4B2P
2025-01-03 14:20:00	9.7	DoubleUp	DXC4B2P
2025-01-03 14:28:00	13.6	DoubleUp	DXC4B2P
2025-01-03 14:35:00	11.9	DoubleDown	DXC4B2P
2025-01-03 14:42:00	5	DoubleDown	DXC4B2P
2025-01-03 14:50:00	9.6	DoubleUp	DXC4B2P
2025-01-03 14:58:00	14.6	DoubleUp	DXC4B2P
2025-01-03 15:06:00	9.4	DoubleDown	DXC4B2P
2025-01-03 15:16:00	9.9	DoubleUp	DXC4B2P
2025-01-03 15:26:00	4.6	DoubleDown	DXC4B2P
2025-01-03 15:36:00	8.7	DoubleUp	DXC4B2P
2025-01-03 15:46:00	9.3	DoubleUp	DXC4B2P
2025-01-03 15:56:00	7.7	DoubleDown	DXC4B2P
2025-01-03 16:06:00	5.8	DoubleDown	DXC4B2P
2025-01-03 16:16:00	8.1	DoubleUp	DXC4B2P
2025-01-03 16:26:00	12.6	DoubleUp	DXC4B2P
2025-01-03 16:36:00	11.2	DoubleDown	DXC4B2P
2025-01-03 16:44:00	11.8	DoubleUp	DXC4B2P
2025-01-03 16:53:00	11.4	DoubleDown	DXC4B2P
2025-01-03 17:02:00	13.7	DoubleUp	DXC4B2P
2025-01-03 17:10:00	4.2	DoubleDown	DXC4B2P
2025-01-03 17:20:00	13.2	DoubleUp	DXC4B2P
2025-01-03 17:30:00	9.9	DoubleDown	DXC4B2P
2025-01-03 17:37:00	6.8	DoubleDown	DXC4B2P
2025-01-03 17:45:00	5.2	DoubleDown	DXC4B2P
2025-01-03 17:52:00	8.6	DoubleUp	DXC4B2P
2025-01-03 18:01:00	9	DoubleUp	DXC4B2P
2025-01-03 18:11:00	6.4	DoubleDown	DXC4B2P
2025-01-03 18:18:00	14.5	DoubleUp	DXC4B2P
2025-01-03 18:28:00	11.4	DoubleDown	DXC4B2P
2025-01-03 18:35:00	8.3	DoubleDown	DXC4B2P
2025-01-03 18:45:00	13.7	DoubleUp	DXC4B2P
2025-01-03 18:53:00	8.1	DoubleDown	DXC4B2P
2025-01-03 19:02:00	4.5	DoubleDown	DXC4B2P
2025-01-03 19:09:00	5.6	DoubleUp	DXC4B2P
2025-01-03 19:16:00	12.7	DoubleUp	DXC4B2P
2025-01-03 19:24:00	8.8	DoubleDown	DXC4B2P
2025-01-03 19:34:00	5	DoubleDown	DXC4B2P
2025-01-03 19:44:00	8.5	DoubleUp	DXC4B2P
2025-01-03 19:51:00	5.8	DoubleDown	DXC4B2P
2025-01-03 20:01:00	15.6	DoubleUp	DXC4B2P
2025-01-03 20:10:00	8	DoubleDown	DXC4B2P
2025-01-03 20:18:00	9.3	DoubleUp	DXC4B2P
2025-01-03 20:25:00	10.8	DoubleUp	DXC4B2P
2025-01-03 20:35:00	14.8	DoubleUp	DXC4B2P
2025-01-03 20:44:00	8.5	DoubleDown	DXC4B2P
2025-01-03 20:54:00	8	DoubleDown	DXC4B2P
2025-01-03 21:04:00	5.7	DoubleDown	DXC4B2P
2025-01-03 21:12:00	6.2	DoubleUp	DXC4B2P
2025-01-03 21:21:00	4.7	DoubleDown	DXC4B2P
2025-01-03 21:28:00	10.6	DoubleUp	DXC4B2P
2025-01-03 21:37:00	15.8	DoubleUp	DXC4B2P
2025-01-03 21:46:00	9.5	DoubleDown	DXC4B2P
2025-01-03 21:56:00	4.6	DoubleDown	DXC4B2P
2025-01-03 22:04:00	4.3	DoubleDown	DXC4B2P
2025-01-03 22:12:00	7.4	DoubleUp	DXC4B2P
2025-01-03 22:20:00	8.8	DoubleUp	DXC4B2P
2025-01-03 22:27:00	5.4	DoubleDown	DXC4B2P
2025-01-03 22:34:00	5.9	DoubleUp	DXC4B2P
2025-01-03 22:43:00	12.8	DoubleUp	DXC4B2P
2025-01-03 22:51:00	5	DoubleDown	DXC4B2P
2025-01-03 22:59:00	8.9	DoubleUp	DXC4B2P
2025-01-03 23:06:00	8.4	DoubleDown	DXC4B2P
2025-01-03 23:14:00	6.7	DoubleDown	DXC4B2P
2025-01-03 23:22:00	9.3	DoubleUp	DXC4B2P
2025-01-03 23:31:00	14.1	DoubleUp	DXC4B2P
2025-01-03 23:40:00	9.3	DoubleDown	DXC4B2P
2025-01-03 23:49:00	8.3	DoubleDown	DXC4B2P
2025-01-03 23:59:00	9	DoubleUp	DXC4B2P
2025-01-04 00:06:00	5	DoubleDown	DXC4B2P
2025-01-04 00:16:00	9.4	DoubleUp	DXC4B2P
2025-01-04 00:24:00	7.9	DoubleDown	DXC4B2P
2025-01-04 00:31:00	8.2	DoubleUp	DXC4B2P
2025-01-04 00:39:00	12.4	DoubleUp	DXC4B2P
2025-01-04 00:49:00	5.4	DoubleDown	DXC4B2P
2025-01-04 00:56:00	5.8	DoubleUp	DXC4B2P
2025-01-04 01:05:00	5	DoubleDown	DXC4B2P
2025-01-04 01:13:00	8.4	DoubleUp	DXC4B2P
2025-01-04 01:22:00	8.6	SingleUp	DXC4B2P
2025-01-04 01:32:00	5	DoubleDown	DXC4B2P
2025-01-04 01:39:00	11.5	DoubleUp	DXC4B2P
2025-01-04 01:47:00	5.3	DoubleDown	DXC4B2P
2025-01-04 01:57:00	16	DoubleUp	DXC4B2P
2025-01-04 02:07:00	8.5	DoubleDown	DXC4B2P
2025-01-04 02:16:00	12.9	DoubleUp	DXC4B2P
2025-01-04 02:24:00	4.8	DoubleDown	DXC4B2P
2025-01-04 02:31:00	8.1	DoubleUp	DXC4B2P
2025-01-04 02:40:00	3.1	DoubleDown	DXC4B2P
2025-01-04 02:49:00	9	DoubleUp	DXC4B2P
2025-01-04 02:56:00	5.6	DoubleDown	DXC4B2P
2025-01-04 03:05:00	8.8	DoubleUp	DXC4B2P
2025-01-04 03:12:00	8.2	DoubleDown	DXC4B2P
2025-01-04 03:20:00	9.6	DoubleUp	DXC4B2P
2025-01-04 03:27:00	9.7	Flat	DXC4B2P
2025-01-04 03:37:00	11.3	DoubleUp	DXC4B2P
2025-01-04 03:46:00	15.5	DoubleUp	DXC4B2P
2025-01-04 03:56:00	4.5	DoubleDown	DXC4B2P
2025-01-04 04:03:00	14.3	DoubleUp	DXC4B2P
2025-01-04 04:13:00	6.4	DoubleDown	DXC4B2P
2025-01-04 04:23:00	14.1	DoubleUp	DXC4B2P
2025-01-04 04:32:00	6.1	DoubleDown	DXC4B2P
2025-01-04 04:39:00	12.9	DoubleUp	DXC4B2P
2025-01-04 04:47:00	7.3	DoubleDown	DXC4B2P
2025-01-04 04:57:00	11.3	DoubleUp	DXC4B2P
2025-01-04 05:05:00	9.5	DoubleDown	DXC4B2P
2025-01-04 05:12:00	2.7	DoubleDown	DXC4B2P
2025-01-04 05:21:00	13.4	DoubleUp	DXC4B2P
2025-01-04 05:30:00	11.3	DoubleDown	DXC4B2P
2025-01-04 05:37:00	7.2	DoubleDown	DXC4B2P
2025-01-04 05:47:00	8.4	DoubleUp	DXC4B2P
2025-01-04 05:57:00	6	DoubleDown	DXC4B2P
2025-01-04 06:05:00	10.2	DoubleUp	DXC4B2P
2025-01-04 06:12:00	6	DoubleDown	DXC4B2P
2025-01-04 06:22:00	14.6	DoubleUp	DXC4B2P
2025-01-04 06:31:00	11.8	DoubleDown	DXC4B2P
2025-01-04 06:38:00	6.4	DoubleDown	DXC4B2P
2025-01-04 06:48:00	8.9	DoubleUp	DXC4B2P
2025-01-04 06:56:00	8.9	Flat	DXC4B2P
2025-01-04 07:06:00	10.5	DoubleUp	DXC4B2P
2025-01-04 07:14:00	15.6	DoubleUp	DXC4B2P
2025-01-04 07:23:00	4.1	DoubleDown	DXC4B2P
2025-01-04 07:32:00	9.8	DoubleUp	DXC4B2P
2025-01-04 07:40:00	5.9	DoubleDown	DXC4B2P
2025-01-04 07:48:00	11.7	DoubleUp	DXC4B2P
2025-01-04 07:57:00	6.8	DoubleDown	DXC4B2P
2025-01-04 08:06:00	14.3	DoubleUp	DXC4B2P
2025-01-04 08:16:00	6.4	DoubleDown	DXC4B2P
2025-01-04 08:26:00	14.8	DoubleUp	DXC4B2P
2025-01-04 08:33:00	8.1	DoubleDown	DXC4B2P
2025-01-04 08:42:00	6.2	DoubleDown	DXC4B2P
2025-01-04 08:50:00	8.3	DoubleUp	DXC4B2P
2025-01-04 09:00:00	6.3	DoubleDown	DXC4B2P
2025-01-04 09:08:00	11.3	DoubleUp	DXC4B2P
2025-01-04 09:17:00	10.9	DoubleDown	DXC4B2P
2025-01-04 09:25:00	10.4	DoubleDown	DXC4B2P
2025-01-04 09:32:00	4.9	DoubleDown	DXC4B2P
2025-01-04 09:41:00	10.3	DoubleUp	DXC4B2P
2025-01-04 09:49:00	7.6	DoubleDown	DXC4B2P
2025-01-04 09:57:00	14.1	DoubleUp	DXC4B2P
2025-01-04 10:05:00	9.5	DoubleDown	DXC4B2P
2025-01-04 10:13:00	15.9	DoubleUp	DXC4B2P
2025-01-04 10:22:00	4.8	DoubleDown	DXC4B2P
2025-01-04 10:32:00	9.2	DoubleUp	DXC4B2P
2025-01-04 10:40:00	7.4	DoubleDown	DXC4B2P
2025-01-04 10:50:00	8.9	DoubleUp	DXC4B2P
2025-01-04 10:59:00	12.2	DoubleUp	DXC4B2P
2025-01-04 11:07:00	6.3	DoubleDown	DXC4B2P
2025-01-04 11:17:00	4.6	DoubleDown	DXC4B2P
2025-01-04 11:27:00	4.8	SingleUp	DXC4B2P
2025-01-04 11:34:00	5.3	DoubleUp	DXC4B2P
2025-01-04 11:43:00	5.5	SingleUp	DXC4B2P
2025-01-04 11:50:00	14.2	DoubleUp	DXC4B2P
2025-01-04 11:59:00	5.8	DoubleDown	DXC4B2P
2025-01-04 12:07:00	9.6	DoubleUp	DXC4B2P
2025-01-04 12:15:00	8.7	DoubleDown	DXC4B2P
2025-01-04 12:23:00	11	DoubleUp	DXC4B2P
2025-01-04 12:30:00	9.2	DoubleDown	DXC4B2P
2025-01-04 12:37:00	13.5	DoubleUp	DXC4B2P
2025-01-04 12:45:00	5.3	DoubleDown	DXC4B2P
2025-01-04 12:55:00	9.1	DoubleUp	DXC4B2P
2025-01-04 13:04:00	12.1	DoubleUp	DXC4B2P
2025-01-04 13:14:00	5	DoubleDown	DXC4B2P
2025-01-04 13:21:00	6.2	DoubleUp	DXC4B2P
2025-01-04 13:31:00	9.2	DoubleUp	DXC4B2P
2025-01-04 13:41:00	6.1	DoubleDown	DXC4B2P
2025-01-04 13:48:00	13.2	DoubleUp	DXC4B2P
2025-01-04 13:56:00	6.9	DoubleDown	DXC4B2P
2025-01-04 14:04:00	7	Flat	DXC4B2P
2025-01-04 14:12:00	2.8	DoubleDown	DXC4B2P
2025-01-04 14:22:00	16.3	DoubleUp	DXC4B2P
2025-01-04 14:31:00	8.7	DoubleDown	DXC4B2P
2025-01-04 14:39:00	8.1	DoubleDown	DXC4B2P
2025-01-04 14:46:00	6.1	DoubleDown	DXC4B2P
2025-01-04 14:53:00	10.7	DoubleUp	DXC4B2P
2025-01-04 15:03:00	8.8	DoubleDown	DXC4B2P
2025-01-04 15:11:00	8.4	DoubleDown	DXC4B2P
2025-01-04 15:20:00	5.2	DoubleDown	DXC4B2P
2025-01-04 15:30:00	12.5	DoubleUp	DXC4B2P
2025-01-04 15:37:00	8.1	DoubleDown	DXC4B2P
2025-01-04 15:45:00	9	DoubleUp	DXC4B2P
2025-01-04 15:52:00	8.6	DoubleDown	DXC4B2P
2025-01-04 16:01:00	6.5	DoubleDown	DXC4B2P
2025-01-04 16:09:00	4.1	DoubleDown	DXC4B2P
2025-01-04 16:16:00	9.2	DoubleUp	DXC4B2P
2025-01-04 16:26:00	7.1	DoubleDown	DXC4B2P
2025-01-04 16:36:00	3.3	DoubleDown	DXC4B2P
2025-01-04 16:43:00	7.1	DoubleUp	DXC4B2P
2025-01-04 16:53:00	12	DoubleUp	DXC4B2P
2025-01-04 17:01:00	4.8	DoubleDown	DXC4B2P
2025-01-04 17:09:00	8.1	DoubleUp	DXC4B2P
2025-01-04 17:19:00	6.7	DoubleDown	DXC4B2P
2025-01-04 17:26:00	13.8	DoubleUp	DXC4B2P
2025-01-04 17:35:00	9.1	DoubleDown	DXC4B2P
2025-01-04 17:44:00	5.4	DoubleDown	DXC4B2P
2025-01-04 17:51:00	11.8	DoubleUp	DXC4B2P
2025-01-04 18:01:00	6.8	DoubleDown	DXC4B2P
2025-01-04 18:08:00	5.2	DoubleDown	DXC4B2P
2025-01-04 18:18:00	4.2	DoubleDown	DXC4B2P
2025-01-04 18:28:00	5.1	DoubleUp	DXC4B2P
2025-01-04 18:38:00	9.2	DoubleUp	DXC4B2P
2025-01-04 18:48:00	4.9	DoubleDown	DXC4B2P
2025-01-04 18:56:00	9.2	DoubleUp	DXC4B2P
2025-01-04 19:04:00	6.7	DoubleDown	DXC4B2P
2025-01-04 19:13:00	7.2	DoubleUp	DXC4B2P
2025-01-04 19:21:00	9.2	DoubleUp	DXC4B2P
2025-01-04 19:28:00	10.9	DoubleUp	DXC4B2P
2025-01-04 19:37:00	4.2	DoubleDown	DXC4B2P
2025-01-04 19:47:00	4.6	DoubleUp	DXC4B2P
2025-01-04 19:54:00	7.6	DoubleUp	DXC4B2P
2025-01-04 20:03:00	7.9	DoubleUp	DXC4B2P
2025-01-04 20:11:00	9.7	DoubleUp	DXC4B2P
2025-01-04 20:18:00	2.2	DoubleDown	DXC4B2P
2025-01-04 20:27:00	8.4	DoubleUp	DXC4B2P
2025-01-04 20:34:00	8.2	SingleDown	DXC4B2P
2025-01-04 20:41:00	13.2	DoubleUp	DXC4B2P
2025-01-04 20:50:00	8.8	DoubleDown	DXC4B2P
2025-01-04 21:00:00	10.5	DoubleUp	DXC4B2P
2025-01-04 21:07:00	6.3	DoubleDown	DXC4B2P
2025-01-04 21:17:00	5.8	DoubleDown	DXC4B2P
2025-01-04 21:26:00	7.1	DoubleUp	DXC4B2P
2025-01-04 21:36:00	9.5	DoubleUp	DXC4B2P
2025-01-04 21:45:00	8.5	DoubleDown	DXC4B2P
2025-01-04 21:55:00	13.4	DoubleUp	DXC4B2P
2025-01-04 22:04:00	14.6	DoubleUp	DXC4B2P
2025-01-04 22:12:00	6.2	DoubleDown	DXC4B2P
2025-01-04 22:21:00	12	DoubleUp	DXC4B2P
2025-01-04 22:29:00	6.5	DoubleDown	DXC4B2P
2025-01-04 22:39:00	4.3	DoubleDown	DXC4B2P
2025-01-04 22:46:00	7.7	DoubleUp	DXC4B2P
2025-01-04 22:55:00	9.3	DoubleUp	DXC4B2P
2025-01-04 23:02:00	15	DoubleUp	DXC4B2P
2025-01-04 23:11:00	12.7	DoubleDown	DXC4B2P
2025-01-04 23:20:00	11.1	DoubleDown	DXC4B2P
2025-01-04 23:27:00	3.2	DoubleDown	DXC4B2P
2025-01-04 23:35:00	14.6	DoubleUp	DXC4B2P
2025-01-04 23:43:00	15.6	DoubleUp	DXC4B2P
2025-01-04 23:50:00	6.7	DoubleDown	DXC4B2P
2025-01-04 23:58:00	7	DoubleUp	DXC4B2P
2025-01-05 00:05:00	4.4	DoubleDown	DXC4B2P
2025-01-05 00:15:00	12.3	DoubleUp	DXC4B2P
2025-01-05 00:24:00	5.1	DoubleDown	DXC4B2P
2025-01-05 00:33:00	6	DoubleUp	DXC4B2P
2025-01-05 00:43:00	6.3	DoubleUp	DXC4B2P
2025-01-05 00:51:00	7.6	DoubleUp	DXC4B2P
2025-01-05 00:58:00	4.8	DoubleDown	DXC4B2P
2025-01-05 01:07:00	4.3	DoubleDown	DXC4B2P
2025-01-05 01:17:00	5.7	DoubleUp	DXC4B2P
2025-01-05 01:25:00	6.2	DoubleUp	DXC4B2P
2025-01-05 01:35:00	10.6	DoubleUp	DXC4B2P
2025-01-05 01:44:00	12.9	DoubleUp	DXC4B2P
2025-01-05 01:52:00	5.5	DoubleDown	DXC4B2P
2025-01-05 02:00:00	3.2	DoubleDown	DXC4B2P
2025-01-05 02:08:00	12.2	DoubleUp	DXC4B2P
2025-01-05 02:16:00	13.1	DoubleUp	DXC4B2P
2025-01-05 02:23:00	7.7	DoubleDown	DXC4B2P
2025-01-05 02:31:00	5.9	DoubleDown	DXC4B2P
2025-01-05 02:39:00	10.4	DoubleUp	DXC4B2P
2025-01-05 02:47:00	16.4	DoubleUp	DXC4B2P
2025-01-05 02:57:00	13.7	DoubleDown	DXC4B2P
2025-01-05 03:04:00	4.9	DoubleDown	DXC4B2P
2025-01-05 03:11:00	14.4	DoubleUp	DXC4B2P
2025-01-05 03:20:00	9.2	DoubleDown	DXC4B2P
2025-01-05 03:29:00	7.5	DoubleDown	DXC4B2P
2025-01-05 03:38:00	15.2	DoubleUp	DXC4B2P
2025-01-05 03:46:00	4.7	DoubleDown	DXC4B2P
2025-01-05 03:54:00	9	DoubleUp	DXC4B2P
2025-01-05 04:04:00	4.3	DoubleDown	DXC4B2P
2025-01-05 04:12:00	5.6	DoubleUp	DXC4B2P
2025-01-05 04:22:00	5.8	SingleUp	DXC4B2P
2025-01-05 04:30:00	4	DoubleDown	DXC4B2P
2025-01-05 04:40:00	8.9	DoubleUp	DXC4B2P
2025-01-05 04:47:00	8.4	DoubleDown	DXC4B2P
2025-01-05 04:56:00	5.7	DoubleDown	DXC4B2P
2025-01-05 05:06:00	7.1	DoubleUp	DXC4B2P
2025-01-05 05:14:00	11.2	DoubleUp	DXC4B2P
2025-01-05 05:23:00	13.3	DoubleUp	DXC4B2P
2025-01-05 05:30:00	7.2	DoubleDown	DXC4B2P
2025-01-05 05:40:00	7.1	Flat	DXC4B2P
2025-01-05 05:50:00	9.1	DoubleUp	DXC4B2P
2025-01-05 06:00:00	11.4	DoubleUp	DXC4B2P
2025-01-05 06:07:00	6.1	DoubleDown	DXC4B2P
2025-01-05 06:16:00	9	DoubleUp	DXC4B2P
2025-01-05 06:26:00	4.8	DoubleDown	DXC4B2P
2025-01-05 06:34:00	15.8	DoubleUp	DXC4B2P
2025-01-05 06:44:00	10.8	DoubleDown	DXC4B2P
2025-01-05 06:52:00	12.3	DoubleUp	DXC4B2P
2025-01-05 07:00:00	3.7	DoubleDown	DXC4B2P
2025-01-05 07:10:00	8.3	DoubleUp	DXC4B2P
2025-01-05 07:19:00	7.5	DoubleDown	DXC4B2P
2025-01-05 07:27:00	5.5	DoubleDown	DXC4B2P
2025-01-05 07:34:00	15.7	DoubleUp	DXC4B2P
2025-01-05 07:41:00	9	DoubleDown	DXC4B2P
2025-01-05 07:51:00	5.9	DoubleDown	DXC4B2P
2025-01-05 07:59:00	14.3	DoubleUp	DXC4B2P
2025-01-05 08:07:00	10.4	DoubleDown	DXC4B2P
2025-01-05 08:16:00	6.1	DoubleDown	DXC4B2P
2025-01-05 08:26:00	6.8	DoubleUp	DXC4B2P
2025-01-05 08:35:00	7.4	DoubleUp	DXC4B2P
2025-01-05 08:44:00	7	DoubleDown	DXC4B2P
2025-01-05 08:54:00	8.7	DoubleUp	DXC4B2P
2025-01-05 09:02:00	5.3	DoubleDown	DXC4B2P
2025-01-05 09:12:00	13.1	DoubleUp	DXC4B2P
2025-01-05 09:22:00	16.1	DoubleUp	DXC4B2P
2025-01-05 09:29:00	8.4	DoubleDown	DXC4B2P
2025-01-05 09:38:00	9	DoubleUp	DXC4B2P
2025-01-05 09:46:00	15.1	DoubleUp	DXC4B2P
2025-01-05 09:56:00	10.7	DoubleDown	DXC4B2P
2025-01-05 10:05:00	6.3	DoubleDown	DXC4B2P
2025-01-05 10:13:00	8.3	DoubleUp	DXC4B2P
2025-01-05 10:22:00	4.2	DoubleDown	DXC4B2P
2025-01-05 10:31:00	10.7	DoubleUp	DXC4B2P
2025-01-05 10:41:00	5.2	DoubleDown	DXC4B2P
2025-01-05 10:48:00	4.7	DoubleDown	DXC4B2P
2025-01-05 10:56:00	12.1	DoubleUp	DXC4B2P
2025-01-05 11:05:00	7.2	DoubleDown	DXC4B2P
2025-01-05 11:15:00	4.4	DoubleDown	DXC4B2P
2025-01-05 11:25:00	9.7	DoubleUp	DXC4B2P
2025-01-05 11:33:00	6.5	DoubleDown	DXC4B2P
2025-01-05 11:40:00	4.9	DoubleDown	DXC4B2P
2025-01-05 11:50:00	9	DoubleUp	DXC4B2P
2025-01-05 12:00:00	6.8	DoubleDown	DXC4B2P
2025-01-05 12:09:00	13.3	DoubleUp	DXC4B2P
2025-01-05 12:18:00	11.7	DoubleDown	DXC4B2P
2025-01-05 12:27:00	6.5	DoubleDown	DXC4B2P
2025-01-05 12:37:00	4.7	DoubleDown	DXC4B2P
2025-01-05 12:47:00	5.3	DoubleUp	DXC4B2P
2025-01-05 12:57:00	8.5	DoubleUp	DXC4B2P
2025-01-05 13:05:00	5.4	DoubleDown	DXC4B2P
2025-01-05 13:13:00	6.3	DoubleUp	DXC4B2P
2025-01-05 13:22:00	5.4	DoubleDown	DXC4B2P
2025-01-05 13:32:00	12.6	DoubleUp	DXC4B2P
2025-01-05 13:42:00	14.9	DoubleUp	DXC4B2P
2025-01-05 13:50:00	3.9	DoubleDown	DXC4B2P
2025-01-05 13:59:00	3	DoubleDown	DXC4B2P
2025-01-05 14:09:00	6	DoubleUp	DXC4B2P
2025-01-05 14:16:00	5.4	DoubleDown	DXC4B2P
2025-01-05 14:26:00	14.2	DoubleUp	DXC4B2P
2025-01-05 14:34:00	5.4	DoubleDown	DXC4B2P
2025-01-05 14:41:00	4.2	DoubleDown	DXC4B2P
2025-01-05 14:49:00	5.4	DoubleUp	DXC4B2P
2025-01-05 14:59:00	14.9	DoubleUp	DXC4B2P
2025-01-05 15:09:00	12.6	DoubleDown	DXC4B2P
2025-01-05 15:17:00	9.4	DoubleDown	DXC4B2P
2025-01-05 15:24:00	9.7	DoubleUp	DXC4B2P
2025-01-05 15:32:00	7.3	DoubleDown	DXC4B2P
2025-01-05 15:39:00	9.7	DoubleUp	DXC4B2P
2025-01-05 15:46:00	8	DoubleDown	DXC4B2P
2025-01-05 15:54:00	10.2	DoubleUp	DXC4B2P
2025-01-05 16:02:00	4.9	DoubleDown	DXC4B2P
2025-01-05 16:09:00	15	DoubleUp	DXC4B2P
2025-01-05 16:16:00	8.3	DoubleDown	DXC4B2P
2025-01-05 16:25:00	6.4	DoubleDown	DXC4B2P
2025-01-05 16:33:00	7.9	DoubleUp	DXC4B2P
2025-01-05 16:42:00	9	DoubleUp	DXC4B2P
2025-01-05 16:50:00	6.8	DoubleDown	DXC4B2P
2025-01-05 16:59:00	9.3	DoubleUp	DXC4B2P
2025-01-05 17:09:00	4.6	DoubleDown	DXC4B2P
2025-01-05 17:18:00	3.5	DoubleDown	DXC4B2P
2025-01-05 17:25:00	5.7	DoubleUp	DXC4B2P
2025-01-05 17:35:00	7.4	DoubleUp	DXC4B2P
2025-01-05 17:42:00	15.1	DoubleUp	DXC4B2P
2025-01-05 17:52:00	9	DoubleDown	DXC4B2P
2025-01-05 18:02:00	11.8	DoubleUp	DXC4B2P
2025-01-05 18:09:00	9.6	DoubleDown	DXC4B2P
2025-01-05 18:17:00	7.4	DoubleDown	DXC4B2P
2025-01-05 18:27:00	11.7	DoubleUp	DXC4B2P
2025-01-05 18:37:00	5	DoubleDown	DXC4B2P
2025-01-05 18:44:00	13.3	DoubleUp	DXC4B2P
2025-01-05 18:51:00	16.2	DoubleUp	DXC4B2P
2025-01-05 19:00:00	13.4	DoubleDown	DXC4B2P
2025-01-05 19:10:00	8.4	DoubleDown	DXC4B2P
2025-01-05 19:18:00	16.1	DoubleUp	DXC4B2P
2025-01-05 19:25:00	9.4	DoubleDown	DXC4B2P
2025-01-05 19:34:00	10.5	DoubleUp	DXC4B2P
2025-01-05 19:43:00	8.4	DoubleDown	DXC4B2P
2025-01-05 19:51:00	13.9	DoubleUp	DXC4B2P
2025-01-05 20:00:00	6.2	DoubleDown	DXC4B2P
2025-01-05 20:10:00	12.1	DoubleUp	DXC4B2P
2025-01-05 20:18:00	7.8	DoubleDown	DXC4B2P
2025-01-05 20:26:00	6.8	DoubleDown	DXC4B2P
2025-01-05 20:33:00	8.4	DoubleUp	DXC4B2P
2025-01-05 20:42:00	2.8	DoubleDown	DXC4B2P
2025-01-05 20:49:00	12.9	DoubleUp	DXC4B2P
2025-01-05 20:57:00	10.7	DoubleDown	DXC4B2P
2025-01-05 21:04:00	5.4	DoubleDown	DXC4B2P
2025-01-05 21:14:00	7.1	DoubleUp	DXC4B2P
2025-01-05 21:22:00	6.9	SingleDown	DXC4B2P
2025-01-05 21:30:00	8.1	DoubleUp	DXC4B2P
2025-01-05 21:40:00	5.1	DoubleDown	DXC4B2P
2025-01-05 21:47:00	6	DoubleUp	DXC4B2P
2025-01-05 21:56:00	6.7	DoubleUp	DXC4B2P
2025-01-05 22:05:00	4.7	DoubleDown	DXC4B2P
2025-01-05 22:14:00	7.8	DoubleUp	DXC4B2P
2025-01-05 22:24:00	5.6	DoubleDown	DXC4B2P
2025-01-05 22:31:00	8.1	DoubleUp	DXC4B2P
2025-01-05 22:41:00	5.8	DoubleDown	DXC4B2P
2025-01-05 22:49:00	9.5	DoubleUp	DXC4B2P
2025-01-05 22:59:00	3.5	DoubleDown	DXC4B2P
2025-01-05 23:09:00	7.9	DoubleUp	DXC4B2P
2025-01-05 23:17:00	7.8	Flat	DXC4B2P
2025-01-05 23:26:00	11.3	DoubleUp	DXC4B2P
2025-01-05 23:35:00	9.7	DoubleDown	DXC4B2P
2025-01-05 23:42:00	6.4	DoubleDown	DXC4B2P
2025-01-05 23:50:00	3.7	DoubleDown	DXC4B2P
2025-01-06 00:00:00	5	DoubleUp	DXC4B2P
2025-01-06 00:07:00	6.9	DoubleUp	DXC4B2P
2025-01-06 00:14:00	12.8	DoubleUp	DXC4B2P
2025-01-06 00:22:00	7	DoubleDown	DXC4B2P
2025-01-06 00:30:00	8.3	DoubleUp	DXC4B2P
2025-01-06 00:38:00	9.7	DoubleUp	DXC4B2P
2025-01-06 00:48:00	8.7	DoubleDown	DXC4B2P
2025-01-06 00:55:00	5.3	DoubleDown	DXC4B2P
2025-01-06 01:05:00	4.1	DoubleDown	DXC4B2P
2025-01-06 01:14:00	3.6	DoubleDown	DXC4B2P
2025-01-06 01:23:00	8.4	DoubleUp	DXC4B2P
2025-01-06 01:30:00	10.4	DoubleUp	DXC4B2P
2025-01-06 01:39:00	4	DoubleDown	DXC4B2P
2025-01-06 01:46:00	9	DoubleUp	DXC4B2P
2025-01-06 01:53:00	13.4	DoubleUp	DXC4B2P
2025-01-06 02:02:00	7.8	DoubleDown	DXC4B2P
2025-01-06 02:09:00	6.9	DoubleDown	DXC4B2P
2025-01-06 02:17:00	13.4	DoubleUp	DXC4B2P
2025-01-06 02:26:00	13.3	Flat	DXC4B2P
2025-01-06 02:35:00	4.7	DoubleDown	DXC4B2P
2025-01-06 02:43:00	12	DoubleUp	DXC4B2P
2025-01-06 02:52:00	12.6	DoubleUp	DXC4B2P
2025-01-06 03:00:00	5	DoubleDown	DXC4B2P
2025-01-06 03:10:00	6.8	DoubleUp	DXC4B2P
2025-01-06 03:19:00	12.1	DoubleUp	DXC4B2P
2025-01-06 03:29:00	9.8	DoubleDown	DXC4B2P
2025-01-06 03:39:00	5	DoubleDown	DXC4B2P
2025-01-06 03:46:00	10.8	DoubleUp	DXC4B2P
2025-01-06 03:55:00	9.9	DoubleDown	DXC4B2P
2025-01-06 04:05:00	5.2	DoubleDown	DXC4B2P
2025-01-06 04:15:00	8.1	DoubleUp	DXC4B2P
2025-01-06 04:24:00	5.1	DoubleDown	DXC4B2P
2025-01-06 04:33:00	8.5	DoubleUp	DXC4B2P
2025-01-06 04:40:00	11.5	DoubleUp	DXC4B2P
2025-01-06 04:50:00	8.9	DoubleDown	DXC4B2P
2025-01-06 05:00:00	6.6	DoubleDown	DXC4B2P
2025-01-06 05:09:00	10.4	DoubleUp	DXC4B2P
2025-01-06 05:17:00	12.2	DoubleUp	DXC4B2P
2025-01-06 05:26:00	5.3	DoubleDown	DXC4B2P
2025-01-06 05:34:00	7.2	DoubleUp	DXC4B2P
2025-01-06 05:42:00	4.3	DoubleDown	DXC4B2P
2025-01-06 05:51:00	6.6	DoubleUp	DXC4B2P
2025-01-06 05:58:00	8.6	DoubleUp	DXC4B2P
2025-01-06 06:08:00	8.8	SingleUp	DXC4B2P
2025-01-06 06:17:00	9.9	DoubleUp	DXC4B2P
2025-01-06 06:26:00	4	DoubleDown	DXC4B2P
2025-01-06 06:33:00	10.3	DoubleUp	DXC4B2P
2025-01-06 06:40:00	10	DoubleDown	DXC4B2P
2025-01-06 06:50:00	6.3	DoubleDown	DXC4B2P
2025-01-06 06:58:00	4.4	DoubleDown	DXC4B2P
2025-01-06 07:07:00	6.2	DoubleUp	DXC4B2P
2025-01-06 07:14:00	11.3	DoubleUp	DXC4B2P
2025-01-06 07:21:00	7.5	DoubleDown	DXC4B2P
2025-01-06 07:30:00	4.7	DoubleDown	DXC4B2P
2025-01-06 07:39:00	5.1	DoubleUp	DXC4B2P
2025-01-06 07:47:00	12	DoubleUp	DXC4B2P
2025-01-06 07:56:00	8.2	DoubleDown	DXC4B2P
2025-01-06 08:05:00	6.6	DoubleDown	DXC4B2P
2025-01-06 08:15:00	5.3	DoubleDown	DXC4B2P
2025-01-06 08:25:00	4	DoubleDown	DXC4B2P
2025-01-06 08:35:00	8.4	DoubleUp	DXC4B2P
2025-01-06 08:42:00	4.6	DoubleDown	DXC4B2P
2025-01-06 08:49:00	6.5	DoubleUp	DXC4B2P
2025-01-06 08:57:00	8.3	DoubleUp	DXC4B2P
2025-01-06 09:05:00	8.5	SingleUp	DXC4B2P
2025-01-06 09:13:00	4.8	DoubleDown	DXC4B2P
2025-01-06 09:21:00	10.5	DoubleUp	DXC4B2P
2025-01-06 09:28:00	8	DoubleDown	DXC4B2P
2025-01-06 09:38:00	8	Flat	DXC4B2P
2025-01-06 09:45:00	8.5	DoubleUp	DXC4B2P
2025-01-06 09:53:00	4	DoubleDown	DXC4B2P
2025-01-06 10:02:00	4.9	DoubleUp	DXC4B2P
2025-01-06 10:09:00	7.3	DoubleUp	DXC4B2P
2025-01-06 10:17:00	12.1	DoubleUp	DXC4B2P
2025-01-06 10:27:00	6.9	DoubleDown	DXC4B2P
2025-01-06 10:36:00	7.2	DoubleUp	DXC4B2P
2025-01-06 10:46:00	9.7	DoubleUp	DXC4B2P
2025-01-06 10:56:00	9.3	DoubleDown	DXC4B2P
2025-01-06 11:05:00	7.9	DoubleDown	DXC4B2P
2025-01-06 11:14:00	11	DoubleUp	DXC4B2P
2025-01-06 11:24:00	5.1	DoubleDown	DXC4B2P
2025-01-06 11:32:00	9.4	DoubleUp	DXC4B2P
2025-01-06 11:40:00	11.5	DoubleUp	DXC4B2P
2025-01-06 11:49:00	11.6	Flat	DXC4B2P
2025-01-06 11:57:00	9.4	DoubleDown	DXC4B2P
2025-01-06 12:04:00	4.4	DoubleDown	DXC4B2P
2025-01-06 12:11:00	5	DoubleUp	DXC4B2P
2025-01-06 12:20:00	5.4	DoubleUp	DXC4B2P
2025-01-06 12:30:00	12.6	DoubleUp	DXC4B2P
2025-01-06 12:39:00	4.3	DoubleDown	DXC4B2P
2025-01-06 12:46:00	13	DoubleUp	DXC4B2P
2025-01-06 12:54:00	2.9	DoubleDown	DXC4B2P
2025-01-06 13:04:00	8.6	DoubleUp	DXC4B2P
2025-01-06 13:12:00	3.9	DoubleDown	DXC4B2P
2025-01-06 13:22:00	4.4	DoubleUp	DXC4B2P
2025-01-06 13:29:00	9	DoubleUp	DXC4B2P
2025-01-06 13:38:00	6.1	DoubleDown	DXC4B2P
2025-01-06 13:46:00	5.7	DoubleDown	DXC4B2P
2025-01-06 13:53:00	10.2	DoubleUp	DXC4B2P
2025-01-06 14:00:00	9.9	DoubleDown	DXC4B2P
2025-01-06 14:07:00	4.8	DoubleDown	DXC4B2P
2025-01-06 14:14:00	11.2	DoubleUp	DXC4B2P
2025-01-06 14:22:00	2.3	DoubleDown	DXC4B2P
2025-01-06 14:32:00	7	DoubleUp	DXC4B2P
2025-01-06 14:41:00	7.6	DoubleUp	DXC4B2P
2025-01-06 14:50:00	8.6	DoubleUp	DXC4B2P
2025-01-06 14:58:00	4.9	DoubleDown	DXC4B2P
2025-01-06 15:08:00	7.5	DoubleUp	DXC4B2P
2025-01-06 15:15:00	4.2	DoubleDown	DXC4B2P
2025-01-06 15:23:00	13.7	DoubleUp	DXC4B2P
2025-01-06 15:32:00	12.7	DoubleDown	DXC4B2P
2025-01-06 15:42:00	6.7	DoubleDown	DXC4B2P
2025-01-06 15:52:00	8.8	DoubleUp	DXC4B2P
2025-01-06 16:02:00	6.1	DoubleDown	DXC4B2P
2025-01-06 16:09:00	3.8	DoubleDown	DXC4B2P
2025-01-06 16:17:00	6	DoubleUp	DXC4B2P
2025-01-06 16:25:00	9.5	DoubleUp	DXC4B2P
2025-01-06 16:34:00	15.8	DoubleUp	DXC4B2P
2025-01-06 16:43:00	6.3	DoubleDown	DXC4B2P
2025-01-06 16:50:00	7.7	DoubleUp	DXC4B2P
2025-01-06 17:00:00	7.3	DoubleDown	DXC4B2P
2025-01-06 17:07:00	13.6	DoubleUp	DXC4B2P
2025-01-06 17:15:00	8.5	DoubleDown	DXC4B2P
2025-01-06 17:24:00	4	DoubleDown	DXC4B2P
2025-01-06 17:31:00	13.6	DoubleUp	DXC4B2P
2025-01-06 17:39:00	4.7	DoubleDown	DXC4B2P
2025-01-06 17:48:00	7.3	DoubleUp	DXC4B2P
2025-01-06 17:56:00	9.7	DoubleUp	DXC4B2P
2025-01-06 18:05:00	9.7	Flat	DXC4B2P
2025-01-06 18:15:00	5.6	DoubleDown	DXC4B2P
2025-01-06 18:22:00	10.9	DoubleUp	DXC4B2P
2025-01-06 18:32:00	5	DoubleDown	DXC4B2P
2025-01-06 18:40:00	6.7	DoubleUp	DXC4B2P
2025-01-06 18:48:00	4.6	DoubleDown	DXC4B2P
2025-01-06 18:58:00	5.3	DoubleUp	DXC4B2P
2025-01-06 19:08:00	5.3	Flat	DXC4B2P
2025-01-06 19:18:00	2.7	DoubleDown	DXC4B2P
2025-01-06 19:26:00	5.1	DoubleUp	DXC4B2P
2025-01-06 19:36:00	7.1	DoubleUp	DXC4B2P
2025-01-06 19:43:00	5.4	DoubleDown	DXC4B2P
2025-01-06 19:51:00	4.3	DoubleDown	DXC4B2P
2025-01-06 19:59:00	15	DoubleUp	DXC4B2P
2025-01-06 20:06:00	13.3	DoubleDown	DXC4B2P
2025-01-06 20:14:00	9.3	DoubleDown	DXC4B2P
2025-01-06 20:23:00	8.9	DoubleDown	DXC4B2P
2025-01-06 20:32:00	10.6	DoubleUp	DXC4B2P
2025-01-06 20:39:00	5.3	DoubleDown	DXC4B2P
2025-01-06 20:47:00	9.2	DoubleUp	DXC4B2P
2025-01-06 20:55:00	15.3	DoubleUp	DXC4B2P
2025-01-06 21:03:00	10.3	DoubleDown	DXC4B2P
2025-01-06 21:12:00	9.1	DoubleDown	DXC4B2P
2025-01-06 21:19:00	7.1	DoubleDown	DXC4B2P
2025-01-06 21:27:00	12.1	DoubleUp	DXC4B2P
2025-01-06 21:37:00	9	DoubleDown	DXC4B2P
2025-01-06 21:47:00	11.4	DoubleUp	DXC4B2P
2025-01-06 21:54:00	4.7	DoubleDown	DXC4B2P
2025-01-06 22:02:00	3.1	DoubleDown	DXC4B2P
2025-01-06 22:09:00	5.5	DoubleUp	DXC4B2P
2025-01-06 22:19:00	15.3	DoubleUp	DXC4B2P
2025-01-06 22:27:00	3.5	DoubleDown	DXC4B2P
2025-01-06 22:36:00	6.4	DoubleUp	DXC4B2P
2025-01-06 22:43:00	8.9	DoubleUp	DXC4B2P
2025-01-06 22:50:00	9.3	DoubleUp	DXC4B2P
2025-01-06 22:58:00	7.6	DoubleDown	DXC4B2P
2025-01-06 23:07:00	9.6	DoubleUp	DXC4B2P
2025-01-06 23:17:00	12.8	DoubleUp	DXC4B2P
2025-01-06 23:26:00	4.1	DoubleDown	DXC4B2P
2025-01-06 23:35:00	5.8	DoubleUp	DXC4B2P
2025-01-06 23:42:00	7.9	DoubleUp	DXC4B2P
2025-01-06 23:50:00	9.5	DoubleUp	DXC4B2P
2025-01-06 23:59:00	13.8	DoubleUp	DXC4B2P
2025-01-07 00:08:00	5.2	DoubleDown	DXC4B2P
2025-01-07 00:15:00	7	DoubleUp	DXC4B2P
2025-01-07 00:24:00	15.7	DoubleUp	DXC4B2P
2025-01-07 00:34:00	8.2	DoubleDown	DXC4B2P
2025-01-07 00:41:00	5.7	DoubleDown	DXC4B2P
2025-01-07 00:48:00	12.9	DoubleUp	DXC4B2P
2025-01-07 00:57:00	12.6	DoubleDown	DXC4B2P
2025-01-07 01:05:00	12.5	Flat	DXC4B2P
2025-01-07 01:14:00	8.7	DoubleDown	DXC4B2P
2025-01-07 01:23:00	4.2	DoubleDown	DXC4B2P
2025-01-07 01:32:00	7.1	DoubleUp	DXC4B2P
2025-01-07 01:41:00	9.1	DoubleUp	DXC4B2P
2025-01-07 01:48:00	7.9	DoubleDown	DXC4B2P
2025-01-07 01:56:00	8.2	DoubleUp	DXC4B2P
2025-01-07 02:03:00	16.3	DoubleUp	DXC4B2P
2025-01-07 02:11:00	11.6	DoubleDown	DXC4B2P
2025-01-07 02:20:00	7.4	DoubleDown	DXC4B2P
2025-01-07 02:28:00	10.6	DoubleUp	DXC4B2P
2025-01-07 02:37:00	4.6	DoubleDown	DXC4B2P
2025-01-07 02:47:00	9.2	DoubleUp	DXC4B2P
2025-01-07 02:57:00	4.8	DoubleDown	DXC4B2P
2025-01-07 03:06:00	11.8	DoubleUp	DXC4B2P
2025-01-07 03:16:00	11.3	DoubleDown	DXC4B2P
2025-01-07 03:26:00	7.3	DoubleDown	DXC4B2P
2025-01-07 03:34:00	16.1	DoubleUp	DXC4B2P
2025-01-07 03:44:00	6.4	DoubleDown	DXC4B2P
2025-01-07 03:54:00	6.1	DoubleDown	DXC4B2P
2025-01-07 04:02:00	12.3	DoubleUp	DXC4B2P
2025-01-07 04:09:00	4.2	DoubleDown	DXC4B2P
2025-01-07 04:17:00	7.1	DoubleUp	DXC4B2P
2025-01-07 04:26:00	6.9	SingleDown	DXC4B2P
2025-01-07 04:36:00	6.7	SingleDown	DXC4B2P
2025-01-07 04:44:00	7.6	DoubleUp	DXC4B2P
2025-01-07 04:54:00	7.6	Flat	DXC4B2P
2025-01-07 05:02:00	8.6	DoubleUp	DXC4B2P
2025-01-07 05:11:00	15.7	DoubleUp	DXC4B2P
2025-01-07 05:19:00	6.1	DoubleDown	DXC4B2P
2025-01-07 05:27:00	4	DoubleDown	DXC4B2P
2025-01-07 05:36:00	8.3	DoubleUp	DXC4B2P
2025-01-07 05:45:00	9.6	DoubleUp	DXC4B2P
2025-01-07 05:53:00	10.4	DoubleUp	DXC4B2P
2025-01-07 06:03:00	11.5	DoubleUp	DXC4B2P
2025-01-07 06:10:00	11.9	DoubleUp	DXC4B2P
2025-01-07 06:18:00	12	Flat	DXC4B2P
2025-01-07 06:27:00	8.9	DoubleDown	DXC4B2P
2025-01-07 06:36:00	4.5	DoubleDown	DXC4B2P
2025-01-07 06:43:00	15.3	DoubleUp	DXC4B2P
2025-01-07 06:52:00	8	DoubleDown	DXC4B2P
2025-01-07 06:59:00	15.2	DoubleUp	DXC4B2P
2025-01-07 07:09:00	10	DoubleDown	DXC4B2P
2025-01-07 07:18:00	12.1	DoubleUp	DXC4B2P
2025-01-07 07:25:00	13.4	DoubleUp	DXC4B2P
2025-01-07 07:35:00	15.1	DoubleUp	DXC4B2P
2025-01-07 07:45:00	11.3	DoubleDown	DXC4B2P
2025-01-07 07:54:00	7.8	DoubleDown	DXC4B2P
2025-01-07 08:02:00	8.1	DoubleUp	DXC4B2P
2025-01-07 08:12:00	9	DoubleUp	DXC4B2P
2025-01-07 08:22:00	11.4	DoubleUp	DXC4B2P
2025-01-07 08:29:00	6	DoubleDown	DXC4B2P
2025-01-07 08:37:00	9.2	DoubleUp	DXC4B2P
2025-01-07 08:45:00	7.4	DoubleDown	DXC4B2P
2025-01-07 08:53:00	6.3	DoubleDown	DXC4B2P
2025-01-07 09:03:00	4.2	DoubleDown	DXC4B2P
2025-01-07 09:13:00	4.7	DoubleUp	DXC4B2P
2025-01-07 09:23:00	7.7	DoubleUp	DXC4B2P
2025-01-07 09:32:00	14	DoubleUp	DXC4B2P
2025-01-07 09:39:00	4.4	DoubleDown	DXC4B2P
2025-01-07 09:48:00	6	DoubleUp	DXC4B2P
2025-01-07 09:55:00	4.1	DoubleDown	DXC4B2P
2025-01-07 10:02:00	8.4	DoubleUp	DXC4B2P
2025-01-07 10:09:00	4.3	DoubleDown	DXC4B2P
2025-01-07 10:19:00	8.2	DoubleUp	DXC4B2P
2025-01-07 10:29:00	9.8	DoubleUp	DXC4B2P
2025-01-07 10:37:00	9.5	DoubleDown	DXC4B2P
2025-01-07 10:45:00	5.4	DoubleDown	DXC4B2P
2025-01-07 10:54:00	11.9	DoubleUp	DXC4B2P
2025-01-07 11:01:00	8.7	DoubleDown	DXC4B2P
2025-01-07 11:10:00	7.8	DoubleDown	DXC4B2P
2025-01-07 11:19:00	5.3	DoubleDown	DXC4B2P
2025-01-07 11:26:00	6.3	DoubleUp	DXC4B2P
2025-01-07 11:33:00	9.3	DoubleUp	DXC4B2P
2025-01-07 11:41:00	5.3	DoubleDown	DXC4B2P
2025-01-07 11:49:00	5.7	DoubleUp	DXC4B2P
2025-01-07 11:57:00	9.1	DoubleUp	DXC4B2P
2025-01-07 12:06:00	5.5	DoubleDown	DXC4B2P
2025-01-07 12:14:00	15	DoubleUp	DXC4B2P
2025-01-07 12:24:00	12.7	DoubleDown	DXC4B2P
2025-01-07 12:31:00	11.8	DoubleDown	DXC4B2P
2025-01-07 12:38:00	9.4	DoubleDown	DXC4B2P
2025-01-07 12:48:00	7.6	DoubleDown	DXC4B2P
2025-01-07 12:56:00	7.1	DoubleDown	DXC4B2P
2025-01-07 13:04:00	5.3	DoubleDown	DXC4B2P
2025-01-07 13:12:00	15.7	DoubleUp	DXC4B2P
2025-01-07 13:22:00	5.1	DoubleDown	DXC4B2P
2025-01-07 13:29:00	5.3	SingleUp	DXC4B2P
2025-01-07 13:36:00	12.8	DoubleUp	DXC4B2P
2025-01-07 13:45:00	9.5	DoubleDown	DXC4B2P
2025-01-07 13:53:00	8.8	DoubleDown	DXC4B2P
2025-01-07 14:01:00	8.5	DoubleDown	DXC4B2P
2025-01-07 14:10:00	10.9	DoubleUp	DXC4B2P
2025-01-07 14:18:00	5.9	DoubleDown	DXC4B2P
2025-01-07 14:25:00	12.1	DoubleUp	DXC4B2P
2025-01-07 14:34:00	6.9	DoubleDown	DXC4B2P
2025-01-07 14:43:00	13	DoubleUp	DXC4B2P
2025-01-07 14:50:00	5.5	DoubleDown	DXC4B2P
2025-01-07 14:59:00	9.5	DoubleUp	DXC4B2P
2025-01-07 15:08:00	9.1	DoubleDown	DXC4B2P
2025-01-07 15:15:00	6.7	DoubleDown	DXC4B2P
2025-01-07 15:23:00	7.5	DoubleUp	DXC4B2P
2025-01-07 15:33:00	7.9	DoubleUp	DXC4B2P
2025-01-07 15:42:00	3.1	DoubleDown	DXC4B2P
2025-01-07 15:49:00	5.7	DoubleUp	DXC4B2P
2025-01-07 15:56:00	11.1	DoubleUp	DXC4B2P
2025-01-07 16:05:00	6.2	DoubleDown	DXC4B2P
2025-01-07 16:12:00	4.7	DoubleDown	DXC4B2P
2025-01-07 16:20:00	6.2	DoubleUp	DXC4B2P
2025-01-07 16:29:00	7.5	DoubleUp	DXC4B2P
2025-01-07 16:39:00	5.2	DoubleDown	DXC4B2P
2025-01-07 16:46:00	8.6	DoubleUp	DXC4B2P
2025-01-07 16:55:00	11	DoubleUp	DXC4B2P
2025-01-07 17:02:00	7.7	DoubleDown	DXC4B2P
2025-01-07 17:11:00	11.7	DoubleUp	DXC4B2P
2025-01-07 17:21:00	4.4	DoubleDown	DXC4B2P
2025-01-07 17:28:00	5.5	DoubleUp	DXC4B2P
2025-01-07 17:36:00	10.1	DoubleUp	DXC4B2P
2025-01-07 17:46:00	5.4	DoubleDown	DXC4B2P
2025-01-07 17:56:00	5.7	DoubleUp	DXC4B2P
2025-01-07 18:06:00	15.6	DoubleUp	DXC4B2P
2025-01-07 18:15:00	4	DoubleDown	DXC4B2P
2025-01-07 18:25:00	6.1	DoubleUp	DXC4B2P
2025-01-07 18:33:00	14.6	DoubleUp	DXC4B2P
2025-01-07 18:41:00	5.8	DoubleDown	DXC4B2P
2025-01-07 18:50:00	7.3	DoubleUp	DXC4B2P
2025-01-07 18:57:00	8.5	DoubleUp	DXC4B2P
2025-01-07 19:07:00	3.7	DoubleDown	DXC4B2P
2025-01-07 19:14:00	5.5	DoubleUp	DXC4B2P
2025-01-07 19:22:00	11.5	DoubleUp	DXC4B2P
2025-01-07 19:29:00	2.5	DoubleDown	DXC4B2P
2025-01-07 19:36:00	8.7	DoubleUp	DXC4B2P
2025-01-07 19:46:00	5.5	DoubleDown	DXC4B2P
2025-01-07 19:56:00	12.4	DoubleUp	DXC4B2P
2025-01-07 20:06:00	13.1	DoubleUp	DXC4B2P
2025-01-07 20:14:00	6.5	DoubleDown	DXC4B2P
2025-01-07 20:21:00	13	DoubleUp	DXC4B2P
2025-01-07 20:29:00	3.2	DoubleDown	DXC4B2P
2025-01-07 20:37:00	6.2	DoubleUp	DXC4B2P
2025-01-07 20:45:00	11.4	DoubleUp	DXC4B2P
2025-01-07 20:55:00	8.5	DoubleDown	DXC4B2P
2025-01-07 21:02:00	7.6	DoubleDown	DXC4B2P
2025-01-07 21:12:00	4.4	DoubleDown	DXC4B2P
2025-01-07 21:22:00	7.8	DoubleUp	DXC4B2P
2025-01-07 21:31:00	9	DoubleUp	DXC4B2P
2025-01-07 21:39:00	12.3	DoubleUp	DXC4B2P
2025-01-07 21:48:00	8	DoubleDown	DXC4B2P
2025-01-07 21:56:00	6.6	DoubleDown	DXC4B2P
2025-01-07 22:04:00	12.4	DoubleUp	DXC4B2P
2025-01-07 22:14:00	13.1	DoubleUp	DXC4B2P
2025-01-07 22:21:00	3.5	DoubleDown	DXC4B2P
2025-01-07 22:29:00	5.5	DoubleUp	DXC4B2P
2025-01-07 22:37:00	7.4	DoubleUp	DXC4B2P
2025-01-07 22:46:00	4.5	DoubleDown	DXC4B2P
2025-01-07 22:55:00	5.7	DoubleUp	DXC4B2P
2025-01-07 23:02:00	4.2	DoubleDown	DXC4B2P
2025-01-07 23:11:00	7.7	DoubleUp	DXC4B2P
2025-01-07 23:21:00	5	DoubleDown	DXC4B2P
2025-01-07 23:29:00	4.8	SingleDown	DXC4B2P
2025-01-07 23:38:00	11.9	DoubleUp	DXC4B2P
2025-01-07 23:45:00	5.6	DoubleDown	DXC4B2P
2025-01-07 23:55:00	11	DoubleUp	DXC4B2P
2025-01-08 00:03:00	9.1	DoubleDown	DXC4B2P
2025-01-08 00:11:00	6.7	DoubleDown	DXC4B2P
2025-01-08 00:18:00	9.8	DoubleUp	DXC4B2P
2025-01-08 00:26:00	5.5	DoubleDown	DXC4B2P
2025-01-08 00:34:00	5.6	Flat	DXC4B2P
2025-01-08 00:44:00	10.2	DoubleUp	DXC4B2P
2025-01-08 00:51:00	7.4	DoubleDown	DXC4B2P
2025-01-08 01:00:00	6.7	DoubleDown	DXC4B2P
2025-01-08 01:09:00	8.2	DoubleUp	DXC4B2P
2025-01-08 01:18:00	5.5	DoubleDown	DXC4B2P
2025-01-08 01:27:00	8.5	DoubleUp	DXC4B2P
2025-01-08 01:36:00	7.2	DoubleDown	DXC4B2P
2025-01-08 01:46:00	3.8	DoubleDown	DXC4B2P
2025-01-08 01:54:00	3.7	Flat	DXC4B2P
2025-01-08 02:04:00	6.6	DoubleUp	DXC4B2P
2025-01-08 02:11:00	4.6	DoubleDown	DXC4B2P
2025-01-08 02:18:00	16	DoubleUp	DXC4B2P
2025-01-08 02:26:00	13.6	DoubleDown	DXC4B2P
2025-01-08 02:33:00	9.4	DoubleDown	DXC4B2P
2025-01-08 02:42:00	4.9	DoubleDown	DXC4B2P
2025-01-08 02:52:00	5.8	DoubleUp	DXC4B2P
2025-01-08 02:59:00	4	DoubleDown	DXC4B2P
2025-01-08 03:07:00	9.4	DoubleUp	DXC4B2P
2025-01-08 03:14:00	12.2	DoubleUp	DXC4B2P
2025-01-08 03:22:00	11.8	DoubleDown	DXC4B2P
2025-01-08 03:29:00	14.7	DoubleUp	DXC4B2P
2025-01-08 03:36:00	5.4	DoubleDown	DXC4B2P
2025-01-08 03:43:00	5.8	DoubleUp	DXC4B2P
2025-01-08 03:53:00	12.7	DoubleUp	DXC4B2P
2025-01-08 04:02:00	14.1	DoubleUp	DXC4B2P
2025-01-08 04:12:00	3.5	DoubleDown	DXC4B2P
2025-01-08 04:21:00	7.6	DoubleUp	DXC4B2P
2025-01-08 04:28:00	3.6	DoubleDown	DXC4B2P
2025-01-08 04:35:00	16	DoubleUp	DXC4B2P
2025-01-08 04:42:00	6.5	DoubleDown	DXC4B2P
2025-01-08 04:49:00	8.9	DoubleUp	DXC4B2P
2025-01-08 04:56:00	15.7	DoubleUp	DXC4B2P
2025-01-08 05:06:00	9.8	DoubleDown	DXC4B2P
2025-01-08 05:16:00	5.2	DoubleDown	DXC4B2P
2025-01-08 05:23:00	8.6	DoubleUp	DXC4B2P
2025-01-08 05:32:00	9.3	DoubleUp	DXC4B2P
2025-01-08 05:41:00	5.9	DoubleDown	DXC4B2P
2025-01-08 05:49:00	7.3	DoubleUp	DXC4B2P
2025-01-08 05:58:00	7.5	SingleUp	DXC4B2P
2025-01-08 06:08:00	12.3	DoubleUp	DXC4B2P
2025-01-08 06:15:00	10.7	DoubleDown	DXC4B2P
2025-01-08 06:25:00	13.7	DoubleUp	DXC4B2P
2025-01-08 06:33:00	5.8	DoubleDown	DXC4B2P
2025-01-08 06:40:00	6	SingleUp	DXC4B2P
2025-01-08 06:50:00	5.8	SingleDown	DXC4B2P
2025-01-08 06:57:00	4	DoubleDown	DXC4B2P
2025-01-08 07:04:00	7.5	DoubleUp	DXC4B2P
2025-01-08 07:11:00	9.5	DoubleUp	DXC4B2P
2025-01-08 07:20:00	4.3	DoubleDown	DXC4B2P
2025-01-08 07:28:00	4.2	Flat	DXC4B2P
2025-01-08 07:35:00	9.9	DoubleUp	DXC4B2P
2025-01-08 07:44:00	8.2	DoubleDown	DXC4B2P
2025-01-08 07:53:00	8.4	SingleUp	DXC4B2P
2025-01-08 08:03:00	9.4	DoubleUp	DXC4B2P
2025-01-08 08:10:00	8.9	DoubleDown	DXC4B2P
2025-01-08 08:17:00	6.7	DoubleDown	DXC4B2P
2025-01-08 08:24:00	5.6	DoubleDown	DXC4B2P
2025-01-08 08:33:00	9.7	DoubleUp	DXC4B2P
2025-01-08 08:42:00	8.2	DoubleDown	DXC4B2P
2025-01-08 08:50:00	8.1	Flat	DXC4B2P
2025-01-08 08:59:00	5.5	DoubleDown	DXC4B2P
2025-01-08 09:07:00	5.6	Flat	DXC4B2P
2025-01-08 09:15:00	9	DoubleUp	DXC4B2P
2025-01-08 09:25:00	12.8	DoubleUp	DXC4B2P
2025-01-08 09:35:00	8.6	DoubleDown	DXC4B2P
2025-01-08 09:42:00	9.5	DoubleUp	DXC4B2P
2025-01-08 09:50:00	6.2	DoubleDown	DXC4B2P
2025-01-08 09:59:00	15.7	DoubleUp	DXC4B2P
2025-01-08 10:07:00	4	DoubleDown	DXC4B2P
2025-01-08 10:17:00	5.3	DoubleUp	DXC4B2P
2025-01-08 10:26:00	8.7	DoubleUp	DXC4B2P
2025-01-08 10:34:00	5.9	DoubleDown	DXC4B2P
2025-01-08 10:42:00	5	DoubleDown	DXC4B2P
2025-01-08 10:50:00	10.5	DoubleUp	DXC4B2P
2025-01-08 11:00:00	6.8	DoubleDown	DXC4B2P
2025-01-08 11:09:00	6.9	Flat	DXC4B2P
2025-01-08 11:16:00	5.5	DoubleDown	DXC4B2P
2025-01-08 11:23:00	5.4	Flat	DXC4B2P
2025-01-08 11:33:00	7.6	DoubleUp	DXC4B2P
2025-01-08 11:40:00	8.1	DoubleUp	DXC4B2P
2025-01-08 11:50:00	2.5	DoubleDown	DXC4B2P
2025-01-08 11:59:00	7.3	DoubleUp	DXC4B2P
2025-01-08 12:09:00	5.8	DoubleDown	DXC4B2P
2025-01-08 12:16:00	7.3	DoubleUp	DXC4B2P
2025-01-08 12:25:00	12.3	DoubleUp	DXC4B2P
2025-01-08 12:33:00	5.5	DoubleDown	DXC4B2P
2025-01-08 12:41:00	6.5	DoubleUp	DXC4B2P
2025-01-08 12:51:00	7.5	DoubleUp	DXC4B2P
2025-01-08 12:59:00	8.9	DoubleUp	DXC4B2P
2025-01-08 13:09:00	6.4	DoubleDown	DXC4B2P
2025-01-08 13:19:00	6.7	DoubleUp	DXC4B2P
2025-01-08 13:26:00	5	DoubleDown	DXC4B2P
2025-01-08 13:33:00	13.4	DoubleUp	DXC4B2P
2025-01-08 13:42:00	11.9	DoubleDown	DXC4B2P
2025-01-08 13:51:00	4.4	DoubleDown	DXC4B2P
2025-01-08 13:59:00	7.1	DoubleUp	DXC4B2P
2025-01-08 14:06:00	13.2	DoubleUp	DXC4B2P
2025-01-08 14:13:00	7.4	DoubleDown	DXC4B2P
2025-01-08 14:21:00	8.9	DoubleUp	DXC4B2P
2025-01-08 14:30:00	9.3	DoubleUp	DXC4B2P
2025-01-08 14:38:00	4.1	DoubleDown	DXC4B2P
2025-01-08 14:48:00	6.5	DoubleUp	DXC4B2P
2025-01-08 14:57:00	4.3	DoubleDown	DXC4B2P
2025-01-08 15:04:00	5.4	DoubleUp	DXC4B2P
2025-01-08 15:11:00	14.3	DoubleUp	DXC4B2P
2025-01-08 15:19:00	9.7	DoubleDown	DXC4B2P
2025-01-08 15:26:00	8.3	DoubleDown	DXC4B2P
2025-01-08 15:35:00	5.6	DoubleDown	DXC4B2P
2025-01-08 15:45:00	9.1	DoubleUp	DXC4B2P
2025-01-08 15:55:00	7.8	DoubleDown	DXC4B2P
2025-01-08 16:02:00	4.4	DoubleDown	DXC4B2P
2025-01-08 16:12:00	5.5	DoubleUp	DXC4B2P
2025-01-08 16:19:00	8.6	DoubleUp	DXC4B2P
2025-01-08 16:26:00	12.9	DoubleUp	DXC4B2P
2025-01-08 16:36:00	6.8	DoubleDown	DXC4B2P
2025-01-08 16:46:00	6.1	DoubleDown	DXC4B2P
2025-01-08 16:56:00	8	DoubleUp	DXC4B2P
2025-01-08 17:06:00	10.3	DoubleUp	DXC4B2P
2025-01-08 17:16:00	11.2	DoubleUp	DXC4B2P
2025-01-08 17:24:00	13.2	DoubleUp	DXC4B2P
2025-01-08 17:31:00	6.8	DoubleDown	DXC4B2P
2025-01-08 17:39:00	11.4	DoubleUp	DXC4B2P
2025-01-08 17:46:00	12.1	DoubleUp	DXC4B2P
2025-01-08 17:55:00	8.5	DoubleDown	DXC4B2P
2025-01-08 18:04:00	9.1	DoubleUp	DXC4B2P
2025-01-08 18:14:00	6.1	DoubleDown	DXC4B2P
2025-01-08 18:21:00	10.2	DoubleUp	DXC4B2P
2025-01-08 18:28:00	8.5	DoubleDown	DXC4B2P
2025-01-08 18:35:00	15.8	DoubleUp	DXC4B2P
2025-01-08 18:43:00	7.1	DoubleDown	DXC4B2P
2025-01-08 18:52:00	9.7	DoubleUp	DXC4B2P
2025-01-08 19:02:00	7.7	DoubleDown	DXC4B2P
2025-01-08 19:10:00	5.6	DoubleDown	DXC4B2P
2025-01-08 19:17:00	5.2	DoubleDown	DXC4B2P
2025-01-08 19:27:00	10.5	DoubleUp	DXC4B2P
2025-01-08 19:37:00	13	DoubleUp	DXC4B2P
2025-01-08 19:45:00	6.9	DoubleDown	DXC4B2P
2025-01-08 19:53:00	5.6	DoubleDown	DXC4B2P
2025-01-08 20:01:00	9.9	DoubleUp	DXC4B2P
2025-01-08 20:11:00	11.8	DoubleUp	DXC4B2P
2025-01-08 20:19:00	9.2	DoubleDown	DXC4B2P
2025-01-08 20:26:00	5.6	DoubleDown	DXC4B2P
2025-01-08 20:36:00	6.1	DoubleUp	DXC4B2P
2025-01-08 20:45:00	3.1	DoubleDown	DXC4B2P
2025-01-08 20:55:00	6.8	DoubleUp	DXC4B2P
2025-01-08 21:02:00	4.3	DoubleDown	DXC4B2P
2025-01-08 21:10:00	4.7	DoubleUp	DXC4B2P
2025-01-08 21:18:00	6.9	DoubleUp	DXC4B2P
2025-01-08 21:27:00	10.9	DoubleUp	DXC4B2P
2025-01-08 21:36:00	6	DoubleDown	DXC4B2P
2025-01-08 21:43:00	8.1	DoubleUp	DXC4B2P
2025-01-08 21:51:00	13.6	DoubleUp	DXC4B2P
2025-01-08 21:59:00	4.4	DoubleDown	DXC4B2P
2025-01-08 22:06:00	6.9	DoubleUp	DXC4B2P
2025-01-08 22:14:00	7.6	DoubleUp	DXC4B2P
2025-01-08 22:21:00	4.7	DoubleDown	DXC4B2P
2025-01-08 22:31:00	10.8	DoubleUp	DXC4B2P
2025-01-08 22:41:00	6.1	DoubleDown	DXC4B2P
2025-01-08 22:49:00	13	DoubleUp	DXC4B2P
2025-01-08 22:59:00	7.9	DoubleDown	DXC4B2P
2025-01-08 23:07:00	6.8	DoubleDown	DXC4B2P
2025-01-08 23:16:00	9	DoubleUp	DXC4B2P
2025-01-08 23:25:00	5.7	DoubleDown	DXC4B2P
2025-01-08 23:35:00	7.5	DoubleUp	DXC4B2P
2025-01-08 23:43:00	5.5	DoubleDown	DXC4B2P
2025-01-08 23:52:00	5.3	SingleDown	DXC4B2P
2025-01-09 00:00:00	5.7	DoubleUp	DXC4B2P
2025-01-09 00:10:00	4.8	DoubleDown	DXC4B2P
2025-01-09 00:19:00	10.9	DoubleUp	DXC4B2P
2025-01-09 00:26:00	8	DoubleDown	DXC4B2P
2025-01-09 00:33:00	6.9	DoubleDown	DXC4B2P
2025-01-09 00:43:00	10.6	DoubleUp	DXC4B2P
2025-01-09 00:52:00	6.6	DoubleDown	DXC4B2P
2025-01-09 01:00:00	5.2	DoubleDown	DXC4B2P
2025-01-09 01:08:00	6.7	DoubleUp	DXC4B2P
2025-01-09 01:16:00	5.4	DoubleDown	DXC4B2P
2025-01-09 01:24:00	11.7	DoubleUp	DXC4B2P
2025-01-09 01:34:00	7.5	DoubleDown	DXC4B2P
2025-01-09 01:41:00	5.7	DoubleDown	DXC4B2P
2025-01-09 01:48:00	2.4	DoubleDown	DXC4B2P
2025-01-09 01:55:00	10.7	DoubleUp	DXC4B2P
2025-01-09 02:03:00	8.4	DoubleDown	DXC4B2P
2025-01-09 02:11:00	4.2	DoubleDown	DXC4B2P
2025-01-09 02:18:00	16.1	DoubleUp	DXC4B2P
2025-01-09 02:25:00	9.1	DoubleDown	DXC4B2P
2025-01-09 02:33:00	13.8	DoubleUp	DXC4B2P
2025-01-09 02:43:00	6.6	DoubleDown	DXC4B2P
2025-01-09 02:52:00	5.4	DoubleDown	DXC4B2P
2025-01-09 02:59:00	4.6	DoubleDown	DXC4B2P
2025-01-09 03:08:00	11.1	DoubleUp	DXC4B2P
2025-01-09 03:17:00	7	DoubleDown	DXC4B2P
2025-01-09 03:24:00	15	DoubleUp	DXC4B2P
2025-01-09 03:33:00	4.8	DoubleDown	DXC4B2P
2025-01-09 03:43:00	4.2	DoubleDown	DXC4B2P
2025-01-09 03:52:00	8.8	DoubleUp	DXC4B2P
2025-01-09 03:59:00	9.8	DoubleUp	DXC4B2P
2025-01-09 04:09:00	15	DoubleUp	DXC4B2P
2025-01-09 04:16:00	7.5	DoubleDown	DXC4B2P
2025-01-09 04:26:00	9.5	DoubleUp	DXC4B2P
2025-01-09 04:34:00	7.8	DoubleDown	DXC4B2P
2025-01-09 04:44:00	3.7	DoubleDown	DXC4B2P
2025-01-09 04:52:00	9.4	DoubleUp	DXC4B2P
2025-01-09 05:02:00	4.4	DoubleDown	DXC4B2P
2025-01-09 05:12:00	2.6	DoubleDown	DXC4B2P
2025-01-09 05:19:00	9.2	DoubleUp	DXC4B2P
2025-01-09 05:27:00	5.5	DoubleDown	DXC4B2P
2025-01-09 05:36:00	15.9	DoubleUp	DXC4B2P
2025-01-09 05:46:00	8.6	DoubleDown	DXC4B2P
2025-01-09 05:56:00	7.5	DoubleDown	DXC4B2P
2025-01-09 06:06:00	11.8	DoubleUp	DXC4B2P
2025-01-09 06:13:00	5.5	DoubleDown	DXC4B2P
2025-01-09 06:20:00	13	DoubleUp	DXC4B2P
2025-01-09 06:27:00	6.3	DoubleDown	DXC4B2P
2025-01-09 06:37:00	9.2	DoubleUp	DXC4B2P
2025-01-09 06:47:00	5.9	DoubleDown	DXC4B2P
2025-01-09 06:57:00	6.2	DoubleUp	DXC4B2P
2025-01-09 07:05:00	16	DoubleUp	DXC4B2P
2025-01-09 07:12:00	6.4	DoubleDown	DXC4B2P
2025-01-09 07:22:00	4.9	DoubleDown	DXC4B2P
2025-01-09 07:30:00	9.6	DoubleUp	DXC4B2P
2025-01-09 07:38:00	6.4	DoubleDown	DXC4B2P
2025-01-09 07:47:00	5.5	DoubleDown	DXC4B2P
2025-01-09 07:54:00	7.8	DoubleUp	DXC4B2P
2025-01-09 08:02:00	13.8	DoubleUp	DXC4B2P
2025-01-09 08:10:00	7.9	DoubleDown	DXC4B2P
2025-01-09 08:20:00	5.9	DoubleDown	DXC4B2P
2025-01-09 08:29:00	7	DoubleUp	DXC4B2P
2025-01-09 08:39:00	5.4	DoubleDown	DXC4B2P
2025-01-09 08:47:00	5.3	Flat	DXC4B2P
2025-01-09 08:54:00	5.5	SingleUp	DXC4B2P
2025-01-09 09:01:00	14.3	DoubleUp	DXC4B2P
2025-01-09 09:11:00	7.8	DoubleDown	DXC4B2P
2025-01-09 09:19:00	8	SingleUp	DXC4B2P
2025-01-09 09:29:00	4.1	DoubleDown	DXC4B2P
2025-01-09 09:39:00	6.5	DoubleUp	DXC4B2P
2025-01-09 09:46:00	6.4	Flat	DXC4B2P
2025-01-09 09:54:00	5.9	DoubleDown	DXC4B2P
2025-01-09 10:04:00	8.6	DoubleUp	DXC4B2P
2025-01-09 10:13:00	4.8	DoubleDown	DXC4B2P
2025-01-09 10:21:00	9.2	DoubleUp	DXC4B2P
2025-01-09 10:28:00	10.9	DoubleUp	DXC4B2P
2025-01-09 10:36:00	13.9	DoubleUp	DXC4B2P
2025-01-09 10:44:00	5.7	DoubleDown	DXC4B2P
2025-01-09 10:52:00	14.1	DoubleUp	DXC4B2P
2025-01-09 10:59:00	9.2	DoubleDown	DXC4B2P
2025-01-09 11:08:00	15.6	DoubleUp	DXC4B2P
2025-01-09 11:15:00	6	DoubleDown	DXC4B2P
2025-01-09 11:24:00	11.8	DoubleUp	DXC4B2P
2025-01-09 11:31:00	5.3	DoubleDown	DXC4B2P
2025-01-09 11:40:00	5.3	Flat	DXC4B2P
2025-01-09 11:47:00	7.2	DoubleUp	DXC4B2P
2025-01-09 11:57:00	14.2	DoubleUp	DXC4B2P
2025-01-09 12:06:00	5.5	DoubleDown	DXC4B2P
2025-01-09 12:14:00	4.3	DoubleDown	DXC4B2P
2025-01-09 12:23:00	7.9	DoubleUp	DXC4B2P
2025-01-09 12:32:00	10.3	DoubleUp	DXC4B2P
2025-01-09 12:41:00	11.8	DoubleUp	DXC4B2P
2025-01-09 12:48:00	4.7	DoubleDown	DXC4B2P
2025-01-09 12:55:00	8.7	DoubleUp	DXC4B2P
2025-01-09 13:02:00	9.9	DoubleUp	DXC4B2P
2025-01-09 13:09:00	11.2	DoubleUp	DXC4B2P
2025-01-09 13:16:00	15.6	DoubleUp	DXC4B2P
2025-01-09 13:25:00	4.1	DoubleDown	DXC4B2P
2025-01-09 13:34:00	4.5	DoubleUp	DXC4B2P
2025-01-09 13:42:00	3.8	DoubleDown	DXC4B2P
2025-01-09 13:52:00	5.3	DoubleUp	DXC4B2P
2025-01-09 14:00:00	5	DoubleDown	DXC4B2P
2025-01-09 14:07:00	2.6	DoubleDown	DXC4B2P
2025-01-09 14:16:00	10.2	DoubleUp	DXC4B2P
2025-01-09 14:23:00	9.2	DoubleDown	DXC4B2P
2025-01-09 14:31:00	2.8	DoubleDown	DXC4B2P
2025-01-09 14:38:00	8	DoubleUp	DXC4B2P
2025-01-09 14:48:00	9.3	DoubleUp	DXC4B2P
2025-01-09 14:56:00	13.6	DoubleUp	DXC4B2P
2025-01-09 15:03:00	12.9	DoubleDown	DXC4B2P
2025-01-09 15:12:00	4.5	DoubleDown	DXC4B2P
2025-01-09 15:22:00	5.9	DoubleUp	DXC4B2P
2025-01-09 15:30:00	5.8	Flat	DXC4B2P
2025-01-09 15:38:00	2.5	DoubleDown	DXC4B2P
2025-01-09 15:48:00	4.9	DoubleUp	DXC4B2P
2025-01-09 15:57:00	4.3	DoubleDown	DXC4B2P
2025-01-09 16:06:00	6.3	DoubleUp	DXC4B2P
2025-01-09 16:14:00	10.8	DoubleUp	DXC4B2P
2025-01-09 16:22:00	15.3	DoubleUp	DXC4B2P
2025-01-09 16:31:00	7.2	DoubleDown	DXC4B2P
2025-01-09 16:39:00	10.4	DoubleUp	DXC4B2P
2025-01-09 16:49:00	6.6	DoubleDown	DXC4B2P
2025-01-09 16:58:00	3.2	DoubleDown	DXC4B2P
2025-01-09 17:06:00	10.5	DoubleUp	DXC4B2P
2025-01-09 17:13:00	4.4	DoubleDown	DXC4B2P
2025-01-09 17:23:00	5.6	DoubleUp	DXC4B2P
2025-01-09 17:31:00	6.6	DoubleUp	DXC4B2P
2025-01-09 17:40:00	6	DoubleDown	DXC4B2P
2025-01-09 17:50:00	3.2	DoubleDown	DXC4B2P
2025-01-09 17:57:00	5	DoubleUp	DXC4B2P
2025-01-09 18:05:00	10	DoubleUp	DXC4B2P
2025-01-09 18:15:00	6.8	DoubleDown	DXC4B2P
2025-01-09 18:22:00	4.1	DoubleDown	DXC4B2P
2025-01-09 18:31:00	9.8	DoubleUp	DXC4B2P
2025-01-09 18:39:00	6.7	DoubleDown	DXC4B2P
2025-01-09 18:49:00	7.7	DoubleUp	DXC4B2P
2025-01-09 18:56:00	11.5	DoubleUp	DXC4B2P
2025-01-09 19:05:00	5.1	DoubleDown	DXC4B2P
2025-01-09 19:14:00	11.7	DoubleUp	DXC4B2P
2025-01-09 19:21:00	5.3	DoubleDown	DXC4B2P
2025-01-09 19:28:00	5.6	DoubleUp	DXC4B2P
2025-01-09 19:38:00	9	DoubleUp	DXC4B2P
2025-01-09 19:47:00	7.2	DoubleDown	DXC4B2P
2025-01-09 19:56:00	6.6	DoubleDown	DXC4B2P
2025-01-09 20:03:00	7.4	DoubleUp	DXC4B2P
2025-01-09 20:13:00	10.3	DoubleUp	DXC4B2P
2025-01-09 20:22:00	6.4	DoubleDown	DXC4B2P
2025-01-09 20:30:00	8.4	DoubleUp	DXC4B2P
2025-01-09 20:37:00	8.3	Flat	DXC4B2P
2025-01-09 20:46:00	10.8	DoubleUp	DXC4B2P
2025-01-09 20:55:00	9.9	DoubleDown	DXC4B2P
2025-01-09 21:04:00	6.4	DoubleDown	DXC4B2P
2025-01-09 21:12:00	8	DoubleUp	DXC4B2P
2025-01-09 21:22:00	12.8	DoubleUp	DXC4B2P
2025-01-09 21:30:00	7.5	DoubleDown	DXC4B2P
2025-01-09 21:38:00	11.9	DoubleUp	DXC4B2P
2025-01-09 21:47:00	16.4	DoubleUp	DXC4B2P
2025-01-09 21:55:00	8.7	DoubleDown	DXC4B2P
2025-01-09 22:04:00	8.5	SingleDown	DXC4B2P
2025-01-09 22:14:00	9.2	DoubleUp	DXC4B2P
2025-01-09 22:22:00	4.6	DoubleDown	DXC4B2P
2025-01-09 22:30:00	4.5	Flat	DXC4B2P
2025-01-09 22:37:00	5.1	DoubleUp	DXC4B2P
2025-01-09 22:45:00	9.7	DoubleUp	DXC4B2P
2025-01-09 22:52:00	6.6	DoubleDown	DXC4B2P
2025-01-09 22:59:00	4.1	DoubleDown	DXC4B2P
2025-01-09 23:06:00	10.4	DoubleUp	DXC4B2P
2025-01-09 23:14:00	8.3	DoubleDown	DXC4B2P
2025-01-09 23:23:00	5.3	DoubleDown	DXC4B2P
2025-01-09 23:33:00	13.5	DoubleUp	DXC4B2P
2025-01-09 23:43:00	13.5	Flat	DXC4B2P
2025-01-09 23:51:00	3.2	DoubleDown	DXC4B2P
2025-01-10 00:01:00	5.7	DoubleUp	DXC4B2P
2025-01-10 00:08:00	7.1	DoubleUp	DXC4B2P
2025-01-10 00:15:00	8.2	DoubleUp	DXC4B2P
2025-01-10 00:23:00	6.8	DoubleDown	DXC4B2P
2025-01-10 00:33:00	10.4	DoubleUp	DXC4B2P
2025-01-10 00:41:00	4.4	DoubleDown	DXC4B2P
2025-01-10 00:49:00	9.1	DoubleUp	DXC4B2P
2025-01-10 00:57:00	6.9	DoubleDown	DXC4B2P
2025-01-10 01:04:00	10	DoubleUp	DXC4B2P
2025-01-10 01:12:00	4.5	DoubleDown	DXC4B2P
2025-01-10 01:22:00	6.4	DoubleUp	DXC4B2P
2025-01-10 01:29:00	13.8	DoubleUp	DXC4B2P
2025-01-10 01:36:00	5.1	DoubleDown	DXC4B2P
2025-01-10 01:44:00	8.3	DoubleUp	DXC4B2P
2025-01-10 01:53:00	9.4	DoubleUp	DXC4B2P
2025-01-10 02:03:00	8.7	DoubleDown	DXC4B2P
2025-01-10 02:12:00	9.7	DoubleUp	DXC4B2P
2025-01-10 02:19:00	7.1	DoubleDown	DXC4B2P
2025-01-10 02:27:00	8.1	DoubleUp	DXC4B2P
2025-01-10 02:37:00	6.6	DoubleDown	DXC4B2P
2025-01-10 02:45:00	7.3	DoubleUp	DXC4B2P
2025-01-10 02:54:00	5.5	DoubleDown	DXC4B2P
2025-01-10 03:04:00	13.4	DoubleUp	DXC4B2P
2025-01-10 03:12:00	9.6	DoubleDown	DXC4B2P
2025-01-10 03:19:00	8.1	DoubleDown	DXC4B2P
2025-01-10 03:27:00	7.7	DoubleDown	DXC4B2P
2025-01-10 03:37:00	6.6	DoubleDown	DXC4B2P
2025-01-10 03:45:00	8.4	DoubleUp	DXC4B2P
2025-01-10 03:55:00	7.1	DoubleDown	DXC4B2P
2025-01-10 04:02:00	8.3	DoubleUp	DXC4B2P
2025-01-10 04:12:00	14.9	DoubleUp	DXC4B2P
2025-01-10 04:21:00	9.2	DoubleDown	DXC4B2P
2025-01-10 04:31:00	16.1	DoubleUp	DXC4B2P
2025-01-10 04:41:00	15.1	DoubleDown	DXC4B2P
2025-01-10 04:51:00	10.8	DoubleDown	DXC4B2P
2025-01-10 05:00:00	8.6	DoubleDown	DXC4B2P
2025-01-10 05:07:00	7.1	DoubleDown	DXC4B2P
2025-01-10 05:16:00	7.3	SingleUp	DXC4B2P
2025-01-10 05:26:00	9.8	DoubleUp	DXC4B2P
2025-01-10 05:36:00	7.4	DoubleDown	DXC4B2P
2025-01-10 05:44:00	4.1	DoubleDown	DXC4B2P
2025-01-10 05:52:00	11.4	DoubleUp	DXC4B2P
2025-01-10 05:59:00	5.1	DoubleDown	DXC4B2P
2025-01-10 06:06:00	5.3	SingleUp	DXC4B2P
2025-01-10 06:13:00	7.3	DoubleUp	DXC4B2P
2025-01-10 06:21:00	9.7	DoubleUp	DXC4B2P
2025-01-10 06:28:00	6.3	DoubleDown	DXC4B2P
2025-01-10 06:38:00	15.9	DoubleUp	DXC4B2P
2025-01-10 06:48:00	6.3	DoubleDown	DXC4B2P
2025-01-10 06:56:00	5.6	DoubleDown	DXC4B2P
2025-01-10 07:06:00	15.8	DoubleUp	DXC4B2P
2025-01-10 07:15:00	10.6	DoubleDown	DXC4B2P
2025-01-10 07:23:00	5	DoubleDown	DXC4B2P
2025-01-10 07:32:00	10.2	DoubleUp	DXC4B2P
2025-01-10 07:42:00	7.6	DoubleDown	DXC4B2P
2025-01-10 07:50:00	4.7	DoubleDown	DXC4B2P
2025-01-10 07:57:00	5.8	DoubleUp	DXC4B2P
2025-01-10 08:05:00	5.6	SingleDown	DXC4B2P
2025-01-10 08:13:00	9.7	DoubleUp	DXC4B2P
2025-01-10 08:22:00	6	DoubleDown	DXC4B2P
2025-01-10 08:30:00	9.8	DoubleUp	DXC4B2P
2025-01-10 08:38:00	10.5	DoubleUp	DXC4B2P
2025-01-10 08:48:00	9.7	DoubleDown	DXC4B2P
2025-01-10 08:58:00	5.7	DoubleDown	DXC4B2P
2025-01-10 09:06:00	8.2	DoubleUp	DXC4B2P
2025-01-10 09:13:00	7.9	DoubleDown	DXC4B2P
2025-01-10 09:23:00	10.2	DoubleUp	DXC4B2P
2025-01-10 09:33:00	4.7	DoubleDown	DXC4B2P
2025-01-10 09:42:00	4.9	SingleUp	DXC4B2P
2025-01-10 09:51:00	8.9	DoubleUp	DXC4B2P
2025-01-10 09:58:00	15.4	DoubleUp	DXC4B2P
2025-01-10 10:07:00	10.4	DoubleDown	DXC4B2P
2025-01-10 10:15:00	8.3	DoubleDown	DXC4B2P
2025-01-10 10:25:00	4.3	DoubleDown	DXC4B2P
2025-01-10 10:35:00	11.9	DoubleUp	DXC4B2P
2025-01-10 10:43:00	13	DoubleUp	DXC4B2P
2025-01-10 10:53:00	6.3	DoubleDown	DXC4B2P
2025-01-10 11:01:00	7.4	DoubleUp	DXC4B2P
2025-01-10 11:11:00	4.2	DoubleDown	DXC4B2P
2025-01-10 11:19:00	10.3	DoubleUp	DXC4B2P
2025-01-10 11:29:00	12.9	DoubleUp	DXC4B2P
2025-01-10 11:39:00	4.2	DoubleDown	DXC4B2P
2025-01-10 11:47:00	2.8	DoubleDown	DXC4B2P
2025-01-10 11:55:00	7.7	DoubleUp	DXC4B2P
2025-01-10 12:02:00	10	DoubleUp	DXC4B2P
2025-01-10 12:10:00	12.6	DoubleUp	DXC4B2P
2025-01-10 12:19:00	9.8	DoubleDown	DXC4B2P
2025-01-10 12:28:00	12.3	DoubleUp	DXC4B2P
2025-01-10 12:37:00	8.8	DoubleDown	DXC4B2P
2025-01-10 12:44:00	5.4	DoubleDown	DXC4B2P
2025-01-10 12:53:00	7.5	DoubleUp	DXC4B2P
2025-01-10 13:02:00	14.3	DoubleUp	DXC4B2P
2025-01-10 13:11:00	5	DoubleDown	DXC4B2P
2025-01-10 13:21:00	8.5	DoubleUp	DXC4B2P
2025-01-10 13:29:00	8.7	SingleUp	DXC4B2P
2025-01-10 13:36:00	11.8	DoubleUp	DXC4B2P
2025-01-10 13:44:00	8.8	DoubleDown	DXC4B2P
2025-01-10 13:54:00	9.4	DoubleUp	DXC4B2P
2025-01-10 14:01:00	9.7	DoubleUp	DXC4B2P
2025-01-10 14:09:00	4.7	DoubleDown	DXC4B2P
2025-01-10 14:19:00	7.3	DoubleUp	DXC4B2P
2025-01-10 14:26:00	9.6	DoubleUp	DXC4B2P
2025-01-10 14:35:00	5.6	DoubleDown	DXC4B2P
2025-01-10 14:45:00	9.4	DoubleUp	DXC4B2P
2025-01-10 14:55:00	11.8	DoubleUp	DXC4B2P
2025-01-10 15:02:00	16.1	DoubleUp	DXC4B2P
2025-01-10 15:10:00	9	DoubleDown	DXC4B2P
2025-01-10 15:19:00	4.1	DoubleDown	DXC4B2P
2025-01-10 15:29:00	8.8	DoubleUp	DXC4B2P
2025-01-10 15:38:00	11.2	DoubleUp	DXC4B2P
2025-01-10 15:47:00	4.9	DoubleDown	DXC4B2P
2025-01-10 15:54:00	3.9	DoubleDown	DXC4B2P
2025-01-10 16:02:00	13.8	DoubleUp	DXC4B2P
2025-01-10 16:10:00	8.7	DoubleDown	DXC4B2P
2025-01-10 16:19:00	9.2	DoubleUp	DXC4B2P
2025-01-10 16:29:00	8.7	DoubleDown	DXC4B2P
2025-01-10 16:38:00	10.4	DoubleUp	DXC4B2P
2025-01-10 16:45:00	8.4	DoubleDown	DXC4B2P
2025-01-10 16:53:00	10.5	DoubleUp	DXC4B2P
2025-01-10 17:00:00	6.3	DoubleDown	DXC4B2P
2025-01-10 17:07:00	5.7	DoubleDown	DXC4B2P
2025-01-10 17:17:00	2.6	DoubleDown	DXC4B2P
2025-01-10 17:27:00	8.1	DoubleUp	DXC4B2P
2025-01-10 17:37:00	4	DoubleDown	DXC4B2P
2025-01-10 17:45:00	7.7	DoubleUp	DXC4B2P
2025-01-10 17:53:00	7.2	DoubleDown	DXC4B2P
2025-01-10 18:00:00	3.6	DoubleDown	DXC4B2P
2025-01-10 18:08:00	4.1	DoubleUp	DXC4B2P
2025-01-10 18:17:00	4.5	DoubleUp	DXC4B2P
2025-01-10 18:25:00	6.5	DoubleUp	DXC4B2P
2025-01-10 18:33:00	4.9	DoubleDown	DXC4B2P
2025-01-10 18:41:00	4.4	DoubleDown	DXC4B2P
2025-01-10 18:48:00	5.2	DoubleUp	DXC4B2P
2025-01-10 18:55:00	5.3	Flat	DXC4B2P
2025-01-10 19:02:00	7.1	DoubleUp	DXC4B2P
2025-01-10 19:12:00	9	DoubleUp	DXC4B2P
2025-01-10 19:20:00	7.9	DoubleDown	DXC4B2P
2025-01-10 19:30:00	15.2	DoubleUp	DXC4B2P
2025-01-10 19:40:00	7.6	DoubleDown	DXC4B2P
2025-01-10 19:47:00	4.3	DoubleDown	DXC4B2P
2025-01-10 19:54:00	4.7	DoubleUp	DXC4B2P
2025-01-10 20:01:00	9	DoubleUp	DXC4B2P
2025-01-10 20:10:00	3.6	DoubleDown	DXC4B2P
2025-01-10 20:19:00	5.3	DoubleUp	DXC4B2P
2025-01-10 20:27:00	8.3	DoubleUp	DXC4B2P
2025-01-10 20:34:00	4.5	DoubleDown	DXC4B2P
2025-01-10 20:43:00	11	DoubleUp	DXC4B2P
2025-01-10 20:51:00	12.5	DoubleUp	DXC4B2P
2025-01-10 21:00:00	7.3	DoubleDown	DXC4B2P
2025-01-10 21:08:00	6.5	DoubleDown	DXC4B2P
2025-01-10 21:18:00	10.5	DoubleUp	DXC4B2P
2025-01-10 21:28:00	4.7	DoubleDown	DXC4B2P
2025-01-10 21:38:00	12.1	DoubleUp	DXC4B2P
2025-01-10 21:48:00	9.3	DoubleDown	DXC4B2P
2025-01-10 21:58:00	2.2	DoubleDown	DXC4B2P
2025-01-10 22:05:00	5.3	DoubleUp	DXC4B2P
2025-01-10 22:12:00	3.2	DoubleDown	DXC4B2P
2025-01-10 22:21:00	7.7	DoubleUp	DXC4B2P
2025-01-10 22:28:00	6.1	DoubleDown	DXC4B2P
2025-01-10 22:38:00	12.4	DoubleUp	DXC4B2P
2025-01-10 22:46:00	10.6	DoubleDown	DXC4B2P
2025-01-10 22:56:00	8.4	DoubleDown	DXC4B2P
2025-01-10 23:05:00	7	DoubleDown	DXC4B2P
2025-01-10 23:12:00	3.4	DoubleDown	DXC4B2P
2025-01-10 23:20:00	5.7	DoubleUp	DXC4B2P
2025-01-10 23:29:00	7.5	DoubleUp	DXC4B2P
2025-01-10 23:39:00	7.7	SingleUp	DXC4B2P
2025-01-10 23:48:00	15.6	DoubleUp	DXC4B2P
2025-01-10 23:55:00	8.4	DoubleDown	DXC4B2P
2025-01-11 00:05:00	4.2	DoubleDown	DXC4B2P
2025-01-11 00:14:00	3.3	DoubleDown	DXC4B2P
2025-01-11 00:23:00	4.3	DoubleUp	DXC4B2P
2025-01-11 00:33:00	6.6	DoubleUp	DXC4B2P
2025-01-11 00:42:00	6.4	SingleDown	DXC4B2P
2025-01-11 00:52:00	13.4	DoubleUp	DXC4B2P
2025-01-11 01:02:00	9.5	DoubleDown	DXC4B2P
2025-01-11 01:09:00	9.3	SingleDown	DXC4B2P
2025-01-11 01:16:00	10.3	DoubleUp	DXC4B2P
2025-01-11 01:25:00	7.5	DoubleDown	DXC4B2P
2025-01-11 01:33:00	8.1	DoubleUp	DXC4B2P
2025-01-11 01:40:00	10.5	DoubleUp	DXC4B2P
2025-01-11 01:48:00	7.6	DoubleDown	DXC4B2P
2025-01-11 01:55:00	7.7	Flat	DXC4B2P
2025-01-11 02:02:00	12.5	DoubleUp	DXC4B2P
2025-01-11 02:11:00	3.9	DoubleDown	DXC4B2P
2025-01-11 02:19:00	6.7	DoubleUp	DXC4B2P
2025-01-11 02:29:00	9	DoubleUp	DXC4B2P
2025-01-11 02:39:00	6.8	DoubleDown	DXC4B2P
2025-01-11 02:49:00	6.7	Flat	DXC4B2P
2025-01-11 02:56:00	7.9	DoubleUp	DXC4B2P
2025-01-11 03:06:00	8.8	DoubleUp	DXC4B2P
2025-01-11 03:15:00	6.6	DoubleDown	DXC4B2P
2025-01-11 03:22:00	11	DoubleUp	DXC4B2P
2025-01-11 03:32:00	5.3	DoubleDown	DXC4B2P
2025-01-11 03:40:00	5.7	DoubleUp	DXC4B2P
2025-01-11 03:47:00	5.5	SingleDown	DXC4B2P
2025-01-11 03:56:00	6.9	DoubleUp	DXC4B2P
2025-01-11 04:04:00	4.7	DoubleDown	DXC4B2P
2025-01-11 04:14:00	4.2	DoubleDown	DXC4B2P
2025-01-11 04:23:00	7.1	DoubleUp	DXC4B2P
2025-01-11 04:33:00	5	DoubleDown	DXC4B2P
2025-01-11 04:43:00	10.7	DoubleUp	DXC4B2P
2025-01-11 04:52:00	9.5	DoubleDown	DXC4B2P
2025-01-11 05:01:00	4	DoubleDown	DXC4B2P
2025-01-11 05:09:00	4.1	Flat	DXC4B2P
2025-01-11 05:16:00	5.7	DoubleUp	DXC4B2P
2025-01-11 05:26:00	15.5	DoubleUp	DXC4B2P
2025-01-11 05:33:00	9.4	DoubleDown	DXC4B2P
2025-01-11 05:43:00	4.9	DoubleDown	DXC4B2P
2025-01-11 05:52:00	13.6	DoubleUp	DXC4B2P
2025-01-11 06:01:00	4.1	DoubleDown	DXC4B2P
2025-01-11 06:11:00	15.7	DoubleUp	DXC4B2P
2025-01-11 06:21:00	8.4	DoubleDown	DXC4B2P
2025-01-11 06:28:00	10	DoubleUp	DXC4B2P
2025-01-11 06:37:00	5.9	DoubleDown	DXC4B2P
2025-01-11 06:44:00	7.4	DoubleUp	DXC4B2P
2025-01-11 06:51:00	8.2	DoubleUp	DXC4B2P
2025-01-11 06:59:00	8	SingleDown	DXC4B2P
2025-01-11 07:08:00	3.9	DoubleDown	DXC4B2P
2025-01-11 07:17:00	12.5	DoubleUp	DXC4B2P
2025-01-11 07:24:00	11.3	DoubleDown	DXC4B2P
2025-01-11 07:31:00	8.1	DoubleDown	DXC4B2P
2025-01-11 07:39:00	6.4	DoubleDown	DXC4B2P
2025-01-11 07:48:00	6.5	Flat	DXC4B2P
2025-01-11 07:57:00	5.8	DoubleDown	DXC4B2P
2025-01-11 08:07:00	6.8	DoubleUp	DXC4B2P
2025-01-11 08:14:00	9.6	DoubleUp	DXC4B2P
2025-01-11 08:23:00	5.7	DoubleDown	DXC4B2P
2025-01-11 08:32:00	8.7	DoubleUp	DXC4B2P
2025-01-11 08:39:00	9.1	DoubleUp	DXC4B2P
2025-01-11 08:46:00	7.3	DoubleDown	DXC4B2P
2025-01-11 08:56:00	9.3	DoubleUp	DXC4B2P
2025-01-11 09:03:00	8.5	DoubleDown	DXC4B2P
2025-01-11 09:12:00	11.6	DoubleUp	DXC4B2P
2025-01-11 09:22:00	4	DoubleDown	DXC4B2P
2025-01-11 09:31:00	14.3	DoubleUp	DXC4B2P
2025-01-11 09:39:00	8.8	DoubleDown	DXC4B2P
2025-01-11 09:46:00	5.6	DoubleDown	DXC4B2P
2025-01-11 09:53:00	13.8	DoubleUp	DXC4B2P
2025-01-11 10:02:00	6.2	DoubleDown	DXC4B2P
2025-01-11 10:09:00	8.9	DoubleUp	DXC4B2P
2025-01-11 10:19:00	8.9	Flat	DXC4B2P
2025-01-11 10:28:00	8.4	DoubleDown	DXC4B2P
2025-01-11 10:36:00	8.4	Flat	DXC4B2P
2025-01-11 10:43:00	9.4	DoubleUp	DXC4B2P
2025-01-11 10:51:00	3.3	DoubleDown	DXC4B2P
2025-01-11 11:01:00	9.2	DoubleUp	DXC4B2P
2025-01-11 11:09:00	8.9	DoubleDown	DXC4B2P
2025-01-11 11:17:00	5.8	DoubleDown	DXC4B2P
2025-01-11 11:27:00	7.4	DoubleUp	DXC4B2P
2025-01-11 11:34:00	13.2	DoubleUp	DXC4B2P
2025-01-11 11:42:00	6	DoubleDown	DXC4B2P
2025-01-11 11:49:00	2.2	DoubleDown	DXC4B2P
2025-01-11 11:57:00	15.4	DoubleUp	DXC4B2P
2025-01-11 12:07:00	9.8	DoubleDown	DXC4B2P
2025-01-11 12:17:00	8.8	DoubleDown	DXC4B2P
2025-01-11 12:25:00	3.3	DoubleDown	DXC4B2P
2025-01-11 12:34:00	2.7	DoubleDown	DXC4B2P
2025-01-11 12:43:00	5.7	DoubleUp	DXC4B2P
2025-01-11 12:51:00	5.8	Flat	DXC4B2P
2025-01-11 13:01:00	4.2	DoubleDown	DXC4B2P
2025-01-11 13:10:00	8.6	DoubleUp	DXC4B2P
2025-01-11 13:17:00	10.2	DoubleUp	DXC4B2P
2025-01-11 13:26:00	13.5	DoubleUp	DXC4B2P
2025-01-11 13:35:00	4.4	DoubleDown	DXC4B2P
2025-01-11 13:45:00	7.1	DoubleUp	DXC4B2P
2025-01-11 13:54:00	4	DoubleDown	DXC4B2P
2025-01-11 14:04:00	7.3	DoubleUp	DXC4B2P
2025-01-11 14:14:00	7.8	DoubleUp	DXC4B2P
2025-01-11 14:21:00	12.9	DoubleUp	DXC4B2P
2025-01-11 14:30:00	9.9	DoubleDown	DXC4B2P
2025-01-11 14:37:00	10.5	DoubleUp	DXC4B2P
2025-01-11 14:47:00	14.4	DoubleUp	DXC4B2P
2025-01-11 14:57:00	9.9	DoubleDown	DXC4B2P
2025-01-11 15:06:00	9.5	DoubleDown	DXC4B2P
2025-01-11 15:15:00	15.1	DoubleUp	DXC4B2P
2025-01-11 15:22:00	9.5	DoubleDown	DXC4B2P
2025-01-11 15:30:00	9.5	Flat	DXC4B2P
2025-01-11 15:39:00	7.5	DoubleDown	DXC4B2P
2025-01-11 15:48:00	7.5	Flat	DXC4B2P
2025-01-11 15:55:00	8.9	DoubleUp	DXC4B2P
2025-01-11 16:05:00	8.9	Flat	DXC4B2P
2025-01-11 16:15:00	9.5	DoubleUp	DXC4B2P
2025-01-11 16:23:00	7.3	DoubleDown	DXC4B2P
2025-01-11 16:33:00	8.5	DoubleUp	DXC4B2P
2025-01-11 16:43:00	6.6	DoubleDown	DXC4B2P
2025-01-11 16:51:00	8.8	DoubleUp	DXC4B2P
2025-01-11 17:01:00	10.4	DoubleUp	DXC4B2P
2025-01-11 17:10:00	12.6	DoubleUp	DXC4B2P
2025-01-11 17:18:00	12.7	Flat	DXC4B2P
2025-01-11 17:26:00	15.1	DoubleUp	DXC4B2P
2025-01-11 17:33:00	4.2	DoubleDown	DXC4B2P
2025-01-11 17:42:00	8.5	DoubleUp	DXC4B2P
2025-01-11 17:51:00	11	DoubleUp	DXC4B2P
2025-01-11 17:59:00	6.5	DoubleDown	DXC4B2P
2025-01-11 18:09:00	13.1	DoubleUp	DXC4B2P
2025-01-11 18:19:00	6.2	DoubleDown	DXC4B2P
2025-01-11 18:26:00	10.6	DoubleUp	DXC4B2P
2025-01-11 18:34:00	7.7	DoubleDown	DXC4B2P
2025-01-11 18:43:00	13.8	DoubleUp	DXC4B2P
2025-01-11 18:52:00	7.9	DoubleDown	DXC4B2P
2025-01-11 19:02:00	7.3	DoubleDown	DXC4B2P
2025-01-11 19:10:00	8.7	DoubleUp	DXC4B2P
2025-01-11 19:19:00	5	DoubleDown	DXC4B2P
2025-01-11 19:26:00	8.9	DoubleUp	DXC4B2P
2025-01-11 19:35:00	13.2	DoubleUp	DXC4B2P
2025-01-11 19:43:00	4	DoubleDown	DXC4B2P
2025-01-11 19:51:00	7.8	DoubleUp	DXC4B2P
2025-01-11 20:01:00	8.2	DoubleUp	DXC4B2P
2025-01-11 20:10:00	7.5	DoubleDown	DXC4B2P
2025-01-11 20:18:00	11.6	DoubleUp	DXC4B2P
2025-01-11 20:26:00	6.6	DoubleDown	DXC4B2P
2025-01-11 20:36:00	12.4	DoubleUp	DXC4B2P
2025-01-11 20:44:00	11.7	DoubleDown	DXC4B2P
2025-01-11 20:53:00	9.8	DoubleDown	DXC4B2P
2025-01-11 21:03:00	4.8	DoubleDown	DXC4B2P
2025-01-11 21:10:00	8.5	DoubleUp	DXC4B2P
2025-01-11 21:20:00	13	DoubleUp	DXC4B2P
2025-01-11 21:30:00	4.5	DoubleDown	DXC4B2P
2025-01-11 21:40:00	12.1	DoubleUp	DXC4B2P
2025-01-11 21:49:00	7.8	DoubleDown	DXC4B2P
2025-01-11 21:58:00	9.9	DoubleUp	DXC4B2P
2025-01-11 22:07:00	6.6	DoubleDown	DXC4B2P
2025-01-11 22:15:00	9.9	DoubleUp	DXC4B2P
2025-01-11 22:24:00	5.7	DoubleDown	DXC4B2P
2025-01-11 22:32:00	7.8	DoubleUp	DXC4B2P
2025-01-11 22:41:00	9.6	DoubleUp	DXC4B2P
2025-01-11 22:49:00	2.6	DoubleDown	DXC4B2P
2025-01-11 22:58:00	6.1	DoubleUp	DXC4B2P
2025-01-11 23:06:00	7.5	DoubleUp	DXC4B2P
2025-01-11 23:16:00	3.7	DoubleDown	DXC4B2P
2025-01-11 23:25:00	14.3	DoubleUp	DXC4B2P
2025-01-11 23:35:00	10.9	DoubleDown	DXC4B2P
2025-01-11 23:45:00	4.9	DoubleDown	DXC4B2P
2025-01-11 23:53:00	4.3	DoubleDown	DXC4B2P
2025-01-12 00:02:00	8	DoubleUp	DXC4B2P
2025-01-12 00:12:00	4.6	DoubleDown	DXC4B2P
2025-01-12 00:21:00	11.5	DoubleUp	DXC4B2P
2025-01-12 00:31:00	5.4	DoubleDown	DXC4B2P
2025-01-12 00:40:00	9.9	DoubleUp	DXC4B2P
2025-01-12 00:48:00	12.1	DoubleUp	DXC4B2P
2025-01-12 00:58:00	9.8	DoubleDown	DXC4B2P
2025-01-12 01:07:00	13.8	DoubleUp	DXC4B2P
2025-01-12 01:15:00	6	DoubleDown	DXC4B2P
2025-01-12 01:25:00	4	DoubleDown	DXC4B2P
2025-01-12 01:33:00	9.5	DoubleUp	DXC4B2P
2025-01-12 01:42:00	8.2	DoubleDown	DXC4B2P
2025-01-12 01:49:00	10.3	DoubleUp	DXC4B2P
2025-01-12 01:59:00	12.7	DoubleUp	DXC4B2P
2025-01-12 02:06:00	7.1	DoubleDown	DXC4B2P
2025-01-12 02:15:00	8.8	DoubleUp	DXC4B2P
2025-01-12 02:22:00	5.2	DoubleDown	DXC4B2P
2025-01-12 02:31:00	7.3	DoubleUp	DXC4B2P
2025-01-12 02:41:00	8.7	DoubleUp	DXC4B2P
2025-01-12 02:51:00	16.2	DoubleUp	DXC4B2P
2025-01-12 03:01:00	13.7	DoubleDown	DXC4B2P
2025-01-12 03:09:00	3.3	DoubleDown	DXC4B2P
2025-01-12 03:16:00	4.3	DoubleUp	DXC4B2P
2025-01-12 03:26:00	12.3	DoubleUp	DXC4B2P
2025-01-12 03:34:00	5.6	DoubleDown	DXC4B2P
2025-01-12 03:44:00	11.8	DoubleUp	DXC4B2P
2025-01-12 03:52:00	13.7	DoubleUp	DXC4B2P
2025-01-12 04:00:00	4.2	DoubleDown	DXC4B2P
2025-01-12 04:07:00	11.6	DoubleUp	DXC4B2P
2025-01-12 04:16:00	9.9	DoubleDown	DXC4B2P
2025-01-12 04:26:00	13.3	DoubleUp	DXC4B2P
2025-01-12 04:34:00	12.2	DoubleDown	DXC4B2P
2025-01-12 04:41:00	7	DoubleDown	DXC4B2P
2025-01-12 04:51:00	7.3	DoubleUp	DXC4B2P
2025-01-12 05:00:00	9.3	DoubleUp	DXC4B2P
2025-01-12 05:07:00	9	DoubleDown	DXC4B2P
2025-01-12 05:15:00	9.8	DoubleUp	DXC4B2P
2025-01-12 05:25:00	10.2	DoubleUp	DXC4B2P
2025-01-12 05:34:00	5	DoubleDown	DXC4B2P
2025-01-12 05:42:00	15.4	DoubleUp	DXC4B2P
2025-01-12 05:52:00	4.8	DoubleDown	DXC4B2P
2025-01-12 05:59:00	8.7	DoubleUp	DXC4B2P
2025-01-12 06:06:00	5.8	DoubleDown	DXC4B2P
2025-01-12 06:15:00	7	DoubleUp	DXC4B2P
2025-01-12 06:25:00	15.9	DoubleUp	DXC4B2P
2025-01-12 06:33:00	14.2	DoubleDown	DXC4B2P
2025-01-12 06:41:00	8.4	DoubleDown	DXC4B2P
2025-01-12 06:51:00	4.2	DoubleDown	DXC4B2P
2025-01-12 06:59:00	11.5	DoubleUp	DXC4B2P
2025-01-12 07:06:00	15	DoubleUp	DXC4B2P
2025-01-12 07:13:00	6	DoubleDown	DXC4B2P
2025-01-12 07:22:00	9.7	DoubleUp	DXC4B2P
2025-01-12 07:32:00	4.6	DoubleDown	DXC4B2P
2025-01-12 07:42:00	12.1	DoubleUp	DXC4B2P
2025-01-12 07:52:00	6.8	DoubleDown	DXC4B2P
2025-01-12 08:01:00	9.8	DoubleUp	DXC4B2P
2025-01-12 08:11:00	5.6	DoubleDown	DXC4B2P
2025-01-12 08:21:00	9.2	DoubleUp	DXC4B2P
2025-01-12 08:28:00	13.6	DoubleUp	DXC4B2P
2025-01-12 08:36:00	8.5	DoubleDown	DXC4B2P
2025-01-12 08:45:00	10	DoubleUp	DXC4B2P
2025-01-12 08:52:00	7.9	DoubleDown	DXC4B2P
2025-01-12 09:00:00	5.4	DoubleDown	DXC4B2P
2025-01-12 09:10:00	6.3	DoubleUp	DXC4B2P
2025-01-12 09:17:00	4.7	DoubleDown	DXC4B2P
2025-01-12 09:26:00	10.4	DoubleUp	DXC4B2P
2025-01-12 09:34:00	12.8	DoubleUp	DXC4B2P
2025-01-12 09:41:00	6.1	DoubleDown	DXC4B2P
2025-01-12 09:50:00	6	Flat	DXC4B2P
2025-01-12 09:57:00	7.5	DoubleUp	DXC4B2P
2025-01-12 10:06:00	12.6	DoubleUp	DXC4B2P
2025-01-12 10:14:00	9.9	DoubleDown	DXC4B2P
2025-01-12 10:21:00	10	Flat	DXC4B2P
2025-01-12 10:29:00	9.5	DoubleDown	DXC4B2P
2025-01-12 10:38:00	6.2	DoubleDown	DXC4B2P
2025-01-12 10:47:00	6.9	DoubleUp	DXC4B2P
2025-01-12 10:54:00	6.6	DoubleDown	DXC4B2P
2025-01-12 11:02:00	4.9	DoubleDown	DXC4B2P
2025-01-12 11:12:00	12.1	DoubleUp	DXC4B2P
2025-01-12 11:19:00	5.3	DoubleDown	DXC4B2P
2025-01-12 11:28:00	11.1	DoubleUp	DXC4B2P
2025-01-12 11:38:00	13.3	DoubleUp	DXC4B2P
2025-01-12 11:45:00	5	DoubleDown	DXC4B2P
2025-01-12 11:55:00	8.4	DoubleUp	DXC4B2P
2025-01-12 12:04:00	9.6	DoubleUp	DXC4B2P
2025-01-12 12:12:00	4.1	DoubleDown	DXC4B2P
2025-01-12 12:20:00	11.6	DoubleUp	DXC4B2P
2025-01-12 12:29:00	14.2	DoubleUp	DXC4B2P
2025-01-12 12:36:00	9.7	DoubleDown	DXC4B2P
2025-01-12 12:45:00	13.5	DoubleUp	DXC4B2P
2025-01-12 12:54:00	8.3	DoubleDown	DXC4B2P
2025-01-12 13:01:00	6.2	DoubleDown	DXC4B2P
2025-01-12 13:11:00	12.1	DoubleUp	DXC4B2P
2025-01-12 13:20:00	6.9	DoubleDown	DXC4B2P
2025-01-12 13:30:00	11.5	DoubleUp	DXC4B2P
2025-01-12 13:40:00	7.9	DoubleDown	DXC4B2P
2025-01-12 13:48:00	7.2	DoubleDown	DXC4B2P
2025-01-12 13:55:00	8.8	DoubleUp	DXC4B2P
2025-01-12 14:03:00	4.4	DoubleDown	DXC4B2P
2025-01-12 14:13:00	9.8	DoubleUp	DXC4B2P
2025-01-12 14:20:00	12.5	DoubleUp	DXC4B2P
2025-01-12 14:28:00	11.9	DoubleDown	DXC4B2P
2025-01-12 14:35:00	4.6	DoubleDown	DXC4B2P
2025-01-12 14:45:00	9.8	DoubleUp	DXC4B2P
2025-01-12 14:53:00	6.3	DoubleDown	DXC4B2P
2025-01-12 15:01:00	7.6	DoubleUp	DXC4B2P
2025-01-12 15:09:00	8.2	DoubleUp	DXC4B2P
2025-01-12 15:17:00	4.5	DoubleDown	DXC4B2P
2025-01-12 15:26:00	6.7	DoubleUp	DXC4B2P
2025-01-12 15:35:00	4	DoubleDown	DXC4B2P
2025-01-12 15:45:00	4.9	DoubleUp	DXC4B2P
2025-01-12 15:53:00	5.5	DoubleUp	DXC4B2P
2025-01-12 16:02:00	9.5	DoubleUp	DXC4B2P
2025-01-12 16:09:00	7.9	DoubleDown	DXC4B2P
2025-01-12 16:18:00	5.1	DoubleDown	DXC4B2P
2025-01-12 16:28:00	5.6	DoubleUp	DXC4B2P
2025-01-12 16:37:00	5.5	Flat	DXC4B2P
2025-01-12 16:46:00	16.1	DoubleUp	DXC4B2P
2025-01-12 16:55:00	16	Flat	DXC4B2P
2025-01-12 17:02:00	5.4	DoubleDown	DXC4B2P
2025-01-12 17:12:00	7.3	DoubleUp	DXC4B2P
2025-01-12 17:20:00	9.8	DoubleUp	DXC4B2P
2025-01-12 17:28:00	7.5	DoubleDown	DXC4B2P
2025-01-12 17:37:00	6	DoubleDown	DXC4B2P
2025-01-12 17:46:00	12.7	DoubleUp	DXC4B2P
2025-01-12 17:53:00	5.7	DoubleDown	DXC4B2P
2025-01-12 18:01:00	8.1	DoubleUp	DXC4B2P
2025-01-12 18:08:00	6.9	DoubleDown	DXC4B2P
2025-01-12 18:17:00	6.5	DoubleDown	DXC4B2P
2025-01-12 18:25:00	5	DoubleDown	DXC4B2P
2025-01-12 18:35:00	9.4	DoubleUp	DXC4B2P
2025-01-12 18:42:00	4.4	DoubleDown	DXC4B2P
2025-01-12 18:50:00	8.5	DoubleUp	DXC4B2P
2025-01-12 18:57:00	10.8	DoubleUp	DXC4B2P
2025-01-12 19:04:00	6.5	DoubleDown	DXC4B2P
2025-01-12 19:14:00	5.4	DoubleDown	DXC4B2P
2025-01-12 19:23:00	7.6	DoubleUp	DXC4B2P
2025-01-12 19:31:00	5.1	DoubleDown	DXC4B2P
2025-01-12 19:38:00	3.6	DoubleDown	DXC4B2P
2025-01-12 19:47:00	7.2	DoubleUp	DXC4B2P
2025-01-12 19:56:00	7.1	Flat	DXC4B2P
2025-01-12 20:04:00	10.6	DoubleUp	DXC4B2P
2025-01-12 20:11:00	8.6	DoubleDown	DXC4B2P
2025-01-12 20:19:00	4.9	DoubleDown	DXC4B2P
2025-01-12 20:29:00	4.5	DoubleDown	DXC4B2P
2025-01-12 20:38:00	4.6	Flat	DXC4B2P
2025-01-12 20:48:00	7.9	DoubleUp	DXC4B2P
2025-01-12 20:58:00	11.9	DoubleUp	DXC4B2P
2025-01-12 21:05:00	5.2	DoubleDown	DXC4B2P
2025-01-12 21:13:00	8.5	DoubleUp	DXC4B2P
2025-01-12 21:20:00	7.1	DoubleDown	DXC4B2P
2025-01-12 21:27:00	6.3	DoubleDown	DXC4B2P
2025-01-12 21:34:00	4.6	DoubleDown	DXC4B2P
2025-01-12 21:43:00	14.4	DoubleUp	DXC4B2P
2025-01-12 21:51:00	7.1	DoubleDown	DXC4B2P
2025-01-12 21:58:00	7.6	DoubleUp	DXC4B2P
2025-01-12 22:07:00	4.7	DoubleDown	DXC4B2P
2025-01-12 22:16:00	7.3	DoubleUp	DXC4B2P
2025-01-12 22:26:00	9.9	DoubleUp	DXC4B2P
2025-01-12 22:33:00	9.3	DoubleDown	DXC4B2P
2025-01-12 22:43:00	9.5	SingleUp	DXC4B2P
2025-01-12 22:53:00	4.5	DoubleDown	DXC4B2P
2025-01-12 23:01:00	11.1	DoubleUp	DXC4B2P
2025-01-12 23:11:00	6.1	DoubleDown	DXC4B2P
2025-01-12 23:21:00	9.9	DoubleUp	DXC4B2P
2025-01-12 23:30:00	5.1	DoubleDown	DXC4B2P
2025-01-12 23:40:00	6.8	DoubleUp	DXC4B2P
2025-01-12 23:47:00	6	DoubleDown	DXC4B2P
2025-01-12 23:56:00	13	DoubleUp	DXC4B2P
2025-01-13 00:03:00	12.3	DoubleDown	DXC4B2P
2025-01-13 00:11:00	6.3	DoubleDown	DXC4B2P
2025-01-13 00:21:00	10.6	DoubleUp	DXC4B2P
2025-01-13 00:30:00	8.9	DoubleDown	DXC4B2P
2025-01-13 00:40:00	7.6	DoubleDown	DXC4B2P
2025-01-13 00:48:00	4	DoubleDown	DXC4B2P
2025-01-13 00:57:00	4.1	Flat	DXC4B2P
2025-01-13 01:06:00	7.7	DoubleUp	DXC4B2P
2025-01-13 01:15:00	9.8	DoubleUp	DXC4B2P
2025-01-13 01:25:00	8.9	DoubleDown	DXC4B2P
2025-01-13 01:32:00	8.8	Flat	DXC4B2P
2025-01-13 01:40:00	9.3	DoubleUp	DXC4B2P
2025-01-13 01:50:00	12.7	DoubleUp	DXC4B2P
2025-01-13 01:59:00	9	DoubleDown	DXC4B2P
2025-01-13 02:08:00	8.5	DoubleDown	DXC4B2P
2025-01-13 02:17:00	11.3	DoubleUp	DXC4B2P
2025-01-13 02:27:00	14	DoubleUp	DXC4B2P
2025-01-13 02:34:00	12.3	DoubleDown	DXC4B2P
2025-01-13 02:41:00	9.5	DoubleDown	DXC4B2P
2025-01-13 02:48:00	5.2	DoubleDown	DXC4B2P
2025-01-13 02:58:00	13.7	DoubleUp	DXC4B2P
2025-01-13 03:07:00	6.8	DoubleDown	DXC4B2P
2025-01-13 03:15:00	11.6	DoubleUp	DXC4B2P
2025-01-13 03:23:00	7.3	DoubleDown	DXC4B2P
2025-01-13 03:31:00	7.4	Flat	DXC4B2P
2025-01-13 03:40:00	14.3	DoubleUp	DXC4B2P
2025-01-13 03:47:00	8.8	DoubleDown	DXC4B2P
2025-01-13 03:54:00	11.2	DoubleUp	DXC4B2P
2025-01-13 04:03:00	13	DoubleUp	DXC4B2P
2025-01-13 04:13:00	16.1	DoubleUp	DXC4B2P
2025-01-13 04:22:00	7	DoubleDown	DXC4B2P
2025-01-13 04:31:00	4.8	DoubleDown	DXC4B2P
2025-01-13 04:40:00	5.3	DoubleUp	DXC4B2P
2025-01-13 04:47:00	9.5	DoubleUp	DXC4B2P
2025-01-13 04:54:00	9.5	Flat	DXC4B2P
2025-01-13 05:02:00	8.6	DoubleDown	DXC4B2P
2025-01-13 05:10:00	4.8	DoubleDown	DXC4B2P
2025-01-13 05:18:00	12.4	DoubleUp	DXC4B2P
2025-01-13 05:28:00	9.3	DoubleDown	DXC4B2P
2025-01-13 05:37:00	8.1	DoubleDown	DXC4B2P
2025-01-13 05:45:00	4.3	DoubleDown	DXC4B2P
2025-01-13 05:55:00	4.4	Flat	DXC4B2P
2025-01-13 06:05:00	4.4	Flat	DXC4B2P
2025-01-13 06:13:00	7.3	DoubleUp	DXC4B2P
2025-01-13 06:20:00	14.9	DoubleUp	DXC4B2P
2025-01-13 06:28:00	8.8	DoubleDown	DXC4B2P
2025-01-13 06:38:00	6.4	DoubleDown	DXC4B2P
2025-01-13 06:46:00	8.7	DoubleUp	DXC4B2P
2025-01-13 06:56:00	8.9	SingleUp	DXC4B2P
2025-01-13 07:03:00	6.5	DoubleDown	DXC4B2P
2025-01-13 07:13:00	6.5	Flat	DXC4B2P
2025-01-13 07:21:00	7.7	DoubleUp	DXC4B2P
2025-01-13 07:31:00	6	DoubleDown	DXC4B2P
2025-01-13 07:40:00	13.2	DoubleUp	DXC4B2P
2025-01-13 07:50:00	4.1	DoubleDown	DXC4B2P
2025-01-13 07:58:00	6.2	DoubleUp	DXC4B2P
2025-01-13 08:08:00	6.6	DoubleUp	DXC4B2P
2025-01-13 08:16:00	15.3	DoubleUp	DXC4B2P
2025-01-13 08:25:00	5.9	DoubleDown	DXC4B2P
2025-01-13 08:32:00	11.2	DoubleUp	DXC4B2P
2025-01-13 08:39:00	8.8	DoubleDown	DXC4B2P
2025-01-13 08:48:00	6.1	DoubleDown	DXC4B2P
2025-01-13 08:57:00	11.4	DoubleUp	DXC4B2P
2025-01-13 09:07:00	4.3	DoubleDown	DXC4B2P
2025-01-13 09:16:00	5.6	DoubleUp	DXC4B2P
2025-01-13 09:23:00	9.6	DoubleUp	DXC4B2P
2025-01-13 09:30:00	4.8	DoubleDown	DXC4B2P
2025-01-13 09:40:00	8.8	DoubleUp	DXC4B2P
2025-01-13 09:50:00	8.7	Flat	DXC4B2P
2025-01-13 09:59:00	8	DoubleDown	DXC4B2P
2025-01-13 10:08:00	16.3	DoubleUp	DXC4B2P
2025-01-13 10:17:00	4.3	DoubleDown	DXC4B2P
2025-01-13 10:24:00	4.9	DoubleUp	DXC4B2P
2025-01-13 10:34:00	6.9	DoubleUp	DXC4B2P
2025-01-13 10:44:00	4.3	DoubleDown	DXC4B2P
2025-01-13 10:53:00	8.5	DoubleUp	DXC4B2P
2025-01-13 11:01:00	8.2	DoubleDown	DXC4B2P
2025-01-13 11:10:00	6.5	DoubleDown	DXC4B2P
2025-01-13 11:17:00	13.5	DoubleUp	DXC4B2P
2025-01-13 11:25:00	8.1	DoubleDown	DXC4B2P
2025-01-13 11:35:00	6.9	DoubleDown	DXC4B2P
2025-01-13 11:45:00	7.5	DoubleUp	DXC4B2P
2025-01-13 11:53:00	13.3	DoubleUp	DXC4B2P
2025-01-13 12:00:00	7.4	DoubleDown	DXC4B2P
2025-01-13 12:08:00	9.2	DoubleUp	DXC4B2P
2025-01-13 12:15:00	6.7	DoubleDown	DXC4B2P
2025-01-13 12:25:00	8.9	DoubleUp	DXC4B2P
2025-01-13 12:33:00	9.8	DoubleUp	DXC4B2P
2025-01-13 12:40:00	5.4	DoubleDown	DXC4B2P
2025-01-13 12:49:00	11.6	DoubleUp	DXC4B2P
2025-01-13 12:59:00	11.2	DoubleDown	DXC4B2P
2025-01-13 13:08:00	6	DoubleDown	DXC4B2P
2025-01-13 13:18:00	6.4	DoubleUp	DXC4B2P
2025-01-13 13:27:00	13.2	DoubleUp	DXC4B2P
2025-01-13 13:34:00	13.5	DoubleUp	DXC4B2P
2025-01-13 13:44:00	13.7	SingleUp	DXC4B2P
2025-01-13 13:51:00	4.7	DoubleDown	DXC4B2P
2025-01-13 14:01:00	13.1	DoubleUp	DXC4B2P
2025-01-13 14:08:00	6	DoubleDown	DXC4B2P
2025-01-13 14:17:00	6	Flat	DXC4B2P
2025-01-13 14:25:00	6.3	DoubleUp	DXC4B2P
2025-01-13 14:35:00	7.1	DoubleUp	DXC4B2P
2025-01-13 14:42:00	6.3	DoubleDown	DXC4B2P
2025-01-13 14:50:00	4.9	DoubleDown	DXC4B2P
2025-01-13 14:59:00	5.2	DoubleUp	DXC4B2P
2025-01-13 15:07:00	8.8	DoubleUp	DXC4B2P
2025-01-13 15:14:00	9	SingleUp	DXC4B2P
2025-01-13 15:22:00	6.3	DoubleDown	DXC4B2P
2025-01-13 15:30:00	4.6	DoubleDown	DXC4B2P
2025-01-13 15:40:00	11.7	DoubleUp	DXC4B2P
2025-01-13 15:48:00	15	DoubleUp	DXC4B2P
2025-01-13 15:56:00	6.6	DoubleDown	DXC4B2P
2025-01-13 16:05:00	13.7	DoubleUp	DXC4B2P
2025-01-13 16:15:00	7.5	DoubleDown	DXC4B2P
2025-01-13 16:25:00	8.6	DoubleUp	DXC4B2P
2025-01-13 16:32:00	6.7	DoubleDown	DXC4B2P
2025-01-13 16:42:00	7.2	DoubleUp	DXC4B2P
2025-01-13 16:49:00	12.2	DoubleUp	DXC4B2P
2025-01-13 16:57:00	13.9	DoubleUp	DXC4B2P
2025-01-13 17:05:00	10.7	DoubleDown	DXC4B2P
2025-01-13 17:12:00	14.6	DoubleUp	DXC4B2P
2025-01-13 17:19:00	8.6	DoubleDown	DXC4B2P
2025-01-13 17:28:00	9	DoubleUp	DXC4B2P
2025-01-13 17:37:00	5.3	DoubleDown	DXC4B2P
2025-01-13 17:46:00	10.7	DoubleUp	DXC4B2P
2025-01-13 17:54:00	5.4	DoubleDown	DXC4B2P
2025-01-13 18:03:00	13.4	DoubleUp	DXC4B2P
2025-01-13 18:10:00	15.4	DoubleUp	DXC4B2P
2025-01-13 18:20:00	8.6	DoubleDown	DXC4B2P
2025-01-13 18:28:00	7.4	DoubleDown	DXC4B2P
2025-01-13 18:35:00	7.8	DoubleUp	DXC4B2P
2025-01-13 18:45:00	4.2	DoubleDown	DXC4B2P
2025-01-13 18:53:00	6.1	DoubleUp	DXC4B2P
2025-01-13 19:03:00	8.6	DoubleUp	DXC4B2P
2025-01-13 19:10:00	9.3	DoubleUp	DXC4B2P
2025-01-13 19:19:00	9.8	DoubleUp	DXC4B2P
2025-01-13 19:26:00	9.7	Flat	DXC4B2P
2025-01-13 19:35:00	4.2	DoubleDown	DXC4B2P
2025-01-13 19:45:00	5.1	DoubleUp	DXC4B2P
2025-01-13 19:55:00	8.6	DoubleUp	DXC4B2P
2025-01-13 20:03:00	6.8	DoubleDown	DXC4B2P
2025-01-13 20:13:00	4.5	DoubleDown	DXC4B2P
2025-01-13 20:22:00	6.5	DoubleUp	DXC4B2P
2025-01-13 20:30:00	7	DoubleUp	DXC4B2P
2025-01-13 20:40:00	5.7	DoubleDown	DXC4B2P
2025-01-13 20:47:00	5.7	Flat	DXC4B2P
2025-01-13 20:55:00	12.7	DoubleUp	DXC4B2P
2025-01-13 21:03:00	8.6	DoubleDown	DXC4B2P
2025-01-13 21:13:00	8.1	DoubleDown	DXC4B2P
2025-01-13 21:22:00	14.5	DoubleUp	DXC4B2P
2025-01-13 21:32:00	5.4	DoubleDown	DXC4B2P
2025-01-13 21:39:00	3.1	DoubleDown	DXC4B2P
2025-01-13 21:46:00	6.3	DoubleUp	DXC4B2P
2025-01-13 21:55:00	8.2	DoubleUp	DXC4B2P
2025-01-13 22:02:00	12.2	DoubleUp	DXC4B2P
2025-01-13 22:09:00	6.1	DoubleDown	DXC4B2P
2025-01-13 22:19:00	11.6	DoubleUp	DXC4B2P
2025-01-13 22:27:00	5.3	DoubleDown	DXC4B2P
2025-01-13 22:34:00	8.7	DoubleUp	DXC4B2P
2025-01-13 22:42:00	8.6	Flat	DXC4B2P
2025-01-13 22:49:00	13.5	DoubleUp	DXC4B2P
2025-01-13 22:57:00	12	DoubleDown	DXC4B2P
2025-01-13 23:04:00	9.8	DoubleDown	DXC4B2P
2025-01-13 23:12:00	10.4	DoubleUp	DXC4B2P
2025-01-13 23:20:00	8.6	DoubleDown	DXC4B2P
2025-01-13 23:27:00	5.9	DoubleDown	DXC4B2P
2025-01-13 23:36:00	14	DoubleUp	DXC4B2P
2025-01-13 23:43:00	15.5	DoubleUp	DXC4B2P
2025-01-13 23:53:00	10.3	DoubleDown	DXC4B2P
2025-01-14 00:01:00	14.7	DoubleUp	DXC4B2P
2025-01-14 00:10:00	10.6	DoubleDown	DXC4B2P
2025-01-14 00:19:00	15.4	DoubleUp	DXC4B2P
2025-01-14 00:28:00	5.1	DoubleDown	DXC4B2P
2025-01-14 00:37:00	10.3	DoubleUp	DXC4B2P
2025-01-14 00:44:00	6	DoubleDown	DXC4B2P
2025-01-14 00:53:00	6.8	DoubleUp	DXC4B2P
2025-01-14 01:03:00	13.8	DoubleUp	DXC4B2P
2025-01-14 01:12:00	4.6	DoubleDown	DXC4B2P
2025-01-14 01:19:00	4.8	SingleUp	DXC4B2P
2025-01-14 01:27:00	5.8	DoubleUp	DXC4B2P
2025-01-14 01:37:00	7.9	DoubleUp	DXC4B2P
2025-01-14 01:46:00	11.6	DoubleUp	DXC4B2P
2025-01-14 01:53:00	6.6	DoubleDown	DXC4B2P
2025-01-14 02:02:00	3.1	DoubleDown	DXC4B2P
2025-01-14 02:12:00	6.4	DoubleUp	DXC4B2P
2025-01-14 02:19:00	3.6	DoubleDown	DXC4B2P
2025-01-14 02:27:00	4.3	DoubleUp	DXC4B2P
2025-01-14 02:36:00	6.6	DoubleUp	DXC4B2P
2025-01-14 02:43:00	5.1	DoubleDown	DXC4B2P
2025-01-14 02:50:00	8.6	DoubleUp	DXC4B2P
2025-01-14 02:58:00	6.6	DoubleDown	DXC4B2P
2025-01-14 03:07:00	6.5	Flat	DXC4B2P
2025-01-14 03:17:00	7.4	DoubleUp	DXC4B2P
2025-01-14 03:27:00	16.1	DoubleUp	DXC4B2P
2025-01-14 03:37:00	8.4	DoubleDown	DXC4B2P
2025-01-14 03:45:00	4.9	DoubleDown	DXC4B2P
2025-01-14 03:55:00	4.9	Flat	DXC4B2P
2025-01-14 04:05:00	13.8	DoubleUp	DXC4B2P
2025-01-14 04:14:00	16.3	DoubleUp	DXC4B2P
2025-01-14 04:24:00	10.1	DoubleDown	DXC4B2P
2025-01-14 04:34:00	4.1	DoubleDown	DXC4B2P
2025-01-14 04:41:00	6.3	DoubleUp	DXC4B2P
2025-01-14 04:51:00	8.7	DoubleUp	DXC4B2P
2025-01-14 05:00:00	8.6	Flat	DXC4B2P
2025-01-14 05:08:00	7.4	DoubleDown	DXC4B2P
2025-01-14 05:15:00	8.7	DoubleUp	DXC4B2P
2025-01-14 05:24:00	8.4	DoubleDown	DXC4B2P
2025-01-14 05:34:00	4.1	DoubleDown	DXC4B2P
2025-01-14 05:43:00	13.7	DoubleUp	DXC4B2P
2025-01-14 05:52:00	5.6	DoubleDown	DXC4B2P
2025-01-14 06:02:00	10	DoubleUp	DXC4B2P
2025-01-14 06:11:00	9	DoubleDown	DXC4B2P
2025-01-14 06:20:00	6	DoubleDown	DXC4B2P
2025-01-14 06:30:00	6.7	DoubleUp	DXC4B2P
2025-01-14 06:37:00	8.9	DoubleUp	DXC4B2P
2025-01-14 06:45:00	9.6	DoubleUp	DXC4B2P
2025-01-14 06:55:00	15.4	DoubleUp	DXC4B2P
2025-01-14 07:02:00	8.4	DoubleDown	DXC4B2P
2025-01-14 07:10:00	6.9	DoubleDown	DXC4B2P
2025-01-14 07:20:00	6.7	SingleDown	DXC4B2P
2025-01-14 07:27:00	8.7	DoubleUp	DXC4B2P
2025-01-14 07:34:00	8.3	DoubleDown	DXC4B2P
2025-01-14 07:41:00	4.5	DoubleDown	DXC4B2P
2025-01-14 07:49:00	4	DoubleDown	DXC4B2P
2025-01-14 07:56:00	5.4	DoubleUp	DXC4B2P
2025-01-14 08:03:00	15.8	DoubleUp	DXC4B2P
2025-01-14 08:10:00	14.2	DoubleDown	DXC4B2P
2025-01-14 08:19:00	5	DoubleDown	DXC4B2P
2025-01-14 08:29:00	12.9	DoubleUp	DXC4B2P
2025-01-14 08:36:00	5.2	DoubleDown	DXC4B2P
2025-01-14 08:46:00	10.8	DoubleUp	DXC4B2P
2025-01-14 08:55:00	9	DoubleDown	DXC4B2P
2025-01-14 09:03:00	12	DoubleUp	DXC4B2P
2025-01-14 09:12:00	15.8	DoubleUp	DXC4B2P
2025-01-14 09:21:00	9.7	DoubleDown	DXC4B2P
2025-01-14 09:31:00	16.4	DoubleUp	DXC4B2P
2025-01-14 09:41:00	6.6	DoubleDown	DXC4B2P
2025-01-14 09:50:00	9.1	DoubleUp	DXC4B2P
2025-01-14 09:57:00	8.1	DoubleDown	DXC4B2P
2025-01-14 10:05:00	5.4	DoubleDown	DXC4B2P
2025-01-14 10:12:00	4.9	DoubleDown	DXC4B2P
2025-01-14 10:22:00	13.1	DoubleUp	DXC4B2P
2025-01-14 10:31:00	5.1	DoubleDown	DXC4B2P
2025-01-14 10:38:00	4.3	DoubleDown	DXC4B2P
2025-01-14 10:46:00	12.6	DoubleUp	DXC4B2P
2025-01-14 10:54:00	7.3	DoubleDown	DXC4B2P
2025-01-14 11:03:00	6.2	DoubleDown	DXC4B2P
2025-01-14 11:13:00	7.6	DoubleUp	DXC4B2P
2025-01-14 11:20:00	14.5	DoubleUp	DXC4B2P
2025-01-14 11:27:00	7.8	DoubleDown	DXC4B2P
2025-01-14 11:36:00	13.8	DoubleUp	DXC4B2P
2025-01-14 11:44:00	7.5	DoubleDown	DXC4B2P
2025-01-14 11:51:00	2.4	DoubleDown	DXC4B2P
2025-01-14 11:58:00	9.7	DoubleUp	DXC4B2P
2025-01-14 12:06:00	10.9	DoubleUp	DXC4B2P
2025-01-14 12:16:00	5.6	DoubleDown	DXC4B2P
2025-01-14 12:24:00	6.7	DoubleUp	DXC4B2P
2025-01-14 12:31:00	6.3	DoubleDown	DXC4B2P
2025-01-14 12:39:00	6.6	DoubleUp	DXC4B2P
2025-01-14 12:47:00	14.7	DoubleUp	DXC4B2P
2025-01-14 12:57:00	6.9	DoubleDown	DXC4B2P
2025-01-14 13:04:00	4.7	DoubleDown	DXC4B2P
2025-01-14 13:14:00	13.3	DoubleUp	DXC4B2P
2025-01-14 13:23:00	4.9	DoubleDown	DXC4B2P
2025-01-14 13:32:00	10	DoubleUp	DXC4B2P
2025-01-14 13:39:00	10.5	DoubleUp	DXC4B2P
2025-01-14 13:46:00	6.9	DoubleDown	DXC4B2P
2025-01-14 13:55:00	14.1	DoubleUp	DXC4B2P
2025-01-14 14:05:00	14.9	DoubleUp	DXC4B2P
2025-01-14 14:14:00	7.5	DoubleDown	DXC4B2P
2025-01-14 14:21:00	10.4	DoubleUp	DXC4B2P
2025-01-14 14:31:00	6.4	DoubleDown	DXC4B2P
2025-01-14 14:41:00	9.3	DoubleUp	DXC4B2P
2025-01-14 14:48:00	8.4	DoubleDown	DXC4B2P
2025-01-14 14:58:00	8.6	SingleUp	DXC4B2P
2025-01-14 15:08:00	14.4	DoubleUp	DXC4B2P
2025-01-14 15:15:00	3.1	DoubleDown	DXC4B2P
2025-01-14 15:25:00	8.6	DoubleUp	DXC4B2P
2025-01-14 15:35:00	7.9	DoubleDown	DXC4B2P
2025-01-14 15:45:00	7.2	DoubleDown	DXC4B2P
2025-01-14 15:53:00	6.7	DoubleDown	DXC4B2P
2025-01-14 16:03:00	6	DoubleDown	DXC4B2P
2025-01-14 16:13:00	15.6	DoubleUp	DXC4B2P
2025-01-14 16:22:00	12.8	DoubleDown	DXC4B2P
2025-01-14 16:30:00	6.5	DoubleDown	DXC4B2P
2025-01-14 16:39:00	13.2	DoubleUp	DXC4B2P
2025-01-14 16:48:00	11	DoubleDown	DXC4B2P
2025-01-14 16:56:00	8.5	DoubleDown	DXC4B2P
2025-01-14 17:04:00	8	DoubleDown	DXC4B2P
2025-01-14 17:11:00	9.8	DoubleUp	DXC4B2P
2025-01-14 17:20:00	6.4	DoubleDown	DXC4B2P
2025-01-14 17:29:00	14.8	DoubleUp	DXC4B2P
2025-01-14 17:39:00	9.5	DoubleDown	DXC4B2P
2025-01-14 17:46:00	7.3	DoubleDown	DXC4B2P
2025-01-14 17:56:00	8.2	DoubleUp	DXC4B2P
2025-01-14 18:04:00	4.7	DoubleDown	DXC4B2P
2025-01-14 18:11:00	9	DoubleUp	DXC4B2P
2025-01-14 18:20:00	4.9	DoubleDown	DXC4B2P