Name:John Doe	Date Range:2025-01-01 - 2025-01-14
Timestamp	Glucose Value (mg/dL)	Trend Arrow	Transmitter ID
2025-01-01 00:00:00	50	Flat	DXC4B2P
2025-01-01 00:09:00	169	DoubleUp	DXC4B2P
2025-01-01 00:16:00	135	DoubleDown	DXC4B2P
2025-01-01 00:25:00	87	DoubleDown	DXC4B2P
2025-01-01 00:35:00	131	DoubleUp	DXC4B2P
2025-01-01 00:42:00	100	DoubleDown	DXC4B2P
2025-01-01 00:49:00	208	DoubleUp	DXC4B2P
2025-01-01 00:59:00	151	DoubleDown	DXC4B2P
2025-01-01 01:06:00	270	DoubleUp	DXC4B2P
2025-01-01 01:15:00	140	DoubleDown	DXC4B2P
2025-01-01 01:23:00	72	DoubleDown	DXC4B2P
2025-01-01 01:33:00	91	DoubleUp	DXC4B2P
2025-01-01 01:40:00	201	DoubleUp	DXC4B2P
2025-01-01 01:47:00	115	DoubleDown	DXC4B2P
2025-01-01 01:54:00	132	DoubleUp	DXC4B2P
2025-01-01 02:02:00	86	DoubleDown	DXC4B2P
2025-01-01 02:09:00	161	DoubleUp	DXC4B2P
2025-01-01 02:19:00	248	DoubleUp	DXC4B2P
2025-01-01 02:29:00	54	DoubleDown	DXC4B2P
2025-01-01 02:36:00	152	DoubleUp	DXC4B2P
2025-01-01 02:45:00	79	DoubleDown	DXC4B2P
2025-01-01 02:53:00	136	DoubleUp	DXC4B2P
2025-01-01 03:00:00	133	SingleDown	DXC4B2P
2025-01-01 03:07:00	226	DoubleUp	DXC4B2P
2025-01-01 03:16:00	148	DoubleDown	DXC4B2P
2025-01-01 03:26:00	94	DoubleDown	DXC4B2P
2025-01-01 03:34:00	123	DoubleUp	DXC4B2P
2025-01-01 03:42:00	245	DoubleUp	DXC4B2P
2025-01-01 03:51:00	129	DoubleDown	DXC4B2P
2025-01-01 03:59:00	159	DoubleUp	DXC4B2P
2025-01-01 04:09:00	105	DoubleDown	DXC4B2P
2025-01-01 04:18:00	137	DoubleUp	DXC4B2P
2025-01-01 04:27:00	78	DoubleDown	DXC4B2P
2025-01-01 04:37:00	282	DoubleUp	DXC4B2P
2025-01-01 04:47:00	70	DoubleDown	DXC4B2P
2025-01-01 04:54:00	240	DoubleUp	DXC4B2P
2025-01-01 05:01:00	133	DoubleDown	DXC4B2P
2025-01-01 05:09:00	176	DoubleUp	DXC4B2P
2025-01-01 05:16:00	164	DoubleDown	DXC4B2P
2025-01-01 05:24:00	124	DoubleDown	DXC4B2P
2025-01-01 05:32:00	179	DoubleUp	DXC4B2P
2025-01-01 05:41:00	134	DoubleDown	DXC4B2P
2025-01-01 05:49:00	115	DoubleDown	DXC4B2P
2025-01-01 05:56:00	197	DoubleUp	DXC4B2P
2025-01-01 06:06:00	229	DoubleUp	DXC4B2P
2025-01-01 06:14:00	234	DoubleUp	DXC4B2P
2025-01-01 06:24:00	92	DoubleDown	DXC4B2P
2025-01-01 06:32:00	94	SingleUp	DXC4B2P
2025-01-01 06:42:00	76	DoubleDown	DXC4B2P
2025-01-01 06:51:00	187	DoubleUp	DXC4B2P
2025-01-01 06:59:00	240	DoubleUp	DXC4B2P
2025-01-01 07:07:00	71	DoubleDown	DXC4B2P
2025-01-01 07:16:00	255	DoubleUp	DXC4B2P
2025-01-01 07:24:00	268	DoubleUp	DXC4B2P
2025-01-01 07:34:00	110	DoubleDown	DXC4B2P
2025-01-01 07:42:00	58	DoubleDown	DXC4B2P
2025-01-01 07:49:00	104	DoubleUp	DXC4B2P
2025-01-01 07:58:00	236	DoubleUp	DXC4B2P
2025-01-01 08:07:00	100	DoubleDown	DXC4B2P
2025-01-01 08:16:00	233	DoubleUp	DXC4B2P
2025-01-01 08:24:00	127	DoubleDown	DXC4B2P
2025-01-01 08:33:00	110	DoubleDown	DXC4B2P
2025-01-01 08:43:00	100	DoubleDown	DXC4B2P
2025-01-01 08:53:00	145	DoubleUp	DXC4B2P
2025-01-01 09:02:00	113	DoubleDown	DXC4B2P
2025-01-01 09:12:00	182	DoubleUp	DXC4B2P
2025-01-01 09:20:00	231	DoubleUp	DXC4B2P
2025-01-01 09:27:00	138	DoubleDown	DXC4B2P
2025-01-01 09:35:00	202	DoubleUp	DXC4B2P
2025-01-01 09:43:00	193	DoubleDown	DXC4B2P
2025-01-01 09:51:00	183	DoubleDown	DXC4B2P
2025-01-01 10:01:00	97	DoubleDown	DXC4B2P
2025-01-01 10:09:00	98	Flat	DXC4B2P
2025-01-01 10:16:00	157	DoubleUp	DXC4B2P
2025-01-01 10:25:00	121	DoubleDown	DXC4B2P
2025-01-01 10:33:00	200	DoubleUp	DXC4B2P
2025-01-01 10:43:00	120	DoubleDown	DXC4B2P
2025-01-01 10:52:00	291	DoubleUp	DXC4B2P
2025-01-01 11:00:00	178	DoubleDown	DXC4B2P
2025-01-01 11:09:00	143	DoubleDown	DXC4B2P
2025-01-01 11:18:00	227	DoubleUp	DXC4B2P
2025-01-01 11:26:00	109	DoubleDown	DXC4B2P
2025-01-01 11:35:00	113	DoubleUp	DXC4B2P
2025-01-01 11:45:00	81	DoubleDown	DXC4B2P
2025-01-01 11:53:00	120	DoubleUp	DXC4B2P
2025-01-01 12:00:00	113	DoubleDown	DXC4B2P
2025-01-01 12:10:00	74	DoubleDown	DXC4B2P
2025-01-01 12:19:00	114	DoubleUp	DXC4B2P
2025-01-01 12:26:00	207	DoubleUp	DXC4B2P
2025-01-01 12:35:00	80	DoubleDown	DXC4B2P
2025-01-01 12:42:00	192	DoubleUp	DXC4B2P
2025-01-01 12:51:00	110	DoubleDown	DXC4B2P
2025-01-01 13:01:00	171	DoubleUp	DXC4B2P
2025-01-01 13:08:00	122	DoubleDown	DXC4B2P
2025-01-01 13:16:00	84	DoubleDown	DXC4B2P
2025-01-01 13:23:00	172	DoubleUp	DXC4B2P
2025-01-01 13:30:00	98	DoubleDown	DXC4B2P
2025-01-01 13:39:00	197	DoubleUp	DXC4B2P
2025-01-01 13:49:00	280	DoubleUp	DXC4B2P
2025-01-01 13:59:00	145	DoubleDown	DXC4B2P
2025-01-01 14:06:00	295	DoubleUp	DXC4B2P
2025-01-01 14:16:00	233	DoubleDown	DXC4B2P
2025-01-01 14:25:00	162	DoubleDown	DXC4B2P
2025-01-01 14:34:00	145	DoubleDown	DXC4B2P
2025-01-01 14:43:00	78	DoubleDown	DXC4B2P
2025-01-01 14:50:00	172	DoubleUp	DXC4B2P
2025-01-01 14:59:00	143	DoubleDown	DXC4B2P
2025-01-01 15:07:00	90	DoubleDown	DXC4B2P
2025-01-01 15:17:00	192	DoubleUp	DXC4B2P
2025-01-01 15:25:00	161	DoubleDown	DXC4B2P
2025-01-01 15:32:00	214	DoubleUp	DXC4B2P
2025-01-01 15:42:00	102	DoubleDown	DXC4B2P
2025-01-01 15:52:00	211	DoubleUp	DXC4B2P
2025-01-01 16:00:00	165	DoubleDown	DXC4B2P
2025-01-01 16:07:00	102	DoubleDown	DXC4B2P
2025-01-01 16:14:00	136	DoubleUp	DXC4B2P
2025-01-01 16:22:00	175	DoubleUp	DXC4B2P
2025-01-01 16:30:00	215	DoubleUp	DXC4B2P
2025-01-01 16:37:00	180	DoubleDown	DXC4B2P
2025-01-01 16:44:00	159	DoubleDown	DXC4B2P
2025-01-01 16:52:00	86	DoubleDown	DXC4B2P
2025-01-01 17:02:00	175	DoubleUp	DXC4B2P
2025-01-01 17:09:00	147	DoubleDown	DXC4B2P
2025-01-01 17:16:00	178	DoubleUp	DXC4B2P
2025-01-01 17:25:00	186	DoubleUp	DXC4B2P
2025-01-01 17:33:00	121	DoubleDown	DXC4B2P
2025-01-01 17:42:00	112	DoubleDown	DXC4B2P
2025-01-01 17:50:00	219	DoubleUp	DXC4B2P
2025-01-01 17:59:00	191	DoubleDown	DXC4B2P
2025-01-01 18:06:00	190	Flat	DXC4B2P
2025-01-01 18:16:00	110	DoubleDown	DXC4B2P
2025-01-01 18:25:00	199	DoubleUp	DXC4B2P
2025-01-01 18:35:00	140	DoubleDown	DXC4B2P
2025-01-01 18:45:00	284	DoubleUp	DXC4B2P
2025-01-01 18:52:00	237	DoubleDown	DXC4B2P
2025-01-01 18:59:00	62	DoubleDown	DXC4B2P
2025-01-01 19:09:00	104	DoubleUp	DXC4B2P
2025-01-01 19:18:00	133	DoubleUp	DXC4B2P
2025-01-01 19:26:00	224	DoubleUp	DXC4B2P
2025-01-01 19:33:00	144	DoubleDown	DXC4B2P
2025-01-01 19:41:00	239	DoubleUp	DXC4B2P
2025-01-01 19:49:00	125	DoubleDown	DXC4B2P
2025-01-01 19:59:00	102	DoubleDown	DXC4B2P
2025-01-01 20:06:00	126	DoubleUp	DXC4B2P
2025-01-01 20:13:00	198	DoubleUp	DXC4B2P
2025-01-01 20:22:00	63	DoubleDown	DXC4B2P
2025-01-01 20:31:00	53	DoubleDown	DXC4B2P
2025-01-01 20:38:00	148	DoubleUp	DXC4B2P
2025-01-01 20:47:00	89	DoubleDown	DXC4B2P
2025-01-01 20:57:00	269	DoubleUp	DXC4B2P
2025-01-01 21:07:00	94	DoubleDown	DXC4B2P
2025-01-01 21:17:00	116	DoubleUp	DXC4B2P
2025-01-01 21:27:00	276	DoubleUp	DXC4B2P
2025-01-01 21:34:00	202	DoubleDown	DXC4B2P
2025-01-01 21:42:00	175	DoubleDown	DXC4B2P
2025-01-01 21:51:00	131	DoubleDown	DXC4B2P
2025-01-01 21:58:00	119	DoubleDown	DXC4B2P
2025-01-01 22:08:00	116	SingleDown	DXC4B2P
2025-01-01 22:18:00	116	Flat	DXC4B2P
2025-01-01 22:25:00	158	DoubleUp	DXC4B2P
2025-01-01 22:32:00	263	DoubleUp	DXC4B2P
2025-01-01 22:40:00	129	DoubleDown	DXC4B2P
2025-01-01 22:49:00	73	DoubleDown	DXC4B2P
2025-01-01 22:57:00	85	DoubleUp	DXC4B2P
2025-01-01 23:06:00	172	DoubleUp	DXC4B2P
2025-01-01 23:16:00	70	DoubleDown	DXC4B2P
2025-01-01 23:23:00	87	DoubleUp	DXC4B2P
2025-01-01 23:30:00	96	DoubleUp	DXC4B2P
2025-01-01 23:40:00	234	DoubleUp	DXC4B2P
2025-01-01 23:50:00	212	DoubleDown	DXC4B2P
2025-01-01 23:57:00	227	DoubleUp	DXC4B2P
2025-01-02 00:07:00	112	DoubleDown	DXC4B2P
2025-01-02 00:17:00	81	DoubleDown	DXC4B2P
2025-01-02 00:24:00	152	DoubleUp	DXC4B2P
2025-01-02 00:34:00	198	DoubleUp	DXC4B2P
2025-01-02 00:43:00	229	DoubleUp	DXC4B2P
2025-01-02 00:50:00	93	DoubleDown	DXC4B2P
2025-01-02 00:58:00	232	DoubleUp	DXC4B2P
2025-01-02 01:07:00	136	DoubleDown	DXC4B2P
2025-01-02 01:16:00	105	DoubleDown	DXC4B2P
2025-01-02 01:23:00	88	DoubleDown	DXC4B2P
2025-01-02 01:30:00	127	DoubleUp	DXC4B2P
2025-01-02 01:39:00	117	DoubleDown	DXC4B2P
2025-01-02 01:48:00	169	DoubleUp	DXC4B2P
2025-01-02 01:55:00	123	DoubleDown	DXC4B2P
2025-01-02 02:02:00	179	DoubleUp	DXC4B2P
2025-01-02 02:09:00	264	DoubleUp	DXC4B2P
2025-01-02 02:19:00	156	DoubleDown	DXC4B2P
2025-01-02 02:27:00	80	DoubleDown	DXC4B2P
2025-01-02 02:34:00	152	DoubleUp	DXC4B2P
2025-01-02 02:44:00	209	DoubleUp	DXC4B2P
2025-01-02 02:51:00	225	DoubleUp	DXC4B2P
2025-01-02 03:01:00	45	DoubleDown	DXC4B2P
2025-01-02 03:10:00	153	DoubleUp	DXC4B2P
2025-01-02 03:19:00	143	DoubleDown	DXC4B2P
2025-01-02 03:29:00	74	DoubleDown	DXC4B2P
2025-01-02 03:39:00	84	DoubleUp	DXC4B2P
2025-01-02 03:48:00	108	DoubleUp	DXC4B2P
2025-01-02 03:55:00	146	DoubleUp	DXC4B2P
2025-01-02 04:03:00	137	DoubleDown	DXC4B2P
2025-01-02 04:11:00	166	DoubleUp	DXC4B2P
2025-01-02 04:20:00	93	DoubleDown	DXC4B2P
2025-01-02 04:27:00	129	DoubleUp	DXC4B2P
2025-01-02 04:35:00	192	DoubleUp	DXC4B2P
2025-01-02 04:44:00	257	DoubleUp	DXC4B2P
2025-01-02 04:52:00	133	DoubleDown	DXC4B2P
2025-01-02 05:01:00	82	DoubleDown	DXC4B2P
2025-01-02 05:11:00	178	DoubleUp	DXC4B2P
2025-01-02 05:19:00	71	DoubleDown	DXC4B2P
2025-01-02 05:29:00	291	DoubleUp	DXC4B2P
2025-01-02 05:39:00	84	DoubleDown	DXC4B2P
2025-01-02 05:49:00	99	DoubleUp	DXC4B2P
2025-01-02 05:56:00	231	DoubleUp	DXC4B2P
2025-01-02 06:04:00	130	DoubleDown	DXC4B2P
2025-01-02 06:14:00	237	DoubleUp	DXC4B2P
2025-01-02 06:21:00	274	DoubleUp	DXC4B2P
2025-01-02 06:30:00	233	DoubleDown	DXC4B2P
2025-01-02 06:39:00	83	DoubleDown	DXC4B2P
2025-01-02 06:47:00	180	DoubleUp	DXC4B2P
2025-01-02 06:55:00	71	DoubleDown	DXC4B2P
2025-01-02 07:03:00	276	DoubleUp	DXC4B2P
2025-01-02 07:13:00	198	DoubleDown	DXC4B2P
2025-01-02 07:23:00	249	DoubleUp	DXC4B2P
2025-01-02 07:32:00	123	DoubleDown	DXC4B2P
2025-01-02 07:40:00	103	DoubleDown	DXC4B2P
2025-01-02 07:50:00	96	DoubleDown	DXC4B2P
2025-01-02 07:57:00	90	DoubleDown	DXC4B2P
2025-01-02 08:04:00	122	DoubleUp	DXC4B2P
2025-01-02 08:13:00	143	DoubleUp	DXC4B2P
2025-01-02 08:23:00	121	DoubleDown	DXC4B2P
2025-01-02 08:32:00	146	DoubleUp	DXC4B2P
2025-01-02 08:39:00	294	DoubleUp	DXC4B2P
2025-01-02 08:49:00	262	DoubleDown	DXC4B2P
2025-01-02 08:59:00	229	DoubleDown	DXC4B2P
2025-01-02 09:06:00	163	DoubleDown	DXC4B2P
2025-01-02 09:16:00	256	DoubleUp	DXC4B2P
2025-01-02 09:23:00	113	DoubleDown	DXC4B2P
2025-01-02 09:31:00	184	DoubleUp	DXC4B2P
2025-01-02 09:39:00	291	DoubleUp	DXC4B2P
2025-01-02 09:47:00	288	SingleDown	DXC4B2P
2025-01-02 09:57:00	87	DoubleDown	DXC4B2P
2025-01-02 10:05:00	84	SingleDown	DXC4B2P
2025-01-02 10:12:00	90	DoubleUp	DXC4B2P
2025-01-02 10:20:00	116	DoubleUp	DXC4B2P
2025-01-02 10:28:00	90	DoubleDown	DXC4B2P
2025-01-02 10:38:00	124	DoubleUp	DXC4B2P
2025-01-02 10:48:00	214	DoubleUp	DXC4B2P
2025-01-02 10:57:00	150	DoubleDown	DXC4B2P
2025-01-02 11:06:00	177	DoubleUp	DXC4B2P
2025-01-02 11:16:00	170	DoubleDown	DXC4B2P
2025-01-02 11:25:00	134	DoubleDown	DXC4B2P
2025-01-02 11:33:00	135	Flat	DXC4B2P
2025-01-02 11:40:00	40	DoubleDown	DXC4B2P
2025-01-02 11:48:00	228	DoubleUp	DXC4B2P
2025-01-02 11:57:00	114	DoubleDown	DXC4B2P
2025-01-02 12:05:00	75	DoubleDown	DXC4B2P
2025-01-02 12:15:00	101	DoubleUp	DXC4B2P
2025-01-02 12:25:00	162	DoubleUp	DXC4B2P
2025-01-02 12:33:00	237	DoubleUp	DXC4B2P
2025-01-02 12:43:00	263	DoubleUp	DXC4B2P
2025-01-02 12:50:00	157	DoubleDown	DXC4B2P
2025-01-02 12:57:00	76	DoubleDown	DXC4B2P
2025-01-02 13:07:00	113	DoubleUp	DXC4B2P
2025-01-02 13:17:00	70	DoubleDown	DXC4B2P
2025-01-02 13:24:00	125	DoubleUp	DXC4B2P
2025-01-02 13:32:00	187	DoubleUp	DXC4B2P
2025-01-02 13:41:00	83	DoubleDown	DXC4B2P
2025-01-02 13:49:00	234	DoubleUp	DXC4B2P
2025-01-02 13:56:00	114	DoubleDown	DXC4B2P
2025-01-02 14:06:00	75	DoubleDown	DXC4B2P
2025-01-02 14:13:00	149	DoubleUp	DXC4B2P
2025-01-02 14:20:00	121	DoubleDown	DXC4B2P
2025-01-02 14:28:00	242	DoubleUp	DXC4B2P
2025-01-02 14:38:00	119	DoubleDown	DXC4B2P
2025-01-02 14:47:00	112	DoubleDown	DXC4B2P
2025-01-02 14:54:00	152	DoubleUp	DXC4B2P
2025-01-02 15:03:00	267	DoubleUp	DXC4B2P
2025-01-02 15:10:00	71	DoubleDown	DXC4B2P
2025-01-02 15:17:00	126	DoubleUp	DXC4B2P
2025-01-02 15:27:00	211	DoubleUp	DXC4B2P
2025-01-02 15:37:00	108	DoubleDown	DXC4B2P
2025-01-02 15:46:00	268	DoubleUp	DXC4B2P
2025-01-02 15:53:00	220	DoubleDown	DXC4B2P
2025-01-02 16:03:00	163	DoubleDown	DXC4B2P
2025-01-02 16:10:00	121	DoubleDown	DXC4B2P
2025-01-02 16:19:00	285	DoubleUp	DXC4B2P
2025-01-02 16:26:00	150	DoubleDown	DXC4B2P
2025-01-02 16:36:00	152	SingleUp	DXC4B2P
2025-01-02 16:44:00	82	DoubleDown	DXC4B2P
2025-01-02 16:52:00	126	DoubleUp	DXC4B2P
2025-01-02 17:01:00	129	SingleUp	DXC4B2P
2025-01-02 17:08:00	216	DoubleUp	DXC4B2P
2025-01-02 17:17:00	182	DoubleDown	DXC4B2P
2025-01-02 17:27:00	152	DoubleDown	DXC4B2P
2025-01-02 17:37:00	257	DoubleUp	DXC4B2P
2025-01-02 17:45:00	166	DoubleDown	DXC4B2P
2025-01-02 17:53:00	249	DoubleUp	DXC4B2P
2025-01-02 18:01:00	196	DoubleDown	DXC4B2P
2025-01-02 18:09:00	86	DoubleDown	DXC4B2P
2025-01-02 18:17:00	111	DoubleUp	DXC4B2P
2025-01-02 18:26:00	100	DoubleDown	DXC4B2P
2025-01-02 18:35:00	91	DoubleDown	DXC4B2P
2025-01-02 18:43:00	133	DoubleUp	DXC4B2P
2025-01-02 18:53:00	121	DoubleDown	DXC4B2P
2025-01-02 19:01:00	107	DoubleDown	DXC4B2P
2025-01-02 19:11:00	176	DoubleUp	DXC4B2P
2025-01-02 19:18:00	73	DoubleDown	DXC4B2P
2025-01-02 19:28:00	43	DoubleDown	DXC4B2P
2025-01-02 19:35:00	115	DoubleUp	DXC4B2P
2025-01-02 19:42:00	85	DoubleDown	DXC4B2P
2025-01-02 19:51:00	230	DoubleUp	DXC4B2P
2025-01-02 19:58:00	164	DoubleDown	DXC4B2P
2025-01-02 20:07:00	120	DoubleDown	DXC4B2P
2025-01-02 20:16:00	93	DoubleDown	DXC4B2P
2025-01-02 20:23:00	72	DoubleDown	DXC4B2P
2025-01-02 20:33:00	267	DoubleUp	DXC4B2P
2025-01-02 20:41:00	147	DoubleDown	DXC4B2P
2025-01-02 20:50:00	136	DoubleDown	DXC4B2P
2025-01-02 21:00:00	76	DoubleDown	DXC4B2P
2025-01-02 21:08:00	186	DoubleUp	DXC4B2P
2025-01-02 21:18:00	169	DoubleDown	DXC4B2P
2025-01-02 21:27:00	236	DoubleUp	DXC4B2P
2025-01-02 21:36:00	141	DoubleDown	DXC4B2P
2025-01-02 21:43:00	74	DoubleDown	DXC4B2P
2025-01-02 21:51:00	183	DoubleUp	DXC4B2P
2025-01-02 22:01:00	232	DoubleUp	DXC4B2P
2025-01-02 22:09:00	163	DoubleDown	DXC4B2P
2025-01-02 22:19:00	180	DoubleUp	DXC4B2P
2025-01-02 22:29:00	77	DoubleDown	DXC4B2P
2025-01-02 22:36:00	168	DoubleUp	DXC4B2P
2025-01-02 22:45:00	71	DoubleDown	DXC4B2P
2025-01-02 22:54:00	240	DoubleUp	DXC4B2P
2025-01-02 23:03:00	132	DoubleDown	DXC4B2P
2025-01-02 23:10:00	262	DoubleUp	DXC4B2P
2025-01-02 23:19:00	237	DoubleDown	DXC4B2P
2025-01-02 23:27:00	131	DoubleDown	DXC4B2P
2025-01-02 23:36:00	180	DoubleUp	DXC4B2P
2025-01-02 23:44:00	277	DoubleUp	DXC4B2P
2025-01-02 23:54:00	164	DoubleDown	DXC4B2P
2025-01-03 00:03:00	188	DoubleUp	DXC4B2P
2025-01-03 00:13:00	131	DoubleDown	DXC4B2P
2025-01-03 00:20:00	206	DoubleUp	DXC4B2P
2025-01-03 00:30:00	151	DoubleDown	DXC4B2P
2025-01-03 00:40:00	80	DoubleDown	DXC4B2P
2025-01-03 00:50:00	214	DoubleUp	DXC4B2P
2025-01-03 00:57:00	269	DoubleUp	DXC4B2P
2025-01-03 01:07:00	105	DoubleDown	DXC4B2P
2025-01-03 01:16:00	147	DoubleUp	DXC4B2P
2025-01-03 01:24:00	118	DoubleDown	DXC4B2P
2025-01-03 01:34:00	163	DoubleUp	DXC4B2P
2025-01-03 01:41:00	82	DoubleDown	DXC4B2P
2025-01-03 01:49:00	80	SingleDown	DXC4B2P
2025-01-03 01:57:00	212	DoubleUp	DXC4B2P
2025-01-03 02:06:00	135	DoubleDown	DXC4B2P
2025-01-03 02:16:00	274	DoubleUp	DXC4B2P
2025-01-03 02:26:00	79	DoubleDown	DXC4B2P
2025-01-03 02:36:00	153	DoubleUp	DXC4B2P
2025-01-03 02:43:00	106	DoubleDown	DXC4B2P
2025-01-03 02:52:00	110	DoubleUp	DXC4B2P
2025-01-03 03:02:00	237	DoubleUp	DXC4B2P
2025-01-03 03:12:00	88	DoubleDown	DXC4B2P
2025-01-03 03:22:00	56	DoubleDown	DXC4B2P
2025-01-03 03:32:00	73	DoubleUp	DXC4B2P
2025-01-03 03:39:00	90	DoubleUp	DXC4B2P
2025-01-03 03:46:00	175	DoubleUp	DXC4B2P
2025-01-03 03:55:00	126	DoubleDown	DXC4B2P
2025-01-03 04:04:00	113	DoubleDown	DXC4B2P
2025-01-03 04:11:00	101	DoubleDown	DXC4B2P
2025-01-03 04:19:00	123	DoubleUp	DXC4B2P
2025-01-03 04:29:00	82	DoubleDown	DXC4B2P
2025-01-03 04:38:00	225	DoubleUp	DXC4B2P
2025-01-03 04:47:00	138	DoubleDown	DXC4B2P
2025-01-03 04:57:00	156	DoubleUp	DXC4B2P
2025-01-03 05:07:00	85	DoubleDown	DXC4B2P
2025-01-03 05:15:00	221	DoubleUp	DXC4B2P
2025-01-03 05:22:00	158	DoubleDown	DXC4B2P
2025-01-03 05:31:00	85	DoubleDown	DXC4B2P
2025-01-03 05:39:00	90	DoubleUp	DXC4B2P
2025-01-03 05:48:00	120	DoubleUp	DXC4B2P
2025-01-03 05:58:00	229	DoubleUp	DXC4B2P
2025-01-03 06:08:00	173	DoubleDown	DXC4B2P
2025-01-03 06:17:00	75	DoubleDown	DXC4B2P
2025-01-03 06:25:00	73	SingleDown	DXC4B2P
2025-01-03 06:35:00	160	DoubleUp	DXC4B2P
2025-01-03 06:42:00	179	DoubleUp	DXC4B2P
2025-01-03 06:52:00	82	DoubleDown	DXC4B2P
2025-01-03 06:59:00	117	DoubleUp	DXC4B2P
2025-01-03 07:09:00	114	SingleDown	DXC4B2P
2025-01-03 07:18:00	99	DoubleDown	DXC4B2P
2025-01-03 07:27:00	155	DoubleUp	DXC4B2P
2025-01-03 07:34:00	130	DoubleDown	DXC4B2P
2025-01-03 07:43:00	76	DoubleDown	DXC4B2P
2025-01-03 07:53:00	150	DoubleUp	DXC4B2P
2025-01-03 08:00:00	156	DoubleUp	DXC4B2P
2025-01-03 08:10:00	118	DoubleDown	DXC4B2P
2025-01-03 08:20:00	117	Flat	DXC4B2P
2025-01-03 08:27:00	158	DoubleUp	DXC4B2P
2025-01-03 08:36:00	116	DoubleDown	DXC4B2P
2025-01-03 08:44:00	149	DoubleUp	DXC4B2P
2025-01-03 08:52:00	82	DoubleDown	DXC4B2P
2025-01-03 09:00:00	248	DoubleUp	DXC4B2P
2025-01-03 09:08:00	107	DoubleDown	DXC4B2P
2025-01-03 09:16:00	295	DoubleUp	DXC4B2P
2025-01-03 09:24:00	90	DoubleDown	DXC4B2P
2025-01-03 09:31:00	81	DoubleDown	DXC4B2P
2025-01-03 09:38:00	72	DoubleDown	DXC4B2P
2025-01-03 09:48:00	209	DoubleUp	DXC4B2P
2025-01-03 09:58:00	269	DoubleUp	DXC4B2P
2025-01-03 10:06:00	260	DoubleDown	DXC4B2P
2025-01-03 10:16:00	108	DoubleDown	DXC4B2P
2025-01-03 10:25:00	206	DoubleUp	DXC4B2P
2025-01-03 10:32:00	105	DoubleDown	DXC4B2P
2025-01-03 10:41:00	80	DoubleDown	DXC4B2P
2025-01-03 10:51:00	93	DoubleUp	DXC4B2P
2025-01-03 11:01:00	123	DoubleUp	DXC4B2P
2025-01-03 11:11:00	239	DoubleUp	DXC4B2P
2025-01-03 11:19:00	218	DoubleDown	DXC4B2P
2025-01-03 11:29:00	130	DoubleDown	DXC4B2P
2025-01-03 11:39:00	172	DoubleUp	DXC4B2P
2025-01-03 11:48:00	82	DoubleDown	DXC4B2P
2025-01-03 11:55:00	82	Flat	DXC4B2P
2025-01-03 12:04:00	78	DoubleDown	DXC4B2P
2025-01-03 12:13:00	98	DoubleUp	DXC4B2P
2025-01-03 12:21:00	157	DoubleUp	DXC4B2P
2025-01-03 12:31:00	83	DoubleDown	DXC4B2P
2025-01-03 12:40:00	146	DoubleUp	DXC4B2P
2025-01-03 12:48:00	42	DoubleDown	DXC4B2P
2025-01-03 12:55:00	138	DoubleUp	DXC4B2P
2025-01-03 13:02:00	54	DoubleDown	DXC4B2P
2025-01-03 13:11:00	85	DoubleUp	DXC4B2P
2025-01-03 13:18:00	107	DoubleUp	DXC4B2P
2025-01-03 13:28:00	180	DoubleUp	DXC4B2P
2025-01-03 13:38:00	157	DoubleDown	DXC4B2P
2025-01-03 13:47:00	199	DoubleUp	DXC4B2P
2025-01-03 13:55:00	225	DoubleUp	DXC4B2P
2025-01-03 14:05:00	224	Flat	DXC4B2P
2025-01-03 14:15:00	167	DoubleDown	DXC4B2P
2025-01-03 14:23:00	73	DoubleDown	DXC4B2P
2025-01-03 14:31:00	106	DoubleUp	DXC4B2P
2025-01-03 14:40:00	106	Flat	DXC4B2P
2025-01-03 14:47:00	202	DoubleUp	DXC4B2P
2025-01-03 14:54:00	204	SingleUp	DXC4B2P
2025-01-03 15:01:00	84	DoubleDown	DXC4B2P
2025-01-03 15:10:00	128	DoubleUp	DXC4B2P
2025-01-03 15:19:00	117	DoubleDown	DXC4B2P
2025-01-03 15:28:00	113	DoubleDown	DXC4B2P
2025-01-03 15:35:00	138	DoubleUp	DXC4B2P
2025-01-03 15:45:00	114	DoubleDown	DXC4B2P
2025-01-03 15:52:00	104	DoubleDown	DXC4B2P
2025-01-03 16:01:00	160	DoubleUp	DXC4B2P
2025-01-03 16:10:00	174	DoubleUp	DXC4B2P
2025-01-03 16:19:00	79	DoubleDown	DXC4B2P
2025-01-03 16:27:00	184	DoubleUp	DXC4B2P
2025-01-03 16:34:00	89	DoubleDown	DXC4B2P
2025-01-03 16:41:00	87	SingleDown	DXC4B2P
2025-01-03 16:51:00	123	DoubleUp	DXC4B2P
2025-01-03 16:59:00	83	DoubleDown	DXC4B2P
2025-01-03 17:07:00	74	DoubleDown	DXC4B2P
2025-01-03 17:15:00	191	DoubleUp	DXC4B2P
2025-01-03 17:25:00	293	DoubleUp	DXC4B2P
2025-01-03 17:34:00	184	DoubleDown	DXC4B2P
2025-01-03 17:44:00	109	DoubleDown	DXC4B2P
2025-01-03 17:54:00	82	DoubleDown	DXC4B2P
2025-01-03 18:01:00	136	DoubleUp	DXC4B2P
2025-01-03 18:09:00	124	DoubleDown	DXC4B2P
2025-01-03 18:17:00	92	DoubleDown	DXC4B2P
2025-01-03 18:27:00	154	DoubleUp	DXC4B2P
2025-01-03 18:36:00	79	DoubleDown	DXC4B2P
2025-01-03 18:45:00	166	DoubleUp	DXC4B2P
2025-01-03 18:53:00	171	DoubleUp	DXC4B2P
2025-01-03 19:02:00	82	DoubleDown	DXC4B2P
2025-01-03 19:09:00	131	DoubleUp	DXC4B2P
2025-01-03 19:19:00	109	DoubleDown	DXC4B2P
2025-01-03 19:27:00	78	DoubleDown	DXC4B2P
2025-01-03 19:36:00	151	DoubleUp	DXC4B2P
2025-01-03 19:45:00	213	DoubleUp	DXC4B2P
2025-01-03 19:52:00	123	DoubleDown	DXC4B2P
2025-01-03 20:01:00	83	DoubleDown	DXC4B2P
2025-01-03 20:08:00	177	DoubleUp	DXC4B2P
2025-01-03 20:18:00	284	DoubleUp	DXC4B2P
2025-01-03 20:26:00	186	DoubleDown	DXC4B2P
2025-01-03 20:34:00	202	DoubleUp	DXC4B2P
2025-01-03 20:41:00	72	DoubleDown	DXC4B2P
2025-01-03 20:51:00	202	DoubleUp	DXC4B2P
2025-01-03 21:00:00	82	DoubleDown	DXC4B2P
2025-01-03 21:10:00	266	DoubleUp	DXC4B2P
2025-01-03 21:20:00	178	DoubleDown	DXC4B2P
2025-01-03 21:29:00	234	DoubleUp	DXC4B2P
2025-01-03 21:36:00	164	DoubleDown	DXC4B2P
2025-01-03 21:44:00	159	DoubleDown	DXC4B2P
2025-01-03 21:53:00	119	DoubleDown	DXC4B2P
2025-01-03 22:02:00	216	DoubleUp	DXC4B2P
2025-01-03 22:10:00	125	DoubleDown	DXC4B2P
2025-01-03 22:20:00	81	DoubleDown	DXC4B2P
2025-01-03 22:29:00	166	DoubleUp	DXC4B2P
2025-01-03 22:36:00	124	DoubleDown	DXC4B2P
2025-01-03 22:45:00	179	DoubleUp	DXC4B2P
2025-01-03 22:55:00	45	DoubleDown	DXC4B2P
2025-01-03 23:02:00	54	DoubleUp	DXC4B2P
2025-01-03 23:10:00	171	DoubleUp	DXC4B2P
2025-01-03 23:17:00	116	DoubleDown	DXC4B2P
2025-01-03 23:24:00	133	DoubleUp	DXC4B2P
2025-01-03 23:31:00	126	DoubleDown	DXC4B2P
2025-01-03 23:39:00	80	DoubleDown	DXC4B2P
2025-01-03 23:47:00	147	DoubleUp	DXC4B2P
2025-01-03 23:54:00	174	DoubleUp	DXC4B2P
2025-01-04 00:04:00	165	DoubleDown	DXC4B2P
2025-01-04 00:11:00	169	DoubleUp	DXC4B2P
2025-01-04 00:18:00	122	DoubleDown	DXC4B2P
2025-01-04 00:25:00	133	DoubleUp	DXC4B2P
2025-01-04 00:34:00	116	DoubleDown	DXC4B2P
2025-01-04 00:42:00	169	DoubleUp	DXC4B2P
2025-01-04 00:50:00	89	DoubleDown	DXC4B2P
2025-01-04 01:00:00	111	DoubleUp	DXC4B2P
2025-01-04 01:08:00	143	DoubleUp	DXC4B2P
2025-01-04 01:15:00	143	Flat	DXC4B2P
2025-01-04 01:23:00	107	DoubleDown	DXC4B2P
2025-01-04 01:32:00	184	DoubleUp	DXC4B2P
2025-01-04 01:42:00	79	DoubleDown	DXC4B2P
2025-01-04 01:51:00	135	DoubleUp	DXC4B2P
2025-01-04 01:59:00	65	DoubleDown	DXC4B2P
2025-01-04 02:08:00	144	DoubleUp	DXC4B2P
2025-01-04 02:16:00	127	DoubleDown	DXC4B2P
2025-01-04 02:23:00	153	DoubleUp	DXC4B2P
2025-01-04 02:32:00	166	DoubleUp	DXC4B2P
2025-01-04 02:39:00	294	DoubleUp	DXC4B2P
2025-01-04 02:49:00	141	DoubleDown	DXC4B2P
2025-01-04 02:56:00	85	DoubleDown	DXC4B2P
2025-01-04 03:04:00	227	DoubleUp	DXC4B2P
2025-01-04 03:12:00	108	DoubleDown	DXC4B2P
2025-01-04 03:22:00	62	DoubleDown	DXC4B2P
2025-01-04 03:31:00	291	DoubleUp	DXC4B2P
2025-01-04 03:40:00	182	DoubleDown	DXC4B2P
2025-01-04 03:48:00	122	DoubleDown	DXC4B2P
2025-01-04 03:58:00	141	DoubleUp	DXC4B2P
2025-01-04 04:08:00	174	DoubleUp	DXC4B2P
2025-01-04 04:17:00	128	DoubleDown	DXC4B2P
2025-01-04 04:26:00	167	DoubleUp	DXC4B2P
2025-01-04 04:35:00	180	DoubleUp	DXC4B2P
2025-01-04 04:43:00	149	DoubleDown	DXC4B2P
2025-01-04 04:52:00	283	DoubleUp	DXC4B2P
2025-01-04 04:59:00	65	DoubleDown	DXC4B2P
2025-01-04 05:06:00	72	DoubleUp	DXC4B2P
2025-01-04 05:15:00	73	Flat	DXC4B2P
2025-01-04 05:23:00	147	DoubleUp	DXC4B2P
2025-01-04 05:32:00	240	DoubleUp	DXC4B2P
2025-01-04 05:40:00	130	DoubleDown	DXC4B2P
2025-01-04 05:50:00	223	DoubleUp	DXC4B2P
2025-01-04 05:57:00	118	DoubleDown	DXC4B2P
2025-01-04 06:04:00	128	DoubleUp	DXC4B2P
2025-01-04 06:14:00	118	DoubleDown	DXC4B2P
2025-01-04 06:22:00	294	DoubleUp	DXC4B2P
2025-01-04 06:29:00	81	DoubleDown	DXC4B2P
2025-01-04 06:36:00	143	DoubleUp	DXC4B2P
2025-01-04 06:46:00	90	DoubleDown	DXC4B2P
2025-01-04 06:54:00	103	DoubleUp	DXC4B2P
2025-01-04 07:03:00	126	DoubleUp	DXC4B2P
2025-01-04 07:13:00	83	DoubleDown	DXC4B2P
2025-01-04 07:23:00	71	DoubleDown	DXC4B2P
2025-01-04 07:30:00	159	DoubleUp	DXC4B2P
2025-01-04 07:40:00	178	DoubleUp	DXC4B2P
2025-01-04 07:50:00	72	DoubleDown	DXC4B2P
2025-01-04 08:00:00	249	DoubleUp	DXC4B2P
2025-01-04 08:09:00	168	DoubleDown	DXC4B2P
2025-01-04 08:19:00	124	DoubleDown	DXC4B2P
2025-01-04 08:26:00	285	DoubleUp	DXC4B2P
2025-01-04 08:35:00	112	DoubleDown	DXC4B2P
2025-01-04 08:44:00	159	DoubleUp	DXC4B2P
2025-01-04 08:54:00	176	DoubleUp	DXC4B2P
2025-01-04 09:04:00	118	DoubleDown	DXC4B2P
2025-01-04 09:14:00	158	DoubleUp	DXC4B2P
2025-01-04 09:24:00	120	DoubleDown	DXC4B2P
2025-01-04 09:33:00	89	DoubleDown	DXC4B2P
2025-01-04 09:40:00	273	DoubleUp	DXC4B2P
2025-01-04 09:48:00	157	DoubleDown	DXC4B2P
2025-01-04 09:57:00	110	DoubleDown	DXC4B2P
2025-01-04 10:05:00	104	DoubleDown	DXC4B2P
2025-01-04 10:13:00	242	DoubleUp	DXC4B2P
2025-01-04 10:21:00	184	DoubleDown	DXC4B2P
2025-01-04 10:30:00	176	DoubleDown	DXC4B2P
2025-01-04 10:37:00	265	DoubleUp	DXC4B2P
2025-01-04 10:47:00	232	DoubleDown	DXC4B2P
2025-01-04 10:55:00	157	DoubleDown	DXC4B2P
2025-01-04 11:04:00	240	DoubleUp	DXC4B2P
2025-01-04 11:14:00	238	SingleDown	DXC4B2P
2025-01-04 11:24:00	157	DoubleDown	DXC4B2P
2025-01-04 11:32:00	144	DoubleDown	DXC4B2P
2025-01-04 11:40:00	143	Flat	DXC4B2P
2025-01-04 11:50:00	82	DoubleDown	DXC4B2P
2025-01-04 11:58:00	164	DoubleUp	DXC4B2P
2025-01-04 12:06:00	141	DoubleDown	DXC4B2P
2025-01-04 12:16:00	178	DoubleUp	DXC4B2P
2025-01-04 12:24:00	129	DoubleDown	DXC4B2P
2025-01-04 12:31:00	150	DoubleUp	DXC4B2P
2025-01-04 12:38:00	142	DoubleDown	DXC4B2P
2025-01-04 12:46:00	223	DoubleUp	DXC4B2P
2025-01-04 12:56:00	213	DoubleDown	DXC4B2P
2025-01-04 13:06:00	72	DoubleDown	DXC4B2P
2025-01-04 13:14:00	167	DoubleUp	DXC4B2P
2025-01-04 13:21:00	162	DoubleDown	DXC4B2P
2025-01-04 13:29:00	160	SingleDown	DXC4B2P
2025-01-04 13:36:00	133	DoubleDown	DXC4B2P
2025-01-04 13:43:00	74	DoubleDown	DXC4B2P
2025-01-04 13:52:00	65	DoubleDown	DXC4B2P
2025-01-04 14:01:00	114	DoubleUp	DXC4B2P
2025-01-04 14:10:00	155	DoubleUp	DXC4B2P
2025-01-04 14:19:00	101	DoubleDown	DXC4B2P
2025-01-04 14:26:00	77	DoubleDown	DXC4B2P
2025-01-04 14:35:00	214	DoubleUp	DXC4B2P
2025-01-04 14:43:00	193	DoubleDown	DXC4B2P
2025-01-04 14:50:00	150	DoubleDown	DXC4B2P
2025-01-04 14:57:00	165	DoubleUp	DXC4B2P
2025-01-04 15:05:00	43	DoubleDown	DXC4B2P
2025-01-04 15:15:00	162	DoubleUp	DXC4B2P
2025-01-04 15:24:00	131	DoubleDown	DXC4B2P
2025-01-04 15:33:00	125	DoubleDown	DXC4B2P
2025-01-04 15:42:00	123	SingleDown	DXC4B2P
2025-01-04 15:49:00	140	DoubleUp	DXC4B2P
2025-01-04 15:58:00	256	DoubleUp	DXC4B2P
2025-01-04 16:08:00	90	DoubleDown	DXC4B2P
2025-01-04 16:17:00	178	DoubleUp	DXC4B2P
2025-01-04 16:26:00	244	DoubleUp	DXC4B2P
2025-01-04 16:33:00	221	DoubleDown	DXC4B2P
2025-01-04 16:43:00	93	DoubleDown	DXC4B2P
2025-01-04 16:50:00	193	DoubleUp	DXC4B2P
2025-01-04 16:59:00	152	DoubleDown	DXC4B2P
2025-01-04 17:07:00	224	DoubleUp	DXC4B2P
2025-01-04 17:14:00	96	DoubleDown	DXC4B2P
2025-01-04 17:23:00	156	DoubleUp	DXC4B2P
2025-01-04 17:33:00	275	DoubleUp	DXC4B2P
2025-01-04 17:40:00	242	DoubleDown	DXC4B2P
2025-01-04 17:48:00	249	DoubleUp	DXC4B2P
2025-01-04 17:57:00	180	DoubleDown	DXC4B2P
2025-01-04 18:05:00	165	DoubleDown	DXC4B2P
2025-01-04 18:15:00	128	DoubleDown	DXC4B2P
2025-01-04 18:22:00	129	Flat	DXC4B2P
2025-01-04 18:30:00	154	DoubleUp	DXC4B2P
2025-01-04 18:38:00	143	DoubleDown	DXC4B2P
2025-01-04 18:46:00	225	DoubleUp	DXC4B2P
2025-01-04 18:56:00	78	DoubleDown	DXC4B2P
2025-01-04 19:03:00	245	DoubleUp	DXC4B2P
2025-01-04 19:10:00	89	DoubleDown	DXC4B2P
2025-01-04 19:18:00	168	DoubleUp	DXC4B2P
2025-01-04 19:27:00	111	DoubleDown	DXC4B2P
2025-01-04 19:35:00	108	SingleDown	DXC4B2P
2025-01-04 19:45:00	87	DoubleDown	DXC4B2P
2025-01-04 19:54:00	137	DoubleUp	DXC4B2P
2025-01-04 20:01:00	173	DoubleUp	DXC4B2P
2025-01-04 20:10:00	171	SingleDown	DXC4B2P
2025-01-04 20:18:00	88	DoubleDown	DXC4B2P
2025-01-04 20:27:00	125	DoubleUp	DXC4B2P
2025-01-04 20:37:00	105	DoubleDown	DXC4B2P
2025-01-04 20:46:00	154	DoubleUp	DXC4B2P
2025-01-04 20:55:00	203	DoubleUp	DXC4B2P
2025-01-04 21:02:00	88	DoubleDown	DXC4B2P
2025-01-04 21:12:00	149	DoubleUp	DXC4B2P
2025-01-04 21:20:00	125	DoubleDown	DXC4B2P
2025-01-04 21:30:00	153	DoubleUp	DXC4B2P
2025-01-04 21:39:00	109	DoubleDown	DXC4B2P
2025-01-04 21:49:00	176	DoubleUp	DXC4B2P
2025-01-04 21:58:00	104	DoubleDown	DXC4B2P
2025-01-04 22:08:00	234	DoubleUp	DXC4B2P
2025-01-04 22:17:00	128	DoubleDown	DXC4B2P
2025-01-04 22:26:00	168	DoubleUp	DXC4B2P
2025-01-04 22:33:00	130	DoubleDown	DXC4B2P
2025-01-04 22:42:00	208	DoubleUp	DXC4B2P
2025-01-04 22:50:00	212	DoubleUp	DXC4B2P
2025-01-04 22:58:00	145	DoubleDown	DXC4B2P
2025-01-04 23:06:00	135	DoubleDown	DXC4B2P
2025-01-04 23:16:00	227	DoubleUp	DXC4B2P
2025-01-04 23:24:00	119	DoubleDown	DXC4B2P
2025-01-04 23:34:00	98	DoubleDown	DXC4B2P
2025-01-04 23:42:00	94	DoubleDown	DXC4B2P
2025-01-04 23:52:00	216	DoubleUp	DXC4B2P
2025-01-04 23:59:00	113	DoubleDown	DXC4B2P
2025-01-05 00:06:00	110	SingleDown	DXC4B2P
2025-01-05 00:14:00	275	DoubleUp	DXC4B2P
2025-01-05 00:23:00	64	DoubleDown	DXC4B2P
2025-01-05 00:33:00	176	DoubleUp	DXC4B2P
2025-01-05 00:40:00	95	DoubleDown	DXC4B2P
2025-01-05 00:48:00	102	DoubleUp	DXC4B2P
2025-01-05 00:57:00	153	DoubleUp	DXC4B2P
2025-01-05 01:06:00	103	DoubleDown	DXC4B2P
2025-01-05 01:16:00	132	DoubleUp	DXC4B2P
2025-01-05 01:24:00	71	DoubleDown	DXC4B2P
2025-01-05 01:34:00	175	DoubleUp	DXC4B2P
2025-01-05 01:41:00	199	DoubleUp	DXC4B2P
2025-01-05 01:48:00	259	DoubleUp	DXC4B2P
2025-01-05 01:55:00	175	DoubleDown	DXC4B2P
2025-01-05 02:05:00	144	DoubleDown	DXC4B2P
2025-01-05 02:14:00	91	DoubleDown	DXC4B2P
2025-01-05 02:21:00	152	DoubleUp	DXC4B2P
2025-01-05 02:28:00	146	DoubleDown	DXC4B2P
2025-01-05 02:35:00	244	DoubleUp	DXC4B2P
2025-01-05 02:43:00	90	DoubleDown	DXC4B2P
2025-01-05 02:50:00	245	DoubleUp	DXC4B2P
2025-01-05 03:00:00	208	DoubleDown	DXC4B2P
2025-01-05 03:07:00	144	DoubleDown	DXC4B2P
2025-01-05 03:14:00	130	DoubleDown	DXC4B2P
2025-01-05 03:24:00	174	DoubleUp	DXC4B2P
2025-01-05 03:33:00	86	DoubleDown	DXC4B2P
2025-01-05 03:41:00	196	DoubleUp	DXC4B2P
2025-01-05 03:50:00	98	DoubleDown	DXC4B2P
2025-01-05 03:59:00	297	DoubleUp	DXC4B2P
2025-01-05 04:08:00	81	DoubleDown	DXC4B2P
2025-01-05 04:18:00	129	DoubleUp	DXC4B2P
2025-01-05 04:25:00	271	DoubleUp	DXC4B2P
2025-01-05 04:34:00	109	DoubleDown	DXC4B2P
2025-01-05 04:42:00	137	DoubleUp	DXC4B2P
2025-01-05 04:50:00	116	DoubleDown	DXC4B2P
2025-01-05 05:00:00	225	DoubleUp	DXC4B2P
2025-01-05 05:08:00	100	DoubleDown	DXC4B2P
2025-01-05 05:18:00	119	DoubleUp	DXC4B2P
2025-01-05 05:26:00	109	DoubleDown	DXC4B2P
2025-01-05 05:36:00	238	DoubleUp	DXC4B2P
2025-01-05 05:44:00	197	DoubleDown	DXC4B2P
2025-01-05 05:51:00	129	DoubleDown	DXC4B2P
2025-01-05 06:00:00	163	DoubleUp	DXC4B2P
2025-01-05 06:07:00	103	DoubleDown	DXC4B2P
2025-01-05 06:15:00	133	DoubleUp	DXC4B2P
2025-01-05 06:25:00	111	DoubleDown	DXC4B2P
2025-01-05 06:35:00	56	DoubleDown	DXC4B2P
2025-01-05 06:43:00	143	DoubleUp	DXC4B2P
2025-01-05 06:50:00	158	DoubleUp	DXC4B2P
2025-01-05 06:58:00	165	DoubleUp	DXC4B2P
2025-01-05 07:05:00	124	DoubleDown	DXC4B2P
2025-01-05 07:13:00	276	DoubleUp	DXC4B2P
2025-01-05 07:22:00	241	DoubleDown	DXC4B2P
2025-01-05 07:29:00	164	DoubleDown	DXC4B2P
2025-01-05 07:37:00	206	DoubleUp	DXC4B2P
2025-01-05 07:47:00	171	DoubleDown	DXC4B2P
2025-01-05 07:56:00	260	DoubleUp	DXC4B2P
2025-01-05 08:03:00	226	DoubleDown	DXC4B2P
2025-01-05 08:13:00	198	DoubleDown	DXC4B2P
2025-01-05 08:20:00	156	DoubleDown	DXC4B2P
2025-01-05 08:27:00	137	DoubleDown	DXC4B2P
2025-01-05 08:37:00	190	DoubleUp	DXC4B2P
2025-01-05 08:44:00	169	DoubleDown	DXC4B2P
2025-01-05 08:53:00	223	DoubleUp	DXC4B2P
2025-01-05 09:02:00	202	DoubleDown	DXC4B2P
2025-01-05 09:10:00	182	DoubleDown	DXC4B2P
2025-01-05 09:18:00	183	Flat	DXC4B2P
2025-01-05 09:25:00	291	DoubleUp	DXC4B2P
2025-01-05 09:32:00	125	DoubleDown	DXC4B2P
2025-01-05 09:41:00	126	Flat	DXC4B2P
2025-01-05 09:51:00	112	DoubleDown	DXC4B2P
2025-01-05 10:00:00	119	DoubleUp	DXC4B2P
2025-01-05 10:08:00	107	DoubleDown	DXC4B2P
2025-01-05 10:17:00	253	DoubleUp	DXC4B2P
2025-01-05 10:26:00	218	DoubleDown	DXC4B2P
2025-01-05 10:34:00	164	DoubleDown	DXC4B2P
2025-01-05 10:43:00	180	DoubleUp	DXC4B2P
2025-01-05 10:50:00	147	DoubleDown	DXC4B2P
2025-01-05 10:59:00	196	DoubleUp	DXC4B2P
2025-01-05 11:06:00	113	DoubleDown	DXC4B2P
2025-01-05 11:15:00	143	DoubleUp	DXC4B2P
2025-01-05 11:25:00	119	DoubleDown	DXC4B2P
2025-01-05 11:33:00	141	DoubleUp	DXC4B2P
2025-01-05 11:42:00	102	DoubleDown	DXC4B2P
2025-01-05 11:49:00	263	DoubleUp	DXC4B2P
2025-01-05 11:59:00	198	DoubleDown	DXC4B2P
2025-01-05 12:09:00	230	DoubleUp	DXC4B2P
2025-01-05 12:18:00	238	DoubleUp	DXC4B2P
2025-01-05 12:25:00	111	DoubleDown	DXC4B2P
2025-01-05 12:34:00	108	SingleDown	DXC4B2P
2025-01-05 12:44:00	270	DoubleUp	DXC4B2P
2025-01-05 12:54:00	123	DoubleDown	DXC4B2P
2025-01-05 13:03:00	189	DoubleUp	DXC4B2P
2025-01-05 13:11:00	88	DoubleDown	DXC4B2P
2025-01-05 13:21:00	242	DoubleUp	DXC4B2P
2025-01-05 13:28:00	140	DoubleDown	DXC4B2P
2025-01-05 13:38:00	167	DoubleUp	DXC4B2P
2025-01-05 13:47:00	77	DoubleDown	DXC4B2P
2025-01-05 13:56:00	75	SingleDown	DXC4B2P
2025-01-05 14:06:00	124	DoubleUp	DXC4B2P
2025-01-05 14:16:00	201	DoubleUp	DXC4B2P
2025-01-05 14:23:00	166	DoubleDown	DXC4B2P
2025-01-05 14:31:00	283	DoubleUp	DXC4B2P
2025-01-05 14:41:00	111	DoubleDown	DXC4B2P
2025-01-05 14:49:00	282	DoubleUp	DXC4B2P
2025-01-05 14:57:00	109	DoubleDown	DXC4B2P
2025-01-05 15:07:00	157	DoubleUp	DXC4B2P
2025-01-05 15:17:00	171	DoubleUp	DXC4B2P
2025-01-05 15:26:00	115	DoubleDown	DXC4B2P
2025-01-05 15:33:00	232	DoubleUp	DXC4B2P
2025-01-05 15:40:00	63	DoubleDown	DXC4B2P
2025-01-05 15:47:00	175	DoubleUp	DXC4B2P
2025-01-05 15:56:00	141	DoubleDown	DXC4B2P
2025-01-05 16:05:00	74	DoubleDown	DXC4B2P
2025-01-05 16:13:00	161	DoubleUp	DXC4B2P
2025-01-05 16:20:00	151	DoubleDown	DXC4B2P
2025-01-05 16:28:00	135	DoubleDown	DXC4B2P
2025-01-05 16:36:00	115	DoubleDown	DXC4B2P
2025-01-05 16:43:00	152	DoubleUp	DXC4B2P
2025-01-05 16:50:00	180	DoubleUp	DXC4B2P
2025-01-05 17:00:00	191	DoubleUp	DXC4B2P
2025-01-05 17:07:00	198	DoubleUp	DXC4B2P
2025-01-05 17:17:00	235	DoubleUp	DXC4B2P
2025-01-05 17:27:00	255	DoubleUp	DXC4B2P
2025-01-05 17:35:00	70	DoubleDown	DXC4B2P
2025-01-05 17:44:00	62	DoubleDown	DXC4B2P
2025-01-05 17:51:00	132	DoubleUp	DXC4B2P
2025-01-05 18:00:00	88	DoubleDown	DXC4B2P
2025-01-05 18:10:00	108	DoubleUp	DXC4B2P
2025-01-05 18:17:00	85	DoubleDown	DXC4B2P
2025-01-05 18:26:00	71	DoubleDown	DXC4B2P
2025-01-05 18:33:00	81	DoubleUp	DXC4B2P
2025-01-05 18:41:00	241	DoubleUp	DXC4B2P
2025-01-05 18:48:00	130	DoubleDown	DXC4B2P
2025-01-05 18:57:00	99	DoubleDown	DXC4B2P
2025-01-05 19:04:00	106	DoubleUp	DXC4B2P
2025-01-05 19:14:00	81	DoubleDown	DXC4B2P
2025-01-05 19:24:00	206	DoubleUp	DXC4B2P
2025-01-05 19:31:00	101	DoubleDown	DXC4B2P
2025-01-05 19:39:00	75	DoubleDown	DXC4B2P
2025-01-05 19:49:00	94	DoubleUp	DXC4B2P
2025-01-05 19:56:00	204	DoubleUp	DXC4B2P
2025-01-05 20:06:00	97	DoubleDown	DXC4B2P
2025-01-05 20:15:00	160	DoubleUp	DXC4B2P
2025-01-05 20:24:00	158	SingleDown	DXC4B2P
2025-01-05 20:32:00	91	DoubleDown	DXC4B2P
2025-01-05 20:40:00	91	Flat	DXC4B2P
2025-01-05 20:48:00	229	DoubleUp	DXC4B2P
2025-01-05 20:57:00	233	DoubleUp	DXC4B2P
2025-01-05 21:07:00	140	DoubleDown	DXC4B2P
2025-01-05 21:15:00	71	DoubleDown	DXC4B2P
2025-01-05 21:24:00	107	DoubleUp	DXC4B2P
2025-01-05 21:34:00	83	DoubleDown	DXC4B2P
2025-01-05 21:42:00	280	DoubleUp	DXC4B2P
2025-01-05 21:49:00	126	DoubleDown	DXC4B2P
2025-01-05 21:58:00	158	DoubleUp	DXC4B2P
2025-01-05 22:06:00	117	DoubleDown	DXC4B2P
2025-01-05 22:16:00	153	DoubleUp	DXC4B2P
2025-01-05 22:24:00	130	DoubleDown	DXC4B2P
2025-01-05 22:32:00	70	DoubleDown	DXC4B2P
2025-01-05 22:39:00	269	DoubleUp	DXC4B2P
2025-01-05 22:48:00	179	DoubleDown	DXC4B2P
2025-01-05 22:58:00	119	DoubleDown	DXC4B2P
2025-01-05 23:06:00	120	Flat	DXC4B2P
2025-01-05 23:16:00	186	DoubleUp	DXC4B2P
2025-01-05 23:24:00	123	DoubleDown	DXC4B2P
2025-01-05 23:32:00	130	DoubleUp	DXC4B2P
2025-01-05 23:41:00	241	DoubleUp	DXC4B2P
2025-01-05 23:51:00	193	DoubleDown	DXC4B2P
2025-01-06 00:00:00	193	Flat	DXC4B2P
2025-01-06 00:08:00	236	DoubleUp	DXC4B2P
2025-01-06 00:18:00	148	DoubleDown	DXC4B2P
2025-01-06 00:25:00	84	DoubleDown	DXC4B2P
2025-01-06 00:35:00	137	DoubleUp	DXC4B2P
2025-01-06 00:44:00	89	DoubleDown	DXC4B2P
2025-01-06 00:52:00	150	DoubleUp	DXC4B2P
2025-01-06 01:01:00	99	DoubleDown	DXC4B2P
2025-01-06 01:10:00	146	DoubleUp	DXC4B2P
2025-01-06 01:18:00	177	DoubleUp	DXC4B2P
2025-01-06 01:27:00	100	DoubleDown	DXC4B2P
2025-01-06 01:35:00	132	DoubleUp	DXC4B2P
2025-01-06 01:44:00	121	DoubleDown	DXC4B2P
2025-01-06 01:54:00	209	DoubleUp	DXC4B2P
2025-01-06 02:03:00	76	DoubleDown	DXC4B2P
2025-01-06 02:11:00	185	DoubleUp	DXC4B2P
2025-01-06 02:18:00	99	DoubleDown	DXC4B2P
2025-01-06 02:28:00	193	DoubleUp	DXC4B2P
2025-01-06 02:37:00	83	DoubleDown	DXC4B2P
2025-01-06 02:45:00	166	DoubleUp	DXC4B2P
2025-01-06 02:54:00	166	Flat	DXC4B2P
2025-01-06 03:03:00	88	DoubleDown	DXC4B2P
2025-01-06 03:11:00	79	DoubleDown	DXC4B2P
2025-01-06 03:19:00	147	DoubleUp	DXC4B2P
2025-01-06 03:29:00	123	DoubleDown	DXC4B2P
2025-01-06 03:37:00	97	DoubleDown	DXC4B2P
2025-01-06 03:47:00	137	DoubleUp	DXC4B2P
2025-01-06 03:56:00	74	DoubleDown	DXC4B2P
2025-01-06 04:06:00	133	DoubleUp	DXC4B2P
2025-01-06 04:16:00	71	DoubleDown	DXC4B2P
2025-01-06 04:23:00	122	DoubleUp	DXC4B2P
2025-01-06 04:32:00	279	DoubleUp	DXC4B2P
2025-01-06 04:39:00	132	DoubleDown	DXC4B2P
2025-01-06 04:47:00	215	DoubleUp	DXC4B2P
2025-01-06 04:54:00	105	DoubleDown	DXC4B2P
2025-01-06 05:03:00	159	DoubleUp	DXC4B2P
2025-01-06 05:11:00	117	DoubleDown	DXC4B2P
2025-01-06 05:20:00	184	DoubleUp	DXC4B2P
2025-01-06 05:28:00	150	DoubleDown	DXC4B2P
2025-01-06 05:38:00	111	DoubleDown	DXC4B2P
2025-01-06 05:45:00	130	DoubleUp	DXC4B2P
2025-01-06 05:55:00	125	DoubleDown	DXC4B2P
2025-01-06 06:02:00	178	DoubleUp	DXC4B2P
2025-01-06 06:10:00	168	DoubleDown	DXC4B2P
2025-01-06 06:20:00	281	DoubleUp	DXC4B2P
2025-01-06 06:28:00	135	DoubleDown	DXC4B2P
2025-01-06 06:35:00	247	DoubleUp	DXC4B2P
2025-01-06 06:44:00	86	DoubleDown	DXC4B2P
2025-01-06 06:53:00	203	DoubleUp	DXC4B2P
2025-01-06 07:00:00	123	DoubleDown	DXC4B2P
2025-01-06 07:07:00	204	DoubleUp	DXC4B2P
2025-01-06 07:16:00	137	DoubleDown	DXC4B2P
2025-01-06 07:24:00	79	DoubleDown	DXC4B2P
2025-01-06 07:34:00	272	DoubleUp	DXC4B2P
2025-01-06 07:42:00	210	DoubleDown	DXC4B2P
2025-01-06 07:49:00	96	DoubleDown	DXC4B2P
2025-01-06 07:58:00	71	DoubleDown	DXC4B2P
2025-01-06 08:05:00	79	DoubleUp	DXC4B2P
2025-01-06 08:15:00	256	DoubleUp	DXC4B2P
2025-01-06 08:24:00	175	DoubleDown	DXC4B2P
2025-01-06 08:31:00	132	DoubleDown	DXC4B2P
2025-01-06 08:39:00	101	DoubleDown	DXC4B2P
2025-01-06 08:47:00	135	DoubleUp	DXC4B2P
2025-01-06 08:54:00	290	DoubleUp	DXC4B2P
2025-01-06 09:01:00	110	DoubleDown	DXC4B2P
2025-01-06 09:10:00	94	DoubleDown	DXC4B2P
2025-01-06 09:17:00	72	DoubleDown	DXC4B2P
2025-01-06 09:24:00	101	DoubleUp	DXC4B2P
2025-01-06 09:31:00	107	DoubleUp	DXC4B2P
2025-01-06 09:38:00	172	DoubleUp	DXC4B2P
2025-01-06 09:46:00	111	DoubleDown	DXC4B2P
2025-01-06 09:55:00	111	Flat	DXC4B2P
2025-01-06 10:05:00	153	DoubleUp	DXC4B2P
2025-01-06 10:15:00	148	DoubleDown	DXC4B2P
2025-01-06 10:25:00	265	DoubleUp	DXC4B2P
2025-01-06 10:33:00	143	DoubleDown	DXC4B2P
2025-01-06 10:41:00	133	DoubleDown	DXC4B2P
2025-01-06 10:49:00	139	DoubleUp	DXC4B2P
2025-01-06 10:59:00	73	DoubleDown	DXC4B2P
2025-01-06 11:06:00	172	DoubleUp	DXC4B2P
2025-01-06 11:16:00	206	DoubleUp	DXC4B2P
2025-01-06 11:25:00	99	DoubleDown	DXC4B2P
2025-01-06 11:32:00	203	DoubleUp	DXC4B2P
2025-01-06 11:40:00	74	DoubleDown	DXC4B2P
2025-01-06 11:48:00	102	DoubleUp	DXC4B2P
2025-01-06 11:58:00	77	DoubleDown	DXC4B2P
2025-01-06 12:05:00	43	DoubleDown	DXC4B2P
2025-01-06 12:15:00	114	DoubleUp	DXC4B2P
2025-01-06 12:23:00	97	DoubleDown	DXC4B2P
2025-01-06 12:32:00	116	DoubleUp	DXC4B2P
2025-01-06 12:40:00	110	DoubleDown	DXC4B2P
2025-01-06 12:49:00	180	DoubleUp	DXC4B2P
2025-01-06 12:59:00	160	DoubleDown	DXC4B2P
2025-01-06 13:07:00	114	DoubleDown	DXC4B2P
2025-01-06 13:16:00	176	DoubleUp	DXC4B2P
2025-01-06 13:26:00	141	DoubleDown	DXC4B2P
2025-01-06 13:33:00	244	DoubleUp	DXC4B2P
2025-01-06 13:41:00	111	DoubleDown	DXC4B2P
2025-01-06 13:49:00	73	DoubleDown	DXC4B2P
2025-01-06 13:57:00	88	DoubleUp	DXC4B2P
2025-01-06 14:05:00	297	DoubleUp	DXC4B2P
2025-01-06 14:13:00	114	DoubleDown	DXC4B2P
2025-01-06 14:20:00	263	DoubleUp	DXC4B2P
2025-01-06 14:29:00	264	Flat	DXC4B2P
2025-01-06 14:38:00	231	DoubleDown	DXC4B2P
2025-01-06 14:45:00	50	DoubleDown	DXC4B2P
2025-01-06 14:54:00	161	DoubleUp	DXC4B2P
2025-01-06 15:03:00	100	DoubleDown	DXC4B2P
2025-01-06 15:12:00	100	Flat	DXC4B2P
2025-01-06 15:22:00	106	DoubleUp	DXC4B2P
2025-01-06 15:30:00	235	DoubleUp	DXC4B2P
2025-01-06 15:37:00	168	DoubleDown	DXC4B2P
2025-01-06 15:45:00	162	DoubleDown	DXC4B2P
2025-01-06 15:55:00	162	Flat	DXC4B2P
2025-01-06 16:04:00	158	DoubleDown	DXC4B2P
2025-01-06 16:12:00	112	DoubleDown	DXC4B2P
2025-01-06 16:20:00	87	DoubleDown	DXC4B2P
2025-01-06 16:27:00	153	DoubleUp	DXC4B2P
2025-01-06 16:36:00	154	Flat	DXC4B2P
2025-01-06 16:45:00	90	DoubleDown	DXC4B2P
2025-01-06 16:52:00	137	DoubleUp	DXC4B2P
2025-01-06 17:02:00	89	DoubleDown	DXC4B2P
2025-01-06 17:11:00	193	DoubleUp	DXC4B2P
2025-01-06 17:21:00	65	DoubleDown	DXC4B2P
2025-01-06 17:29:00	252	DoubleUp	DXC4B2P
2025-01-06 17:36:00	82	DoubleDown	DXC4B2P
2025-01-06 17:44:00	134	DoubleUp	DXC4B2P
2025-01-06 17:52:00	187	DoubleUp	DXC4B2P
2025-01-06 18:00:00	178	DoubleDown	DXC4B2P
2025-01-06 18:10:00	166	DoubleDown	DXC4B2P
2025-01-06 18:19:00	77	DoubleDown	DXC4B2P
2025-01-06 18:29:00	139	DoubleUp	DXC4B2P
2025-01-06 18:37:00	114	DoubleDown	DXC4B2P
2025-01-06 18:44:00	125	DoubleUp	DXC4B2P
2025-01-06 18:51:00	68	DoubleDown	DXC4B2P
2025-01-06 18:59:00	217	DoubleUp	DXC4B2P
2025-01-06 19:07:00	244	DoubleUp	DXC4B2P
2025-01-06 19:14:00	211	DoubleDown	DXC4B2P
2025-01-06 19:22:00	260	DoubleUp	DXC4B2P
2025-01-06 19:29:00	122	DoubleDown	DXC4B2P
2025-01-06 19:38:00	178	DoubleUp	DXC4B2P
2025-01-06 19:46:00	150	DoubleDown	DXC4B2P
2025-01-06 19:53:00	155	DoubleUp	DXC4B2P
2025-01-06 20:02:00	84	DoubleDown	DXC4B2P
2025-01-06 20:10:00	231	DoubleUp	DXC4B2P
2025-01-06 20:19:00	164	DoubleDown	DXC4B2P
2025-01-06 20:29:00	114	DoubleDown	DXC4B2P
2025-01-06 20:36:00	88	DoubleDown	DXC4B2P
2025-01-06 20:46:00	139	DoubleUp	DXC4B2P
2025-01-06 20:56:00	162	DoubleUp	DXC4B2P
2025-01-06 21:05:00	225	DoubleUp	DXC4B2P
2025-01-06 21:15:00	80	DoubleDown	DXC4B2P
2025-01-06 21:23:00	142	DoubleUp	DXC4B2P
2025-01-06 21:31:00	123	DoubleDown	DXC4B2P
2025-01-06 21:40:00	154	DoubleUp	DXC4B2P
2025-01-06 21:48:00	242	DoubleUp	DXC4B2P
2025-01-06 21:57:00	103	DoubleDown	DXC4B2P
2025-01-06 22:05:00	229	DoubleUp	DXC4B2P
2025-01-06 22:15:00	138	DoubleDown	DXC4B2P
2025-01-06 22:24:00	94	DoubleDown	DXC4B2P
2025-01-06 22:32:00	81	DoubleDown	DXC4B2P
2025-01-06 22:41:00	219	DoubleUp	DXC4B2P
2025-01-06 22:50:00	205	DoubleDown	DXC4B2P
2025-01-06 22:57:00	272	DoubleUp	DXC4B2P
2025-01-06 23:05:00	173	DoubleDown	DXC4B2P
2025-01-06 23:14:00	183	DoubleUp	DXC4B2P
2025-01-06 23:22:00	139	DoubleDown	DXC4B2P
2025-01-06 23:30:00	57	DoubleDown	DXC4B2P
2025-01-06 23:40:00	114	DoubleUp	DXC4B2P
2025-01-06 23:47:00	135	DoubleUp	DXC4B2P
2025-01-06 23:55:00	85	DoubleDown	DXC4B2P
2025-01-07 00:03:00	229	DoubleUp	DXC4B2P
2025-01-07 00:12:00	255	DoubleUp	DXC4B2P
2025-01-07 00:19:00	172	DoubleDown	DXC4B2P
2025-01-07 00:28:00	83	DoubleDown	DXC4B2P
2025-01-07 00:36:00	89	DoubleUp	DXC4B2P
2025-01-07 00:43:00	233	DoubleUp	DXC4B2P
2025-01-07 00:51:00	151	DoubleDown	DXC4B2P
2025-01-07 00:58:00	178	DoubleUp	DXC4B2P
2025-01-07 01:08:00	100	DoubleDown	DXC4B2P
2025-01-07 01:16:00	174	DoubleUp	DXC4B2P
2025-01-07 01:25:00	161	DoubleDown	DXC4B2P
2025-01-07 01:33:00	113	DoubleDown	DXC4B2P
2025-01-07 01:43:00	82	DoubleDown	DXC4B2P
2025-01-07 01:52:00	104	DoubleUp	DXC4B2P
2025-01-07 02:00:00	120	DoubleUp	DXC4B2P
2025-01-07 02:07:00	94	DoubleDown	DXC4B2P
2025-01-07 02:14:00	166	DoubleUp	DXC4B2P
2025-01-07 02:23:00	153	DoubleDown	DXC4B2P
2025-01-07 02:30:00	287	DoubleUp	DXC4B2P
2025-01-07 02:37:00	130	DoubleDown	DXC4B2P
2025-01-07 02:46:00	171	DoubleUp	DXC4B2P
2025-01-07 02:53:00	83	DoubleDown	DXC4B2P
2025-01-07 03:03:00	126	DoubleUp	DXC4B2P
2025-01-07 03:13:00	238	DoubleUp	DXC4B2P
2025-01-07 03:23:00	225	DoubleDown	DXC4B2P
2025-01-07 03:32:00	149	DoubleDown	DXC4B2P
2025-01-07 03:41:00	134	DoubleDown	DXC4B2P
2025-01-07 03:48:00	283	DoubleUp	DXC4B2P
2025-01-07 03:58:00	115	DoubleDown	DXC4B2P
2025-01-07 04:05:00	89	DoubleDown	DXC4B2P
2025-01-07 04:12:00	120	DoubleUp	DXC4B2P
2025-01-07 04:19:00	78	DoubleDown	DXC4B2P
2025-01-07 04:27:00	135	DoubleUp	DXC4B2P
2025-01-07 04:36:00	267	DoubleUp	DXC4B2P
2025-01-07 04:46:00	169	DoubleDown	DXC4B2P
2025-01-07 04:56:00	226	DoubleUp	DXC4B2P
2025-01-07 05:04:00	94	DoubleDown	DXC4B2P
2025-01-07 05:11:00	103	DoubleUp	DXC4B2P
2025-01-07 05:19:00	113	DoubleUp	DXC4B2P
2025-01-07 05:27:00	83	DoubleDown	DXC4B2P
2025-01-07 05:34:00	70	DoubleDown	DXC4B2P
2025-01-07 05:43:00	195	DoubleUp	DXC4B2P
2025-01-07 05:52:00	130	DoubleDown	DXC4B2P
2025-01-07 06:00:00	72	DoubleDown	DXC4B2P
2025-01-07 06:08:00	109	DoubleUp	DXC4B2P
2025-01-07 06:16:00	143	DoubleUp	DXC4B2P
2025-01-07 06:25:00	138	DoubleDown	DXC4B2P
2025-01-07 06:34:00	58	DoubleDown	DXC4B2P
2025-01-07 06:44:00	201	DoubleUp	DXC4B2P
2025-01-07 06:54:00	68	DoubleDown	DXC4B2P
2025-01-07 07:04:00	123	DoubleUp	DXC4B2P
2025-01-07 07:14:00	185	DoubleUp	DXC4B2P
2025-01-07 07:24:00	203	DoubleUp	DXC4B2P
2025-01-07 07:34:00	292	DoubleUp	DXC4B2P
2025-01-07 07:44:00	221	DoubleDown	DXC4B2P
2025-01-07 07:52:00	111	DoubleDown	DXC4B2P
2025-01-07 08:00:00	134	DoubleUp	DXC4B2P
2025-01-07 08:07:00	108	DoubleDown	DXC4B2P
2025-01-07 08:15:00	204	DoubleUp	DXC4B2P
2025-01-07 08:25:00	286	DoubleUp	DXC4B2P
2025-01-07 08:32:00	190	DoubleDown	DXC4B2P
2025-01-07 08:42:00	177	DoubleDown	DXC4B2P
2025-01-07 08:50:00	119	DoubleDown	DXC4B2P
2025-01-07 08:57:00	125	DoubleUp	DXC4B2P
2025-01-07 09:07:00	141	DoubleUp	DXC4B2P
2025-01-07 09:15:00	119	DoubleDown	DXC4B2P
2025-01-07 09:24:00	169	DoubleUp	DXC4B2P
2025-01-07 09:32:00	155	DoubleDown	DXC4B2P
2025-01-07 09:40:00	268	DoubleUp	DXC4B2P
2025-01-07 09:48:00	161	DoubleDown	DXC4B2P
2025-01-07 09:56:00	268	DoubleUp	DXC4B2P
2025-01-07 10:06:00	138	DoubleDown	DXC4B2P
2025-01-07 10:13:00	111	DoubleDown	DXC4B2P
2025-01-07 10:22:00	147	DoubleUp	DXC4B2P
2025-01-07 10:32:00	189	DoubleUp	DXC4B2P
2025-01-07 10:39:00	202	DoubleUp	DXC4B2P
2025-01-07 10:46:00	94	DoubleDown	DXC4B2P
2025-01-07 10:53:00	170	DoubleUp	DXC4B2P
2025-01-07 11:01:00	119	DoubleDown	DXC4B2P
2025-01-07 11:11:00	81	DoubleDown	DXC4B2P
2025-01-07 11:18:00	149	DoubleUp	DXC4B2P
2025-01-07 11:25:00	97	DoubleDown	DXC4B2P
2025-01-07 11:32:00	88	DoubleDown	DXC4B2P
2025-01-07 11:40:00	146	DoubleUp	DXC4B2P
2025-01-07 11:49:00	270	DoubleUp	DXC4B2P
2025-01-07 11:57:00	130	DoubleDown	DXC4B2P
2025-01-07 12:07:00	212	DoubleUp	DXC4B2P
2025-01-07 12:17:00	100	DoubleDown	DXC4B2P
2025-01-07 12:25:00	97	SingleDown	DXC4B2P
2025-01-07 12:34:00	101	DoubleUp	DXC4B2P
2025-01-07 12:42:00	125	DoubleUp	DXC4B2P
2025-01-07 12:50:00	228	DoubleUp	DXC4B2P
2025-01-07 12:57:00	170	DoubleDown	DXC4B2P
2025-01-07 13:07:00	165	DoubleDown	DXC4B2P
2025-01-07 13:17:00	221	DoubleUp	DXC4B2P
2025-01-07 13:25:00	129	DoubleDown	DXC4B2P
2025-01-07 13:34:00	90	DoubleDown	DXC4B2P
2025-01-07 13:43:00	92	SingleUp	DXC4B2P
2025-01-07 13:53:00	194	DoubleUp	DXC4B2P
2025-01-07 14:02:00	171	DoubleDown	DXC4B2P
2025-01-07 14:10:00	240	DoubleUp	DXC4B2P
2025-01-07 14:18:00	208	DoubleDown	DXC4B2P
2025-01-07 14:27:00	101	DoubleDown	DXC4B2P
2025-01-07 14:35:00	96	DoubleDown	DXC4B2P
2025-01-07 14:42:00	145	DoubleUp	DXC4B2P
2025-01-07 14:50:00	205	DoubleUp	DXC4B2P
2025-01-07 14:59:00	124	DoubleDown	DXC4B2P
2025-01-07 15:06:00	155	DoubleUp	DXC4B2P
2025-01-07 15:14:00	253	DoubleUp	DXC4B2P
2025-01-07 15:22:00	131	DoubleDown	DXC4B2P
2025-01-07 15:30:00	77	DoubleDown	DXC4B2P
2025-01-07 15:37:00	84	DoubleUp	DXC4B2P
2025-01-07 15:45:00	100	DoubleUp	DXC4B2P
2025-01-07 15:54:00	115	DoubleUp	DXC4B2P
2025-01-07 16:02:00	147	DoubleUp	DXC4B2P
2025-01-07 16:09:00	123	DoubleDown	DXC4B2P
2025-01-07 16:18:00	177	DoubleUp	DXC4B2P
2025-01-07 16:26:00	153	DoubleDown	DXC4B2P
2025-01-07 16:33:00	121	DoubleDown	DXC4B2P
2025-01-07 16:40:00	78	DoubleDown	DXC4B2P
2025-01-07 16:48:00	177	DoubleUp	DXC4B2P
2025-01-07 16:55:00	54	DoubleDown	DXC4B2P
2025-01-07 17:05:00	189	DoubleUp	DXC4B2P
2025-01-07 17:14:00	74	DoubleDown	DXC4B2P
2025-01-07 17:24:00	138	DoubleUp	DXC4B2P
2025-01-07 17:31:00	135	SingleDown	DXC4B2P
2025-01-07 17:40:00	76	DoubleDown	DXC4B2P
2025-01-07 17:50:00	143	DoubleUp	DXC4B2P
2025-01-07 18:00:00	79	DoubleDown	DXC4B2P
2025-01-07 18:10:00	149	DoubleUp	DXC4B2P
2025-01-07 18:20:00	192	DoubleUp	DXC4B2P
2025-01-07 18:27:00	235	DoubleUp	DXC4B2P
2025-01-07 18:36:00	88	DoubleDown	DXC4B2P
2025-01-07 18:44:00	133	DoubleUp	DXC4B2P
2025-01-07 18:52:00	237	DoubleUp	DXC4B2P
2025-01-07 18:59:00	169	DoubleDown	DXC4B2P
2025-01-07 19:07:00	225	DoubleUp	DXC4B2P
2025-01-07 19:14:00	123	DoubleDown	DXC4B2P
2025-01-07 19:23:00	227	DoubleUp	DXC4B2P
2025-01-07 19:30:00	233	DoubleUp	DXC4B2P
2025-01-07 19:37:00	241	DoubleUp	DXC4B2P
2025-01-07 19:47:00	92	DoubleDown	DXC4B2P
2025-01-07 19:57:00	161	DoubleUp	DXC4B2P
2025-01-07 20:07:00	42	DoubleDown	DXC4B2P
2025-01-07 20:14:00	172	DoubleUp	DXC4B2P
2025-01-07 20:23:00	153	DoubleDown	DXC4B2P
2025-01-07 20:33:00	151	SingleDown	DXC4B2P
2025-01-07 20:42:00	179	DoubleUp	DXC4B2P
2025-01-07 20:50:00	152	DoubleDown	DXC4B2P
2025-01-07 20:59:00	167	DoubleUp	DXC4B2P
2025-01-07 21:08:00	204	DoubleUp	DXC4B2P
2025-01-07 21:16:00	295	DoubleUp	DXC4B2P
2025-01-07 21:26:00	279	DoubleDown	DXC4B2P
2025-01-07 21:36:00	248	DoubleDown	DXC4B2P
2025-01-07 21:46:00	86	DoubleDown	DXC4B2P
2025-01-07 21:54:00	155	DoubleUp	DXC4B2P
2025-01-07 22:03:00	147	DoubleDown	DXC4B2P
2025-01-07 22:10:00	153	DoubleUp	DXC4B2P
2025-01-07 22:20:00	156	SingleUp	DXC4B2P
2025-01-07 22:30:00	145	DoubleDown	DXC4B2P
2025-01-07 22:38:00	128	DoubleDown	DXC4B2P
2025-01-07 22:46:00	118	DoubleDown	DXC4B2P
2025-01-07 22:56:00	78	DoubleDown	DXC4B2P
2025-01-07 23:05:00	51	DoubleDown	DXC4B2P
2025-01-07 23:15:00	137	DoubleUp	DXC4B2P
2025-01-07 23:22:00	127	DoubleDown	DXC4B2P
2025-01-07 23:30:00	52	DoubleDown	DXC4B2P
2025-01-07 23:37:00	142	DoubleUp	DXC4B2P
2025-01-07 23:47:00	113	DoubleDown	DXC4B2P
2025-01-07 23:57:00	142	DoubleUp	DXC4B2P
2025-01-08 00:07:00	147	DoubleUp	DXC4B2P
2025-01-08 00:14:00	143	DoubleDown	DXC4B2P
2025-01-08 00:22:00	238	DoubleUp	DXC4B2P
2025-01-08 00:30:00	240	SingleUp	DXC4B2P
2025-01-08 00:40:00	127	DoubleDown	DXC4B2P
2025-01-08 00:48:00	40	DoubleDown	DXC4B2P
2025-01-08 00:55:00	48	DoubleUp	DXC4B2P
2025-01-08 01:05:00	171	DoubleUp	DXC4B2P
2025-01-08 01:13:00	163	DoubleDown	DXC4B2P
2025-01-08 01:21:00	128	DoubleDown	DXC4B2P
2025-01-08 01:31:00	171	DoubleUp	DXC4B2P
2025-01-08 01:40:00	223	DoubleUp	DXC4B2P
2025-01-08 01:48:00	107	DoubleDown	DXC4B2P
2025-01-08 01:57:00	86	DoubleDown	DXC4B2P
2025-01-08 02:07:00	85	Flat	DXC4B2P
2025-01-08 02:17:00	147	DoubleUp	DXC4B2P
2025-01-08 02:26:00	157	DoubleUp	DXC4B2P
2025-01-08 02:35:00	179	DoubleUp	DXC4B2P
2025-01-08 02:45:00	259	DoubleUp	DXC4B2P
2025-01-08 02:52:00	149	DoubleDown	DXC4B2P
2025-01-08 02:59:00	95	DoubleDown	DXC4B2P
2025-01-08 03:06:00	117	DoubleUp	DXC4B2P
2025-01-08 03:13:00	200	DoubleUp	DXC4B2P
2025-01-08 03:22:00	104	DoubleDown	DXC4B2P
2025-01-08 03:32:00	131	DoubleUp	DXC4B2P
2025-01-08 03:41:00	129	SingleDown	DXC4B2P
2025-01-08 03:51:00	145	DoubleUp	DXC4B2P
2025-01-08 03:58:00	106	DoubleDown	DXC4B2P
2025-01-08 04:06:00	99	DoubleDown	DXC4B2P
2025-01-08 04:14:00	124	DoubleUp	DXC4B2P
2025-01-08 04:22:00	116	DoubleDown	DXC4B2P
2025-01-08 04:30:00	173	DoubleUp	DXC4B2P
2025-01-08 04:37:00	151	DoubleDown	DXC4B2P
2025-01-08 04:44:00	135	DoubleDown	DXC4B2P
2025-01-08 04:52:00	84	DoubleDown	DXC4B2P
2025-01-08 05:00:00	152	DoubleUp	DXC4B2P
2025-01-08 05:08:00	229	DoubleUp	DXC4B2P
2025-01-08 05:16:00	88	DoubleDown	DXC4B2P
2025-01-08 05:24:00	253	DoubleUp	DXC4B2P
2025-01-08 05:31:00	217	DoubleDown	DXC4B2P
2025-01-08 05:38:00	147	DoubleDown	DXC4B2P
2025-01-08 05:47:00	144	SingleDown	DXC4B2P
2025-01-08 05:57:00	120	DoubleDown	DXC4B2P
2025-01-08 06:07:00	138	DoubleUp	DXC4B2P
2025-01-08 06:14:00	112	DoubleDown	DXC4B2P
2025-01-08 06:21:00	154	DoubleUp	DXC4B2P
2025-01-08 06:29:00	235	DoubleUp	DXC4B2P
2025-01-08 06:39:00	88	DoubleDown	DXC4B2P
2025-01-08 06:49:00	117	DoubleUp	DXC4B2P
2025-01-08 06:58:00	83	DoubleDown	DXC4B2P
2025-01-08 07:06:00	94	DoubleUp	DXC4B2P
2025-01-08 07:16:00	86	DoubleDown	DXC4B2P
2025-01-08 07:26:00	114	DoubleUp	DXC4B2P
2025-01-08 07:36:00	135	DoubleUp	DXC4B2P
2025-01-08 07:46:00	77	DoubleDown	DXC4B2P
2025-01-08 07:56:00	61	DoubleDown	DXC4B2P
2025-01-08 08:06:00	70	DoubleUp	DXC4B2P
2025-01-08 08:13:00	205	DoubleUp	DXC4B2P
2025-01-08 08:20:00	178	DoubleDown	DXC4B2P
2025-01-08 08:30:00	153	DoubleDown	DXC4B2P
2025-01-08 08:39:00	70	DoubleDown	DXC4B2P
2025-01-08 08:49:00	152	DoubleUp	DXC4B2P
2025-01-08 08:57:00	72	DoubleDown	DXC4B2P
2025-01-08 09:04:00	166	DoubleUp	DXC4B2P
2025-01-08 09:13:00	150	DoubleDown	DXC4B2P
2025-01-08 09:20:00	136	DoubleDown	DXC4B2P
2025-01-08 09:28:00	160	DoubleUp	DXC4B2P
2025-01-08 09:38:00	88	DoubleDown	DXC4B2P
2025-01-08 09:45:00	139	DoubleUp	DXC4B2P
2025-01-08 09:52:00	178	DoubleUp	DXC4B2P
2025-01-08 10:02:00	157	DoubleDown	DXC4B2P
2025-01-08 10:11:00	118	DoubleDown	DXC4B2P
2025-01-08 10:20:00	275	DoubleUp	DXC4B2P
2025-01-08 10:27:00	250	DoubleDown	DXC4B2P
2025-01-08 10:35:00	234	DoubleDown	DXC4B2P
2025-01-08 10:45:00	285	DoubleUp	DXC4B2P
2025-01-08 10:55:00	97	DoubleDown	DXC4B2P
2025-01-08 11:03:00	172	DoubleUp	DXC4B2P
2025-01-08 11:11:00	200	DoubleUp	DXC4B2P
2025-01-08 11:20:00	173	DoubleDown	DXC4B2P
2025-01-08 11:29:00	94	DoubleDown	DXC4B2P
2025-01-08 11:37:00	88	DoubleDown	DXC4B2P
2025-01-08 11:45:00	76	DoubleDown	DXC4B2P
2025-01-08 11:53:00	134	DoubleUp	DXC4B2P
2025-01-08 12:03:00	80	DoubleDown	DXC4B2P
2025-01-08 12:11:00	141	DoubleUp	DXC4B2P
2025-01-08 12:20:00	160	DoubleUp	DXC4B2P
2025-01-08 12:27:00	110	DoubleDown	DXC4B2P
2025-01-08 12:35:00	99	DoubleDown	DXC4B2P
2025-01-08 12:42:00	144	DoubleUp	DXC4B2P
2025-01-08 12:52:00	276	DoubleUp	DXC4B2P
2025-01-08 13:01:00	121	DoubleDown	DXC4B2P
2025-01-08 13:11:00	84	DoubleDown	DXC4B2P
2025-01-08 13:18:00	228	DoubleUp	DXC4B2P
2025-01-08 13:26:00	48	DoubleDown	DXC4B2P
2025-01-08 13:34:00	114	DoubleUp	DXC4B2P
2025-01-08 13:41:00	83	DoubleDown	DXC4B2P
2025-01-08 13:51:00	248	DoubleUp	DXC4B2P
2025-01-08 13:58:00	63	DoubleDown	DXC4B2P
2025-01-08 14:08:00	173	DoubleUp	DXC4B2P
2025-01-08 14:18:00	106	DoubleDown	DXC4B2P
2025-01-08 14:28:00	86	DoubleDown	DXC4B2P
2025-01-08 14:35:00	121	DoubleUp	DXC4B2P
2025-01-08 14:43:00	80	DoubleDown	DXC4B2P
2025-01-08 14:52:00	97	DoubleUp	DXC4B2P
2025-01-08 15:01:00	171	DoubleUp	DXC4B2P
2025-01-08 15:10:00	93	DoubleDown	DXC4B2P
2025-01-08 15:19:00	77	DoubleDown	DXC4B2P
2025-01-08 15:29:00	110	DoubleUp	DXC4B2P
2025-01-08 15:38:00	121	DoubleUp	DXC4B2P
2025-01-08 15:46:00	229	DoubleUp	DXC4B2P
2025-01-08 15:55:00	225	DoubleDown	DXC4B2P
2025-01-08 16:03:00	106	DoubleDown	DXC4B2P
2025-01-08 16:12:00	73	DoubleDown	DXC4B2P
2025-01-08 16:19:00	168	DoubleUp	DXC4B2P
2025-01-08 16:26:00	106	DoubleDown	DXC4B2P
2025-01-08 16:35:00	220	DoubleUp	DXC4B2P
2025-01-08 16:45:00	135	DoubleDown	DXC4B2P
2025-01-08 16:52:00	122	DoubleDown	DXC4B2P
2025-01-08 17:02:00	164	DoubleUp	DXC4B2P
2025-01-08 17:09:00	82	DoubleDown	DXC4B2P
2025-01-08 17:16:00	144	DoubleUp	DXC4B2P
2025-01-08 17:24:00	118	DoubleDown	DXC4B2P
2025-01-08 17:32:00	97	DoubleDown	DXC4B2P
2025-01-08 17:41:00	174	DoubleUp	DXC4B2P
2025-01-08 17:48:00	78	DoubleDown	DXC4B2P
2025-01-08 17:57:00	205	DoubleUp	DXC4B2P
2025-01-08 18:04:00	268	DoubleUp	DXC4B2P
2025-01-08 18:14:00	70	DoubleDown	DXC4B2P
2025-01-08 18:22:00	80	DoubleUp	DXC4B2P
2025-01-08 18:30:00	209	DoubleUp	DXC4B2P
2025-01-08 18:38:00	233	DoubleUp	DXC4B2P
2025-01-08 18:46:00	78	DoubleDown	DXC4B2P
2025-01-08 18:53:00	148	DoubleUp	DXC4B2P
2025-01-08 19:03:00	104	DoubleDown	DXC4B2P
2025-01-08 19:11:00	235	DoubleUp	DXC4B2P
2025-01-08 19:19:00	75	DoubleDown	DXC4B2P
2025-01-08 19:29:00	119	DoubleUp	DXC4B2P
2025-01-08 19:38:00	146	DoubleUp	DXC4B2P
2025-01-08 19:46:00	156	DoubleUp	DXC4B2P
2025-01-08 19:53:00	232	DoubleUp	DXC4B2P
2025-01-08 20:03:00	269	DoubleUp	DXC4B2P
2025-01-08 20:12:00	104	DoubleDown	DXC4B2P
2025-01-08 20:19:00	223	DoubleUp	DXC4B2P
2025-01-08 20:28:00	87	DoubleDown	DXC4B2P
2025-01-08 20:38:00	169	DoubleUp	DXC4B2P
2025-01-08 20:46:00	286	DoubleUp	DXC4B2P
2025-01-08 20:55:00	130	DoubleDown	DXC4B2P
2025-01-08 21:05:00	187	DoubleUp	DXC4B2P
2025-01-08 21:14:00	170	DoubleDown	DXC4B2P
2025-01-08 21:22:00	91	DoubleDown	DXC4B2P
2025-01-08 21:30:00	162	DoubleUp	DXC4B2P
2025-01-08 21:40:00	162	Flat	DXC4B2P
2025-01-08 21:47:00	75	DoubleDown	DXC4B2P
2025-01-08 21:54:00	128	DoubleUp	DXC4B2P
2025-01-08 22:01:00	129	Flat	DXC4B2P
2025-01-08 22:08:00	97	DoubleDown	DXC4B2P
2025-01-08 22:16:00	144	DoubleUp	DXC4B2P
2025-01-08 22:24:00	87	DoubleDown	DXC4B2P
2025-01-08 22:32:00	118	DoubleUp	DXC4B2P
2025-01-08 22:41:00	246	DoubleUp	DXC4B2P
2025-01-08 22:51:00	221	DoubleDown	DXC4B2P
2025-01-08 23:00:00	125	DoubleDown	DXC4B2P
2025-01-08 23:08:00	103	DoubleDown	DXC4B2P
2025-01-08 23:15:00	262	DoubleUp	DXC4B2P
2025-01-08 23:24:00	186	DoubleDown	DXC4B2P
2025-01-08 23:31:00	140	DoubleDown	DXC4B2P
2025-01-08 23:39:00	249	DoubleUp	DXC4B2P
2025-01-08 23:46:00	88	DoubleDown	DXC4B2P
2025-01-08 23:53:00	112	DoubleUp	DXC4B2P
2025-01-09 00:00:00	89	DoubleDown	DXC4B2P
2025-01-09 00:07:00	281	DoubleUp	DXC4B2P
2025-01-09 00:16:00	88	DoubleDown	DXC4B2P
2025-01-09 00:24:00	167	DoubleUp	DXC4B2P
2025-01-09 00:34:00	112	DoubleDown	DXC4B2P
2025-01-09 00:42:00	87	DoubleDown	DXC4B2P
2025-01-09 00:52:00	259	DoubleUp	DXC4B2P
2025-01-09 01:01:00	95	DoubleDown	DXC4B2P
2025-01-09 01:09:00	82	DoubleDown	DXC4B2P
2025-01-09 01:16:00	56	DoubleDown	DXC4B2P
2025-01-09 01:24:00	75	DoubleUp	DXC4B2P
2025-01-09 01:32:00	241	DoubleUp	DXC4B2P
2025-01-09 01:41:00	127	DoubleDown	DXC4B2P
2025-01-09 01:51:00	154	DoubleUp	DXC4B2P
2025-01-09 01:58:00	129	DoubleDown	DXC4B2P
2025-01-09 02:07:00	191	DoubleUp	DXC4B2P
2025-01-09 02:16:00	171	DoubleDown	DXC4B2P
2025-01-09 02:24:00	180	DoubleUp	DXC4B2P
2025-01-09 02:33:00	203	DoubleUp	DXC4B2P
2025-01-09 02:42:00	139	DoubleDown	DXC4B2P
2025-01-09 02:49:00	120	DoubleDown	DXC4B2P
2025-01-09 02:56:00	79	DoubleDown	DXC4B2P
2025-01-09 03:04:00	78	Flat	DXC4B2P
2025-01-09 03:11:00	146	DoubleUp	DXC4B2P
2025-01-09 03:21:00	119	DoubleDown	DXC4B2P
2025-01-09 03:31:00	206	DoubleUp	DXC4B2P
2025-01-09 03:38:00	139	DoubleDown	DXC4B2P
2025-01-09 03:45:00	211	DoubleUp	DXC4B2P
2025-01-09 03:54:00	70	DoubleDown	DXC4B2P
2025-01-09 04:02:00	149	DoubleUp	DXC4B2P
2025-01-09 04:12:00	85	DoubleDown	DXC4B2P
2025-01-09 04:22:00	70	DoubleDown	DXC4B2P
2025-01-09 04:31:00	136	DoubleUp	DXC4B2P
2025-01-09 04:38:00	100	DoubleDown	DXC4B2P
2025-01-09 04:48:00	126	DoubleUp	DXC4B2P
2025-01-09 04:55:00	98	DoubleDown	DXC4B2P
2025-01-09 05:05:00	158	DoubleUp	DXC4B2P
2025-01-09 05:14:00	168	DoubleUp	DXC4B2P
2025-01-09 05:22:00	145	DoubleDown	DXC4B2P
2025-01-09 05:32:00	162	DoubleUp	DXC4B2P
2025-01-09 05:41:00	174	DoubleUp	DXC4B2P
2025-01-09 05:50:00	132	DoubleDown	DXC4B2P
2025-01-09 05:57:00	116	DoubleDown	DXC4B2P
2025-01-09 06:05:00	122	DoubleUp	DXC4B2P
2025-01-09 06:15:00	88	DoubleDown	DXC4B2P
2025-01-09 06:23:00	98	DoubleUp	DXC4B2P
2025-01-09 06:32:00	229	DoubleUp	DXC4B2P
2025-01-09 06:40:00	173	DoubleDown	DXC4B2P
2025-01-09 06:47:00	175	SingleUp	DXC4B2P
2025-01-09 06:57:00	241	DoubleUp	DXC4B2P
2025-01-09 07:05:00	82	DoubleDown	DXC4B2P
2025-01-09 07:14:00	104	DoubleUp	DXC4B2P
2025-01-09 07:24:00	97	DoubleDown	DXC4B2P
2025-01-09 07:34:00	185	DoubleUp	DXC4B2P
2025-01-09 07:44:00	116	DoubleDown	DXC4B2P
2025-01-09 07:51:00	165	DoubleUp	DXC4B2P
2025-01-09 07:58:00	133	DoubleDown	DXC4B2P
2025-01-09 08:08:00	189	DoubleUp	DXC4B2P
2025-01-09 08:18:00	109	DoubleDown	DXC4B2P
2025-01-09 08:26:00	138	DoubleUp	DXC4B2P
2025-01-09 08:36:00	51	DoubleDown	DXC4B2P
2025-01-09 08:46:00	81	DoubleUp	DXC4B2P
2025-01-09 08:53:00	102	DoubleUp	DXC4B2P
2025-01-09 09:02:00	98	DoubleDown	DXC4B2P
2025-01-09 09:11:00	74	DoubleDown	DXC4B2P
2025-01-09 09:20:00	70	DoubleDown	DXC4B2P
2025-01-09 09:30:00	70	Flat	DXC4B2P
2025-01-09 09:38:00	101	DoubleUp	DXC4B2P
2025-01-09 09:45:00	123	DoubleUp	DXC4B2P
2025-01-09 09:52:00	87	DoubleDown	DXC4B2P
2025-01-09 10:02:00	119	DoubleUp	DXC4B2P
2025-01-09 10:10:00	90	DoubleDown	DXC4B2P
2025-01-09 10:20:00	219	DoubleUp	DXC4B2P
2025-01-09 10:28:00	101	DoubleDown	DXC4B2P
2025-01-09 10:38:00	180	DoubleUp	DXC4B2P
2025-01-09 10:48:00	90	DoubleDown	DXC4B2P
2025-01-09 10:58:00	272	DoubleUp	DXC4B2P
2025-01-09 11:06:00	122	DoubleDown	DXC4B2P
2025-01-09 11:13:00	70	DoubleDown	DXC4B2P
2025-01-09 11:23:00	139	DoubleUp	DXC4B2P
2025-01-09 11:32:00	282	DoubleUp	DXC4B2P
2025-01-09 11:41:00	137	DoubleDown	DXC4B2P
2025-01-09 11:49:00	197	DoubleUp	DXC4B2P
2025-01-09 11:58:00	100	DoubleDown	DXC4B2P
2025-01-09 12:06:00	174	DoubleUp	DXC4B2P
2025-01-09 12:15:00	108	DoubleDown	DXC4B2P
2025-01-09 12:22:00	161	DoubleUp	DXC4B2P
2025-01-09 12:32:00	78	DoubleDown	DXC4B2P
2025-01-09 12:40:00	157	DoubleUp	DXC4B2P
2025-01-09 12:47:00	265	DoubleUp	DXC4B2P
2025-01-09 12:57:00	229	DoubleDown	DXC4B2P
2025-01-09 13:04:00	161	DoubleDown	DXC4B2P
2025-01-09 13:13:00	159	SingleDown	DXC4B2P
2025-01-09 13:21:00	75	DoubleDown	DXC4B2P
2025-01-09 13:30:00	92	DoubleUp	DXC4B2P
2025-01-09 13:37:00	246	DoubleUp	DXC4B2P
2025-01-09 13:45:00	93	DoubleDown	DXC4B2P
2025-01-09 13:52:00	116	DoubleUp	DXC4B2P
2025-01-09 14:01:00	144	DoubleUp	DXC4B2P
2025-01-09 14:08:00	106	DoubleDown	DXC4B2P
2025-01-09 14:16:00	86	DoubleDown	DXC4B2P
2025-01-09 14:25:00	94	DoubleUp	DXC4B2P
2025-01-09 14:33:00	106	DoubleUp	DXC4B2P
2025-01-09 14:41:00	286	DoubleUp	DXC4B2P
2025-01-09 14:48:00	66	DoubleDown	DXC4B2P
2025-01-09 14:55:00	93	DoubleUp	DXC4B2P
2025-01-09 15:02:00	165	DoubleUp	DXC4B2P
2025-01-09 15:12:00	118	DoubleDown	DXC4B2P
2025-01-09 15:19:00	112	DoubleDown	DXC4B2P
2025-01-09 15:26:00	140	DoubleUp	DXC4B2P
2025-01-09 15:36:00	164	DoubleUp	DXC4B2P
2025-01-09 15:43:00	255	DoubleUp	DXC4B2P
2025-01-09 15:51:00	84	DoubleDown	DXC4B2P
2025-01-09 16:01:00	152	DoubleUp	DXC4B2P
2025-01-09 16:10:00	174	DoubleUp	DXC4B2P
2025-01-09 16:18:00	249	DoubleUp	DXC4B2P
2025-01-09 16:25:00	99	DoubleDown	DXC4B2P
2025-01-09 16:33:00	104	DoubleUp	DXC4B2P
2025-01-09 16:43:00	105	Flat	DXC4B2P
2025-01-09 16:52:00	214	DoubleUp	DXC4B2P
2025-01-09 16:59:00	210	DoubleDown	DXC4B2P
2025-01-09 17:09:00	91	DoubleDown	DXC4B2P
2025-01-09 17:18:00	147	DoubleUp	DXC4B2P
2025-01-09 17:28:00	83	DoubleDown	DXC4B2P
2025-01-09 17:38:00	206	DoubleUp	DXC4B2P
2025-01-09 17:48:00	129	DoubleDown	DXC4B2P
2025-01-09 17:58:00	105	DoubleDown	DXC4B2P
2025-01-09 18:06:00	110	DoubleUp	DXC4B2P
2025-01-09 18:15:00	106	DoubleDown	DXC4B2P
2025-01-09 18:22:00	234	DoubleUp	DXC4B2P
2025-01-09 18:29:00	79	DoubleDown	DXC4B2P
2025-01-09 18:37:00	162	DoubleUp	DXC4B2P
2025-01-09 18:45:00	87	DoubleDown	DXC4B2P
2025-01-09 18:52:00	213	DoubleUp	DXC4B2P
2025-01-09 19:02:00	62	DoubleDown	DXC4B2P
2025-01-09 19:11:00	174	DoubleUp	DXC4B2P
2025-01-09 19:21:00	103	DoubleDown	DXC4B2P
2025-01-09 19:30:00	68	DoubleDown	DXC4B2P
2025-01-09 19:37:00	281	DoubleUp	DXC4B2P
2025-01-09 19:44:00	167	DoubleDown	DXC4B2P
2025-01-09 19:54:00	137	DoubleDown	DXC4B2P
2025-01-09 20:02:00	88	DoubleDown	DXC4B2P
2025-01-09 20:11:00	262	DoubleUp	DXC4B2P
2025-01-09 20:20:00	250	DoubleDown	DXC4B2P
2025-01-09 20:30:00	90	DoubleDown	DXC4B2P
2025-01-09 20:39:00	173	DoubleUp	DXC4B2P
2025-01-09 20:48:00	66	DoubleDown	DXC4B2P
2025-01-09 20:57:00	233	DoubleUp	DXC4B2P
2025-01-09 21:06:00	152	DoubleDown	DXC4B2P
2025-01-09 21:14:00	201	DoubleUp	DXC4B2P
2025-01-09 21:23:00	112	DoubleDown	DXC4B2P
2025-01-09 21:33:00	115	SingleUp	DXC4B2P
2025-01-09 21:42:00	68	DoubleDown	DXC4B2P
2025-01-09 21:50:00	239	DoubleUp	DXC4B2P
2025-01-09 22:00:00	156	DoubleDown	DXC4B2P
2025-01-09 22:10:00	124	DoubleDown	DXC4B2P
2025-01-09 22:19:00	168	DoubleUp	DXC4B2P
2025-01-09 22:26:00	167	Flat	DXC4B2P
2025-01-09 22:35:00	260	DoubleUp	DXC4B2P
2025-01-09 22:43:00	161	DoubleDown	DXC4B2P
2025-01-09 22:53:00	230	DoubleUp	DXC4B2P
2025-01-09 23:00:00	206	DoubleDown	DXC4B2P
2025-01-09 23:08:00	81	DoubleDown	DXC4B2P
2025-01-09 23:17:00	109	DoubleUp	DXC4B2P
2025-01-09 23:27:00	263	DoubleUp	DXC4B2P
2025-01-09 23:36:00	113	DoubleDown	DXC4B2P
2025-01-09 23:45:00	269	DoubleUp	DXC4B2P
2025-01-09 23:52:00	99	DoubleDown	DXC4B2P
2025-01-09 23:59:00	166	DoubleUp	DXC4B2P
2025-01-10 00:08:00	134	DoubleDown	DXC4B2P
2025-01-10 00:15:00	247	DoubleUp	DXC4B2P
2025-01-10 00:23:00	192	DoubleDown	DXC4B2P
2025-01-10 00:32:00	248	DoubleUp	DXC4B2P
2025-01-10 00:42:00	224	DoubleDown	DXC4B2P
2025-01-10 00:52:00	78	DoubleDown	DXC4B2P
2025-01-10 01:00:00	255	DoubleUp	DXC4B2P
2025-01-10 01:07:00	239	DoubleDown	DXC4B2P
2025-01-10 01:17:00	271	DoubleUp	DXC4B2P
2025-01-10 01:27:00	60	DoubleDown	DXC4B2P
2025-01-10 01:37:00	292	DoubleUp	DXC4B2P
2025-01-10 01:47:00	228	DoubleDown	DXC4B2P
2025-01-10 01:57:00	236	DoubleUp	DXC4B2P
2025-01-10 02:04:00	124	DoubleDown	DXC4B2P
2025-01-10 02:11:00	174	DoubleUp	DXC4B2P
2025-01-10 02:18:00	270	DoubleUp	DXC4B2P
2025-01-10 02:27:00	264	DoubleDown	DXC4B2P
2025-01-10 02:37:00	177	DoubleDown	DXC4B2P
2025-01-10 02:47:00	221	DoubleUp	DXC4B2P
2025-01-10 02:55:00	125	DoubleDown	DXC4B2P
2025-01-10 03:04:00	216	DoubleUp	DXC4B2P
2025-01-10 03:11:00	180	DoubleDown	DXC4B2P
2025-01-10 03:18:00	240	DoubleUp	DXC4B2P
2025-01-10 03:28:00	129	DoubleDown	DXC4B2P
2025-01-10 03:37:00	118	DoubleDown	DXC4B2P
2025-01-10 03:45:00	134	DoubleUp	DXC4B2P
2025-01-10 03:54:00	134	Flat	DXC4B2P
2025-01-10 04:01:00	150	DoubleUp	DXC4B2P
2025-01-10 04:08:00	190	DoubleUp	DXC4B2P
2025-01-10 04:18:00	111	DoubleDown	DXC4B2P
2025-01-10 04:25:00	152	DoubleUp	DXC4B2P
2025-01-10 04:35:00	169	DoubleUp	DXC4B2P
2025-01-10 04:44:00	281	DoubleUp	DXC4B2P
2025-01-10 04:53:00	145	DoubleDown	DXC4B2P
2025-01-10 05:02:00	222	DoubleUp	DXC4B2P
2025-01-10 05:12:00	243	DoubleUp	DXC4B2P
2025-01-10 05:22:00	205	DoubleDown	DXC4B2P
2025-01-10 05:31:00	80	DoubleDown	DXC4B2P
2025-01-10 05:38:00	121	DoubleUp	DXC4B2P
2025-01-10 05:47:00	188	DoubleUp	DXC4B2P
2025-01-10 05:56:00	125	DoubleDown	DXC4B2P
2025-01-10 06:06:00	232	DoubleUp	DXC4B2P
2025-01-10 06:15:00	156	DoubleDown	DXC4B2P
2025-01-10 06:22:00	68	DoubleDown	DXC4B2P
2025-01-10 06:32:00	211	DoubleUp	DXC4B2P
2025-01-10 06:39:00	104	DoubleDown	DXC4B2P
2025-01-10 06:47:00	189	DoubleUp	DXC4B2P
2025-01-10 06:55:00	275	DoubleUp	DXC4B2P
2025-01-10 07:03:00	122	DoubleDown	DXC4B2P
2025-01-10 07:10:00	105	DoubleDown	DXC4B2P
2025-01-10 07:18:00	110	DoubleUp	DXC4B2P
2025-01-10 07:26:00	150	DoubleUp	DXC4B2P
2025-01-10 07:35:00	161	DoubleUp	DXC4B2P
2025-01-10 07:42:00	99	DoubleDown	DXC4B2P
2025-01-10 07:49:00	116	DoubleUp	DXC4B2P
2025-01-10 07:57:00	104	DoubleDown	DXC4B2P
2025-01-10 08:04:00	74	DoubleDown	DXC4B2P
2025-01-10 08:13:00	228	DoubleUp	DXC4B2P
2025-01-10 08:22:00	191	DoubleDown	DXC4B2P
2025-01-10 08:32:00	144	DoubleDown	DXC4B2P
2025-01-10 08:41:00	122	DoubleDown	DXC4B2P
2025-01-10 08:49:00	163	DoubleUp	DXC4B2P
2025-01-10 08:56:00	215	DoubleUp	DXC4B2P
2025-01-10 09:05:00	75	DoubleDown	DXC4B2P
2025-01-10 09:13:00	158	DoubleUp	DXC4B2P
2025-01-10 09:20:00	115	DoubleDown	DXC4B2P
2025-01-10 09:28:00	203	DoubleUp	DXC4B2P
2025-01-10 09:36:00	90	DoubleDown	DXC4B2P
2025-01-10 09:46:00	212	DoubleUp	DXC4B2P
2025-01-10 09:55:00	79	DoubleDown	DXC4B2P
2025-01-10 10:05:00	129	DoubleUp	DXC4B2P
2025-01-10 10:13:00	70	DoubleDown	DXC4B2P
2025-01-10 10:22:00	143	DoubleUp	DXC4B2P
2025-01-10 10:31:00	224	DoubleUp	DXC4B2P
2025-01-10 10:41:00	113	DoubleDown	DXC4B2P
2025-01-10 10:48:00	158	DoubleUp	DXC4B2P
2025-01-10 10:58:00	175	DoubleUp	DXC4B2P
2025-01-10 11:07:00	166	DoubleDown	DXC4B2P
2025-01-10 11:14:00	111	DoubleDown	DXC4B2P
2025-01-10 11:22:00	271	DoubleUp	DXC4B2P
2025-01-10 11:31:00	88	DoubleDown	DXC4B2P
2025-01-10 11:38:00	96	DoubleUp	DXC4B2P
2025-01-10 11:48:00	123	DoubleUp	DXC4B2P
2025-01-10 11:57:00	183	DoubleUp	DXC4B2P
2025-01-10 12:04:00	122	DoubleDown	DXC4B2P
2025-01-10 12:12:00	294	DoubleUp	DXC4B2P
2025-01-10 12:21:00	134	DoubleDown	DXC4B2P
2025-01-10 12:29:00	92	DoubleDown	DXC4B2P
2025-01-10 12:38:00	88	DoubleDown	DXC4B2P
2025-01-10 12:48:00	101	DoubleUp	DXC4B2P
2025-01-10 12:58:00	93	DoubleDown	DXC4B2P
2025-01-10 13:05:00	264	DoubleUp	DXC4B2P
2025-01-10 13:13:00	162	DoubleDown	DXC4B2P
2025-01-10 13:21:00	270	DoubleUp	DXC4B2P
2025-01-10 13:29:00	227	DoubleDown	DXC4B2P
2025-01-10 13:36:00	125	DoubleDown	DXC4B2P
2025-01-10 13:43:00	155	DoubleUp	DXC4B2P
2025-01-10 13:50:00	190	DoubleUp	DXC4B2P
2025-01-10 13:58:00	139	DoubleDown	DXC4B2P
2025-01-10 14:06:00	213	DoubleUp	DXC4B2P
2025-01-10 14:15:00	159	DoubleDown	DXC4B2P
2025-01-10 14:22:00	135	DoubleDown	DXC4B2P
2025-01-10 14:31:00	109	DoubleDown	DXC4B2P
2025-01-10 14:39:00	236	DoubleUp	DXC4B2P
2025-01-10 14:47:00	139	DoubleDown	DXC4B2P
2025-01-10 14:57:00	216	DoubleUp	DXC4B2P
2025-01-10 15:04:00	112	DoubleDown	DXC4B2P
2025-01-10 15:13:00	160	DoubleUp	DXC4B2P
2025-01-10 15:21:00	166	DoubleUp	DXC4B2P
2025-01-10 15:31:00	194	DoubleUp	DXC4B2P
2025-01-10 15:38:00	271	DoubleUp	DXC4B2P
2025-01-10 15:48:00	160	DoubleDown	DXC4B2P
2025-01-10 15:58:00	156	DoubleDown	DXC4B2P
2025-01-10 16:07:00	75	DoubleDown	DXC4B2P
2025-01-10 16:14:00	150	DoubleUp	DXC4B2P
2025-01-10 16:23:00	128	DoubleDown	DXC4B2P
2025-01-10 16:31:00	83	DoubleDown	DXC4B2P
2025-01-10 16:41:00	118	DoubleUp	DXC4B2P
2025-01-10 16:48:00	222	DoubleUp	DXC4B2P
2025-01-10 16:58:00	109	DoubleDown	DXC4B2P
2025-01-10 17:07:00	125	DoubleUp	DXC4B2P
2025-01-10 17:14:00	130	DoubleUp	DXC4B2P
2025-01-10 17:21:00	159	DoubleUp	DXC4B2P
2025-01-10 17:29:00	234	DoubleUp	DXC4B2P
2025-01-10 17:36:00	113	DoubleDown	DXC4B2P
2025-01-10 17:46:00	130	DoubleUp	DXC4B2P
2025-01-10 17:55:00	105	DoubleDown	DXC4B2P
2025-01-10 18:02:00	72	DoubleDown	DXC4B2P
2025-01-10 18:12:00	166	DoubleUp	DXC4B2P
2025-01-10 18:20:00	282	DoubleUp	DXC4B2P
2025-01-10 18:29:00	164	DoubleDown	DXC4B2P
2025-01-10 18:36:00	262	DoubleUp	DXC4B2P
2025-01-10 18:44:00	170	DoubleDown	DXC4B2P
2025-01-10 18:52:00	249	DoubleUp	DXC4B2P
2025-01-10 19:02:00	176	DoubleDown	DXC4B2P
2025-01-10 19:11:00	138	DoubleDown	DXC4B2P
2025-01-10 19:20:00	86	DoubleDown	DXC4B2P
2025-01-10 19:28:00	96	DoubleUp	DXC4B2P
2025-01-10 19:38:00	136	DoubleUp	DXC4B2P
2025-01-10 19:47:00	160	DoubleUp	DXC4B2P
2025-01-10 19:56:00	75	DoubleDown	DXC4B2P
2025-01-10 20:06:00	96	DoubleUp	DXC4B2P
2025-01-10 20:13:00	135	DoubleUp	DXC4B2P
2025-01-10 20:20:00	223	DoubleUp	DXC4B2P
2025-01-10 20:27:00	230	DoubleUp	DXC4B2P
2025-01-10 20:36:00	186	DoubleDown	DXC4B2P
2025-01-10 20:44:00	233	DoubleUp	DXC4B2P
2025-01-10 20:52:00	153	DoubleDown	DXC4B2P
2025-01-10 21:00:00	102	DoubleDown	DXC4B2P
2025-01-10 21:10:00	80	DoubleDown	DXC4B2P
2025-01-10 21:17:00	156	DoubleUp	DXC4B2P
2025-01-10 21:24:00	195	DoubleUp	DXC4B2P
2025-01-10 21:33:00	99	DoubleDown	DXC4B2P
2025-01-10 21:41:00	97	SingleDown	DXC4B2P
2025-01-10 21:50:00	153	DoubleUp	DXC4B2P
2025-01-10 21:59:00	118	DoubleDown	DXC4B2P
2025-01-10 22:09:00	159	DoubleUp	DXC4B2P
2025-01-10 22:16:00	173	DoubleUp	DXC4B2P
2025-01-10 22:24:00	91	DoubleDown	DXC4B2P
2025-01-10 22:32:00	114	DoubleUp	DXC4B2P
2025-01-10 22:40:00	130	DoubleUp	DXC4B2P
2025-01-10 22:50:00	245	DoubleUp	DXC4B2P
2025-01-10 22:58:00	163	DoubleDown	DXC4B2P
2025-01-10 23:08:00	208	DoubleUp	DXC4B2P
2025-01-10 23:16:00	226	DoubleUp	DXC4B2P
2025-01-10 23:23:00	46	DoubleDown	DXC4B2P
2025-01-10 23:31:00	98	DoubleUp	DXC4B2P
2025-01-10 23:38:00	199	DoubleUp	DXC4B2P
2025-01-10 23:46:00	120	DoubleDown	DXC4B2P
2025-01-10 23:55:00	92	DoubleDown	DXC4B2P
2025-01-11 00:02:00	249	DoubleUp	DXC4B2P
2025-01-11 00:09:00	79	DoubleDown	DXC4B2P
2025-01-11 00:18:00	159	DoubleUp	DXC4B2P
2025-01-11 00:28:00	262	DoubleUp	DXC4B2P
2025-01-11 00:35:00	145	DoubleDown	DXC4B2P
2025-01-11 00:42:00	106	DoubleDown	DXC4B2P
2025-01-11 00:52:00	215	DoubleUp	DXC4B2P
2025-01-11 01:02:00	48	DoubleDown	DXC4B2P
2025-01-11 01:11:00	129	DoubleUp	DXC4B2P
2025-01-11 01:20:00	221	DoubleUp	DXC4B2P
2025-01-11 01:29:00	177	DoubleDown	DXC4B2P
2025-01-11 01:36:00	76	DoubleDown	DXC4B2P
2025-01-11 01:46:00	152	DoubleUp	DXC4B2P
2025-01-11 01:53:00	170	DoubleUp	DXC4B2P
2025-01-11 02:02:00	87	DoubleDown	DXC4B2P
2025-01-11 02:10:00	248	DoubleUp	DXC4B2P
2025-01-11 02:18:00	85	DoubleDown	DXC4B2P
2025-01-11 02:28:00	191	DoubleUp	DXC4B2P
2025-01-11 02:38:00	130	DoubleDown	DXC4B2P
2025-01-11 02:47:00	116	DoubleDown	DXC4B2P
2025-01-11 02:55:00	159	DoubleUp	DXC4B2P
2025-01-11 03:02:00	122	DoubleDown	DXC4B2P
2025-01-11 03:09:00	138	DoubleUp	DXC4B2P
2025-01-11 03:17:00	134	DoubleDown	DXC4B2P
2025-01-11 03:24:00	219	DoubleUp	DXC4B2P
2025-01-11 03:32:00	140	DoubleDown	DXC4B2P
2025-01-11 03:42:00	165	DoubleUp	DXC4B2P
2025-01-11 03:49:00	209	DoubleUp	DXC4B2P
2025-01-11 03:58:00	157	DoubleDown	DXC4B2P
2025-01-11 04:05:00	204	DoubleUp	DXC4B2P
2025-01-11 04:14:00	197	DoubleDown	DXC4B2P
2025-01-11 04:23:00	96	DoubleDown	DXC4B2P
2025-01-11 04:31:00	223	DoubleUp	DXC4B2P
2025-01-11 04:41:00	144	DoubleDown	DXC4B2P
2025-01-11 04:48:00	233	DoubleUp	DXC4B2P
2025-01-11 04:55:00	143	DoubleDown	DXC4B2P
2025-01-11 05:03:00	88	DoubleDown	DXC4B2P
2025-01-11 05:11:00	142	DoubleUp	DXC4B2P
2025-01-11 05:19:00	171	DoubleUp	DXC4B2P
2025-01-11 05:26:00	243	DoubleUp	DXC4B2P
2025-01-11 05:33:00	118	DoubleDown	DXC4B2P
2025-01-11 05:43:00	166	DoubleUp	DXC4B2P
2025-01-11 05:52:00	204	DoubleUp	DXC4B2P
2025-01-11 06:00:00	180	DoubleDown	DXC4B2P
2025-01-11 06:09:00	75	DoubleDown	DXC4B2P
2025-01-11 06:17:00	290	DoubleUp	DXC4B2P
2025-01-11 06:24:00	80	DoubleDown	DXC4B2P
2025-01-11 06:31:00	178	DoubleUp	DXC4B2P
2025-01-11 06:40:00	82	DoubleDown	DXC4B2P
2025-01-11 06:49:00	209	DoubleUp	DXC4B2P
2025-01-11 06:59:00	175	DoubleDown	DXC4B2P
2025-01-11 07:06:00	109	DoubleDown	DXC4B2P
2025-01-11 07:15:00	177	DoubleUp	DXC4B2P
2025-01-11 07:23:00	175	SingleDown	DXC4B2P
2025-01-11 07:33:00	218	DoubleUp	DXC4B2P
2025-01-11 07:42:00	80	DoubleDown	DXC4B2P
2025-01-11 07:52:00	158	DoubleUp	DXC4B2P
2025-01-11 08:00:00	54	DoubleDown	DXC4B2P
2025-01-11 08:07:00	144	DoubleUp	DXC4B2P
2025-01-11 08:15:00	97	DoubleDown	DXC4B2P
2025-01-11 08:22:00	189	DoubleUp	DXC4B2P
2025-01-11 08:31:00	157	DoubleDown	DXC4B2P
2025-01-11 08:38:00	147	DoubleDown	DXC4B2P
2025-01-11 08:47:00	64	DoubleDown	DXC4B2P
2025-01-11 08:54:00	73	DoubleUp	DXC4B2P
2025-01-11 09:04:00	100	DoubleUp	DXC4B2P
2025-01-11 09:11:00	296	DoubleUp	DXC4B2P
2025-01-11 09:18:00	80	DoubleDown	DXC4B2P
2025-01-11 09:25:00	246	DoubleUp	DXC4B2P
2025-01-11 09:34:00	140	DoubleDown	DXC4B2P
2025-01-11 09:41:00	104	DoubleDown	DXC4B2P
2025-01-11 09:49:00	168	DoubleUp	DXC4B2P
2025-01-11 09:57:00	154	DoubleDown	DXC4B2P
2025-01-11 10:06:00	214	DoubleUp	DXC4B2P
2025-01-11 10:13:00	112	DoubleDown	DXC4B2P
2025-01-11 10:23:00	219	DoubleUp	DXC4B2P
2025-01-11 10:32:00	277	DoubleUp	DXC4B2P
2025-01-11 10:42:00	124	DoubleDown	DXC4B2P
2025-01-11 10:49:00	163	DoubleUp	DXC4B2P
2025-01-11 10:59:00	126	DoubleDown	DXC4B2P
2025-01-11 11:08:00	96	DoubleDown	DXC4B2P
2025-01-11 11:17:00	118	DoubleUp	DXC4B2P
2025-01-11 11:27:00	103	DoubleDown	DXC4B2P
2025-01-11 11:37:00	162	DoubleUp	DXC4B2P
2025-01-11 11:44:00	103	DoubleDown	DXC4B2P
2025-01-11 11:53:00	145	DoubleUp	DXC4B2P
2025-01-11 12:02:00	72	DoubleDown	DXC4B2P
2025-01-11 12:12:00	155	DoubleUp	DXC4B2P
2025-01-11 12:20:00	154	Flat	DXC4B2P
2025-01-11 12:30:00	291	DoubleUp	DXC4B2P
2025-01-11 12:37:00	111	DoubleDown	DXC4B2P
2025-01-11 12:45:00	123	DoubleUp	DXC4B2P
2025-01-11 12:53:00	57	DoubleDown	DXC4B2P
2025-01-11 13:02:00	130	DoubleUp	DXC4B2P
2025-01-11 13:11:00	72	DoubleDown	DXC4B2P
2025-01-11 13:20:00	102	DoubleUp	DXC4B2P
2025-01-11 13:28:00	155	DoubleUp	DXC4B2P
2025-01-11 13:35:00	56	DoubleDown	DXC4B2P
2025-01-11 13:42:00	208	DoubleUp	DXC4B2P
2025-01-11 13:52:00	154	DoubleDown	DXC4B2P
2025-01-11 14:01:00	132	DoubleDown	DXC4B2P
2025-01-11 14:11:00	118	DoubleDown	DXC4B2P
2025-01-11 14:21:00	254	DoubleUp	DXC4B2P
2025-01-11 14:31:00	165	DoubleDown	DXC4B2P
2025-01-11 14:41:00	211	DoubleUp	DXC4B2P
2025-01-11 14:49:00	270	DoubleUp	DXC4B2P
2025-01-11 14:57:00	148	DoubleDown	DXC4B2P
2025-01-11 15:06:00	109	DoubleDown	DXC4B2P
2025-01-11 15:15:00	140	DoubleUp	DXC4B2P
2025-01-11 15:24:00	83	DoubleDown	DXC4B2P
2025-01-11 15:31:00	114	DoubleUp	DXC4B2P
2025-01-11 15:39:00	92	DoubleDown	DXC4B2P
2025-01-11 15:49:00	94	SingleUp	DXC4B2P
2025-01-11 15:59:00	165	DoubleUp	DXC4B2P
2025-01-11 16:07:00	190	DoubleUp	DXC4B2P
2025-01-11 16:14:00	112	DoubleDown	DXC4B2P
2025-01-11 16:21:00	88	DoubleDown	DXC4B2P
2025-01-11 16:29:00	170	DoubleUp	DXC4B2P
2025-01-11 16:37:00	201	DoubleUp	DXC4B2P
2025-01-11 16:44:00	129	DoubleDown	DXC4B2P
2025-01-11 16:51:00	100	DoubleDown	DXC4B2P
2025-01-11 16:58:00	154	DoubleUp	DXC4B2P
2025-01-11 17:07:00	166	DoubleUp	DXC4B2P
2025-01-11 17:14:00	164	SingleDown	DXC4B2P
2025-01-11 17:24:00	86	DoubleDown	DXC4B2P
2025-01-11 17:34:00	250	DoubleUp	DXC4B2P
2025-01-11 17:43:00	97	DoubleDown	DXC4B2P
2025-01-11 17:52:00	46	DoubleDown	DXC4B2P
2025-01-11 18:00:00	143	DoubleUp	DXC4B2P
2025-01-11 18:09:00	138	DoubleDown	DXC4B2P
2025-01-11 18:17:00	179	DoubleUp	DXC4B2P
2025-01-11 18:24:00	161	DoubleDown	DXC4B2P
2025-01-11 18:34:00	210	DoubleUp	DXC4B2P
2025-01-11 18:41:00	155	DoubleDown	DXC4B2P
2025-01-11 18:51:00	112	DoubleDown	DXC4B2P
2025-01-11 18:58:00	203	DoubleUp	DXC4B2P
2025-01-11 19:07:00	111	DoubleDown	DXC4B2P
2025-01-11 19:17:00	186	DoubleUp	DXC4B2P
2025-01-11 19:26:00	112	DoubleDown	DXC4B2P
2025-01-11 19:33:00	178	DoubleUp	DXC4B2P
2025-01-11 19:41:00	91	DoubleDown	DXC4B2P
2025-01-11 19:48:00	136	DoubleUp	DXC4B2P
2025-01-11 19:57:00	212	DoubleUp	DXC4B2P
2025-01-11 20:06:00	156	DoubleDown	DXC4B2P
2025-01-11 20:13:00	63	DoubleDown	DXC4B2P
2025-01-11 20:20:00	288	DoubleUp	DXC4B2P
2025-01-11 20:30:00	138	DoubleDown	DXC4B2P
2025-01-11 20:40:00	117	DoubleDown	DXC4B2P
2025-01-11 20:49:00	137	DoubleUp	DXC4B2P
2025-01-11 20:58:00	252	DoubleUp	DXC4B2P
2025-01-11 21:07:00	290	DoubleUp	DXC4B2P
2025-01-11 21:14:00	96	DoubleDown	DXC4B2P
2025-01-11 21:22:00	161	DoubleUp	DXC4B2P
2025-01-11 21:29:00	87	DoubleDown	DXC4B2P
2025-01-11 21:37:00	89	SingleUp	DXC4B2P
2025-01-11 21:44:00	80	DoubleDown	DXC4B2P
2025-01-11 21:51:00	99	DoubleUp	DXC4B2P
2025-01-11 21:58:00	119	DoubleUp	DXC4B2P
2025-01-11 22:06:00	239	DoubleUp	DXC4B2P
2025-01-11 22:13:00	129	DoubleDown	DXC4B2P
2025-01-11 22:23:00	172	DoubleUp	DXC4B2P
2025-01-11 22:33:00	143	DoubleDown	DXC4B2P
2025-01-11 22:43:00	76	DoubleDown	DXC4B2P
2025-01-11 22:51:00	153	DoubleUp	DXC4B2P
2025-01-11 22:59:00	131	DoubleDown	DXC4B2P
2025-01-11 23:07:00	87	DoubleDown	DXC4B2P
2025-01-11 23:14:00	237	DoubleUp	DXC4B2P
2025-01-11 23:22:00	167	DoubleDown	DXC4B2P
2025-01-11 23:29:00	110	DoubleDown	DXC4B2P
2025-01-11 23:38:00	46	DoubleDown	DXC4B2P
2025-01-11 23:48:00	115	DoubleUp	DXC4B2P
2025-01-11 23:57:00	118	SingleUp	DXC4B2P
2025-01-12 00:07:00	232	DoubleUp	DXC4B2P
2025-01-12 00:17:00	278	DoubleUp	DXC4B2P
2025-01-12 00:26:00	160	DoubleDown	DXC4B2P
2025-01-12 00:36:00	234	DoubleUp	DXC4B2P
2025-01-12 00:43:00	211	DoubleDown	DXC4B2P
2025-01-12 00:53:00	100	DoubleDown	DXC4B2P
2025-01-12 01:00:00	166	DoubleUp	DXC4B2P
2025-01-12 01:10:00	109	DoubleDown	DXC4B2P
2025-01-12 01:20:00	98	DoubleDown	DXC4B2P
2025-01-12 01:30:00	168	DoubleUp	DXC4B2P
2025-01-12 01:37:00	79	DoubleDown	DXC4B2P
2025-01-12 01:46:00	220	DoubleUp	DXC4B2P
2025-01-12 01:55:00	125	DoubleDown	DXC4B2P
2025-01-12 02:02:00	79	DoubleDown	DXC4B2P
2025-01-12 02:09:00	160	DoubleUp	DXC4B2P
2025-01-12 02:17:00	119	DoubleDown	DXC4B2P
2025-01-12 02:25:00	278	DoubleUp	DXC4B2P
2025-01-12 02:32:00	134	DoubleDown	DXC4B2P
2025-01-12 02:40:00	195	DoubleUp	DXC4B2P
2025-01-12 02:50:00	118	DoubleDown	DXC4B2P
2025-01-12 03:00:00	250	DoubleUp	DXC4B2P
2025-01-12 03:10:00	161	DoubleDown	DXC4B2P
2025-01-12 03:17:00	113	DoubleDown	DXC4B2P
2025-01-12 03:24:00	127	DoubleUp	DXC4B2P
2025-01-12 03:32:00	229	DoubleUp	DXC4B2P
2025-01-12 03:41:00	149	DoubleDown	DXC4B2P
2025-01-12 03:49:00	124	DoubleDown	DXC4B2P
2025-01-12 03:56:00	167	DoubleUp	DXC4B2P
2025-01-12 04:03:00	277	DoubleUp	DXC4B2P
2025-01-12 04:13:00	297	DoubleUp	DXC4B2P
2025-01-12 04:20:00	124	DoubleDown	DXC4B2P
2025-01-12 04:29:00	106	DoubleDown	DXC4B2P
2025-01-12 04:38:00	172	DoubleUp	DXC4B2P
2025-01-12 04:45:00	177	DoubleUp	DXC4B2P
2025-01-12 04:52:00	152	DoubleDown	DXC4B2P
2025-01-12 05:02:00	118	DoubleDown	DXC4B2P
2025-01-12 05:12:00	145	DoubleUp	DXC4B2P
2025-01-12 05:22:00	78	DoubleDown	DXC4B2P
2025-01-12 05:30:00	237	DoubleUp	DXC4B2P
2025-01-12 05:39:00	204	DoubleDown	DXC4B2P
2025-01-12 05:48:00	127	DoubleDown	DXC4B2P
2025-01-12 05:55:00	142	DoubleUp	DXC4B2P
2025-01-12 06:03:00	215	DoubleUp	DXC4B2P
2025-01-12 06:11:00	222	DoubleUp	DXC4B2P
2025-01-12 06:19:00	130	DoubleDown	DXC4B2P
2025-01-12 06:29:00	192	DoubleUp	DXC4B2P
2025-01-12 06:37:00	166	DoubleDown	DXC4B2P
2025-01-12 06:45:00	70	DoubleDown	DXC4B2P
2025-01-12 06:52:00	205	DoubleUp	DXC4B2P
2025-01-12 07:02:00	266	DoubleUp	DXC4B2P
2025-01-12 07:09:00	161	DoubleDown	DXC4B2P
2025-01-12 07:17:00	178	DoubleUp	DXC4B2P
2025-01-12 07:25:00	173	DoubleDown	DXC4B2P
2025-01-12 07:33:00	286	DoubleUp	DXC4B2P
2025-01-12 07:42:00	146	DoubleDown	DXC4B2P
2025-01-12 07:49:00	223	DoubleUp	DXC4B2P
2025-01-12 07:56:00	90	DoubleDown	DXC4B2P
2025-01-12 08:03:00	95	DoubleUp	DXC4B2P
2025-01-12 08:11:00	100	DoubleUp	DXC4B2P
2025-01-12 08:21:00	237	DoubleUp	DXC4B2P
2025-01-12 08:28:00	141	DoubleDown	DXC4B2P
2025-01-12 08:36:00	86	DoubleDown	DXC4B2P
2025-01-12 08:44:00	83	SingleDown	DXC4B2P
2025-01-12 08:54:00	228	DoubleUp	DXC4B2P
2025-01-12 09:01:00	149	DoubleDown	DXC4B2P
2025-01-12 09:08:00	131	DoubleDown	DXC4B2P
2025-01-12 09:16:00	156	DoubleUp	DXC4B2P
2025-01-12 09:24:00	250	DoubleUp	DXC4B2P
2025-01-12 09:31:00	226	DoubleDown	DXC4B2P
2025-01-12 09:41:00	73	DoubleDown	DXC4B2P
2025-01-12 09:48:00	125	DoubleUp	DXC4B2P
2025-01-12 09:56:00	141	DoubleUp	DXC4B2P
2025-01-12 10:03:00	139	SingleDown	DXC4B2P
2025-01-12 10:12:00	234	DoubleUp	DXC4B2P
2025-01-12 10:22:00	112	DoubleDown	DXC4B2P
2025-01-12 10:29:00	222	DoubleUp	DXC4B2P
2025-01-12 10:36:00	281	DoubleUp	DXC4B2P
2025-01-12 10:43:00	105	DoubleDown	DXC4B2P
2025-01-12 10:51:00	179	DoubleUp	DXC4B2P
2025-01-12 11:01:00	164	DoubleDown	DXC4B2P
2025-01-12 11:09:00	101	DoubleDown	DXC4B2P
2025-01-12 11:16:00	205	DoubleUp	DXC4B2P
2025-01-12 11:24:00	82	DoubleDown	DXC4B2P
2025-01-12 11:34:00	140	DoubleUp	DXC4B2P
2025-01-12 11:44:00	99	DoubleDown	DXC4B2P
2025-01-12 11:51:00	141	DoubleUp	DXC4B2P
2025-01-12 11:59:00	155	DoubleUp	DXC4B2P
2025-01-12 12:09:00	118	DoubleDown	DXC4B2P
2025-01-12 12:18:00	211	DoubleUp	DXC4B2P
2025-01-12 12:25:00	72	DoubleDown	DXC4B2P
2025-01-12 12:33:00	122	DoubleUp	DXC4B2P
2025-01-12 12:42:00	80	DoubleDown	DXC4B2P
2025-01-12 12:51:00	121	DoubleUp	DXC4B2P
2025-01-12 12:58:00	134	DoubleUp	DXC4B2P
2025-01-12 13:07:00	105	DoubleDown	DXC4B2P
2025-01-12 13:14:00	171	DoubleUp	DXC4B2P
2025-01-12 13:21:00	119	DoubleDown	DXC4B2P
2025-01-12 13:30:00	190	DoubleUp	DXC4B2P
2025-01-12 13:40:00	171	DoubleDown	DXC4B2P
2025-01-12 13:47:00	120	DoubleDown	DXC4B2P
2025-01-12 13:56:00	80	DoubleDown	DXC4B2P
2025-01-12 14:05:00	226	DoubleUp	DXC4B2P
2025-01-12 14:15:00	89	DoubleDown	DXC4B2P
2025-01-12 14:24:00	165	DoubleUp	DXC4B2P
2025-01-12 14:33:00	101	DoubleDown	DXC4B2P
2025-01-12 14:41:00	71	DoubleDown	DXC4B2P
2025-01-12 14:50:00	101	DoubleUp	DXC4B2P
2025-01-12 14:58:00	72	DoubleDown	DXC4B2P
2025-01-12 15:07:00	75	SingleUp	DXC4B2P
2025-01-12 15:17:00	130	DoubleUp	DXC4B2P
2025-01-12 15:26:00	152	DoubleUp	DXC4B2P
2025-01-12 15:34:00	233	DoubleUp	DXC4B2P
2025-01-12 15:42:00	151	DoubleDown	DXC4B2P
2025-01-12 15:50:00	164	DoubleUp	DXC4B2P
2025-01-12 16:00:00	177	DoubleUp	DXC4B2P
2025-01-12 16:09:00	252	DoubleUp	DXC4B2P
2025-01-12 16:16:00	102	DoubleDown	DXC4B2P
2025-01-12 16:23:00	147	DoubleUp	DXC4B2P
2025-01-12 16:33:00	81	DoubleDown	DXC4B2P
2025-01-12 16:43:00	89	DoubleUp	DXC4B2P
2025-01-12 16:50:00	211	DoubleUp	DXC4B2P
2025-01-12 16:58:00	91	DoubleDown	DXC4B2P
2025-01-12 17:07:00	153	DoubleUp	DXC4B2P
2025-01-12 17:17:00	278	DoubleUp	DXC4B2P
2025-01-12 17:24:00	85	DoubleDown	DXC4B2P
2025-01-12 17:32:00	150	DoubleUp	DXC4B2P
2025-01-12 17:40:00	258	DoubleUp	DXC4B2P
2025-01-12 17:50:00	266	DoubleUp	DXC4B2P
2025-01-12 17:59:00	112	DoubleDown	DXC4B2P
2025-01-12 18:09:00	144	DoubleUp	DXC4B2P
2025-01-12 18:18:00	205	DoubleUp	DXC4B2P
2025-01-12 18:26:00	118	DoubleDown	DXC4B2P
2025-01-12 18:35:00	128	DoubleUp	DXC4B2P
2025-01-12 18:44:00	264	DoubleUp	DXC4B2P
2025-01-12 18:54:00	167	DoubleDown	DXC4B2P
2025-01-12 19:01:00	180	DoubleUp	DXC4B2P
2025-01-12 19:09:00	228	DoubleUp	DXC4B2P
2025-01-12 19:19:00	144	DoubleDown	DXC4B2P
2025-01-12 19:27:00	122	DoubleDown	DXC4B2P
2025-01-12 19:36:00	120	SingleDown	DXC4B2P
2025-01-12 19:44:00	118	SingleDown	DXC4B2P
2025-01-12 19:53:00	145	DoubleUp	DXC4B2P
2025-01-12 20:01:00	156	DoubleUp	DXC4B2P
2025-01-12 20:08:00	110	DoubleDown	DXC4B2P
2025-01-12 20:16:00	158	DoubleUp	DXC4B2P
2025-01-12 20:23:00	219	DoubleUp	DXC4B2P
2025-01-12 20:30:00	108	DoubleDown	DXC4B2P
2025-01-12 20:40:00	109	Flat	DXC4B2P
2025-01-12 20:49:00	282	DoubleUp	DXC4B2P
2025-01-12 20:56:00	107	DoubleDown	DXC4B2P
2025-01-12 21:05:00	218	DoubleUp	DXC4B2P
2025-01-12 21:14:00	282	DoubleUp	DXC4B2P
2025-01-12 21:24:00	263	DoubleDown	DXC4B2P
2025-01-12 21:34:00	81	DoubleDown	DXC4B2P
2025-01-12 21:43:00	161	DoubleUp	DXC4B2P
2025-01-12 21:51:00	248	DoubleUp	DXC4B2P
2025-01-12 22:00:00	92	DoubleDown	DXC4B2P
2025-01-12 22:07:00	161	DoubleUp	DXC4B2P
2025-01-12 22:17:00	215	DoubleUp	DXC4B2P
2025-01-12 22:25:00	233	DoubleUp	DXC4B2P
2025-01-12 22:32:00	174	DoubleDown	DXC4B2P
2025-01-12 22:42:00	147	DoubleDown	DXC4B2P
2025-01-12 22:51:00	102	DoubleDown	DXC4B2P
2025-01-12 23:01:00	115	DoubleUp	DXC4B2P
2025-01-12 23:11:00	134	DoubleUp	DXC4B2P
2025-01-12 23:19:00	84	DoubleDown	DXC4B2P
2025-01-12 23:28:00	258	DoubleUp	DXC4B2P
2025-01-12 23:36:00	72	DoubleDown	DXC4B2P
2025-01-12 23:46:00	278	DoubleUp	DXC4B2P
2025-01-12 23:56:00	119	DoubleDown	DXC4B2P
2025-01-13 00:05:00	79	DoubleDown	DXC4B2P
2025-01-13 00:12:00	98	DoubleUp	DXC4B2P
2025-01-13 00:22:00	174	DoubleUp	DXC4B2P
2025-01-13 00:29:00	110	DoubleDown	DXC4B2P
2025-01-13 00:38:00	201	DoubleUp	DXC4B2P
2025-01-13 00:47:00	50	DoubleDown	DXC4B2P
2025-01-13 00:54:00	44	DoubleDown	DXC4B2P
2025-01-13 01:01:00	128	DoubleUp	DXC4B2P
2025-01-13 01:09:00	99	DoubleDown	DXC4B2P
2025-01-13 01:16:00	157	DoubleUp	DXC4B2P
2025-01-13 01:23:00	170	DoubleUp	DXC4B2P
2025-01-13 01:31:00	135	DoubleDown	DXC4B2P
2025-01-13 01:40:00	262	DoubleUp	DXC4B2P
2025-01-13 01:50:00	164	DoubleDown	DXC4B2P
2025-01-13 01:57:00	141	DoubleDown	DXC4B2P
2025-01-13 02:06:00	205	DoubleUp	DXC4B2P
2025-01-13 02:13:00	195	DoubleDown	DXC4B2P
2025-01-13 02:22:00	128	DoubleDown	DXC4B2P
2025-01-13 02:32:00	163	DoubleUp	DXC4B2P
2025-01-13 02:40:00	192	DoubleUp	DXC4B2P
2025-01-13 02:50:00	81	DoubleDown	DXC4B2P
2025-01-13 03:00:00	162	DoubleUp	DXC4B2P
2025-01-13 03:09:00	137	DoubleDown	DXC4B2P
2025-01-13 03:16:00	98	DoubleDown	DXC4B2P
2025-01-13 03:26:00	77	DoubleDown	DXC4B2P
2025-01-13 03:35:00	166	DoubleUp	DXC4B2P
2025-01-13 03:43:00	146	DoubleDown	DXC4B2P
2025-01-13 03:50:00	156	DoubleUp	DXC4B2P
2025-01-13 03:59:00	119	DoubleDown	DXC4B2P
2025-01-13 04:07:00	77	DoubleDown	DXC4B2P
2025-01-13 04:15:00	114	DoubleUp	DXC4B2P
2025-01-13 04:25:00	126	DoubleUp	DXC4B2P
2025-01-13 04:34:00	164	DoubleUp	DXC4B2P
2025-01-13 04:41:00	179	DoubleUp	DXC4B2P
2025-01-13 04:49:00	115	DoubleDown	DXC4B2P
2025-01-13 04:57:00	158	DoubleUp	DXC4B2P
2025-01-13 05:07:00	84	DoubleDown	DXC4B2P
2025-01-13 05:14:00	206	DoubleUp	DXC4B2P
2025-01-13 05:21:00	281	DoubleUp	DXC4B2P
2025-01-13 05:30:00	59	DoubleDown	DXC4B2P
2025-01-13 05:37:00	231	DoubleUp	DXC4B2P
2025-01-13 05:47:00	80	DoubleDown	DXC4B2P
2025-01-13 05:56:00	284	DoubleUp	DXC4B2P
2025-01-13 06:06:00	237	DoubleDown	DXC4B2P
2025-01-13 06:15:00	84	DoubleDown	DXC4B2P
2025-01-13 06:24:00	75	DoubleDown	DXC4B2P
2025-01-13 06:33:00	123	DoubleUp	DXC4B2P
2025-01-13 06:40:00	85	DoubleDown	DXC4B2P
2025-01-13 06:49:00	119	DoubleUp	DXC4B2P
2025-01-13 06:56:00	136	DoubleUp	DXC4B2P
2025-01-13 07:04:00	160	DoubleUp	DXC4B2P
2025-01-13 07:13:00	197	DoubleUp	DXC4B2P
2025-01-13 07:22:00	282	DoubleUp	DXC4B2P
2025-01-13 07:30:00	86	DoubleDown	DXC4B2P
2025-01-13 07:40:00	206	DoubleUp	DXC4B2P
2025-01-13 07:50:00	296	DoubleUp	DXC4B2P
2025-01-13 08:00:00	197	DoubleDown	DXC4B2P
2025-01-13 08:10:00	82	DoubleDown	DXC4B2P
2025-01-13 08:17:00	110	DoubleUp	DXC4B2P
2025-01-13 08:26:00	286	DoubleUp	DXC4B2P
2025-01-13 08:33:00	113	DoubleDown	DXC4B2P
2025-01-13 08:43:00	85	DoubleDown	DXC4B2P
2025-01-13 08:53:00	160	DoubleUp	DXC4B2P
2025-01-13 09:00:00	199	DoubleUp	DXC4B2P
2025-01-13 09:09:00	112	DoubleDown	DXC4B2P
2025-01-13 09:18:00	135	DoubleUp	DXC4B2P
2025-01-13 09:28:00	104	DoubleDown	DXC4B2P
2025-01-13 09:38:00	61	DoubleDown	DXC4B2P
2025-01-13 09:47:00	140	DoubleUp	DXC4B2P
2025-01-13 09:55:00	71	DoubleDown	DXC4B2P
2025-01-13 10:02:00	180	DoubleUp	DXC4B2P
2025-01-13 10:09:00	165	DoubleDown	DXC4B2P
2025-01-13 10:18:00	88	DoubleDown	DXC4B2P
2025-01-13 10:26:00	142	DoubleUp	DXC4B2P
2025-01-13 10:36:00	130	DoubleDown	DXC4B2P
2025-01-13 10:46:00	232	DoubleUp	DXC4B2P
2025-01-13 10:55:00	122	DoubleDown	DXC4B2P
2025-01-13 11:05:00	148	DoubleUp	DXC4B2P
2025-01-13 11:12:00	72	DoubleDown	DXC4B2P
2025-01-13 11:19:00	174	DoubleUp	DXC4B2P
2025-01-13 11:27:00	213	DoubleUp	DXC4B2P
2025-01-13 11:37:00	127	DoubleDown	DXC4B2P
2025-01-13 11:44:00	292	DoubleUp	DXC4B2P
2025-01-13 11:53:00	173	DoubleDown	DXC4B2P
2025-01-13 12:00:00	92	DoubleDown	DXC4B2P
2025-01-13 12:07:00	167	DoubleUp	DXC4B2P
2025-01-13 12:14:00	72	DoubleDown	DXC4B2P
2025-01-13 12:21:00	146	DoubleUp	DXC4B2P
2025-01-13 12:31:00	220	DoubleUp	DXC4B2P
2025-01-13 12:39:00	188	DoubleDown	DXC4B2P
2025-01-13 12:47:00	176	DoubleDown	DXC4B2P
2025-01-13 12:57:00	239	DoubleUp	DXC4B2P
2025-01-13 13:07:00	90	DoubleDown	DXC4B2P
2025-01-13 13:17:00	58	DoubleDown	DXC4B2P
2025-01-13 13:25:00	78	DoubleUp	DXC4B2P
2025-01-13 13:34:00	166	DoubleUp	DXC4B2P
2025-01-13 13:42:00	99	DoubleDown	DXC4B2P
2025-01-13 13:49:00	146	DoubleUp	DXC4B2P
2025-01-13 13:56:00	90	DoubleDown	DXC4B2P
2025-01-13 14:03:00	164	DoubleUp	DXC4B2P
2025-01-13 14:10:00	75	DoubleDown	DXC4B2P
2025-01-13 14:20:00	62	DoubleDown	DXC4B2P
2025-01-13 14:30:00	241	DoubleUp	DXC4B2P
2025-01-13 14:38:00	130	DoubleDown	DXC4B2P
2025-01-13 14:48:00	55	DoubleDown	DXC4B2P
2025-01-13 14:56:00	76	DoubleUp	DXC4B2P
2025-01-13 15:06:00	110	DoubleUp	DXC4B2P
2025-01-13 15:16:00	152	DoubleUp	DXC4B2P
2025-01-13 15:25:00	154	SingleUp	DXC4B2P
2025-01-13 15:32:00	241	DoubleUp	DXC4B2P
2025-01-13 15:42:00	114	DoubleDown	DXC4B2P
2025-01-13 15:52:00	81	DoubleDown	DXC4B2P
2025-01-13 15:59:00	219	DoubleUp	DXC4B2P
2025-01-13 16:07:00	166	DoubleDown	DXC4B2P
2025-01-13 16:16:00	116	DoubleDown	DXC4B2P
2025-01-13 16:26:00	227	DoubleUp	DXC4B2P
2025-01-13 16:34:00	147	DoubleDown	DXC4B2P
2025-01-13 16:44:00	145	SingleDown	DXC4B2P
2025-01-13 16:51:00	84	DoubleDown	DXC4B2P
2025-01-13 17:01:00	154	DoubleUp	DXC4B2P
2025-01-13 17:10:00	136	DoubleDown	DXC4B2P
2025-01-13 17:20:00	139	SingleUp	DXC4B2P
2025-01-13 17:29:00	256	DoubleUp	DXC4B2P
2025-01-13 17:38:00	154	DoubleDown	DXC4B2P
2025-01-13 17:46:00	248	DoubleUp	DXC4B2P
2025-01-13 17:54:00	179	DoubleDown	DXC4B2P
2025-01-13 18:01:00	76	DoubleDown	DXC4B2P
2025-01-13 18:11:00	55	DoubleDown	DXC4B2P
2025-01-13 18:20:00	212	DoubleUp	DXC4B2P
2025-01-13 18:27:00	117	DoubleDown	DXC4B2P
2025-01-13 18:37:00	293	DoubleUp	DXC4B2P
2025-01-13 18:44:00	72	DoubleDown	DXC4B2P
2025-01-13 18:52:00	133	DoubleUp	DXC4B2P
2025-01-13 19:00:00	128	DoubleDown	DXC4B2P
2025-01-13 19:07:00	91	DoubleDown	DXC4B2P
2025-01-13 19:15:00	105	DoubleUp	DXC4B2P
2025-01-13 19:23:00	221	DoubleUp	DXC4B2P
2025-01-13 19:31:00	106	DoubleDown	DXC4B2P
2025-01-13 19:38:00	93	DoubleDown	DXC4B2P
2025-01-13 19:46:00	109	DoubleUp	DXC4B2P
2025-01-13 19:53:00	187	DoubleUp	DXC4B2P
2025-01-13 20:02:00	81	DoubleDown	DXC4B2P
2025-01-13 20:10:00	267	DoubleUp	DXC4B2P
2025-01-13 20:18:00	79	DoubleDown	DXC4B2P
2025-01-13 20:25:00	80	Flat	DXC4B2P
2025-01-13 20:32:00	125	DoubleUp	DXC4B2P
2025-01-13 20:40:00	205	DoubleUp	DXC4B2P
2025-01-13 20:47:00	154	DoubleDown	DXC4B2P
2025-01-13 20:54:00	113	DoubleDown	DXC4B2P
2025-01-13 21:04:00	130	DoubleUp	DXC4B2P
2025-01-13 21:13:00	118	DoubleDown	DXC4B2P
2025-01-13 21:22:00	275	DoubleUp	DXC4B2P
2025-01-13 21:30:00	223	DoubleDown	DXC4B2P
2025-01-13 21:37:00	121	DoubleDown	DXC4B2P
2025-01-13 21:47:00	151	DoubleUp	DXC4B2P
2025-01-13 21:55:00	173	DoubleUp	DXC4B2P
2025-01-13 22:02:00	110	DoubleDown	DXC4B2P
2025-01-13 22:12:00	145	DoubleUp	DXC4B2P
2025-01-13 22:20:00	72	DoubleDown	DXC4B2P
2025-01-13 22:28:00	231	DoubleUp	DXC4B2P
2025-01-13 22:38:00	108	DoubleDown	DXC4B2P
2025-01-13 22:45:00	164	DoubleUp	DXC4B2P
2025-01-13 22:55:00	77	DoubleDown	DXC4B2P
2025-01-13 23:04:00	98	DoubleUp	DXC4B2P
2025-01-13 23:11:00	82	DoubleDown	DXC4B2P
2025-01-13 23:20:00	71	DoubleDown	DXC4B2P
2025-01-13 23:29:00	220	DoubleUp	DXC4B2P
2025-01-13 23:36:00	87	DoubleDown	DXC4B2P
2025-01-13 23:43:00	216	DoubleUp	DXC4B2P
2025-01-13 23:52:00	145	DoubleDown	DXC4B2P
2025-01-14 00:02:00	247	DoubleUp	DXC4B2P
2025-01-14 00:12:00	117	DoubleDown	DXC4B2P
2025-01-14 00:21:00	154	DoubleUp	DXC4B2P
2025-01-14 00:28:00	84	DoubleDown	DXC4B2P
2025-01-14 00:38:00	179	DoubleUp	DXC4B2P
2025-01-14 00:48:00	184	DoubleUp	DXC4B2P
2025-01-14 00:56:00	117	DoubleDown	DXC4B2P
2025-01-14 01:04:00	114	SingleDown	DXC4B2P
2025-01-14 01:12:00	88	DoubleDown	DXC4B2P
2025-01-14 01:20:00	226	DoubleUp	DXC4B2P
2025-01-14 01:29:00	117	DoubleDown	DXC4B2P
2025-01-14 01:36:00	170	DoubleUp	DXC4B2P
2025-01-14 01:43:00	137	DoubleDown	DXC4B2P
2025-01-14 01:52:00	109	DoubleDown	DXC4B2P
2025-01-14 02:02:00	155	DoubleUp	DXC4B2P
2025-01-14 02:12:00	192	DoubleUp	DXC4B2P
2025-01-14 02:19:00	91	DoubleDown	DXC4B2P
2025-01-14 02:28:00	290	DoubleUp	DXC4B2P
2025-01-14 02:38:00	105	DoubleDown	DXC4B2P
2025-01-14 02:45:00	82	DoubleDown	DXC4B2P
2025-01-14 02:54:00	75	DoubleDown	DXC4B2P
2025-01-14 03:04:00	120	DoubleUp	DXC4B2P
2025-01-14 03:13:00	213	DoubleUp	DXC4B2P
2025-01-14 03:23:00	154	DoubleDown	DXC4B2P
2025-01-14 03:32:00	75	DoubleDown	DXC4B2P
2025-01-14 03:41:00	140	DoubleUp	DXC4B2P
2025-01-14 03:50:00	224	DoubleUp	DXC4B2P
2025-01-14 04:00:00	179	DoubleDown	DXC4B2P
2025-01-14 04:09:00	126	DoubleDown	DXC4B2P
2025-01-14 04:19:00	119	DoubleDown	DXC4B2P
2025-01-14 04:29:00	230	DoubleUp	DXC4B2P
2025-01-14 04:36:00	114	DoubleDown	DXC4B2P
2025-01-14 04:45:00	237	DoubleUp	DXC4B2P
2025-01-14 04:55:00	248	DoubleUp	DXC4B2P
2025-01-14 05:05:00	113	DoubleDown	DXC4B2P
2025-01-14 05:15:00	99	DoubleDown	DXC4B2P
2025-01-14 05:25:00	126	DoubleUp	DXC4B2P
2025-01-14 05:34:00	168	DoubleUp	DXC4B2P
2025-01-14 05:44:00	141	DoubleDown	DXC4B2P
2025-01-14 05:52:00	78	DoubleDown	DXC4B2P
2025-01-14 06:00:00	125	DoubleUp	DXC4B2P
2025-01-14 06:07:00	137	DoubleUp	DXC4B2P
2025-01-14 06:17:00	255	DoubleUp	DXC4B2P
2025-01-14 06:25:00	130	DoubleDown	DXC4B2P
2025-01-14 06:34:00	185	DoubleUp	DXC4B2P
2025-01-14 06:41:00	193	DoubleUp	DXC4B2P
2025-01-14 06:49:00	80	DoubleDown	DXC4B2P
2025-01-14 06:59:00	232	DoubleUp	DXC4B2P
2025-01-14 07:09:00	92	DoubleDown	DXC4B2P
2025-01-14 07:18:00	127	DoubleUp	DXC4B2P
2025-01-14 07:27:00	123	DoubleDown	DXC4B2P
2025-01-14 07:34:00	138	DoubleUp	DXC4B2P
2025-01-14 07:41:00	233	DoubleUp	DXC4B2P
2025-01-14 07:48:00	240	DoubleUp	DXC4B2P
2025-01-14 07:56:00	250	DoubleUp	DXC4B2P
2025-01-14 08:05:00	196	DoubleDown	DXC4B2P
2025-01-14 08:13:00	123	DoubleDown	DXC4B2P
2025-01-14 08:22:00	180	DoubleUp	DXC4B2P
2025-01-14 08:29:00	104	DoubleDown	DXC4B2P
2025-01-14 08:36:00	81	DoubleDown	DXC4B2P
2025-01-14 08:44:00	99	DoubleUp	DXC4B2P
2025-01-14 08:53:00	244	DoubleUp	DXC4B2P
2025-01-14 09:00:00	60	DoubleDown	DXC4B2P
2025-01-14 09:07:00	79	DoubleUp	DXC4B2P
2025-01-14 09:16:00	172	DoubleUp	DXC4B2P
2025-01-14 09:23:00	62	DoubleDown	DXC4B2P
2025-01-14 09:32:00	102	DoubleUp	DXC4B2P
2025-01-14 09:40:00	221	DoubleUp	DXC4B2P
2025-01-14 09:50:00	153	DoubleDown	DXC4B2P
2025-01-14 09:58:00	164	DoubleUp	DXC4B2P
2025-01-14 10:05:00	92	DoubleDown	DXC4B2P
2025-01-14 10:15:00	112	DoubleUp	DXC4B2P
2025-01-14 10:22:00	101	DoubleDown	DXC4B2P
2025-01-14 10:30:00	185	DoubleUp	DXC4B2P
2025-01-14 10:39:00	124	DoubleDown	DXC4B2P
2025-01-14 10:48:00	84	DoubleDown	DXC4B2P
2025-01-14 10:56:00	91	DoubleUp	DXC4B2P
2025-01-14 11:05:00	137	DoubleUp	DXC4B2P
2025-01-14 11:15:00	222	DoubleUp	DXC4B2P
2025-01-14 11:24:00	166	DoubleDown	DXC4B2P
2025-01-14 11:31:00	65	DoubleDown	DXC4B2P
2025-01-14 11:38:00	104	DoubleUp	DXC4B2P
2025-01-14 11:46:00	188	DoubleUp	DXC4B2P
2025-01-14 11:55:00	141	DoubleDown	DXC4B2P
2025-01-14 12:05:00	170	DoubleUp	DXC4B2P
2025-01-14 12:15:00	239	DoubleUp	DXC4B2P
2025-01-14 12:24:00	59	DoubleDown	DXC4B2P
2025-01-14 12:32:00	268	DoubleUp	DXC4B2P
2025-01-14 12:40:00	73	DoubleDown	DXC4B2P
2025-01-14 12:50:00	266	DoubleUp	DXC4B2P
2025-01-14 12:59:00	125	DoubleDown	DXC4B2P
2025-01-14 13:06:00	135	DoubleUp	DXC4B2P
2025-01-14 13:13:00	231	DoubleUp	DXC4B2P
2025-01-14 13:20:00	230	Flat	DXC4B2P
2025-01-14 13:27:00	177	DoubleDown	DXC4B2P
2025-01-14 13:34:00	123	DoubleDown	DXC4B2P
2025-01-14 13:42:00	205	DoubleUp	DXC4B2P
2025-01-14 13:49:00	116	DoubleDown	DXC4B2P
2025-01-14 13:59:00	87	DoubleDown	DXC4B2P
2025-01-14 14:09:00	241	DoubleUp	DXC4B2P
2025-01-14 14:18:00	277	DoubleUp	DXC4B2P
2025-01-14 14:28:00	213	DoubleDown	DXC4B2P
2025-01-14 14:38:00	134	DoubleDown	DXC4B2P
2025-01-14 14:46:00	189	DoubleUp	DXC4B2P
2025-01-14 14:55:00	73	DoubleDown	DXC4B2P
2025-01-14 15:04:00	158	DoubleUp	DXC4B2P
2025-01-14 15:13:00	99	DoubleDown	DXC4B2P
2025-01-14 15:20:00	191	DoubleUp	DXC4B2P
2025-01-14 15:29:00	72	DoubleDown	DXC4B2P
2025-01-14 15:39:00	114	DoubleUp	DXC4B2P
2025-01-14 15:46:00	152	DoubleUp	DXC4B2P
2025-01-14 15:53:00	138	DoubleDown	DXC4B2P
2025-01-14 16:01:00	136	SingleDown	DXC4B2P
2025-01-14 16:09:00	102	DoubleDown	DXC4B2P
2025-01-14 16:18:00	91	DoubleDown	DXC4B2P
2025-01-14 16:27:00	182	DoubleUp	DXC4B2P
2025-01-14 16:37:00	135	DoubleDown	DXC4B2P
2025-01-14 16:47:00	82	DoubleDown	DXC4B2P