Name:John Doe	Date Range:2025-01-01 - 2025-01-14
Timestamp	Insulin Type	Dose (units)	Notes
2025-01-01 08:00:00	Lantus (Long-acting)	20	Basal insulin
2025-01-01 21:00:00	Lantus (Long-acting)	15	Basal insulin
2025-01-02 08:00:00	Lantus (Long-acting)	16	Basal insulin
2025-01-02 21:00:00	Lantus (Long-acting)	14	Basal insulin
2025-01-03 08:00:00	Lantus (Long-acting)	19	Basal insulin
2025-01-04 08:00:00	Lantus (Long-acting)	18	Basal insulin
2025-01-04 21:00:00	Lantus (Long-acting)	15	Basal insulin
2025-01-06 08:00:00	Lantus (Long-acting)	20	Basal insulin
2025-01-06 21:00:00	Lantus (Long-acting)	16	Basal insulin
2025-01-07 08:00:00	Lantus (Long-acting)	20	Basal insulin
2025-01-09 08:00:00	Lantus (Long-acting)	16	Basal insulin
2025-01-09 21:00:00	Lantus (Long-acting)	15	Basal insulin
2025-01-11 08:00:00	Lantus (Long-acting)	19	Basal insulin
2025-01-12 08:00:00	Lantus (Long-acting)	19	Basal insulin
2025-01-14 08:00:00	Lantus (Long-acting)	16	Basal insulin